seed,trial,trial_seed,num_pubs,num_subs,brake_limit,sub_id,sub_lat,sub_lon,sub_broker,optimal_pub_id,optimal_dist,received,received_pub_id,received_dist,stretch,recall
42,0,42,20,50,1,0,74.4421,-54.5183,1,10,14.4598,1,1,43.0174,2.97496,0
42,0,42,20,50,1,1,-39.1379,-96.6861,1,2,14.5086,1,0,47.9151,3.30253,0
42,0,42,20,50,1,2,-2.82805,-39.8475,1,1,38.8805,1,1,38.8805,1,1
42,0,42,20,50,1,3,88.5778,23.7459,2,19,1.67586,1,1,59.6157,35.5731,0
42,0,42,20,50,1,4,79.2484,20.4303,2,19,7.97704,1,1,52.1558,6.53825,0
42,0,42,20,50,1,5,-34.3383,151.93,2,18,19.0343,1,5,50.1833,2.63646,0
42,0,42,20,50,1,6,49.6081,94.9059,2,13,35.1152,1,3,38.0901,1.08472,0
42,0,42,20,50,1,7,-10.6771,-54.2007,1,1,51.8334,1,1,51.8334,1,1
42,0,42,20,50,1,8,-32.6055,-119.078,1,6,10.151,1,0,59.6985,5.88106,0
42,0,42,20,50,1,9,86.097,-138.605,1,10,2.4239,1,1,75.5449,31.1667,0
42,0,42,20,50,1,10,45.5301,-88.8902,1,10,41.4877,1,1,48.0966,1.1593,0
42,0,42,20,50,1,11,80.0252,59.985,2,19,9.27065,1,1,66.0299,7.12248,0
42,0,42,20,50,1,12,-50.6727,-109.199,1,2,12.1101,1,0,38.096,3.1458,0
42,0,42,20,50,1,13,51.5826,-23.7544,1,1,17.5334,1,1,17.5334,1,1
42,0,42,20,50,1,14,-74.6437,97.2496,2,7,3.98853,1,0,30.8408,7.73238,0
42,0,42,20,50,1,15,81.2163,179.597,2,16,7.21532,1,3,63.7995,8.84223,0
42,0,42,20,50,1,16,-68.6344,-95.8432,1,2,16.0226,1,0,17.3945,1.08563,0
42,0,42,20,50,1,17,-48.5447,37.0752,2,8,28.1695,1,5,52.9213,1.87868,0
42,0,42,20,50,1,18,22.1547,-99.9337,1,6,63.1167,1,1,64.6133,1.02371,0
42,0,42,20,50,1,19,-59.5895,22.806,2,8,15.8025,1,0,35.8414,2.26808,0
42,0,42,20,50,1,20,50.2483,-7.85559,1,1,21.7697,1,1,21.7697,1,1
42,0,42,20,50,1,21,-2.63178,19.7129,2,11,14.09,1,1,58.8516,4.17683,0
42,0,42,20,50,1,22,-46.4749,153.382,2,18,10.0486,1,5,52.111,5.18588,0
42,0,42,20,50,1,23,72.7561,21.8393,2,19,14.5474,1,1,48.4955,3.33362,0
42,0,42,20,50,1,24,-72.8476,137.706,2,7,13.8426,1,0,41.4795,2.99651,0
42,0,42,20,50,1,25,31.6172,125.365,2,3,8.56684,1,3,8.56684,1,1
42,0,42,20,50,1,26,-65.592,43.2849,2,8,12.8027,1,0,33.0179,2.57898,0
42,0,42,20,50,1,27,2.67494,-52.5295,1,1,39.3245,1,1,39.3245,1,1
42,0,42,20,50,1,28,57.0429,-71.4849,1,10,31.081,1,1,37.9961,1.22249,0
42,0,42,20,50,1,29,51.8581,144.798,2,16,24.828,1,3,29.3807,1.18337,0
42,0,42,20,50,1,30,-77.1177,86.1488,2,7,6.67941,1,0,25.1564,3.76626,0
42,0,42,20,50,1,31,72.1976,-111.504,1,10,14.6408,1,1,62.7406,4.28532,0
42,0,42,20,50,1,32,85.1528,-132.694,1,10,2.72516,1,1,73.3081,26.9004,0
42,0,42,20,50,1,33,52.7855,34.615,2,14,2.74103,1,1,48.9328,17.852,0
42,0,42,20,50,1,34,-26.3139,166.392,2,18,32.3408,1,3,62.0433,1.91842,0
42,0,42,20,50,1,35,-61.2895,-132.131,1,17,16.9024,1,0,31.0287,1.83576,0
42,0,42,20,50,1,36,-10.7317,52.1574,2,12,40.2271,1,5,43.5369,1.08228,0
42,0,42,20,50,1,37,33.7908,65.5869,2,13,16.9128,1,3,57.7638,3.41539,0
42,0,42,20,50,1,38,12.7698,33.0939,2,12,12.8811,1,1,59.9282,4.65241,0
42,0,42,20,50,1,39,-46.2869,59.8444,2,7,30.2504,1,5,36.4974,1.20651,0
42,0,42,20,50,1,40,-4.60001,150.661,2,3,35.0725,1,3,35.0725,1,1
42,0,42,20,50,1,41,2.60466,39.6159,2,12,22.2743,1,5,61.1583,2.74569,0
42,0,42,20,50,1,42,6.97273,-169.441,1,4,42.7024,1,0,124.28,2.91036,0
42,0,42,20,50,1,43,83.5432,-51.9687,1,10,5.2488,1,1,50.7712,9.67291,0
42,0,42,20,50,1,44,-30.4628,90.8026,2,5,7.45916,1,5,7.45916,1,1
42,0,42,20,50,1,45,-43.5851,-35.161,1,2,37.6637,1,0,41.9983,1.11509,0
42,0,42,20,50,1,46,-1.52432,-122.775,1,6,32.2659,1,0,94.0309,2.91425,0
42,0,42,20,50,1,47,16.6675,-12.743,1,1,22.332,1,1,22.332,1,1
42,0,42,20,50,1,48,-37.7346,-41.094,1,2,37.5519,1,0,47.2675,1.25873,0
42,0,42,20,50,1,49,-79.064,51.9029,2,8,8.34326,1,0,17.3891,2.08421,0
42,1,43,20,50,1,0,-66.4982,-72.637,1,16,11.68,1,0,49.3963,4.22915,0
42,1,43,20,50,1,1,68.006,126.007,2,14,5.27079,1,1,76.5909,14.5312,0
42,1,43,20,50,1,2,-2.89001,170.066,2,19,12.4753,1,1,82.5608,6.61793,0
42,1,43,20,50,1,3,12.6836,-91.6352,1,0,32.1274,1,0,32.1274,1,1
42,1,43,20,50,1,4,-39.053,118.175,2,9,20.8216,1,1,47.3568,2.27441,0
42,1,43,20,50,1,5,-63.201,-60.6212,1,16,8.11073,1,0,50.1043,6.17754,0
42,1,43,20,50,1,6,-26.8341,-70.3615,1,0,22.1381,1,0,22.1381,1,1
42,1,43,20,50,1,7,-51.347,55.2223,2,7,24.3875,1,1,57.6281,2.36302,0
42,1,43,20,50,1,8,-29.2045,52.266,2,18,39.5681,1,1,43.8277,1.10765,0
42,1,43,20,50,1,9,-4.31524,-98.8775,1,0,16.1423,1,0,16.1423,1,1
42,1,43,20,50,1,10,6.03239,-48.9619,1,8,44.4925,1,0,50.6365,1.13809,0
42,1,43,20,50,1,11,0.913773,58.8228,2,4,26.0979,1,4,26.0979,1,1
42,1,43,20,50,1,12,43.8806,9.99059,2,4,35.5646,1,4,35.5646,1,1
42,1,43,20,50,1,13,77.7554,-146.657,1,15,20.3999,1,6,42.0447,2.06103,0
42,1,43,20,50,1,14,-81.2932,-51.2982,1,17,5.83988,1,0,67.3685,11.5359,0
42,1,43,20,50,1,15,-81.6865,-115.583,1,17,5.48147,1,0,63.8994,11.6573,0
42,1,43,20,50,1,16,28.0324,152.639,2,5,39.0537,1,1,69.9638,1.79148,0
42,1,43,20,50,1,17,-84.7881,-129.715,1,17,3.92546,1,0,69.1477,17.6152,0
42,1,43,20,50,1,18,71.3527,35.791,2,14,34.6536,1,4,52.5697,1.51701,0
42,1,43,20,50,1,19,-20.6753,-115.401,1,0,21.0434,1,0,21.0434,1,1
42,1,43,20,50,1,20,-13.0168,12.2475,2,18,14.8978,1,4,41.961,2.81659,0
42,1,43,20,50,1,21,1.98907,100.298,2,1,13.2986,1,1,13.2986,1,1
42,1,43,20,50,1,22,60.943,81.2841,2,14,25.947,1,4,52.8716,2.03768,0
42,1,43,20,50,1,23,-12.2398,-116.523,1,3,13.7456,1,0,23.7036,1.72445,0
42,1,43,20,50,1,24,-23.2249,146.89,2,19,18.4028,1,1,61.9982,3.36896,0
42,1,43,20,50,1,25,-17.7003,145.615,2,19,17.5557,1,1,59.5966,3.39471,0
42,1,43,20,50,1,26,-41.0359,146.427,2,9,2.70783,1,1,67.7173,25.0079,0
42,1,43,20,50,1,27,12.2189,-174.311,1,12,48.1657,1,6,61.433,1.27545,0
42,1,43,20,50,1,28,-11.7912,-0.0515137,1,18,16.9515,1,4,50.037,2.95178,0
42,1,43,20,50,1,29,-70.4838,-6.16891,1,10,11.3271,1,0,79.9272,7.0563,0
42,1,43,20,50,1,30,64.3251,-124.341,1,15,18.3878,1,6,25.7667,1.4013,0
42,1,43,20,50,1,31,29.1241,4.71494,1,4,33.4701,1,4,33.4701,1,1
42,1,43,20,50,1,32,-75.8509,68.672,2,7,4.06611,1,1,75.8108,18.6446,0
42,1,43,20,50,1,33,27.4998,171.004,2,5,41.4815,1,1,86.4023,2.08291,0
42,1,43,20,50,1,34,-37.7685,-166.351,1,12,2.59865,1,0,66.9365,25.7582,0
42,1,43,20,50,1,35,-62.1985,78.4294,2,7,10.7801,1,1,61.2083,5.67791,0
42,1,43,20,50,1,36,12.9483,59.581,2,4,20.1205,1,4,20.1205,1,1
42,1,43,20,50,1,37,-0.636185,-32.2175,1,18,46.7602,1,0,62.769,1.34236,0
42,1,43,20,50,1,38,-19.5674,154.248,2,19,10.6326,1,1,68.1149,6.40624,0
42,1,43,20,50,1,39,15.6297,94.4153,2,1,18.4435,1,1,18.4435,1,1
42,1,43,20,50,1,40,60.5691,175.859,2,5,12.1062,1,1,98.8097,8.16191,0
42,1,43,20,50,1,41,30.0151,-140.934,1,6,24.7242,1,6,24.7242,1,1
42,1,43,20,50,1,42,71.1429,-95.5321,1,15,5.57879,1,6,33.1901,5.94934,0
42,1,43,20,50,1,43,-67.6222,-61.2966,1,16,7.07681,1,0,53.423,7.54902,0
42,1,43,20,50,1,44,42.2082,-96.2121,1,6,13.089,1,6,13.089,1,1
42,1,43,20,50,1,45,56.2673,33.0666,2,4,37.7709,1,4,37.7709,1,1
42,1,43,20,50,1,46,-20.2764,-9.21719,1,18,16.7353,1,4,62.5445,3.73729,0
42,1,43,20,50,1,47,-71.1092,-12.2545,1,10,11.2583,1,0,76.8501,6.82611,0
42,1,43,20,50,1,48,-60.2726,92.7812,2,7,13.7714,1,1,58.9771,4.28258,0
42,1,43,20,50,1,49,-10.6254,-16.0822,1,18,27.7387,1,4,62.8592,2.26612,0
42,2,44,20,50,1,0,61.3555,-86.4684,1,19,19.7737,1,1,39.7878,2.01216,0
42,2,44,20,50,1,1,83.4998,165.194,2,15,7.6857,1,0,61.2719,7.97219,0
42,2,44,20,50,1,2,89.5522,16.8438,2,15,1.16457,1,0,47.0574,40.4076,0
42,2,44,20,50,1,3,-65.6292,-21.2969,1,13,10.2322,1,2,31.3954,3.06829,0
42,2,44,20,50,1,4,-68.7368,29.489,2,13,10.6319,1,2,42.7383,4.01983,0
42,2,44,20,50,1,5,1.12473,-95.3028,1,4,23.42,1,1,75.8302,3.23783,0
42,2,44,20,50,1,6,72.5701,-48.7066,1,19,5.02264,1,1,53.9982,10.751,0
42,2,44,20,50,1,7,87.3975,154.171,2,15,2.76141,1,0,58.1808,21.0692,0
42,2,44,20,50,1,8,67.8373,-136.213,1,1,18.5923,1,1,18.5923,1,1
42,2,44,20,50,1,9,-11.1955,128.212,2,6,66.1899,1,0,89.2894,1.34899,0
42,2,44,20,50,1,10,-32.472,-24.7125,1,13,37.8465,1,5,50.0475,1.32238,0
42,2,44,20,50,1,11,15.3274,-118.015,1,7,1.56177,1,1,49.7394,31.8481,0
42,2,44,20,50,1,12,-50.9023,-44.6115,1,10,20.5517,1,2,39.6043,1.92706,0
42,2,44,20,50,1,13,-72.4428,-111.422,1,2,4.46654,1,2,4.46654,1,1
42,2,44,20,50,1,14,-85.6051,171,2,12,12.943,1,2,43.9889,3.39866,0
42,2,44,20,50,1,15,12.8273,131.501,2,17,43.5363,1,0,73.7648,1.69433,0
42,2,44,20,50,1,16,-47.734,12.6542,1,13,18.4791,1,5,30.1334,1.63068,0
42,2,44,20,50,1,17,58.3475,-96.3636,1,19,25.9776,1,1,35.2326,1.35626,0
42,2,44,20,50,1,18,-75.251,165.437,2,6,25.5131,1,2,66.9106,2.6226,0
42,2,44,20,50,1,19,31.1698,-107.975,1,7,18.0232,1,1,42.7842,2.37384,0
42,2,44,20,50,1,20,7.46281,-115.411,1,7,7.52895,1,1,58.1334,7.72131,0
42,2,44,20,50,1,21,-11.6391,-19.9341,1,8,44.8138,1,5,48.7685,1.08825,0
42,2,44,20,50,1,22,7.94118,-28.4832,1,8,57.1132,1,5,64.9143,1.13659,0
42,2,44,20,50,1,23,-22.8818,-28.443,1,13,48.3649,1,5,54.1316,1.11923,0
42,2,44,20,50,1,24,7.65208,111.845,2,16,56.284,1,0,62.6759,1.11356,0
42,2,44,20,50,1,25,-40.1155,130.36,2,6,38.716,1,5,88.46,2.28485,0
42,2,44,20,50,1,26,-46.4335,130.424,2,6,32.8037,1,5,87.245,2.65961,0
42,2,44,20,50,1,27,-83.8275,-14.6716,1,12,2.42805,1,2,17.7849,7.32479,0
42,2,44,20,50,1,28,-47.0938,-132.541,1,2,31.2523,1,2,31.2523,1,1
42,2,44,20,50,1,29,26.9532,-85.3979,1,7,31.4005,1,1,61.2075,1.94925,0
42,2,44,20,50,1,30,-70.7701,-100.439,1,2,6.99258,1,2,6.99258,1,1
42,2,44,20,50,1,31,-66.9486,-57.0082,1,10,3.38696,1,2,19.8935,5.87354,0
42,2,44,20,50,1,32,46.1076,162.798,2,17,8.88993,1,0,75.0623,8.44351,0
42,2,44,20,50,1,33,13.3141,121.713,2,17,47.1364,1,0,65.8016,1.39598,0
42,2,44,20,50,1,34,74.1173,-91.0322,1,14,12.5198,1,1,36.8212,2.94104,0
42,2,44,20,50,1,35,-83.1311,-16.8398,1,12,3.15746,1,2,17.7219,5.61269,0
42,2,44,20,50,1,36,-13.2216,-9.54054,1,8,34.6219,1,5,38.5291,1.11285,0
42,2,44,20,50,1,37,71.6131,169.439,2,3,7.69867,1,0,65.4887,8.5065,0
42,2,44,20,50,1,38,70.9881,-82.5374,1,19,14.2252,1,1,39.9912,2.8113,0
42,2,44,20,50,1,39,-19.5019,-22.7196,1,8,47.7009,1,5,49.3888,1.03538,0
42,2,44,20,50,1,40,-75.346,60.7653,2,6,10.0913,1,2,41.5911,4.12148,0
42,2,44,20,50,1,41,-36.1798,-63.559,1,10,32.7384,1,2,48.8571,1.49235,0
42,2,44,20,50,1,42,5.59452,-60.0145,1,4,55.1284,1,2,92.8759,1.68472,0
42,2,44,20,50,1,43,50.8847,97.0014,2,16,12.9809,1,0,28.3339,2.18273,0
42,2,44,20,50,1,44,-6.2775,-24.3243,1,8,49.646,1,5,54.7637,1.10308,0
42,2,44,20,50,1,45,-84.1983,25.9048,2,12,2.32381,1,2,23.8737,10.2735,0
42,2,44,20,50,1,46,27.6183,-122.294,1,7,13.8138,1,1,36.8555,2.66802,0
42,2,44,20,50,1,47,74.4483,-32.5483,1,19,7.31463,1,0,53.3903,7.29911,0
42,2,44,20,50,1,48,-69.7479,-4.47507,1,13,5.20444,1,2,31.8205,6.1141,0
42,2,44,20,50,1,49,-45.4176,-171.261,1,9,38.1242,1,2,42.3545,1.11096,0
42,3,45,20,50,1,0,-78.1432,-95.4746,1,16,4.04367,1,4,27.7225,6.85578,0
42,3,45,20,50,1,1,15.6532,31.4287,2,3,56.5953,1,1,102.093,1.80391,0
42,3,45,20,50,1,2,4.60692,59.2089,2,3,44.7191,1,1,78.2974,1.75087,0
42,3,45,20,50,1,3,-49.2989,-125.243,1,10,7.6784,1,4,29.228,3.80653,0
42,3,45,20,50,1,4,0.635361,-47.0789,1,6,28.3944,1,4,59.6495,2.10075,0
42,3,45,20,50,1,5,68.6242,70.9148,2,13,5.84932,1,1,70.8895,12.1193,0
42,3,45,20,50,1,6,-0.19339,160.135,2,1,28.1469,1,1,28.1469,1,1
42,3,45,20,50,1,7,58.1194,93.1796,2,13,9.76817,1,1,53.9417,5.52219,0
42,3,45,20,50,1,8,-10.959,62.5913,2,9,55.5653,1,1,80.3562,1.44616,0
42,3,45,20,50,1,9,-5.34523,-174.819,1,14,18.9302,1,0,31.5513,1.66671,0
42,3,45,20,50,1,10,34.4663,-148.426,1,0,16.0915,1,0,16.0915,1,1
42,3,45,20,50,1,11,-54.2535,99.9163,2,9,13.3841,1,2,37.577,2.80758,0
42,3,45,20,50,1,12,-35.697,-84.2938,1,4,15.9327,1,4,15.9327,1,1
42,3,45,20,50,1,13,66.8305,-26.7031,1,19,14.5571,1,0,104.978,7.21151,0
42,3,45,20,50,1,14,-80.4864,76.7246,2,7,7.02011,1,2,10.5588,1.50407,0
42,3,45,20,50,1,15,47.7313,-137.259,1,0,31.9045,1,0,31.9045,1,1
42,3,45,20,50,1,16,80.625,-53.231,1,19,19.1515,1,0,89.5093,4.67375,0
42,3,45,20,50,1,17,37.0848,-9.5361,1,19,39.8656,1,4,112.43,2.82022,0
42,3,45,20,50,1,18,-87.0111,155.572,2,2,1.63648,1,2,1.63648,1,1
42,3,45,20,50,1,19,22.6107,7.2486,1,19,62.0394,1,4,111.979,1.80497,0
42,3,45,20,50,1,20,-35.7535,2.46976,1,12,8.2391,1,4,61.5159,7.46633,0
42,3,45,20,50,1,21,-50.9183,108.106,2,18,16.9137,1,2,40.1055,2.37119,0
42,3,45,20,50,1,22,-8.69781,-165.598,1,14,23.6603,1,0,30.0839,1.27149,0
42,3,45,20,50,1,23,10.6429,140.686,2,1,7.26265,1,1,7.26265,1,1
42,3,45,20,50,1,24,38.4967,-169.405,1,0,22.5308,1,0,22.5308,1,1
42,3,45,20,50,1,25,72.9338,-34.0739,1,19,14.6476,1,0,99.3616,6.78346,0
42,3,45,20,50,1,26,-68.9155,-142.639,1,17,9.03711,1,4,36.0491,3.98901,0
42,3,45,20,50,1,27,-57.0788,-29.2251,1,12,22.2564,1,4,30.0605,1.35065,0
42,3,45,20,50,1,28,-23.4666,-160.497,1,10,38.0526,1,0,43.3781,1.13995,0
42,3,45,20,50,1,29,62.0359,-27.906,1,19,14.159,1,0,105.37,7.44187,0
42,3,45,20,50,1,30,48.114,39.5345,2,13,25.5608,1,1,88.2541,3.45272,0
42,3,45,20,50,1,31,7.41748,77.4781,2,3,33.9218,1,1,59.8492,1.76433,0
42,3,45,20,50,1,32,83.1517,-90.9954,1,19,23.8455,1,0,75.1789,3.15275,0
42,3,45,20,50,1,33,-56.029,172.281,2,2,33.437,1,2,33.437,1,1
42,3,45,20,50,1,34,-57.7118,113.163,2,18,10.9206,1,2,32.4821,2.97439,0
42,3,45,20,50,1,35,-0.235039,-6.93063,1,12,43.22,1,4,82.9994,1.92039,0
42,3,45,20,50,1,36,-32.1834,77.6933,2,9,32.2162,1,2,66.1758,2.05412,0
42,3,45,20,50,1,37,-39.4122,98.2375,2,9,26.6676,1,2,53.7604,2.01594,0
42,3,45,20,50,1,38,46.0477,122.461,2,8,23.2782,1,1,31.5296,1.35447,0
42,3,45,20,50,1,39,29.462,-10.9111,1,19,45.9377,1,4,105.199,2.29004,0
42,3,45,20,50,1,40,66.5283,24.7915,2,13,22.0724,1,1,97.4189,4.4136,0
42,3,45,20,50,1,41,67.5075,175.226,2,13,41.5692,1,1,57.192,1.37583,0
42,3,45,20,50,1,42,31.0761,-159.143,1,0,11.969,1,0,11.969,1,1
42,3,45,20,50,1,43,-16.9998,-164.781,1,14,31.812,1,0,37.799,1.1882,0
42,3,45,20,50,1,44,-69.8196,-89.9278,1,16,6.15916,1,4,19.2386,3.12357,0
42,3,45,20,50,1,45,-6.34353,136.589,2,1,23.7636,1,1,23.7636,1,1
42,3,45,20,50,1,46,64.8033,-177.852,1,0,48.1707,1,0,48.1707,1,1
42,3,45,20,50,1,47,17.0335,115.91,2,8,8.14777,1,1,21.0096,2.57857,0
42,3,45,20,50,1,48,-44.4238,102.009,2,9,22.8523,1,2,47.7915,2.09132,0
42,3,45,20,50,1,49,54.0957,-24.2711,1,19,19.363,1,0,110.42,5.70262,0
42,4,46,20,50,1,0,-34.2086,-92.2618,1,19,25.0558,1,0,86.7785,3.46341,0
42,4,46,20,50,1,1,-46.3232,85.8204,2,17,25.071,1,1,30.7185,1.22526,0
42,4,46,20,50,1,2,-73.2611,-63.9754,1,13,10.1556,1,0,81.6168,8.03662,0
42,4,46,20,50,1,3,61.9145,-32.8365,1,2,36.6189,1,2,36.6189,1,1
42,4,46,20,50,1,4,-11.1347,68.131,2,1,8.47756,1,1,8.47756,1,1
42,4,46,20,50,1,5,-34.4528,78.7616,2,1,17.6993,1,1,17.6993,1,1
42,4,46,20,50,1,6,24.1916,30.6635,2,15,29.1715,1,0,46.1807,1.58307,0
42,4,46,20,50,1,7,41.9899,49.6418,2,15,5.22912,1,5,62.4171,11.9364,0
42,4,46,20,50,1,8,12.7103,113.233,2,6,28.4841,1,1,49.1708,1.72625,0
42,4,46,20,50,1,9,-78.7926,90.8018,2,4,8.52805,1,1,62.5504,7.33467,0
42,4,46,20,50,1,10,-59.4039,114.204,2,4,26.1565,1,1,52.5654,2.00965,0
42,4,46,20,50,1,11,-17.3632,-176.072,1,11,22.8803,1,2,105.082,4.59267,0
42,4,46,20,50,1,12,85.7613,93.9478,2,5,15.9561,1,5,15.9561,1,1
42,4,46,20,50,1,13,53.651,-81.8137,1,16,23.2695,1,2,32.7997,1.40955,0
42,4,46,20,50,1,14,-53.4927,-131.943,1,8,20.8538,1,0,120.325,5.76993,0
42,4,46,20,50,1,15,17.4719,4.59746,1,0,24.9204,1,0,24.9204,1,1
42,4,46,20,50,1,16,-22.1023,122.298,2,6,9.78804,1,1,45.5498,4.65362,0
42,4,46,20,50,1,17,-44.7911,-10.7266,1,18,11.2162,1,0,39.6506,3.53513,0
42,4,46,20,50,1,18,-60.8389,-145.753,1,7,14.891,1,0,130.045,8.73311,0
42,4,46,20,50,1,19,68.2184,36.0528,2,15,24.4678,1,5,37.9339,1.55036,0
42,4,46,20,50,1,20,51.189,-112.469,1,16,11.6515,1,2,30.0722,2.58096,0
42,4,46,20,50,1,21,-32.5928,-29.2388,1,18,7.95707,1,0,35.3826,4.44669,0
42,4,46,20,50,1,22,49.0974,-161.206,1,16,25.1628,1,2,33.8402,1.34485,0
42,4,46,20,50,1,23,-79.7985,-56.3846,1,13,7.67272,1,0,83.3308,10.8607,0
42,4,46,20,50,1,24,66.0134,-137.182,1,16,7.92999,1,2,14.43,1.81967,0
42,4,46,20,50,1,25,-72.7914,-166.781,1,7,7.32506,1,0,142.278,19.4235,0
42,4,46,20,50,1,26,78.5112,-0.309113,2,2,24.0116,1,2,24.0116,1,1
42,4,46,20,50,1,27,-81.4265,148.545,2,4,4.00618,1,1,80.4219,20.0745,0
42,4,46,20,50,1,28,-43.1807,124.449,2,17,24.68,1,1,50.584,2.04959,0
42,4,46,20,50,1,29,-56.6344,-13.3466,1,13,19.5708,1,0,51.6507,2.63917,0
42,4,46,20,50,1,30,86.2532,101.675,2,5,15.3903,1,5,15.3903,1,1
42,4,46,20,50,1,31,85.6254,-51.6981,1,2,11.0218,1,2,11.0218,1,1
42,4,46,20,50,1,32,21.9864,-98.3313,1,16,43.3784,1,2,61.7557,1.42365,0
42,4,46,20,50,1,33,58.7876,102.295,2,9,20.7958,1,5,24.453,1.17586,0
42,4,46,20,50,1,34,-32.0422,74.0121,2,1,14.8075,1,1,14.8075,1,1
42,4,46,20,50,1,35,-20.8262,-141.706,1,8,12.7004,1,2,101.599,7.99969,0
42,4,46,20,50,1,36,70.7717,73.1621,2,5,23.9143,1,5,23.9143,1,1
42,4,46,20,50,1,37,4.52739,59.7383,2,1,26.0821,1,1,26.0821,1,1
42,4,46,20,50,1,38,45.9781,29.4578,2,15,17.3964,1,0,60.8595,3.4984,0
42,4,46,20,50,1,39,-88.3231,43.9831,2,12,2.83247,1,1,73.4,25.9138,0
42,4,46,20,50,1,40,36.1378,-142.229,1,16,28.3311,1,2,44.5996,1.57423,0
42,4,46,20,50,1,41,28.6011,49.2979,2,15,17.7774,1,1,52.1071,2.93109,0
42,4,46,20,50,1,42,18.7309,74.3492,2,15,31.9389,1,1,35.9669,1.12612,0
42,4,46,20,50,1,43,8.92147,131.1,2,6,22.4513,1,1,62.4867,2.78321,0
42,4,46,20,50,1,44,9.39921,84.5742,2,1,28.5743,1,1,28.5743,1,1
42,4,46,20,50,1,45,-31.1231,11.3048,1,18,27.3278,1,0,30.0857,1.10092,0
42,4,46,20,50,1,46,3.12469,-70.9953,1,19,33.6054,1,0,66.3155,1.97336,0
42,4,46,20,50,1,47,69.8034,-129.778,1,16,8.93083,1,2,10.5181,1.17773,0
42,4,46,20,50,1,48,5.33666,77.182,2,1,22.7661,1,1,22.7661,1,1
42,4,46,20,50,1,49,76.2585,126.589,2,5,6.84799,1,5,6.84799,1,1
42,5,47,20,50,1,0,0.266472,65.442,2,5,41.0509,1,0,88.953,2.1669,0
42,5,47,20,50,1,1,57.9559,-62.4724,1,6,13.1446,1,3,21.6835,1.64961,0
42,5,47,20,50,1,2,-76.0442,-40.4001,1,19,43.3029,1,1,60.6402,1.40037,0
42,5,47,20,50,1,3,-20.5155,-155.293,1,9,26.7464,1,1,35.219,1.31678,0
42,5,47,20,50,1,4,-42.9529,150.424,2,4,15.1934,1,4,15.1934,1,1
42,5,47,20,50,1,5,-67.8965,-141.637,1,1,20.7732,1,1,20.7732,1,1
42,5,47,20,50,1,6,28.6735,33.5896,2,13,22.11,1,3,73.8683,3.34095,0
42,5,47,20,50,1,7,-3.09136,-42.1302,1,11,3.27413,1,3,83.5696,25.5242,0
42,5,47,20,50,1,8,-81.4522,-85.4448,1,19,39.8782,1,1,43.5565,1.09224,0
42,5,47,20,50,1,9,88.4915,111.269,2,8,0.637297,1,3,19.7086,30.9253,0
42,5,47,20,50,1,10,75.3363,-54.2826,1,3,4.30241,1,3,4.30241,1,1
42,5,47,20,50,1,11,-18.6568,-10.6741,1,11,35.7213,1,3,106.283,2.97534,0
42,5,47,20,50,1,12,73.9908,-177.478,1,3,27.9394,1,3,27.9394,1,1
42,5,47,20,50,1,13,-18.1312,117.947,2,4,41.6411,1,4,41.6411,1,1
42,5,47,20,50,1,14,10.7503,60.3923,2,14,36.5284,1,0,82.7892,2.26644,0
42,5,47,20,50,1,15,-76.6918,-157.966,1,1,24.1542,1,1,24.1542,1,1
42,5,47,20,50,1,16,-27.0828,142.528,2,4,17.039,1,4,17.039,1,1
42,5,47,20,50,1,17,-20.2194,-26.2541,1,11,23.2505,1,3,103.477,4.45053,0
42,5,47,20,50,1,18,-38.9359,98.5301,2,4,52.4163,1,4,52.4163,1,1
42,5,47,20,50,1,19,-0.773323,16.2223,2,16,11.7606,1,3,98.6074,8.38453,0
42,5,47,20,50,1,20,34.477,42.6603,2,13,16.1062,1,3,70.8572,4.39937,0
42,5,47,20,50,1,21,27.2926,-53.6991,1,6,33.3773,1,3,52.3352,1.56799,0
42,5,47,20,50,1,22,-51.8751,-131.597,1,1,24.3491,1,1,24.3491,1,1
42,5,47,20,50,1,23,42.0853,-86.6546,1,6,35.4168,1,3,40.0456,1.13069,0
42,5,47,20,50,1,24,-18.5211,81.1538,2,15,46.6347,1,4,74.1106,1.58917,0
42,5,47,20,50,1,25,-77.693,-66.3696,1,19,38.1605,1,1,50.0712,1.31212,0
42,5,47,20,50,1,26,-76.5644,-12.6995,1,19,53.3501,1,1,71.3224,1.33687,0
42,5,47,20,50,1,27,51.4782,174.853,2,0,19.8437,1,0,19.8437,1,1
42,5,47,20,50,1,28,-5.08899,-113.306,1,19,41.776,1,1,70.0559,1.67694,0
42,5,47,20,50,1,29,56.3999,-168.677,1,7,45.3364,1,3,47.598,1.04989,0
42,5,47,20,50,1,30,63.5431,139.416,2,0,5.14671,1,0,5.14671,1,1
42,5,47,20,50,1,31,-73.3219,-107.079,1,19,32.7611,1,1,35.2808,1.07691,0
42,5,47,20,50,1,32,50.9722,-7.08257,1,12,12.572,1,3,35.599,2.83161,0
42,5,47,20,50,1,33,23.3333,-155.927,1,7,11.7598,1,1,78.0479,6.63685,0
42,5,47,20,50,1,34,-44.2762,-134.88,1,1,25.8023,1,1,25.8023,1,1
42,5,47,20,50,1,35,20.1474,160.402,2,17,5.63219,1,0,40.8779,7.2579,0
42,5,47,20,50,1,36,43.8901,-85.1199,1,6,33.2089,1,3,37.9624,1.14314,0
42,5,47,20,50,1,37,-36.6488,164.03,2,4,6.34503,1,4,6.34503,1,1
42,5,47,20,50,1,38,-18.3587,-169.127,1,9,25.5667,1,1,34.9332,1.36636,0
42,5,47,20,50,1,39,-51.3123,106.24,2,4,46.5914,1,4,46.5914,1,1
42,5,47,20,50,1,40,46.0135,-78.0106,1,6,27.7467,1,3,34.8127,1.25466,0
42,5,47,20,50,1,41,-70.0646,118.898,2,4,47.8991,1,4,47.8991,1,1
42,5,47,20,50,1,42,44.6449,142.827,2,0,13.9787,1,0,13.9787,1,1
42,5,47,20,50,1,43,56.8755,-100.888,1,3,27.7698,1,3,27.7698,1,1
42,5,47,20,50,1,44,-75.2394,46.5507,2,15,50.5343,1,4,82.4076,1.63073,0
42,5,47,20,50,1,45,-44.7827,156.607,2,4,14.6664,1,4,14.6664,1,1
42,5,47,20,50,1,46,2.98347,-56.2092,1,11,14.3087,1,3,76.5974,5.3532,0
42,5,47,20,50,1,47,-65.236,-72.0886,1,19,26.2014,1,1,52.2882,1.99562,0
42,5,47,20,50,1,48,58.3541,96.1945,2,10,5.95521,1,0,24.2228,4.0675,0
42,5,47,20,50,1,49,-24.008,-151.844,1,9,30.9393,1,1,33.046,1.06809,0
42,6,48,20,50,1,0,38.9213,51.8962,2,2,23.9639,1,2,23.9639,1,1
42,6,48,20,50,1,1,-13.674,159.102,2,14,15.4395,1,5,71.7399,4.64651,0
42,6,48,20,50,1,2,16.4339,-7.02908,1,2,48.113,1,2,48.113,1,1
42,6,48,20,50,1,3,82.8738,94.8919,2,12,16.4181,1,2,35.9859,2.19184,0
42,6,48,20,50,1,4,-68.8985,-113.56,1,7,19.4749,1,1,22.796,1.17053,0
42,6,48,20,50,1,5,-3.75593,12.0657,2,16,40.9158,1,2,61.1924,1.49557,0
42,6,48,20,50,1,6,-48.7557,-125.303,1,3,14.064,1,1,47.1991,3.35603,0
42,6,48,20,50,1,7,-39.6988,-114.827,1,3,13.9801,1,1,55.3033,3.95586,0
42,6,48,20,50,1,8,15.2685,96.2627,2,11,17.3557,1,5,31.2469,1.80039,0
42,6,48,20,50,1,9,87.0265,157.76,2,12,19.29,1,2,51.8598,2.68842,0
42,6,48,20,50,1,10,42.3439,-16.2078,1,2,31.3532,1,2,31.3532,1,1
42,6,48,20,50,1,11,85.5874,-175.736,1,12,17.7658,1,2,73.0437,4.11148,0
42,6,48,20,50,1,12,77.9124,-51.8471,1,12,6.05098,1,2,37.8934,6.26236,0
42,6,48,20,50,1,13,-72.1256,174.832,2,6,23.7418,1,1,41.7133,1.75696,0
42,6,48,20,50,1,14,-82.9401,-64.4269,1,1,5.94081,1,1,5.94081,1,1
42,6,48,20,50,1,15,31.1297,91.9624,2,11,2.93291,1,5,45.5832,15.542,0
42,6,48,20,50,1,16,83.7347,-145.089,1,12,15.885,1,0,64.4889,4.05974,0
42,6,48,20,50,1,17,35.5322,20.3372,2,2,20.9404,1,2,20.9404,1,1
42,6,48,20,50,1,18,13.9411,56.812,2,11,33.9613,1,5,39.824,1.17263,0
42,6,48,20,50,1,19,-32.3855,70.0851,2,19,17.8148,1,5,23.0878,1.29599,0
42,6,48,20,50,1,20,61.6257,107.717,2,11,33.2675,1,2,42.2221,1.26917,0
42,6,48,20,50,1,21,-48.9246,-154.26,1,3,21.4531,1,1,53.2514,2.48223,0
42,6,48,20,50,1,22,81.2072,2.75323,2,12,4.08492,1,2,26.7577,6.55035,0
42,6,48,20,50,1,23,-44.5434,12.9514,1,16,16.0488,1,1,52.1225,3.24775,0
42,6,48,20,50,1,24,-40.4921,-95.0339,1,3,29.2899,1,1,51.1022,1.74471,0
42,6,48,20,50,1,25,-4.64427,-176.296,1,15,9.68811,1,0,110.78,11.4346,0
42,6,48,20,50,1,26,34.3791,-18.1137,1,2,38.419,1,2,38.419,1,1
42,6,48,20,50,1,27,-86.016,44.583,2,1,5.33803,1,1,5.33803,1,1
42,6,48,20,50,1,28,55.0196,-136.283,1,4,39.381,1,0,53.1897,1.35065,0
42,6,48,20,50,1,29,19.7073,124.159,2,13,26.5827,1,5,51.4381,1.93502,0
42,6,48,20,50,1,30,-10.355,-78.3261,1,0,44.4332,1,0,44.4332,1,1
42,6,48,20,50,1,31,18.0608,-33.2406,1,0,35.463,1,0,35.463,1,1
42,6,48,20,50,1,32,-21.7074,-72.8141,1,3,53.4735,1,0,54.9451,1.02752,0
42,6,48,20,50,1,33,83.5483,164.467,2,12,24.8974,1,2,55.0083,2.2094,0
42,6,48,20,50,1,34,81.9989,-77.6744,1,12,7.78002,1,2,45.6927,5.87308,0
42,6,48,20,50,1,35,27.2763,107.249,2,11,16.7788,1,5,46.6835,2.7823,0
42,6,48,20,50,1,36,-74.9786,136.703,2,18,16.005,1,1,30.4991,1.90561,0
42,6,48,20,50,1,37,66.4946,-167.543,1,4,42.2862,1,0,71.933,1.7011,0
42,6,48,20,50,1,38,-20.2717,-136.098,1,17,11.6676,1,1,82.685,7.08672,0
42,6,48,20,50,1,39,12.7044,58.4725,2,11,33.416,1,5,37.7727,1.13038,0
42,6,48,20,50,1,40,-25.5658,-163.88,1,10,10.4974,1,1,85.9717,8.18983,0
42,6,48,20,50,1,41,31.088,-162.373,1,4,8.5588,1,0,79.2594,9.26058,0
42,6,48,20,50,1,42,-0.99675,70.1441,2,5,19.7916,1,5,19.7916,1,1
42,6,48,20,50,1,43,31.1049,-71.9542,1,0,3.29945,1,0,3.29945,1,1
42,6,48,20,50,1,44,56.9305,-78.3756,1,0,24.768,1,0,24.768,1,1
42,6,48,20,50,1,45,-63.8976,-86.8491,1,1,25.9636,1,1,25.9636,1,1
42,6,48,20,50,1,46,11.6491,88.3264,2,11,19.4564,1,5,25.8003,1.32606,0
42,6,48,20,50,1,47,29.9551,159.883,2,14,56.9867,1,5,85.9945,1.50903,0
42,6,48,20,50,1,48,-82.2439,47.0068,2,18,3.33867,1,1,10.3992,3.11477,0
42,6,48,20,50,1,49,72.1754,179.51,2,12,47.5428,1,2,68.6565,1.4441,0
42,7,49,20,50,1,0,-13.3193,33.6385,2,4,8.76501,1,4,8.76501,1,1
42,7,49,20,50,1,1,-84.91,-160.963,1,0,7.04632,1,0,7.04632,1,1
42,7,49,20,50,1,2,16.0294,26.8683,2,4,31.0544,1,4,31.0544,1,1
42,7,49,20,50,1,3,-84.4334,-21.8866,1,0,9.20607,1,0,9.20607,1,1
42,7,49,20,50,1,4,-4.80124,-18.5843,1,9,28.5031,1,4,60.5918,2.12579,0
42,7,49,20,50,1,5,56.231,165.181,2,8,12.885,1,3,28.1129,2.18183,0
42,7,49,20,50,1,6,53.5308,66.0104,2,11,18.295,1,4,68.1658,3.72592,0
42,7,49,20,50,1,7,12.9148,172.501,2,7,4.58793,1,3,24.1109,5.25529,0
42,7,49,20,50,1,8,-73.7181,95.071,2,17,10.4306,1,0,41.3379,3.96312,0
42,7,49,20,50,1,9,-4.06898,-168.897,1,19,48.6423,1,0,92.7726,1.90724,0
42,7,49,20,50,1,10,7.00307,23.4293,2,4,26.0129,1,4,26.0129,1,1
42,7,49,20,50,1,11,-87.6531,12.1548,1,0,11.0126,1,0,11.0126,1,1
42,7,49,20,50,1,12,83.068,-123.053,1,16,8.40258,1,2,45.1522,5.37361,0
42,7,49,20,50,1,13,-41.1512,55.1286,2,17,29.307,1,4,32.3396,1.10347,0
42,7,49,20,50,1,14,84.0199,156.894,2,5,7.16175,1,3,54.6293,7.62793,0
42,7,49,20,50,1,15,51.1147,-38.5989,1,2,24.8967,1,2,24.8967,1,1
42,7,49,20,50,1,16,5.26605,112.41,2,18,29.2565,1,3,46.1876,1.57871,0
42,7,49,20,50,1,17,-9.78086,-137.409,1,1,28.7977,1,0,76.9968,2.67371,0
42,7,49,20,50,1,18,-20.3611,-8.42851,1,13,35.5539,1,4,49.7167,1.39835,0
42,7,49,20,50,1,19,10.3522,129.675,2,3,29.5294,1,3,29.5294,1,1
42,7,49,20,50,1,20,76.4936,-46.8336,1,16,12.6377,1,2,35.429,2.80344,0
42,7,49,20,50,1,21,57.428,80.0488,2,11,20.6695,1,3,60.3511,2.91982,0
42,7,49,20,50,1,22,-80.4116,-39.3145,1,0,9.37647,1,0,9.37647,1,1
42,7,49,20,50,1,23,36.2751,-128.259,1,19,7.72958,1,2,42.4465,5.49144,0
42,7,49,20,50,1,24,-62.1217,-115.588,1,0,20.8439,1,0,20.8439,1,1
42,7,49,20,50,1,25,-58.5783,69.7627,2,17,9.25922,1,4,52.7165,5.6934,0
42,7,49,20,50,1,26,43.9207,-112.463,1,19,21.7532,1,2,27.9641,1.28552,0
42,7,49,20,50,1,27,-49.0412,73.9775,2,17,16.1501,1,4,46.9621,2.90784,0
42,7,49,20,50,1,28,-27.7578,-0.384903,1,13,27.622,1,4,43.6143,1.57897,0
42,7,49,20,50,1,29,-25.4469,-67.4759,1,9,23.0626,1,0,60.3006,2.61465,0
42,7,49,20,50,1,30,-11.7456,-128.664,1,1,23.6647,1,0,73.229,3.09444,0
42,7,49,20,50,1,31,36.9626,167.041,2,3,13.506,1,3,13.506,1,1
42,7,49,20,50,1,32,81.8726,-125.636,1,16,10.0238,1,2,44.9582,4.48515,0
42,7,49,20,50,1,33,-75.1841,-56.977,1,0,11.1884,1,0,11.1884,1,1
42,7,49,20,50,1,34,22.9675,50.3362,2,4,34.8495,1,4,34.8495,1,1
42,7,49,20,50,1,35,-53.6508,18.9222,2,13,11.4861,1,4,47.0442,4.09576,0
42,7,49,20,50,1,36,-88.2487,-172.446,1,0,8.18125,1,0,8.18125,1,1
42,7,49,20,50,1,37,-40.5145,-157.321,1,1,29.1987,1,0,49.8854,1.70848,0
42,7,49,20,50,1,38,-15.8801,171.521,2,7,24.2311,1,3,48.6506,2.00778,0
42,7,49,20,50,1,39,-52.79,23.9963,2,13,14.6812,1,4,44.629,3.03988,0
42,7,49,20,50,1,40,-62.0333,-42.7366,1,12,6.67974,1,0,27.0349,4.0473,0
42,7,49,20,50,1,41,-43.1205,143.775,2,15,34.7467,1,3,73.2001,2.10668,0
42,7,49,20,50,1,42,12.4002,-4.32346,1,9,49.5001,1,4,52.1107,1.05274,0
42,7,49,20,50,1,43,18.8762,149.285,2,3,11.2718,1,3,11.2718,1,1
42,7,49,20,50,1,44,87.6458,166.858,2,16,6.01455,1,3,58.6329,9.74851,0
42,7,49,20,50,1,45,-49.0956,-28.1996,1,12,8.7676,1,0,44.7272,5.10142,0
42,7,49,20,50,1,46,-70.903,155.734,2,15,6.29457,1,0,60.1855,9.56149,0
42,7,49,20,50,1,47,-20.5794,-158.061,1,1,35.3952,1,0,71.419,2.01776,0
42,7,49,20,50,1,48,-74.9511,-11.527,1,0,19.0217,1,0,19.0217,1,1
42,7,49,20,50,1,49,-17.519,76.0327,2,4,33.3811,1,4,33.3811,1,1
42,8,50,20,50,1,0,15.2304,2.78647,1,2,15.6343,1,0,64.1687,4.10436,0
42,8,50,20,50,1,1,-79.3068,35.9052,2,19,7.45761,1,3,18.077,2.42397,0
42,8,50,20,50,1,2,8.25002,-149.678,1,10,16.5009,1,10,16.5009,1,1
42,8,50,20,50,1,3,3.88905,-156.134,1,10,23.2154,1,10,23.2154,1,1
42,8,50,20,50,1,4,41.7595,40.7686,2,0,29.3792,1,0,29.3792,1,1
42,8,50,20,50,1,5,15.7567,-81.9687,1,15,45.1933,1,10,50.7766,1.12354,0
42,8,50,20,50,1,6,43.8566,51.9996,2,0,27.2936,1,0,27.2936,1,1
42,8,50,20,50,1,7,-47.5137,-134.037,1,4,15.4486,1,3,41.496,2.68606,0
42,8,50,20,50,1,8,1.82442,41.262,2,8,12.0655,1,0,69.2727,5.74141,0
42,8,50,20,50,1,9,51.976,-173.663,1,10,56.9748,1,10,56.9748,1,1
42,8,50,20,50,1,10,-58.3242,-16.6986,1,9,18.1429,1,3,38.457,2.11967,0
42,8,50,20,50,1,11,-14.5097,-48.2475,1,18,27.1511,1,3,80.3246,2.95843,0
42,8,50,20,50,1,12,-49.9373,106.931,2,16,8.46101,1,1,38.1244,4.5059,0
42,8,50,20,50,1,13,-49.0586,-0.312988,1,9,24.7436,1,3,53.8669,2.177,0
42,8,50,20,50,1,14,-55.7437,-70.4185,1,4,26.4528,1,3,33.0467,1.24927,0
42,8,50,20,50,1,15,-88.0992,98.9734,2,7,3.90167,1,3,8.33746,2.1369,0
42,8,50,20,50,1,16,56.184,-154.812,1,10,52.3109,1,10,52.3109,1,1
42,8,50,20,50,1,17,-22.5607,-51.1319,1,18,20.727,1,3,71.0459,3.4277,0
42,8,50,20,50,1,18,-62.2452,142.657,2,1,14.4629,1,1,14.4629,1,1
42,8,50,20,50,1,19,-13.6331,139.029,2,12,10.105,1,1,62.3574,6.17092,0
42,8,50,20,50,1,20,1.71266,-175.753,1,10,42.9262,1,10,42.9262,1,1
42,8,50,20,50,1,21,-61.47,-88.8614,1,4,18.8483,1,3,25.9743,1.37808,0
42,8,50,20,50,1,22,28.1233,-37.9675,1,15,2.76271,1,0,69.4709,25.1459,0
42,8,50,20,50,1,23,-21.4494,-120.104,1,4,27.2953,1,10,31.4512,1.15226,0
42,8,50,20,50,1,24,-88.3528,-118.947,1,3,1.33363,1,3,1.33363,1,1
42,8,50,20,50,1,25,-56.8837,-113.354,1,4,9.26143,1,3,30.4874,3.29186,0
42,8,50,20,50,1,26,22.1774,37.2132,2,8,24.1815,1,0,49.1995,2.03459,0
42,8,50,20,50,1,27,9.19926,124.48,2,12,30.9086,1,0,85.9825,2.78183,0
42,8,50,20,50,1,28,-17.9279,100.281,2,17,28.3506,1,1,73.5019,2.5926,0
42,8,50,20,50,1,29,-27.9164,32.6568,2,5,21.1549,1,3,93.6292,4.42588,0
42,8,50,20,50,1,30,-75.0686,-52.0313,1,19,13.9957,1,3,14.3956,1.02858,0
42,8,50,20,50,1,31,-24.1849,142.231,2,12,10.3191,1,1,50.9793,4.94028,0
42,8,50,20,50,1,32,-13.4217,86.5089,2,13,28.4572,1,1,85.2877,2.99705,0
42,8,50,20,50,1,33,-44.4505,28.6663,2,9,31.0078,1,3,68.6313,2.21335,0
42,8,50,20,50,1,34,24.5828,63.8326,2,8,23.3062,1,0,47.8656,2.05377,0
42,8,50,20,50,1,35,-6.15257,-127.409,1,10,14.549,1,10,14.549,1,1
42,8,50,20,50,1,36,34.0399,44.7548,2,8,31.3907,1,0,36.9501,1.1771,0
42,8,50,20,50,1,37,-18.1352,-55.6736,1,18,26.7335,1,3,74.6467,2.79226,0
42,8,50,20,50,1,38,-86.6063,100.831,2,7,3.66002,1,3,11.0238,3.01195,0
42,8,50,20,50,1,39,2.11101,-169.918,1,10,37.0982,1,10,37.0982,1,1
42,8,50,20,50,1,40,80.942,70.4545,2,0,11.5582,1,0,11.5582,1,1
42,8,50,20,50,1,41,-51.6361,26.2388,2,9,23.4858,1,3,57.5435,2.45014,0
42,8,50,20,50,1,42,-36.1661,95.1263,2,16,19.6688,1,1,57.1346,2.90484,0
42,8,50,20,50,1,43,-14.6405,71.8119,2,13,14.9794,1,0,88.5204,5.90948,0
42,8,50,20,50,1,44,7.70383,94.8861,2,8,41.6777,1,0,73.5859,1.76559,0
42,8,50,20,50,1,45,-37.7657,45.2705,2,13,19.3631,1,1,80.4677,4.15573,0
42,8,50,20,50,1,46,-68.5726,56.0989,2,9,16.4977,1,3,38.1388,2.31176,0
42,8,50,20,50,1,47,3.75069,16.0114,2,14,6.53164,1,0,71.4104,10.933,0
42,8,50,20,50,1,48,-18.6961,98.6003,2,17,29.7469,1,1,73.5408,2.47222,0
42,8,50,20,50,1,49,-67.6611,-168.226,1,6,19.6212,1,3,24.2162,1.23419,0
42,9,51,20,50,1,0,-21.2532,17.127,2,6,21.7455,1,2,68.1061,3.13196,0
42,9,51,20,50,1,1,-44.7729,113.138,2,11,13.9094,1,2,28.8843,2.07659,0
42,9,51,20,50,1,2,-62.5564,101.867,2,2,9.58098,1,2,9.58098,1,1
42,9,51,20,50,1,3,38.6409,134.175,2,8,16.0633,1,1,38.3806,2.38933,0
42,9,51,20,50,1,4,38.3564,-172.088,1,0,11.1075,1,0,11.1075,1,1
42,9,51,20,50,1,5,14.0002,-55.0007,1,5,50.0882,1,5,50.0882,1,1
42,9,51,20,50,1,6,86.9794,131.067,2,18,6.17627,1,1,12.8006,2.07255,0
42,9,51,20,50,1,7,-52.6395,-133.799,1,19,26.1102,1,5,52.952,2.02802,0
42,9,51,20,50,1,8,43.4092,-62.5505,1,16,41.8707,1,5,62.9181,1.50268,0
42,9,51,20,50,1,9,3.98586,136.747,2,7,7.56921,1,1,73.6291,9.72745,0
42,9,51,20,50,1,10,-47.2269,124.911,2,11,9.44353,1,2,30.3512,3.21397,0
42,9,51,20,50,1,11,50.2418,-108.805,1,16,33.1262,1,0,35.6501,1.07619,0
42,9,51,20,50,1,12,-74.4424,-5.84383,1,13,11.7849,1,2,28.7397,2.43868,0
42,9,51,20,50,1,13,-41.0592,-157.106,1,19,32.5969,1,5,61.3704,1.88271,0
42,9,51,20,50,1,14,-76.2642,-47.9577,1,13,8.17295,1,2,39.906,4.88269,0
42,9,51,20,50,1,15,-73.4291,-15.0348,1,13,8.93378,1,2,32.2416,3.60895,0
42,9,51,20,50,1,16,74.5847,-56.4039,1,16,11.0241,1,1,44.1489,4.00476,0
42,9,51,20,50,1,17,-40.9486,-155.943,1,19,32.8468,1,5,60.4379,1.83999,0
42,9,51,20,50,1,18,-67.2685,175.385,2,14,11.2563,1,2,33.172,2.94696,0
42,9,51,20,50,1,19,79.1157,122.176,2,1,5.27527,1,1,5.27527,1,1
42,9,51,20,50,1,20,-88.3519,6.2318,1,4,11.9925,1,2,24.2647,2.02332,0
42,9,51,20,50,1,21,-56.4125,177.255,2,14,16.6637,1,2,43.6979,2.62234,0
42,9,51,20,50,1,22,-21.3505,-38.104,1,13,47.2853,1,5,60.9721,1.28945,0
42,9,51,20,50,1,23,-68.2719,-135.883,1,19,12.1746,1,5,66.1113,5.43027,0
42,9,51,20,50,1,24,39.6728,51.428,2,18,46.9532,1,1,47.215,1.00558,0
42,9,51,20,50,1,25,-89.5681,164.892,2,4,10.1811,1,2,24.7278,2.42879,0
42,9,51,20,50,1,26,-1.83033,101.347,2,9,41.9826,1,2,68.8537,1.64005,0
42,9,51,20,50,1,27,-61.9568,27.4546,2,2,25.0563,1,2,25.0563,1,1
42,9,51,20,50,1,28,-42.2482,-26.0319,1,13,27.2796,1,2,68.2929,2.50344,0
42,9,51,20,50,1,29,25.1743,-57.0247,1,5,54.0915,1,5,54.0915,1,1
42,9,51,20,50,1,30,53.0052,83.4904,2,1,24.5737,1,1,24.5737,1,1
42,9,51,20,50,1,31,53.9702,75.1798,2,1,25.5747,1,1,25.5747,1,1
42,9,51,20,50,1,32,-76.4568,-153.957,1,19,5.46896,1,2,70.5029,12.8915,0
42,9,51,20,50,1,33,49.6181,-107.451,1,16,33.6594,1,0,36.7142,1.09076,0
42,9,51,20,50,1,34,-79.286,77.4677,2,4,4.85717,1,2,10.0452,2.06811,0
42,9,51,20,50,1,35,-82.6374,-155.276,1,19,10.1895,1,2,59.4987,5.8392,0
42,9,51,20,50,1,36,-48.1503,-98.0999,1,13,37.4727,1,5,39.6615,1.05841,0
42,9,51,20,50,1,37,-79.0103,40.9984,2,4,11.2308,1,2,15.4045,1.37164,0
42,9,51,20,50,1,38,21.8981,-114.564,1,5,33.768,1,5,33.768,1,1
42,9,51,20,50,1,39,42.5579,-56.8583,1,16,43.6872,1,5,65.5295,1.49997,0
42,9,51,20,50,1,40,58.4318,85.9796,2,1,18.8007,1,1,18.8007,1,1
42,9,51,20,50,1,41,-35.9833,-66.797,1,13,37.0304,1,5,41.0741,1.1092,0
42,9,51,20,50,1,42,3.6635,-15.8801,1,6,55.7886,1,5,84.7185,1.51856,0
42,9,51,20,50,1,43,70.3288,102.831,2,1,4.80559,1,1,4.80559,1,1
42,9,51,20,50,1,44,69.044,11.0061,2,18,17.5272,1,1,31.3389,1.78801,0
42,9,51,20,50,1,45,-67.0971,64.0985,2,2,8.29456,1,2,8.29456,1,1
42,9,51,20,50,1,46,-42.7518,153.746,2,15,13.7691,1,2,46.4641,3.37453,0
42,9,51,20,50,1,47,-20.3609,-58.4171,1,5,41.7835,1,5,41.7835,1,1
42,9,51,20,50,1,48,89.8948,-121.485,1,18,6.96161,1,1,34.6912,4.98322,0
42,9,51,20,50,1,49,7.06614,-158.782,1,17,30.1993,1,0,39.972,1.32361,0
42,10,52,20,50,1,0,11.4195,166.284,2,5,36.2889,1,4,58.1278,1.60181,0
42,10,52,20,50,1,1,-32.6293,-39.0785,1,19,38.2288,1,0,58.3805,1.52713,0
42,10,52,20,50,1,2,19.6182,-60.1768,1,3,25.5356,1,0,41.8666,1.63954,0
42,10,52,20,50,1,3,44.0618,179.904,2,4,33.7755,1,4,33.7755,1,1
42,10,52,20,50,1,4,2.87094,85.4477,2,18,20.3975,1,4,72.2347,3.54135,0
42,10,52,20,50,1,5,-26.317,-104.894,1,8,10.759,1,1,35.0378,3.25659,0
42,10,52,20,50,1,6,-1.208,118.103,2,15,12.5239,1,4,65.5892,5.2371,0
42,10,52,20,50,1,7,-13.8167,-51.6672,1,19,34.0345,1,0,50.0059,1.46927,0
42,10,52,20,50,1,8,-59.879,-96.7561,1,1,23.6439,1,1,23.6439,1,1
42,10,52,20,50,1,9,-12.2803,-43.6252,1,19,26.3177,1,0,43.3712,1.64798,0
42,10,52,20,50,1,10,77.7036,127.98,2,4,14.6615,1,4,14.6615,1,1
42,10,52,20,50,1,11,-52.8812,-148.004,1,1,7.40583,1,1,7.40583,1,1
42,10,52,20,50,1,12,-1.33649,-123.993,1,8,20.7593,1,1,51.4144,2.47669,0
42,10,52,20,50,1,13,-38.1423,-150.008,1,1,16.6818,1,1,16.6818,1,1
42,10,52,20,50,1,14,62.9562,106.584,2,4,11.945,1,4,11.945,1,1
42,10,52,20,50,1,15,4.4646,-31.2487,1,19,10.6145,1,0,22.4244,2.11261,0
42,10,52,20,50,1,16,46.4338,123.671,2,4,17.536,1,4,17.536,1,1
42,10,52,20,50,1,17,54.8364,-47.8959,1,12,11.6498,1,0,42.4902,3.64729,0
42,10,52,20,50,1,18,-58.253,17.7964,2,16,16.1583,1,2,54.5966,3.37885,0
42,10,52,20,50,1,19,-23.9958,69.2358,2,14,28.0329,1,2,81.1726,2.89562,0
42,10,52,20,50,1,20,-38.378,79.3743,2,14,14.478,1,2,60.4941,4.17835,0
42,10,52,20,50,1,21,72.1707,100.828,2,4,15.1863,1,4,15.1863,1,1
42,10,52,20,50,1,22,8.73869,-63.292,1,3,35.6781,1,0,47.7014,1.33699,0
42,10,52,20,50,1,23,-65.4195,77.7193,2,16,13.1667,1,2,29.1744,2.21577,0
42,10,52,20,50,1,24,9.97592,24.6003,2,0,40.2299,1,0,40.2299,1,1
42,10,52,20,50,1,25,-72.9529,-4.6409,1,7,16.6594,1,2,37.0319,2.22289,0
42,10,52,20,50,1,26,-13.7098,-71.6683,1,11,31.9887,1,0,65.8006,2.05699,0
42,10,52,20,50,1,27,13.6778,149.907,2,5,26.099,1,4,51.2159,1.96237,0
42,10,52,20,50,1,28,-7.83057,131.071,2,5,4.70903,1,4,70.9862,15.0745,0
42,10,52,20,50,1,29,89.9495,-69.7488,1,9,1.30421,1,4,54.256,41.6007,0
42,10,52,20,50,1,30,28.8274,8.82819,1,0,23.5318,1,0,23.5318,1,1
42,10,52,20,50,1,31,39.5013,-29.4776,1,0,22.1755,1,0,22.1755,1,1
42,10,52,20,50,1,32,-23.7506,8.67534,1,19,38.5421,1,0,50.7761,1.31742,0
42,10,52,20,50,1,33,51.3132,15.9928,2,6,22.4759,1,0,39.7219,1.7673,0
42,10,52,20,50,1,34,-76.7641,-125.365,1,7,14.6141,1,1,25.5973,1.75155,0
42,10,52,20,50,1,35,-47.3857,-50.2842,1,7,40.085,1,1,55.8972,1.39447,0
42,10,52,20,50,1,36,67.0045,-130.43,1,17,15.1719,1,0,94.7101,6.24248,0
42,10,52,20,50,1,37,-64.7281,-28.5135,1,7,23.4684,1,2,57.0391,2.43047,0
42,10,52,20,50,1,38,-6.86105,-80.2952,1,11,22.4419,1,1,66.1237,2.94643,0
42,10,52,20,50,1,39,-65.3971,-173.77,1,1,24.0429,1,1,24.0429,1,1
42,10,52,20,50,1,40,62.1525,-96.7001,1,12,17.4695,1,0,73.4534,4.20466,0
42,10,52,20,50,1,41,0.794426,-83.1146,1,11,20.35,1,0,69.3072,3.40577,0
42,10,52,20,50,1,42,5.81578,-151.056,1,8,44.6828,1,1,59.0442,1.32141,0
42,10,52,20,50,1,43,-56.6037,175.97,2,2,26.2081,1,2,26.2081,1,1
42,10,52,20,50,1,44,80.0076,-113.308,1,17,1.21067,1,4,79.6475,65.7878,0
42,10,52,20,50,1,45,-36.8892,37.67,2,16,25.9583,1,2,78.1163,3.0093,0
42,10,52,20,50,1,46,37.7599,-174.776,1,13,23.2077,1,1,97.2588,4.1908,0
42,10,52,20,50,1,47,-85.9038,-151.981,1,7,5.94838,1,2,32.2174,5.41617,0
42,10,52,20,50,1,48,6.94975,110.819,2,15,21.8422,1,4,59.032,2.70266,0
42,10,52,20,50,1,49,22.0058,40.3712,2,18,28.4674,1,0,52.0882,1.82975,0
42,11,53,20,50,1,0,-32.8768,-10.6107,1,9,26.6403,1,1,37.3629,1.4025,0
42,11,53,20,50,1,1,83.2318,-160.905,1,5,1.51544,1,0,27.9057,18.4143,0
42,11,53,20,50,1,2,-57.9575,-8.72137,1,9,10.8089,1,12,25.3919,2.34917,0
42,11,53,20,50,1,3,67.2319,-86.1905,1,2,20.4963,1,0,54.4805,2.65806,0
42,11,53,20,50,1,4,-12.152,-155.458,1,14,22.539,1,12,92.9684,4.12477,0
42,11,53,20,50,1,5,51.9418,-104.792,1,16,30.6799,1,1,89.7631,2.92579,0
42,11,53,20,50,1,6,24.995,-7.23253,1,1,24.5279,1,1,24.5279,1,1
42,11,53,20,50,1,7,-34.4699,87.8925,2,7,45.3578,1,8,59.9943,1.32269,0
42,11,53,20,50,1,8,56.7514,-56.4871,1,2,35.1808,1,1,62.1556,1.76675,0
42,11,53,20,50,1,9,-84.6337,-129.947,1,13,5.40005,1,12,20.1539,3.73217,0
42,11,53,20,50,1,10,-21.9969,31.4264,2,9,36.9597,1,1,56.2941,1.52312,0
42,11,53,20,50,1,11,-10.7117,-76.8251,1,15,21.7272,1,1,59.0249,2.71664,0
42,11,53,20,50,1,12,29.5607,-112.323,1,11,27.4264,1,1,92.7945,3.38339,0
42,11,53,20,50,1,13,-58.216,151.144,2,8,17.719,1,8,17.719,1,1
42,11,53,20,50,1,14,8.27584,63.5185,2,3,25.9802,1,1,82.6422,3.18097,0
42,11,53,20,50,1,15,60.6321,130.798,2,17,17.1057,1,0,25.379,1.48365,0
42,11,53,20,50,1,16,-63.5461,107.728,2,8,23.116,1,8,23.116,1,1
42,11,53,20,50,1,17,74.9465,-63.0071,1,2,14.3981,1,0,34.5522,2.39978,0
42,11,53,20,50,1,18,-40.4968,104.357,2,7,44.1491,1,8,47.1522,1.06802,0
42,11,53,20,50,1,19,15.4012,74.7023,2,6,27.023,1,0,80.1599,2.96635,0
42,11,53,20,50,1,20,64.4494,-45.314,1,2,28.2884,1,0,50.7223,1.79305,0
42,11,53,20,50,1,21,74.9551,-1.11119,2,2,21.7383,1,0,25.0403,1.1519,0
42,11,53,20,50,1,22,63.7267,-99.0295,1,16,21.7527,1,0,64.9833,2.98737,0
42,11,53,20,50,1,23,-46.6094,60.9562,2,9,33.2355,1,8,57.8779,1.74145,0
42,11,53,20,50,1,24,12.2417,-82.4861,1,15,10.9615,1,1,63.0773,5.75446,0
42,11,53,20,50,1,25,55.5046,160.489,2,17,16.9315,1,0,31.6483,1.8692,0
42,11,53,20,50,1,26,64.4702,-90.4141,1,2,23.0226,1,0,61.2912,2.66222,0
42,11,53,20,50,1,27,-48.1678,8.06178,1,9,6.90719,1,12,41.0329,5.9406,0
42,11,53,20,50,1,28,-11.3686,-32.7676,1,1,19.9582,1,1,19.9582,1,1
42,11,53,20,50,1,29,-10.397,173.815,2,19,25.7757,1,8,65.1073,2.52592,0
42,11,53,20,50,1,30,-74.6246,-79.5298,1,12,6.96769,1,12,6.96769,1,1
42,11,53,20,50,1,31,62.3063,-96.3413,1,16,23.849,1,0,67.4054,2.82634,0
42,11,53,20,50,1,32,-75.901,94.5056,2,8,17.4982,1,8,17.4982,1,1
42,11,53,20,50,1,33,10.3258,-52.7957,1,15,18.3776,1,1,33.8256,1.84059,0
42,11,53,20,50,1,34,9.43113,-128.546,1,11,28.896,1,12,100.089,3.46376,0
42,11,53,20,50,1,35,-79.0467,-32.2389,1,13,8.20731,1,12,10.6109,1.29286,0
42,11,53,20,50,1,36,3.06993,171.817,2,19,21.9089,1,8,78.4363,3.58011,0
42,11,53,20,50,1,37,73.325,-46.4067,1,2,17.9477,1,0,34.8936,1.94418,0
42,11,53,20,50,1,38,-53.6063,-126.569,1,13,35.1067,1,12,35.7945,1.01959,0
42,11,53,20,50,1,39,-82.7253,97.2707,2,8,14.9582,1,8,14.9582,1,1
42,11,53,20,50,1,40,-14.5275,125.559,2,7,19.7349,1,8,66.5809,3.37376,0
42,11,53,20,50,1,41,38.8801,-80.1146,1,15,29.5942,1,1,66.7373,2.25508,0
42,11,53,20,50,1,42,-72.4277,161.425,2,8,2.83603,1,8,2.83603,1,1
42,11,53,20,50,1,43,53.9736,12.4075,2,10,9.09028,1,0,52.6966,5.79703,0
42,11,53,20,50,1,44,-25.6715,-92.8468,1,18,38.8378,1,12,50.5666,1.30199,0
42,11,53,20,50,1,45,3.11101,-20.5922,1,1,1.23035,1,1,1.23035,1,1
42,11,53,20,50,1,46,3.81168,-49.1653,1,15,23.0854,1,1,29.6832,1.2858,0
42,11,53,20,50,1,47,31.5333,35.8213,2,3,12.1228,1,1,59.6766,4.92266,0
42,11,53,20,50,1,48,-67.3299,-96.2819,1,12,13.6672,1,12,13.6672,1,1
42,11,53,20,50,1,49,81.5128,64.2025,2,0,8.88158,1,0,8.88158,1,1
42,12,54,20,50,1,0,-5.74625,-42.5476,1,2,11.4628,1,2,11.4628,1,1
42,12,54,20,50,1,1,-87.8819,-146.692,1,15,25.7332,1,2,97.5938,3.79252,0
42,12,54,20,50,1,2,23.2264,-177.495,1,6,79.7332,1,6,79.7332,1,1
42,12,54,20,50,1,3,64.4327,-43.7384,1,14,9.07324,1,6,54.2698,5.98131,0
42,12,54,20,50,1,4,38.9313,82.3579,2,8,7.92538,1,1,19.4826,2.45826,0
42,12,54,20,50,1,5,-80.9255,-161.596,1,15,24.0686,1,2,103.845,4.31455,0
42,12,54,20,50,1,6,15.0917,152.211,2,18,41.7951,1,1,63.6329,1.5225,0
42,12,54,20,50,1,7,-89.0885,142.436,2,16,18.5821,1,0,61.9146,3.33195,0
42,12,54,20,50,1,8,38.0013,-97.4955,1,6,16.5803,1,6,16.5803,1,1
42,12,54,20,50,1,9,-26.9977,34.3927,2,13,45.86,1,0,58.882,1.28395,0
42,12,54,20,50,1,10,9.57541,-2.75323,1,2,44.0152,1,2,44.0152,1,1
42,12,54,20,50,1,11,55.7081,57.2775,2,9,11.2589,1,1,19.8397,1.76213,0
42,12,54,20,50,1,12,-8.69769,101.47,2,0,21.9855,1,0,21.9855,1,1
42,12,54,20,50,1,13,-58.7319,109.637,2,12,25.184,1,0,28.6415,1.13729,0
42,12,54,20,50,1,14,38.9905,30.6793,2,9,33.5452,1,1,45.4467,1.35479,0
42,12,54,20,50,1,15,-68.8895,-113.512,1,15,6.14837,1,2,76.2135,12.3957,0
42,12,54,20,50,1,16,84.0658,-133.543,1,17,13.227,1,6,66.7163,5.04395,0
42,12,54,20,50,1,17,-40.1016,34.5844,2,13,37.3909,1,0,55.3412,1.48007,0
42,12,54,20,50,1,18,-65.5187,-131.338,1,15,12.063,1,2,85.6768,7.10246,0
42,12,54,20,50,1,19,85.423,126.825,2,3,2.70818,1,1,30.3761,11.2164,0
42,12,54,20,50,1,20,65.51,-171.005,1,14,41.6157,1,6,71.9414,1.72871,0
42,12,54,20,50,1,21,72.6144,-18.7965,1,4,12.0962,1,1,50.0295,4.13597,0
42,12,54,20,50,1,22,80.6028,147.052,2,3,2.6909,1,1,30.5772,11.3632,0
42,12,54,20,50,1,23,-28.1803,57.2082,2,0,38.6397,1,0,38.6397,1,1
42,12,54,20,50,1,24,-65.2219,69.644,2,16,36.1863,1,0,40.5901,1.1217,0
42,12,54,20,50,1,25,-44.1996,68.7071,2,12,29.1427,1,0,29.3223,1.00616,0
42,12,54,20,50,1,26,-56.5546,-156.983,1,15,27.7473,1,6,101.056,3.642,0
42,12,54,20,50,1,27,-27.0077,49.4954,2,0,45.683,1,0,45.683,1,1
42,12,54,20,50,1,28,62.2433,8.52071,2,4,20.5589,1,1,43.0137,2.09221,0
42,12,54,20,50,1,29,-10.4337,22.4676,2,13,51.6954,1,2,59.4333,1.14968,0
42,12,54,20,50,1,30,-70.4,21.3536,2,13,28.044,1,0,64.5792,2.30278,0
42,12,54,20,50,1,31,44.478,-152.668,1,14,54.7541,1,6,55.9967,1.02269,0
42,12,54,20,50,1,32,33.9055,-171.247,1,6,71.6829,1,6,71.6829,1,1
42,12,54,20,50,1,33,30.958,116.773,2,1,31.1905,1,1,31.1905,1,1
42,12,54,20,50,1,34,-61.2925,52.7621,2,13,40.9047,1,0,45.6371,1.11569,0
42,12,54,20,50,1,35,31.7994,-171.565,1,6,72.3336,1,6,72.3336,1,1
42,12,54,20,50,1,36,30.8786,28.8275,2,8,39.3078,1,1,53.1086,1.3511,0
42,12,54,20,50,1,37,-5.18071,42.9627,2,8,58.6242,1,0,61.238,1.04459,0
42,12,54,20,50,1,38,-2.0604,113.278,2,0,30.7797,1,0,30.7797,1,1
42,12,54,20,50,1,39,-39.9145,45.4354,2,13,44.977,1,0,46.6633,1.03749,0
42,12,54,20,50,1,40,1.46097,11.7718,2,2,52.7954,1,2,52.7954,1,1
42,12,54,20,50,1,41,-32.9287,69.8127,2,0,27.0059,1,0,27.0059,1,1
42,12,54,20,50,1,42,17.3945,60.1271,2,8,30.4416,1,1,47.5348,1.56151,0
42,12,54,20,50,1,43,-30.3459,-20.7243,1,13,19.5913,1,2,21.3194,1.08821,0
42,12,54,20,50,1,44,-55.6761,98.4407,2,12,22.1308,1,0,25.091,1.13376,0
42,12,54,20,50,1,45,-89.1283,-72.1522,1,15,25.7375,1,2,75.5188,2.9342,0
42,12,54,20,50,1,46,-30.1029,90.6993,2,0,9.31757,1,0,9.31757,1,1
42,12,54,20,50,1,47,-22.4103,-172.395,1,15,65.6184,1,6,92.9149,1.41599,0
42,12,54,20,50,1,48,49.7261,-162.904,1,14,54.2021,1,6,64.2283,1.18498,0
42,12,54,20,50,1,49,62.1894,156.867,2,11,5.59751,1,1,32.6866,5.83949,0
42,13,55,20,50,1,0,43.7506,-33.8447,1,16,22.5066,1,1,57.9753,2.57592,0
42,13,55,20,50,1,1,33.1193,100.898,2,12,21.7898,1,7,36.2497,1.66361,0
42,13,55,20,50,1,2,38.9515,-114.112,1,4,17.6849,1,2,27.69,1.56574,0
42,13,55,20,50,1,3,3.42314,58.0182,2,14,3.22644,1,7,28.1501,8.7248,0
42,13,55,20,50,1,4,30.8058,35.7833,2,1,9.34673,1,1,9.34673,1,1
42,13,55,20,50,1,5,2.0405,34.4183,2,18,8.6697,1,1,20.924,2.41346,0
42,13,55,20,50,1,6,-39.9222,38.2504,2,17,30.7773,1,7,59.8961,1.94612,0
42,13,55,20,50,1,7,-10.5841,123.433,2,12,28.9661,1,7,38.7435,1.33754,0
42,13,55,20,50,1,8,-18.4484,143.822,2,12,49.1778,1,7,59.9626,1.2193,0
42,13,55,20,50,1,9,-86.3284,145.008,2,9,11.2023,1,0,88.9988,7.9447,0
42,13,55,20,50,1,10,11.9581,112.197,2,12,7.19615,1,7,28.7913,4.00093,0
42,13,55,20,50,1,11,18.2903,-23.8027,1,5,30.119,1,1,51.2322,1.701,0
42,13,55,20,50,1,12,-48.8308,138.837,2,11,25.0869,1,7,68.4354,2.72793,0
42,13,55,20,50,1,13,-62.8741,96.2829,2,11,14.5906,1,7,63.3146,4.33942,0
42,13,55,20,50,1,14,0.203934,-155.738,1,13,40.3124,1,2,64.8574,1.60887,0
42,13,55,20,50,1,15,-75.5607,-92.0909,1,6,8.89057,1,0,21.4221,2.40953,0
42,13,55,20,50,1,16,-4.79154,95.1172,2,7,10.2575,1,7,10.2575,1,1
42,13,55,20,50,1,17,-85.5966,-111.68,1,6,4.78665,1,0,30.4584,6.36319,0
42,13,55,20,50,1,18,80.5025,15.6532,2,8,3.39402,1,2,50.8427,14.9801,0
42,13,55,20,50,1,19,63.169,42.6166,2,10,15.2202,1,1,41.4569,2.72381,0
42,13,55,20,50,1,20,-64.2818,-49.5809,1,6,19.7211,1,0,30.7417,1.55882,0
42,13,55,20,50,1,21,-51.4826,-28.4079,1,6,35.3139,1,0,47.5707,1.34708,0
42,13,55,20,50,1,22,84.3347,55.8666,2,10,8.05804,1,2,58.2829,7.23289,0
42,13,55,20,50,1,23,-42.4876,-48.2274,1,5,40.5973,1,0,41.2257,1.01548,0
42,13,55,20,50,1,24,9.84417,-77.6318,1,5,33.3467,1,0,70.725,2.1209,0
42,13,55,20,50,1,25,-41.6098,-136.395,1,0,23.3246,1,0,23.3246,1,1
42,13,55,20,50,1,26,-72.7175,133.361,2,11,2.65076,1,7,81.957,30.9184,0
42,13,55,20,50,1,27,9.90092,-63.0965,1,5,20.4634,1,0,77.0531,3.76541,0
42,13,55,20,50,1,28,46.099,74.0536,2,15,6.53165,1,1,42.797,6.55225,0
42,13,55,20,50,1,29,-73.4068,-87.3941,1,6,10.6227,1,0,20.2786,1.90899,0
42,13,55,20,50,1,30,49.1576,-117.935,1,4,10.5351,1,2,17.1072,1.62383,0
42,13,55,20,50,1,31,0.2575,-91.2679,1,13,25.9597,1,0,57.3351,2.20862,0
42,13,55,20,50,1,32,78.5912,9.3219,2,8,2.91479,1,2,50.5064,17.3276,0
42,13,55,20,50,1,33,-11.474,138.187,2,12,40.5633,1,7,53.1831,1.31111,0
42,13,55,20,50,1,34,-77.5125,-76.6099,1,6,5.95448,1,0,25.6162,4.302,0
42,13,55,20,50,1,35,0.401924,-103.588,1,13,14.7715,1,0,55.6943,3.7704,0
42,13,55,20,50,1,36,26.9046,77.8387,2,15,25.974,1,7,28.206,1.08593,0
42,13,55,20,50,1,37,24.0018,42.4787,2,1,10.9159,1,1,10.9159,1,1
42,13,55,20,50,1,38,-23.1473,143.029,2,11,51.3012,1,7,60.4378,1.1781,0
42,13,55,20,50,1,39,87.1256,153.394,2,10,16.6605,1,2,78.7448,4.72645,0
42,13,55,20,50,1,40,-57.3016,-88.9684,1,0,10.6897,1,0,10.6897,1,1
42,13,55,20,50,1,41,-81.5009,-80.0382,1,6,2.38161,1,0,28.2612,11.8664,0
42,13,55,20,50,1,42,-67.8038,36.8001,2,9,29.1198,1,0,70.1845,2.4102,0
42,13,55,20,50,1,43,18.4327,136.59,2,12,31.3951,1,7,53.3508,1.69933,0
42,13,55,20,50,1,44,-34.5732,70.0518,2,17,7.72163,1,7,37.595,4.86879,0
42,13,55,20,50,1,45,-65.4019,-150.831,1,0,23.6535,1,0,23.6535,1,1
42,13,55,20,50,1,46,66.0584,49.7113,2,10,11.3697,1,1,45.4966,4.00157,0
42,13,55,20,50,1,47,-31.0495,109.299,2,17,26.7746,1,7,38.1965,1.4266,0
42,13,55,20,50,1,48,-60.4834,94.953,2,11,17.0397,1,7,60.8068,3.56855,0
42,13,55,20,50,1,49,33.7432,-95.9918,1,4,32.4846,1,2,39.5508,1.21752,0
42,14,56,20,50,1,0,-7.4748,-50.5179,1,1,17.1456,1,3,62.9318,3.67043,0
42,14,56,20,50,1,1,52.4279,-36.8111,1,9,25.5199,1,3,30.5459,1.19694,0
42,14,56,20,50,1,2,-50.4586,-78.9374,1,2,19.2826,1,0,39.2545,2.03575,0
42,14,56,20,50,1,3,17.4761,123.725,2,16,2.67503,1,4,45.4356,16.9851,0
42,14,56,20,50,1,4,5.66034,-46.1136,1,1,22.1489,1,3,50.2199,2.26737,0
42,14,56,20,50,1,5,-26.4269,-170.652,1,0,57.2681,1,0,57.2681,1,1
42,14,56,20,50,1,6,-25.8455,53.3891,2,15,9.51081,1,4,46.2592,4.86386,0
42,14,56,20,50,1,7,-46.8724,-125.153,1,11,19.2272,1,0,34.3617,1.78714,0
42,14,56,20,50,1,8,74.9198,-34.6883,1,5,23.2774,1,3,44.2882,1.90263,0
42,14,56,20,50,1,9,4.9022,4.11696,1,14,17.6052,1,3,30.4456,1.72936,0
42,14,56,20,50,1,10,68.2667,157.121,2,6,13.2886,1,10,70.7351,5.32301,0
42,14,56,20,50,1,11,-61.439,-11.8294,1,13,16.1538,1,0,45.7376,2.83138,0
42,14,56,20,50,1,12,49.3276,-103.863,1,12,13.2987,1,3,76.7332,5.76996,0
42,14,56,20,50,1,13,-29.3611,163.403,2,10,30.3026,1,10,30.3026,1,1
42,14,56,20,50,1,14,82.2868,71.9167,2,6,9.88226,1,3,61.4341,6.21661,0
42,14,56,20,50,1,15,38.3051,-30.3759,1,3,22.7176,1,3,22.7176,1,1
42,14,56,20,50,1,16,-79.3006,1.46603,1,17,23.124,1,0,24.6061,1.06409,0
42,14,56,20,50,1,17,56.4065,-79.5184,1,12,3.90291,1,3,58.148,14.8986,0
42,14,56,20,50,1,18,51.2643,-32.2347,1,9,22.8152,1,3,27.3521,1.19885,0
42,14,56,20,50,1,19,-67.8967,-66.1507,1,13,11.8162,1,0,23.6392,2.00058,0
42,14,56,20,50,1,20,50.8258,-8.64713,1,9,7.8521,1,3,16.7413,2.13208,0
42,14,56,20,50,1,21,-28.4013,-130.039,1,11,24.2229,1,0,52.5278,2.16852,0
42,14,56,20,50,1,22,-67.629,29.4526,2,18,28.9051,1,0,48.0122,1.66103,0
42,14,56,20,50,1,23,-37.5961,-165.419,1,0,45.0366,1,0,45.0366,1,1
42,14,56,20,50,1,24,87.3821,114.612,2,5,8.15101,1,4,76.9925,9.44577,0
42,14,56,20,50,1,25,9.34921,131.298,2,16,11.5179,1,10,44.2346,3.8405,0
42,14,56,20,50,1,26,45.8669,75.8205,2,4,31.6443,1,4,31.6443,1,1
42,14,56,20,50,1,27,-30.2659,10.3889,1,15,41.5428,1,3,66.2346,1.59437,0
42,14,56,20,50,1,28,75.9788,60.746,2,6,15.1924,1,3,54.728,3.60233,0
42,14,56,20,50,1,29,-3.10423,136.531,2,16,24.0883,1,10,37.9263,1.57447,0
42,14,56,20,50,1,30,-23.6687,-109.598,1,11,14.355,1,0,59.8648,4.17032,0
42,14,56,20,50,1,31,-36.9223,-25.9386,1,2,24.3899,1,0,73.3548,3.00759,0
42,14,56,20,50,1,32,35.9339,-141.032,1,12,44.4475,1,3,113.062,2.54372,0
42,14,56,20,50,1,33,37.2715,-5.6035,1,3,3.60451,1,3,3.60451,1,1
42,14,56,20,50,1,34,3.36685,118.75,2,16,12.7507,1,4,43.0338,3.375,0
42,14,56,20,50,1,35,54.1229,-71.6146,1,12,7.11771,1,3,53.067,7.45563,0
42,14,56,20,50,1,36,-34.9487,-128.557,1,11,20.7135,1,0,46.064,2.22386,0
42,14,56,20,50,1,37,-10.827,-25.1555,1,1,8.88918,1,3,50.6593,5.69898,0
42,14,56,20,50,1,38,40.4479,83.1539,2,4,26.8538,1,4,26.8538,1,1
42,14,56,20,50,1,39,-5.28703,75.6599,2,4,19.5402,1,4,19.5402,1,1
42,14,56,20,50,1,40,8.88309,-171.876,1,7,64.4289,1,0,93.2647,1.44756,0
42,14,56,20,50,1,41,13.4788,-70.5001,1,8,20.3337,1,3,65.6334,3.22781,0
42,14,56,20,50,1,42,41.9724,146.426,2,16,34.0436,1,10,50.331,1.47843,0
42,14,56,20,50,1,43,59.9444,55.9025,2,9,32.0816,1,3,46.9259,1.46271,0
42,14,56,20,50,1,44,13.5859,-66.3196,1,8,23.9329,1,3,61.9752,2.58954,0
42,14,56,20,50,1,45,6.21688,159.834,2,10,16.2561,1,10,16.2561,1,1
42,14,56,20,50,1,46,2.0411,118.589,2,16,14.0812,1,4,43.3038,3.07529,0
42,14,56,20,50,1,47,-23.0521,-104.05,1,11,13.8513,1,0,61.6269,4.44919,0
42,14,56,20,50,1,48,78.7788,-151.561,1,5,10.7818,1,3,92.8783,8.61434,0
42,14,56,20,50,1,49,35.1733,-15.7087,1,3,10.8635,1,3,10.8635,1,1
42,15,57,20,50,1,0,-56.839,120.22,2,3,24.0565,1,3,24.0565,1,1
42,15,57,20,50,1,1,-19.3185,9.05484,1,13,15.0288,1,4,76.7962,5.10994,0
42,15,57,20,50,1,2,44.7527,-45.7073,1,14,24.6272,1,1,38.6842,1.57079,0
42,15,57,20,50,1,3,-56.8389,20.7878,2,13,34.4305,1,3,38.5204,1.11879,0
42,15,57,20,50,1,4,69.7512,54.7495,2,0,14.6889,1,0,14.6889,1,1
42,15,57,20,50,1,5,41.9858,163.509,2,18,21.7483,1,0,87.6536,4.03037,0
42,15,57,20,50,1,6,79.2484,84.9863,2,7,7.99743,1,0,18.2175,2.27792,0
42,15,57,20,50,1,7,-82.9407,167.325,2,3,9.62652,1,3,9.62652,1,1
42,15,57,20,50,1,8,88.0094,-30.9716,1,7,4.52515,1,0,15.3678,3.39608,0
42,15,57,20,50,1,9,6.0475,65.9181,2,15,27.959,1,0,80.5092,2.87955,0
42,15,57,20,50,1,10,36.9467,-159.624,1,1,47.5878,1,1,47.5878,1,1
42,15,57,20,50,1,11,-38.0842,8.30588,1,13,21.0589,1,3,64.8419,3.07907,0
42,15,57,20,50,1,12,-34.2242,-136.749,1,19,24.0845,1,4,58.2911,2.42028,0
42,15,57,20,50,1,13,-79.507,-134.859,1,12,8.50845,1,3,42.1805,4.95748,0
42,15,57,20,50,1,14,-88.8545,-41.9026,1,11,1.67654,1,3,16.4376,9.80447,0
42,15,57,20,50,1,15,-31.5676,-111.387,1,19,2.65491,1,4,36.2754,13.6635,0
42,15,57,20,50,1,16,-50.8415,78.2278,2,3,31.2934,1,3,31.2934,1,1
42,15,57,20,50,1,17,38.8339,167.822,2,18,26.3855,1,0,94.3426,3.57555,0
42,15,57,20,50,1,18,-73.7397,143.99,2,3,11.0099,1,3,11.0099,1,1
42,15,57,20,50,1,19,4.3051,172.023,2,6,39.7363,1,3,99.9041,2.51418,0
42,15,57,20,50,1,20,9.36972,-87.4182,1,5,24.1385,1,1,33.6012,1.39202,0
42,15,57,20,50,1,21,77.7659,-2.76385,2,0,4.81052,1,0,4.81052,1,1
42,15,57,20,50,1,22,88.784,169.65,2,7,5.20366,1,0,28.1445,5.4086,0
42,15,57,20,50,1,23,-7.71957,173.587,2,6,31.1523,1,3,87.923,2.82236,0
42,15,57,20,50,1,24,-20.6606,176.656,2,6,26.1228,1,3,75.2394,2.88022,0
42,15,57,20,50,1,25,29.7525,-147.428,1,1,41.4715,1,1,41.4715,1,1
42,15,57,20,50,1,26,-81.4839,163.337,2,3,9.46906,1,3,9.46906,1,1
42,15,57,20,50,1,27,20.439,-51.4164,1,14,25.5269,1,1,45.5155,1.78304,0
42,15,57,20,50,1,28,-76.706,61.8641,2,3,9.2089,1,3,9.2089,1,1
42,15,57,20,50,1,29,-3.13757,-151.121,1,9,34.3032,1,1,66.7774,1.94668,0
42,15,57,20,50,1,30,-80.0193,110.59,2,3,1.07203,1,3,1.07203,1,1
42,15,57,20,50,1,31,-41.254,-81.7216,1,4,21.7346,1,4,21.7346,1,1
42,15,57,20,50,1,32,4.40876,175.16,2,6,41.6147,1,3,101.354,2.43553,0
42,15,57,20,50,1,33,-46.9496,41.3381,2,13,27.9446,1,3,43.5155,1.5572,0
42,15,57,20,50,1,34,69.575,94.711,2,7,18.5924,1,0,26.9787,1.45107,0
42,15,57,20,50,1,35,16.6804,-22.1107,1,8,44.7713,1,0,61.4936,1.3735,0
42,15,57,20,50,1,36,-86.3536,8.89279,1,11,6.53895,1,3,12.7778,1.95411,0
42,15,57,20,50,1,37,77.5627,-175.139,1,7,33.4941,1,0,45.4913,1.35819,0
42,15,57,20,50,1,38,-0.728386,-40.3137,1,4,37.6983,1,4,37.6983,1,1
42,15,57,20,50,1,39,89.2238,137.222,2,7,4.08131,1,0,24.0445,5.89137,0
42,15,57,20,50,1,40,-21.8289,57.9526,2,13,30.7337,1,3,65.2782,2.12399,0
42,15,57,20,50,1,41,84.8971,-26.6257,1,7,6.5096,1,0,12.7452,1.9579,0
42,15,57,20,50,1,42,20.6446,30.6722,2,15,17.9556,1,0,55.2503,3.07705,0
42,15,57,20,50,1,43,50.979,67.8772,2,17,32.5791,1,0,35.4409,1.08784,0
42,15,57,20,50,1,44,-43.7318,-84.3172,1,19,22.615,1,4,24.8164,1.09734,0
42,15,57,20,50,1,45,48.3781,-67.5022,1,14,14.589,1,1,23.0161,1.57764,0
42,15,57,20,50,1,46,-76.8638,-165.752,1,11,12.7775,1,3,53.844,4.21397,0
42,15,57,20,50,1,47,15.3881,35.09,2,15,11.5866,1,0,61.3665,5.29635,0
42,15,57,20,50,1,48,-85.2959,116.877,2,3,5.34226,1,3,5.34226,1,1
42,15,57,20,50,1,49,-51.786,148.558,2,6,23.1591,1,3,33.604,1.45101,0
42,16,58,20,50,1,0,66.9105,100.758,2,3,24.8479,1,0,35.9537,1.44695,0
42,16,58,20,50,1,1,-3.99981,-140.998,1,16,20.3988,1,10,29.5167,1.44698,0
42,16,58,20,50,1,2,-46.531,160.752,2,11,8.16352,1,4,18.284,2.23972,0
42,16,58,20,50,1,3,39.6983,81.4287,2,2,20.9329,1,0,55.534,2.65295,0
42,16,58,20,50,1,4,39.8667,134.697,2,0,18.3578,1,0,18.3578,1,1
42,16,58,20,50,1,5,10.0952,-51.8381,1,12,54.9972,1,10,94.6685,1.72133,0
42,16,58,20,50,1,6,82.4452,90.9122,2,18,14.5143,1,0,44.3703,3.057,0
42,16,58,20,50,1,7,-34.7947,72.8547,2,14,30.579,1,4,49.1955,1.6088,0
42,16,58,20,50,1,8,85.2208,-41.556,1,3,16.9816,1,10,87.3575,5.14425,0
42,16,58,20,50,1,9,81.993,-91.297,1,3,26.3057,1,10,67.6188,2.5705,0
42,16,58,20,50,1,10,86.6768,-150.553,1,3,32.6845,1,10,62.464,1.91112,0
42,16,58,20,50,1,11,-38.5388,5.82338,1,6,16.8897,1,4,89.8249,5.31833,0
42,16,58,20,50,1,12,-46.9511,-47.38,1,6,22.8148,1,1,61.0779,2.67712,0
42,16,58,20,50,1,13,35.9657,-116.088,1,12,14.4049,1,10,31.4521,2.18343,0
42,16,58,20,50,1,14,-24.7919,-12.4311,1,6,22.6452,1,1,106.379,4.69764,0
42,16,58,20,50,1,15,-35.51,-95.7629,1,13,40.6589,1,1,59.7971,1.4707,0
42,16,58,20,50,1,16,-45.8363,100.98,2,9,19.5307,1,4,24.397,1.24916,0
42,16,58,20,50,1,17,-28.3803,-4.73473,1,6,20.335,1,1,104.694,5.14845,0
42,16,58,20,50,1,18,40.8661,-157.364,1,19,17.4847,1,10,17.8292,1.0197,0
42,16,58,20,50,1,19,-51.653,-18.5344,1,6,5.23156,1,1,63.6865,12.1735,0
42,16,58,20,50,1,20,78.6663,96.8843,2,18,15.7361,1,0,41.0342,2.60764,0
42,16,58,20,50,1,21,54.8138,142.223,2,0,11.7596,1,0,11.7596,1,1
42,16,58,20,50,1,22,3.89825,-139.962,1,16,16.7123,1,10,22.4485,1.34323,0
42,16,58,20,50,1,23,17.5388,-1.76192,1,7,47.9013,1,0,137.397,2.86834,0
42,16,58,20,50,1,24,-0.758919,19.0636,2,7,21.8463,1,4,116.812,5.34698,0
42,16,58,20,50,1,25,43.4706,-8.16425,1,3,36.2935,1,0,115.781,3.19013,0
42,16,58,20,50,1,26,24.2551,-170.136,1,10,18.5386,1,10,18.5386,1,1
42,16,58,20,50,1,27,88.8296,134.608,2,18,10.9424,1,0,41.7149,3.81222,0
42,16,58,20,50,1,28,-18.7582,69.5906,2,7,31.4151,1,4,64.7139,2.05997,0
42,16,58,20,50,1,29,-80.74,92.8996,2,5,16.4558,1,4,29.0226,1.76368,0
42,16,58,20,50,1,30,-61.4203,-52.5,1,13,19.6617,1,1,40.1462,2.04185,0
42,16,58,20,50,1,31,88.5683,-34.5132,1,3,17.4486,1,0,81.8705,4.69208,0
42,16,58,20,50,1,32,-65.7598,-59.624,1,13,14.0127,1,1,32.8154,2.34183,0
42,16,58,20,50,1,33,70.3761,130.213,2,18,15.2187,1,0,26.4192,1.73597,0
42,16,58,20,50,1,34,-18.494,-142.554,1,16,31.2434,1,10,43.3181,1.38647,0
42,16,58,20,50,1,35,-34.1609,-59.6554,1,6,37.1474,1,1,73.4421,1.97705,0
42,16,58,20,50,1,36,67.1652,-138.694,1,19,19.4518,1,10,43.6467,2.24384,0
42,16,58,20,50,1,37,-48.7162,-37.8732,1,6,16.1278,1,1,61.7386,3.82808,0
42,16,58,20,50,1,38,-49.3281,117.645,2,9,13.037,1,4,13.1464,1.00839,0
42,16,58,20,50,1,39,70.1824,79.826,2,3,15.9224,1,0,45.6987,2.87009,0
42,16,58,20,50,1,40,-21.6456,47.306,2,7,17.3724,1,4,77.1913,4.44334,0
42,16,58,20,50,1,41,-54.1691,-174.781,1,15,13.8203,1,1,30.4526,2.20347,0
42,16,58,20,50,1,42,28.5848,-110.679,1,12,17.4585,1,10,35.3182,2.02299,0
42,16,58,20,50,1,43,69.9135,-160.347,1,19,25.7071,1,10,46.2599,1.7995,0
42,16,58,20,50,1,44,69.4557,158.347,2,18,10.8368,1,0,21.4806,1.98219,0
42,16,58,20,50,1,45,56.2763,-163.929,1,19,19.7374,1,10,33.8257,1.71379,0
42,16,58,20,50,1,46,-37.0765,109.689,2,9,25.9454,1,4,26.4248,1.01848,0
42,16,58,20,50,1,47,-9.22112,-25.6727,1,6,39.588,1,1,121.171,3.06081,0
42,16,58,20,50,1,48,-64.9673,-57.6901,1,13,15.1636,1,1,34.2623,2.25951,0
42,16,58,20,50,1,49,-37.73,13.0774,1,14,17.1839,1,4,85.8185,4.99413,0
42,17,59,20,50,1,0,19.4847,-83.008,1,1,59.9205,1,1,59.9205,1,1
42,17,59,20,50,1,1,18.4415,89.7468,2,17,56.3281,1,11,58.4112,1.03698,0
42,17,59,20,50,1,2,51.7915,-155.987,1,8,21.6912,1,4,60.8177,2.80379,0
42,17,59,20,50,1,3,58.459,-14.4529,1,16,28.1885,1,4,30.6153,1.08609,0
42,17,59,20,50,1,4,-70.0672,-116.681,1,18,5.23314,1,1,59.7051,11.4091,0
42,17,59,20,50,1,5,82.5196,-63.5101,1,12,5.53855,1,4,7.54204,1.36174,0
42,17,59,20,50,1,6,12.4282,131.672,2,14,40.0875,1,11,61.6487,1.53785,0
42,17,59,20,50,1,7,-62.506,17.6296,2,6,5.34716,1,0,46.7793,8.74843,0
42,17,59,20,50,1,8,-76.4294,-18.2099,1,2,5.26967,1,0,46.3019,8.78649,0
42,17,59,20,50,1,9,-89.1511,-17.3338,1,5,4.33638,1,0,36.8651,8.50136,0
42,17,59,20,50,1,10,-23.1662,-88.0272,1,1,35.9452,1,1,35.9452,1,1
42,17,59,20,50,1,11,81.9012,-127.307,1,12,5.05166,1,4,11.5333,2.28308,0
42,17,59,20,50,1,12,61.4911,116.387,2,17,7.66661,1,11,11.8529,1.54604,0
42,17,59,20,50,1,13,-88.6689,155.383,2,5,9.03136,1,0,22.2711,2.46598,0
42,17,59,20,50,1,14,83.9393,-90.3716,1,12,2.72301,1,4,6.98925,2.56673,0
42,17,59,20,50,1,15,-87.0389,26.8479,2,5,2.49844,1,0,29.8987,11.967,0
42,17,59,20,50,1,16,3.31017,42.8053,2,16,47.395,1,11,91.8049,1.93702,0
42,17,59,20,50,1,17,-31.7027,-69.7966,1,1,18.3904,1,1,18.3904,1,1
42,17,59,20,50,1,18,33.4089,-126.487,1,8,31.9611,1,4,78.1341,2.44466,0
42,17,59,20,50,1,19,47.8752,106.684,2,17,22.345,1,11,26.0939,1.16777,0
42,17,59,20,50,1,20,-31.5841,80.7896,2,0,46.676,1,0,46.676,1,1
42,17,59,20,50,1,21,-68.4133,141.688,2,0,5.6266,1,0,5.6266,1,1
42,17,59,20,50,1,22,16.2306,-81.8386,1,1,56.5365,1,1,56.5365,1,1
42,17,59,20,50,1,23,-10.3411,59.6024,2,9,59.31,1,0,77.4975,1.30665,0
42,17,59,20,50,1,24,39.9757,-18.9843,1,16,36.7668,1,4,49.1724,1.33741,0
42,17,59,20,50,1,25,-68.8657,-146.381,1,18,7.55444,1,1,74.9488,9.92115,0
42,17,59,20,50,1,26,36.4943,-153.929,1,8,10.1284,1,4,83.3498,8.22932,0
42,17,59,20,50,1,27,-46.844,15.9707,2,15,10.5205,1,1,53.5215,5.08736,0
42,17,59,20,50,1,28,71.2289,-91.0259,1,12,15.3826,1,4,22.3308,1.45169,0
42,17,59,20,50,1,29,-4.32327,130.336,2,14,27.5762,1,0,62.9244,2.28183,0
42,17,59,20,50,1,30,-0.698753,-2.72423,1,9,26.1893,1,1,52.8545,2.01817,0
42,17,59,20,50,1,31,-11.4078,-174.777,1,7,22.2457,1,1,119.613,5.37688,0
42,17,59,20,50,1,32,-69.9595,93.7791,2,0,12.4977,1,0,12.4977,1,1
42,17,59,20,50,1,33,-32.2869,106.899,2,0,37.2797,1,0,37.2797,1,1
42,17,59,20,50,1,34,73.6459,-148.823,1,12,14.8759,1,4,25.6393,1.72354,0
42,17,59,20,50,1,35,16.7912,-95.8764,1,7,61.2912,1,1,66.0818,1.07816,0
42,17,59,20,50,1,36,55.9831,76.7559,2,11,24.8967,1,11,24.8967,1,1
42,17,59,20,50,1,37,-67.0941,-35.5726,1,2,14.2433,1,1,38.4411,2.69889,0
42,17,59,20,50,1,38,87.4586,25.1296,2,4,1.97378,1,4,1.97378,1,1
42,17,59,20,50,1,39,-77.9851,74.8688,2,5,12.3269,1,0,19.0033,1.54162,0
42,17,59,20,50,1,40,-86.9274,-113.702,1,5,8.68283,1,0,57.4267,6.61381,0
42,17,59,20,50,1,41,54.2439,79.1338,2,11,25.8115,1,11,25.8115,1,1
42,17,59,20,50,1,42,-43.8152,-165.2,1,19,11.4215,1,1,94.5662,8.27967,0
42,17,59,20,50,1,43,-42.4478,-125.173,1,19,17.8,1,1,63.2673,3.55435,0
42,17,59,20,50,1,44,-38.113,86.4579,2,0,38.1447,1,0,38.1447,1,1
42,17,59,20,50,1,45,-87.418,102.376,2,5,6.80889,1,0,20.9434,3.07588,0
42,17,59,20,50,1,46,-48.1331,-17.6517,1,13,11.604,1,1,30.3453,2.61508,0
42,17,59,20,50,1,47,53.7996,-56.1852,1,12,36.5087,1,4,37.9107,1.0384,0
42,17,59,20,50,1,48,-51.9363,-136.975,1,19,9.79081,1,1,70.5685,7.20763,0
42,17,59,20,50,1,49,-64.6431,-136.581,1,18,9.594,1,1,69.3642,7.22996,0
42,18,60,20,50,1,0,58.4527,80.5605,2,8,15.3736,1,7,32.7527,2.13045,0
42,18,60,20,50,1,1,-51.7824,132.554,2,1,36.8829,1,1,36.8829,1,1
42,18,60,20,50,1,2,-37.4884,-119.732,1,10,9.21781,1,2,50.1273,5.43809,0
42,18,60,20,50,1,3,-17.1479,-128.46,1,10,28.2535,1,2,71.8491,2.54302,0
42,18,60,20,50,1,4,85.407,162.31,2,0,15.7037,1,0,15.7037,1,1
42,18,60,20,50,1,5,54.2141,-87.1717,1,14,29.9866,1,0,33.1536,1.10561,0
42,18,60,20,50,1,6,-62.9213,147.188,2,5,31.5484,1,1,35.2678,1.11789,0
42,18,60,20,50,1,7,-7.99986,-49.487,1,18,48.9487,1,2,85.5556,1.74786,0
42,18,60,20,50,1,8,-72.8337,165.059,2,5,23.18,1,1,36.072,1.55617,0
42,18,60,20,50,1,9,-86.9894,-157.66,1,2,3.2517,1,2,3.2517,1,1
42,18,60,20,50,1,10,-55.8686,139.236,2,1,36.84,1,1,36.84,1,1
42,18,60,20,50,1,11,-87.4696,66.8526,2,5,3.84244,1,2,8.51249,2.21539,0
42,18,60,20,50,1,12,71.1051,54.6143,2,7,14.5064,1,7,14.5064,1,1
42,18,60,20,50,1,13,-53.9541,-133.906,1,12,12.8789,1,2,34.7595,2.69894,0
42,18,60,20,50,1,14,76.6295,139.915,2,15,12.3352,1,7,24.1798,1.96023,0
42,18,60,20,50,1,15,29.0234,90.1644,2,8,37.0335,1,7,68.5813,1.85187,0
42,18,60,20,50,1,16,20.238,134.482,2,8,46.58,1,7,98.0567,2.10513,0
42,18,60,20,50,1,17,21.359,145.499,2,15,46.9147,1,7,102.05,2.17521,0
42,18,60,20,50,1,18,-82.6249,-171.578,1,2,7.87939,1,2,7.87939,1,1
42,18,60,20,50,1,19,-81.4803,-174.436,1,2,9.35007,1,2,9.35007,1,1
42,18,60,20,50,1,20,85.3663,125.467,2,7,12.9086,1,7,12.9086,1,1
42,18,60,20,50,1,21,-40.8037,-135.11,1,12,18.9129,1,2,48.5612,2.56763,0
42,18,60,20,50,1,22,46.3278,82.3928,2,8,23.4541,1,7,46.6891,1.99066,0
42,18,60,20,50,1,23,-2.29855,126.988,2,8,67.0712,1,1,80.3166,1.19748,0
42,18,60,20,50,1,24,33.7259,1.424,1,19,8.7492,1,7,48.5937,5.55408,0
42,18,60,20,50,1,25,74.664,135.715,2,15,12.0454,1,7,25.9104,2.15107,0
42,18,60,20,50,1,26,-19.6698,154.389,2,1,79.0373,1,1,79.0373,1,1
42,18,60,20,50,1,27,11.2836,-77.1295,1,3,40.5623,1,0,76.2297,1.87932,0
42,18,60,20,50,1,28,14.5016,94.659,2,9,37.541,1,1,83.5016,2.22428,0
42,18,60,20,50,1,29,-15.5177,2.26215,1,4,25.0159,1,1,69.8872,2.79371,0
42,18,60,20,50,1,30,27.2872,-152.989,1,3,32.1126,1,0,70.5067,2.19561,0
42,18,60,20,50,1,31,-43.7867,-84.9496,1,18,4.94924,1,2,43.2957,8.74796,0
42,18,60,20,50,1,32,80.7467,135.145,2,15,16.1239,1,7,18.4235,1.14262,0
42,18,60,20,50,1,33,-59.7252,176.244,2,5,42.4945,1,1,50.9375,1.19868,0
42,18,60,20,50,1,34,71.7834,-102.411,1,14,12.2767,1,0,15.9033,1.2954,0
42,18,60,20,50,1,35,-89.0961,134.299,2,5,7.03331,1,2,8.9444,1.27172,0
42,18,60,20,50,1,36,-78.4718,-79.7997,1,2,8.57397,1,2,8.57397,1,1
42,18,60,20,50,1,37,89.5947,115.712,2,0,5.77927,1,0,5.77927,1,1
42,18,60,20,50,1,38,-88.7035,-5.40775,1,2,4.28716,1,2,4.28716,1,1
42,18,60,20,50,1,39,31.3501,70.0448,2,9,26.1603,1,7,59.4654,2.27311,0
42,18,60,20,50,1,40,88.0081,32.0284,2,0,4.76133,1,0,4.76133,1,1
42,18,60,20,50,1,41,12.8797,-43.3234,1,17,47.4789,1,7,78.914,1.66209,0
42,18,60,20,50,1,42,3.20864,-131.674,1,3,25.4334,1,0,90.4284,3.55549,0
42,18,60,20,50,1,43,29.7735,-144.58,1,3,24.7276,1,0,65.5277,2.64998,0
42,18,60,20,50,1,44,71.4927,-151.488,1,14,17.0653,1,0,20.0575,1.17534,0
42,18,60,20,50,1,45,18.8413,17.5599,2,17,12.887,1,7,63.1379,4.89936,0
42,18,60,20,50,1,46,-62.2384,130.109,2,1,28.204,1,1,28.204,1,1
42,18,60,20,50,1,47,56.3052,-142.984,1,14,31.8287,1,0,35.9928,1.13083,0
42,18,60,20,50,1,48,42.6269,173.16,2,15,24.7308,1,7,84.1803,3.40387,0
42,18,60,20,50,1,49,-73.37,48.8206,2,6,10.2057,1,1,10.4303,1.02201,0
42,19,61,20,50,1,0,6.74776,70.2972,2,4,24.6282,1,1,88.2906,3.58494,0
42,19,61,20,50,1,1,-30.6989,-6.49362,1,8,56.3586,1,8,56.3586,1,1
42,19,61,20,50,1,2,56.671,-79.6164,1,9,16.4504,1,0,19.1859,1.16629,0
42,19,61,20,50,1,3,-3.95206,125.09,2,18,26.3405,1,8,106.859,4.05684,0
42,19,61,20,50,1,4,63.5991,-101.638,1,0,6.73297,1,0,6.73297,1,1
42,19,61,20,50,1,5,-60.0088,76.5667,2,8,28.571,1,8,28.571,1,1
42,19,61,20,50,1,6,-49.9959,171.369,2,16,10.4951,1,8,65.8715,6.27642,0
42,19,61,20,50,1,7,-38.589,-120.475,1,14,63.3379,1,8,84.0137,1.32644,0
42,19,61,20,50,1,8,-64.7363,1.05089,1,8,20.5859,1,8,20.5859,1,1
42,19,61,20,50,1,9,-86.8929,71.1415,2,8,4.43842,1,8,4.43842,1,1
42,19,61,20,50,1,10,9.52877,-177.63,1,14,15.4221,1,0,72.504,4.70129,0
42,19,61,20,50,1,11,-72.3509,101.304,2,8,19.2147,1,8,19.2147,1,1
42,19,61,20,50,1,12,78.8461,-178.666,1,6,7.74163,1,0,27.2184,3.51584,0
42,19,61,20,50,1,13,83.2846,-66.0191,1,15,5.30478,1,1,10.77,2.03024,0
42,19,61,20,50,1,14,73.1225,-139.297,1,6,6.90444,1,0,14.5033,2.10057,0
42,19,61,20,50,1,15,-35.5011,-20.2596,1,8,54.08,1,8,54.08,1,1
42,19,61,20,50,1,16,55.5001,47.6001,2,11,12.0618,1,1,29.7495,2.46643,0
42,19,61,20,50,1,17,76.6234,44.3422,2,1,9.2405,1,1,9.2405,1,1
42,19,61,20,50,1,18,73.9918,-34.6573,1,2,8.21577,1,1,10.0498,1.22323,0
42,19,61,20,50,1,19,-5.28402,95.1819,2,18,51.1023,1,8,92.613,1.81231,0
42,19,61,20,50,1,20,21.8522,49.4144,2,4,2.60648,1,1,65.1047,24.978,0
42,19,61,20,50,1,21,-4.12569,123.712,2,18,27.2216,1,8,106.009,3.89429,0
42,19,61,20,50,1,22,20.3915,94.5706,2,4,43.2583,1,1,83.9963,1.94174,0
42,19,61,20,50,1,23,-88.3814,91.3103,2,8,5.98879,1,8,5.98879,1,1
42,19,61,20,50,1,24,-42.1893,-170.549,1,14,53.137,1,8,98.4911,1.85353,0
42,19,61,20,50,1,25,-8.77407,114.679,2,18,31.9583,1,8,96.6576,3.02449,0
42,19,61,20,50,1,26,-84.0891,17.75,2,8,0.931325,1,8,0.931325,1,1
42,19,61,20,50,1,27,17.9917,169.514,2,18,46.8234,1,1,126.46,2.70078,0
42,19,61,20,50,1,28,9.54202,22.5526,2,4,27.0542,1,1,71.5727,2.64554,0
42,19,61,20,50,1,29,-38.2525,-14.6711,1,8,50.0409,1,8,50.0409,1,1
42,19,61,20,50,1,30,31.6278,32.4928,2,4,19.0097,1,1,50.9777,2.68168,0
42,19,61,20,50,1,31,72.5347,-5.74408,1,1,7.2834,1,1,7.2834,1,1
42,19,61,20,50,1,32,-49.9535,118.316,2,13,5.41604,1,8,49.4148,9.12378,0
42,19,61,20,50,1,33,-70.7009,-131.923,1,8,37.105,1,8,37.105,1,1
42,19,61,20,50,1,34,-48.1706,28.0301,2,8,35.9589,1,8,35.9589,1,1
42,19,61,20,50,1,35,71.6292,127.363,2,7,15.2909,1,1,32.1919,2.10529,0
42,19,61,20,50,1,36,-51.2777,-44.9929,1,8,42.6771,1,8,42.6771,1,1
42,19,61,20,50,1,37,35.5378,118.228,2,7,55.388,1,1,76.3874,1.37913,0
42,19,61,20,50,1,38,-65.2112,74.3128,2,8,22.7044,1,8,22.7044,1,1
42,19,61,20,50,1,39,14.7689,-34.8009,1,5,22.2159,1,1,69.4442,3.12588,0
42,19,61,20,50,1,40,41.8821,-168.01,1,10,23.6258,1,0,37.9265,1.6053,0
42,19,61,20,50,1,41,-50.061,95.5861,2,13,19.8127,1,8,43.3237,2.18667,0
42,19,61,20,50,1,42,14.8698,115.861,2,18,46.7921,1,1,100.893,2.1562,0
42,19,61,20,50,1,43,42.55,-131.176,1,0,21.4218,1,0,21.4218,1,1
42,19,61,20,50,1,44,-20.793,-171.405,1,14,32.4816,1,0,97.6415,3.00605,0
42,19,61,20,50,1,45,17.0763,-158.33,1,14,7.64775,1,0,55.4889,7.25558,0
42,19,61,20,50,1,46,20.5439,-0.778015,1,11,41.0827,1,1,59.0634,1.43767,0
42,19,61,20,50,1,47,7.96279,121.181,2,18,38.0002,1,1,112.03,2.94813,0
42,19,61,20,50,1,48,-31.2309,54.5237,2,4,50.9387,1,8,54.9308,1.07837,0
42,19,61,20,50,1,49,84.6287,21.197,2,15,5.00599,1,1,5.70103,1.13884,0
42,20,62,20,50,1,0,-47.6956,54.226,2,19,54.5391,1,11,56.5613,1.03708,0
42,20,62,20,50,1,1,76.5001,-152.223,1,16,19.0584,1,5,69.8394,3.6645,0
42,20,62,20,50,1,2,-32.5743,-48.7168,1,10,28.4766,1,2,64.7441,2.27359,0
42,20,62,20,50,1,3,5.16736,-169.364,1,18,5.31306,1,5,10.0345,1.88865,0
42,20,62,20,50,1,4,36.3384,164.47,2,1,37.6248,1,0,106.53,2.83138,0
42,20,62,20,50,1,5,1.05308,-132.573,1,2,25.0186,1,2,25.0186,1,1
42,20,62,20,50,1,6,-43.129,4.4035,1,9,32.2826,1,11,77.7784,2.4093,0
42,20,62,20,50,1,7,-76.767,153.789,2,19,4.5468,1,11,12.1022,2.6617,0
42,20,62,20,50,1,8,26.7545,-0.814545,1,0,29.9563,1,0,29.9563,1,1
42,20,62,20,50,1,9,84.2426,-75.7706,1,16,3.92981,1,0,72.4955,18.4476,0
42,20,62,20,50,1,10,64.4358,23.7632,2,6,16.9706,1,0,29.0699,1.71295,0
42,20,62,20,50,1,11,23.394,111.134,2,1,20.9524,1,0,69.4067,3.31259,0
42,20,62,20,50,1,12,73.4258,105.618,2,3,10.3317,1,0,56.486,5.46727,0
42,20,62,20,50,1,13,-63.912,-29.9331,1,17,13.9186,1,11,51.0068,3.66464,0
42,20,62,20,50,1,14,56.1517,-92.3433,1,16,28.1159,1,2,81.1153,2.88504,0
42,20,62,20,50,1,15,-29.1923,-163.088,1,13,15.6882,1,2,40.1257,2.55771,0
42,20,62,20,50,1,16,70.9413,-85.3843,1,16,12.2899,1,0,78.5238,6.38932,0
42,20,62,20,50,1,17,-67.6554,-103.266,1,17,20.5917,1,2,48.5316,2.35686,0
42,20,62,20,50,1,18,22.9494,55.0238,2,0,23.4609,1,0,23.4609,1,1
42,20,62,20,50,1,19,-46.3148,-61.4244,1,17,14.3455,1,2,55.1211,3.8424,0
42,20,62,20,50,1,20,19.7468,89.4765,2,1,33.1955,1,0,52.8526,1.59216,0
42,20,62,20,50,1,21,-6.99863,133.236,2,1,53.3868,1,11,83.6591,1.56704,0
42,20,62,20,50,1,22,-43.06,12.4688,1,9,35.376,1,11,75.2543,2.12727,0
42,20,62,20,50,1,23,53.5122,147.389,2,1,22.6702,1,0,83.462,3.68157,0
42,20,62,20,50,1,24,-84.1729,95.5097,2,11,6.06847,1,11,6.06847,1,1
42,20,62,20,50,1,25,-54.1908,140.526,2,19,18.7387,1,11,35.1537,1.87599,0
42,20,62,20,50,1,26,-30.3636,118.406,2,19,46.7383,1,11,61.9952,1.32643,0
42,20,62,20,50,1,27,35.83,-93.8755,1,8,28.2937,1,2,62.0446,2.19287,0
42,20,62,20,50,1,28,22.0122,123.836,2,1,22.7945,1,0,81.046,3.5555,0
42,20,62,20,50,1,29,28.0957,-23.6722,1,14,23.9518,1,0,48.335,2.01801,0
42,20,62,20,50,1,30,-74.2537,177.807,2,19,7.823,1,11,14.8557,1.89898,0
42,20,62,20,50,1,31,-3.38007,173.375,2,19,71.0048,1,11,86.0471,1.21185,0
42,20,62,20,50,1,32,-43.7887,37.929,2,9,51.2203,1,11,66.3068,1.29454,0
42,20,62,20,50,1,33,-54.9453,138.321,2,19,18.2858,1,11,34.5116,1.88735,0
42,20,62,20,50,1,34,-43.5236,-22.5203,1,17,28.1624,1,2,85.6225,3.04031,0
42,20,62,20,50,1,35,-51.5515,132.446,2,19,22.5776,1,11,38.372,1.69956,0
42,20,62,20,50,1,36,-56.5219,62.8997,2,19,41.4228,1,11,43.1714,1.04221,0
42,20,62,20,50,1,37,42.8411,-19.1638,1,8,30.4566,1,0,40.5874,1.33263,0
42,20,62,20,50,1,38,-52.3157,12.7066,1,17,40.4602,1,11,60.8379,1.50365,0
42,20,62,20,50,1,39,-25.8874,-92.9771,1,4,13.1675,1,2,25.2693,1.91906,0
42,20,62,20,50,1,40,-35.8918,19.8435,2,9,34.5642,1,0,72.9311,2.11002,0
42,20,62,20,50,1,41,-66.2256,47.4892,2,11,33.0351,1,11,33.0351,1,1
42,20,62,20,50,1,42,-20.8751,119.209,2,19,55.9885,1,11,71.7374,1.28129,0
42,20,62,20,50,1,43,66.8068,-177.726,1,16,36.3087,1,5,57.4378,1.58193,0
42,20,62,20,50,1,44,31.5223,9.80507,2,0,19.4437,1,0,19.4437,1,1
42,20,62,20,50,1,45,-10.699,94.5373,2,1,58.4417,1,0,76.3507,1.30644,0
42,20,62,20,50,1,46,3.80594,151.842,2,1,51.6358,1,11,92.809,1.79738,0
42,20,62,20,50,1,47,43.9563,100.034,2,1,11.6937,1,0,52.3437,4.47622,0
42,20,62,20,50,1,48,4.88542,158.022,2,1,54.482,1,11,93.7398,1.72056,0
42,20,62,20,50,1,49,29.1779,102.724,2,1,18.3132,1,0,59.5127,3.24972,0
42,21,63,20,50,1,0,-9.80113,-141.052,1,0,42.8514,1,0,42.8514,1,1
42,21,63,20,50,1,1,2.23553,67.2218,2,5,12.2441,1,1,16.9951,1.38802,0
42,21,63,20,50,1,2,59.0105,-21.5524,1,8,26.7488,1,1,79.2333,2.96213,0
42,21,63,20,50,1,3,17.0939,78.9739,2,16,16.9202,1,1,28.6151,1.69118,0
42,21,63,20,50,1,4,-83.2324,76.5343,2,9,15.8166,1,2,60.4949,3.82477,0
42,21,63,20,50,1,5,-25.7705,12.7286,2,12,26.9853,1,1,50.8333,1.88374,0
42,21,63,20,50,1,6,-33.1861,-156.541,1,0,48.6995,1,0,48.6995,1,1
42,21,63,20,50,1,7,-28.2031,74.1961,2,6,18.7887,1,1,42.7222,2.27382,0
42,21,63,20,50,1,8,32.3511,169.879,2,17,45.4325,1,2,71.9963,1.58469,0
42,21,63,20,50,1,9,78.3095,-31.8379,1,8,19.6356,1,1,92.7819,4.72519,0
42,21,63,20,50,1,10,25.2109,-129.61,1,13,29.2966,1,0,49.2434,1.68086,0
42,21,63,20,50,1,11,36.1183,-67.928,1,13,28.8543,1,15,89.5829,3.10466,0
42,21,63,20,50,1,12,70.0912,47.4854,2,8,4.20023,1,1,62.1462,14.7959,0
42,21,63,20,50,1,13,-35.7119,8.73587,1,12,32.9248,1,1,60.079,1.82474,0
42,21,63,20,50,1,14,-39.952,125.551,2,2,12.9575,1,2,12.9575,1,1
42,21,63,20,50,1,15,-22.6969,80.4936,2,6,23.9196,1,1,42.2915,1.76807,0
42,21,63,20,50,1,16,82.2495,139.077,2,7,5.4499,1,1,96.733,17.7495,0
42,21,63,20,50,1,17,-16.1423,102.52,2,19,33.9033,1,2,36.8776,1.08773,0
42,21,63,20,50,1,18,-31.2376,-178.097,1,0,41.5523,1,0,41.5523,1,1
42,21,63,20,50,1,19,0.746964,-48.9399,1,13,52.591,1,15,59.0551,1.12291,0
42,21,63,20,50,1,20,39.2188,129.953,2,11,15.0657,1,2,72.3283,4.80086,0
42,21,63,20,50,1,21,71.8943,-167.935,1,0,62.1381,1,0,62.1381,1,1
42,21,63,20,50,1,22,76.7061,-92.6175,1,8,36.6091,1,0,91.2382,2.49223,0
42,21,63,20,50,1,23,43.1307,38.1145,2,3,14.0578,1,1,37.0428,2.63505,0
42,21,63,20,50,1,24,-51.3694,62.8804,2,6,11.654,1,2,59.4645,5.1025,0
42,21,63,20,50,1,25,-86.8617,127.683,2,9,24.4211,1,2,54.5753,2.23476,0
42,21,63,20,50,1,26,56.635,78.5133,2,14,18.9773,1,1,53.8334,2.83673,0
42,21,63,20,50,1,27,-60.1226,73.4523,2,9,13.5064,1,2,52.8326,3.91167,0
42,21,63,20,50,1,28,-27.0007,-11.6691,1,12,49.1187,1,15,55.6846,1.13367,0
42,21,63,20,50,1,29,-48.9059,46.0945,2,9,19.9978,1,1,57.1156,2.85609,0
42,21,63,20,50,1,30,-33.059,36.7944,2,12,13.9255,1,1,43.4027,3.11678,0
42,21,63,20,50,1,31,-26.7059,-81.619,1,15,26.7674,1,15,26.7674,1,1
42,21,63,20,50,1,32,-2.06417,94.3036,2,16,33.1783,1,1,44.2341,1.33323,0
42,21,63,20,50,1,33,-79.5494,113.397,2,9,20.451,1,2,49.0644,2.39912,0
42,21,63,20,50,1,34,48.1034,22.3951,2,3,9.52566,1,1,47.4595,4.98228,0
42,21,63,20,50,1,35,-57.7717,-5.35571,1,9,27.008,1,15,40.2988,1.49211,0
42,21,63,20,50,1,36,-13.826,-151.755,1,0,36.307,1,0,36.307,1,1
42,21,63,20,50,1,37,3.35481,-54.2397,1,13,46.5945,1,15,59.7983,1.28338,0
42,21,63,20,50,1,38,-32.1861,-87.0289,1,15,22.4655,1,15,22.4655,1,1
42,21,63,20,50,1,39,81.9374,12.8889,2,8,12.624,1,1,78.7315,6.23665,0
42,21,63,20,50,1,40,77.9257,170.151,2,17,1.37855,1,1,111.657,80.9965,0
42,21,63,20,50,1,41,-19.7141,89.1214,2,6,28.1598,1,2,46.3792,1.647,0
42,21,63,20,50,1,42,34.3324,20.3265,2,3,4.35013,1,1,38.9906,8.96308,0
42,21,63,20,50,1,43,-8.71315,-165.337,1,0,23.3562,1,0,23.3562,1,1
42,21,63,20,50,1,44,-85.6713,64.7619,2,9,17.1787,1,15,59.26,3.44962,0
42,21,63,20,50,1,45,30.3789,-57.4606,1,13,36.5436,1,15,85.4335,2.33785,0
42,21,63,20,50,1,46,-39.2219,-172.654,1,0,49.8963,1,0,49.8963,1,1
42,21,63,20,50,1,47,20.4602,97.4279,2,16,12.4423,1,1,46.5299,3.73966,0
42,21,63,20,50,1,48,50.8248,61.8216,2,14,9.1377,1,1,43.8068,4.79408,0
42,21,63,20,50,1,49,15.4122,17.8564,2,3,23.3849,1,1,33.4531,1.43054,0
42,22,64,20,50,1,0,36.5874,-142.74,1,6,54.2099,1,5,77.2487,1.42499,0
42,22,64,20,50,1,1,-61.7012,-52.5509,1,9,31.6738,1,2,56.0661,1.77011,0
42,22,64,20,50,1,2,-21.3149,29.7073,2,17,37.8076,1,5,97.2741,2.57287,0
42,22,64,20,50,1,3,41.6949,166.675,2,1,21.4125,1,1,21.4125,1,1
42,22,64,20,50,1,4,81.2269,-160.578,1,11,44.8584,1,5,95.2746,2.1239,0
42,22,64,20,50,1,5,-40.9495,10.6649,1,17,37.0402,1,5,88.7014,2.39473,0
42,22,64,20,50,1,6,85.437,-109.348,1,11,29.6309,1,5,78.266,2.64136,0
42,22,64,20,50,1,7,-50.6778,-140.258,1,2,6.85793,1,2,6.85793,1,1
42,22,64,20,50,1,8,-34.9878,-155.378,1,2,14.5822,1,2,14.5822,1,1
42,22,64,20,50,1,9,9.55637,-126.374,1,16,29.4155,1,2,55.0251,1.87061,0
42,22,64,20,50,1,10,11.5719,142.274,2,4,7.27712,1,0,27.3782,3.76223,0
42,22,64,20,50,1,11,-15.8228,172.493,2,0,20.9606,1,0,20.9606,1,1
42,22,64,20,50,1,12,-74.1948,51.2821,2,17,26.1406,1,0,92.9725,3.55663,0
42,22,64,20,50,1,13,27.1007,-39.4153,1,8,14.443,1,5,24.5005,1.69637,0
42,22,64,20,50,1,14,-8.16697,-115.853,1,16,8.77812,1,2,41.9101,4.77439,0
42,22,64,20,50,1,15,-50.776,-123.159,1,2,13.5828,1,2,13.5828,1,1
42,22,64,20,50,1,16,-39.2965,-44.9544,1,9,20.5409,1,5,55.2907,2.69174,0
42,22,64,20,50,1,17,2.14493,58.7771,2,17,50.7526,1,0,93.011,1.83263,0
42,22,64,20,50,1,18,82.3764,-92.3202,1,13,28.832,1,5,71.7902,2.48995,0
42,22,64,20,50,1,19,22.7259,147.207,2,10,9.51492,1,0,37.3379,3.92415,0
42,22,64,20,50,1,20,-36.4491,143.553,2,0,22.9713,1,0,22.9713,1,1
42,22,64,20,50,1,21,-11.0642,-82.0243,1,15,17.6221,1,5,32.2776,1.83165,0
42,22,64,20,50,1,22,-72.8975,56.5159,2,17,24.4934,1,0,89.8429,3.66805,0
42,22,64,20,50,1,23,-21.1413,-35.7706,1,7,11.0391,1,5,43.1066,3.90491,0
42,22,64,20,50,1,24,40.5688,156.83,2,1,23.5893,1,1,23.5893,1,1
42,22,64,20,50,1,25,8.92793,-75.7186,1,5,14.9412,1,5,14.9412,1,1
42,22,64,20,50,1,26,59.5522,166.21,2,1,3.66174,1,1,3.66174,1,1
42,22,64,20,50,1,27,-41.6129,150.715,2,0,27.176,1,0,27.176,1,1
42,22,64,20,50,1,28,18.7462,150.976,2,10,4.66304,1,0,33.1836,7.11629,0
42,22,64,20,50,1,29,-34.3502,-158.842,1,2,17.1882,1,2,17.1882,1,1
42,22,64,20,50,1,30,-72.4388,9.7476,1,17,35.0218,1,2,84.2665,2.40611,0
42,22,64,20,50,1,31,-51.0004,-43.4706,1,9,26.7431,1,2,65.9625,2.46653,0
42,22,64,20,50,1,32,72.3966,82.2891,2,11,5.47487,1,1,33.8466,6.18218,0
42,22,64,20,50,1,33,-82.3468,129.546,2,17,44.0239,1,0,69.3644,1.57561,0
42,22,64,20,50,1,34,84.9844,60.7582,2,11,8.78772,1,1,36.7792,4.18529,0
42,22,64,20,50,1,35,48.3763,-82.9294,1,6,21.3747,1,5,39.3715,1.84197,0
42,22,64,20,50,1,36,12.1554,-105.376,1,16,27.9847,1,5,43.0218,1.53733,0
42,22,64,20,50,1,37,7.52313,58.5159,2,17,56.139,1,0,94.7239,1.68731,0
42,22,64,20,50,1,38,65.5701,152.764,2,1,7.13314,1,1,7.13314,1,1
42,22,64,20,50,1,39,-78.6273,32.2778,2,17,32.8168,1,2,90.1016,2.74559,0
42,22,64,20,50,1,40,64.7968,40.6012,2,11,14.6625,1,1,56.0776,3.82456,0
42,22,64,20,50,1,41,68.2796,68.698,2,11,7.99912,1,1,41.3004,5.16312,0
42,22,64,20,50,1,42,13.4057,-126.667,1,16,32.8862,1,2,58.7322,1.78592,0
42,22,64,20,50,1,43,19.7064,-115.696,1,6,33.6858,1,5,52.4893,1.5582,0
42,22,64,20,50,1,44,-77.8456,150.712,2,18,47.2796,1,0,63.4086,1.34114,0
42,22,64,20,50,1,45,-47.2689,-120.569,1,2,14.2848,1,2,14.2848,1,1
42,22,64,20,50,1,46,-9.77001,-16.5386,1,7,27.2071,1,5,50.4684,1.85497,0
42,22,64,20,50,1,47,7.98038,-54.7468,1,5,8.55722,1,5,8.55722,1,1
42,22,64,20,50,1,48,-57.1247,31.2672,2,17,20.2985,1,0,105.972,5.22069,0
42,22,64,20,50,1,49,-52.6004,-124.281,1,2,13.8541,1,2,13.8541,1,1
42,23,65,20,50,1,0,-13.7138,24.7314,2,18,42.8138,1,0,80.4195,1.87835,0
42,23,65,20,50,1,1,-42.5316,171.545,2,9,44.5453,1,9,44.5453,1,1
42,23,65,20,50,1,2,-18.1861,64.8653,2,1,59.8448,1,1,59.8448,1,1
42,23,65,20,50,1,3,-33.4019,-121.474,1,3,23.5076,1,0,49.3874,2.10091,0
42,23,65,20,50,1,4,56.2804,-60.9476,1,2,21.9623,1,2,21.9623,1,1
42,23,65,20,50,1,5,-65.7422,-13.3927,1,17,37.1367,1,0,38.4724,1.03597,0
42,23,65,20,50,1,6,10.1537,-85.5168,1,10,21.0187,1,2,33.1832,1.57875,0
42,23,65,20,50,1,7,3.97534,-27.8869,1,18,16.9023,1,2,43.5442,2.57623,0
42,23,65,20,50,1,8,63.4647,-150.814,1,8,19.1482,1,2,65.8844,3.44077,0
42,23,65,20,50,1,9,11.068,104.505,2,6,14.2488,1,1,16.4875,1.15711,0
42,23,65,20,50,1,10,70.2111,-172.693,1,19,24.5565,1,2,77.2368,3.14527,0
42,23,65,20,50,1,11,-88.8136,-168.803,1,17,4.86175,1,9,12.2861,2.52709,0
42,23,65,20,50,1,12,-66.2272,-176.15,1,11,6.9862,1,0,74.3901,10.6481,0
42,23,65,20,50,1,13,65.3044,26.8367,2,12,2.39304,1,2,64.5688,26.9819,0
42,23,65,20,50,1,14,-7.52991,124.522,2,6,17.9217,1,1,40.6647,2.26903,0
42,23,65,20,50,1,15,62.444,137.513,2,4,16.7961,1,1,42.3518,2.52153,0
42,23,65,20,50,1,16,-15.3734,-140.175,1,3,15.2216,1,0,74.7559,4.91119,0
42,23,65,20,50,1,17,64.5288,112.881,2,14,14.2683,1,1,37.5509,2.63177,0
42,23,65,20,50,1,18,52.3451,-117.746,1,8,10.579,1,2,45.0768,4.26098,0
42,23,65,20,50,1,19,85.7037,37.2509,2,19,7.73189,1,1,68.6787,8.88252,0
42,23,65,20,50,1,20,0.653084,-140.077,1,13,14.1532,1,2,82.641,5.83903,0
42,23,65,20,50,1,21,-78.0709,-158.386,1,11,11.055,1,9,43.3993,3.92575,0
42,23,65,20,50,1,22,-22.7969,31.8088,2,18,50.1778,1,0,80.6443,1.60717,0
42,23,65,20,50,1,23,-3.13668,-98.6643,1,15,5.49759,1,0,51.1043,9.29577,0
42,23,65,20,50,1,24,30.4972,-164.137,1,8,29.9973,1,2,87.2026,2.90701,0
42,23,65,20,50,1,25,-87.0797,21.4165,2,17,3.81402,1,9,7.57937,1.98724,0
42,23,65,20,50,1,26,-78.4152,-171.787,1,11,12.0481,1,9,44.0293,3.65447,0
42,23,65,20,50,1,27,16.307,-109.285,1,10,14.5185,1,2,47.2629,3.25536,0
42,23,65,20,50,1,28,-83.9684,-16.7772,1,17,9.62704,1,9,14.9145,1.54923,0
42,23,65,20,50,1,29,48.7759,-2.99661,1,12,25.6745,1,2,45.7174,1.78065,0
42,23,65,20,50,1,30,-36.1277,42.4398,2,18,61.9835,1,9,79.2191,1.27807,0
42,23,65,20,50,1,31,-22.742,76.9977,2,6,52.6383,1,1,56.8733,1.08046,0
42,23,65,20,50,1,32,41.1324,-96.4264,1,10,14.2392,1,2,28.8778,2.02805,0
42,23,65,20,50,1,33,4.93939,6.95483,1,18,30.0229,1,2,70.3813,2.34425,0
42,23,65,20,50,1,34,-17.0863,1.28621,1,18,20.7423,1,0,58.8616,2.83776,0
42,23,65,20,50,1,35,-67.8971,147.134,2,9,19.8041,1,9,19.8041,1,1
42,23,65,20,50,1,36,20.6046,-111.936,1,10,13.6689,1,2,47.2761,3.45866,0
42,23,65,20,50,1,37,84.3736,175.616,2,14,10.957,1,1,69.6848,6.35986,0
42,23,65,20,50,1,38,49.9363,-17.5263,1,12,30.9733,1,2,35.7911,1.15555,0
42,23,65,20,50,1,39,-51.5244,-19.1329,1,0,31.1397,1,0,31.1397,1,1
42,23,65,20,50,1,40,-0.831802,-97.2082,1,15,8.21287,1,2,49.4089,6.01603,0
42,23,65,20,50,1,41,-88.8582,21.506,2,17,1.65623,1,9,5.56684,3.36114,0
42,23,65,20,50,1,42,-44.4973,34.8976,2,17,55.7237,1,9,69.8777,1.254,0
42,23,65,20,50,1,43,46.1106,-76.9315,1,2,16.9721,1,2,16.9721,1,1
42,23,65,20,50,1,44,-80.9398,9.77304,1,17,12.5272,1,9,17.8192,1.42244,0
42,23,65,20,50,1,45,50.0359,-54.135,1,2,16.5088,1,2,16.5088,1,1
42,23,65,20,50,1,46,-63.8936,-125.412,1,16,6.27463,1,0,46.7543,7.45133,0
42,23,65,20,50,1,47,-78.5686,134.478,2,9,9.59191,1,9,9.59191,1,1
42,23,65,20,50,1,48,-20.9193,32.7415,2,18,50.8491,1,0,82.5993,1.6244,0
42,23,65,20,50,1,49,-19.2838,103.989,2,6,32.378,1,1,46.8191,1.44601,0
42,24,66,20,50,1,0,18.7285,2.90811,1,4,16.3933,1,4,16.3933,1,1
42,24,66,20,50,1,1,-29.4849,18.2026,2,3,33.3193,1,4,53.1428,1.59496,0
42,24,66,20,50,1,2,69.176,-94.0102,1,7,6.75767,1,2,67.4651,9.98348,0
42,24,66,20,50,1,3,61.0714,116.036,2,13,14.5627,1,4,80.4449,5.52404,0
42,24,66,20,50,1,4,-66.7199,13.8375,1,12,8.82376,1,0,29.4845,3.34149,0
42,24,66,20,50,1,5,80.5406,124.015,2,8,3.41499,1,4,85.7174,25.1003,0
42,24,66,20,50,1,6,-79.8649,96.1053,2,5,11.5078,1,0,14.083,1.22378,0
42,24,66,20,50,1,7,-42.0726,-130.336,1,1,35.3599,1,1,35.3599,1,1
42,24,66,20,50,1,8,-31.8838,-171.072,1,16,7.54808,1,1,35.3623,4.68494,0
42,24,66,20,50,1,9,82.0846,121.142,2,8,4.5689,1,4,84.6662,18.531,0
42,24,66,20,50,1,10,24.3825,4.25281,1,4,14.1144,1,4,14.1144,1,1
42,24,66,20,50,1,11,-2.99139,175.973,2,17,48.2713,1,0,96.4545,1.99817,0
42,24,66,20,50,1,12,3.62374,-95.869,1,1,48.4039,1,1,48.4039,1,1
42,24,66,20,50,1,13,83.4897,27.5182,2,6,10.5857,1,4,60.0329,5.67113,0
42,24,66,20,50,1,14,-39.0473,-42.6562,1,3,17.6752,1,0,83.5691,4.72805,0
42,24,66,20,50,1,15,-42.4681,139.362,2,0,38.4394,1,0,38.4394,1,1
42,24,66,20,50,1,16,70.1259,36.094,2,6,22.9492,1,4,47.8227,2.08385,0
42,24,66,20,50,1,17,-11.2175,98.6039,2,19,30.4736,1,0,55.4978,1.82118,0
42,24,66,20,50,1,18,61.0419,-80.2922,1,7,11.5591,1,2,73.1239,6.32608,0
42,24,66,20,50,1,19,17.32,168.644,2,17,27.8104,1,0,111.479,4.00854,0
42,24,66,20,50,1,20,56.7726,15.7212,2,10,19.0956,1,4,33.2731,1.74245,0
42,24,66,20,50,1,21,56.3292,133.815,2,13,15.5184,1,4,93.3629,6.01629,0
42,24,66,20,50,1,22,-34.0867,-151.487,1,16,23.3487,1,1,26.8044,1.148,0
42,24,66,20,50,1,23,-88.2603,48.0589,2,12,13.5584,1,0,23.9027,1.76294,0
42,24,66,20,50,1,24,-71.2792,167.649,2,0,29.6987,1,0,29.6987,1,1
42,24,66,20,50,1,25,-5.39969,86.2067,2,19,20.6449,1,0,60.6246,2.93654,0
42,24,66,20,50,1,26,-4.0493,163.218,2,17,49.6451,1,0,87.7327,1.7672,0
42,24,66,20,50,1,27,41.0897,179.149,2,17,7.14939,1,4,135.822,18.9977,0
42,24,66,20,50,1,28,-56.3256,69.1587,2,0,13.0783,1,0,13.0783,1,1
42,24,66,20,50,1,29,13.3335,-10.7458,1,10,29.7171,1,4,30.6428,1.03115,0
42,24,66,20,50,1,30,-76.7488,121.731,2,0,15.3459,1,0,15.3459,1,1
42,24,66,20,50,1,31,-25.6917,166.754,2,0,68.4328,1,0,68.4328,1,1
42,24,66,20,50,1,32,-11.0876,106.182,2,19,37.8373,1,0,56.8651,1.50288,0
42,24,66,20,50,1,33,42.6791,-80.0913,1,7,29.8789,1,2,72.8796,2.43916,0
42,24,66,20,50,1,34,-77.0553,-60.0017,1,12,19.2217,1,0,47.9614,2.49518,0
42,24,66,20,50,1,35,-45.7237,139.435,2,0,35.5685,1,0,35.5685,1,1
42,24,66,20,50,1,36,67.8597,-158.789,1,7,28.4422,1,2,46.0447,1.61888,0
42,24,66,20,50,1,37,46.625,-112.454,1,9,20.0617,1,2,48.3474,2.40994,0
42,24,66,20,50,1,38,-65.1378,96.7295,2,0,3.96809,1,0,3.96809,1,1
42,24,66,20,50,1,39,57.8025,-92.834,1,7,16.2834,1,2,64.5595,3.96475,0
42,24,66,20,50,1,40,42.1891,-75.1944,1,7,30.2943,1,2,76.9176,2.53901,0
42,24,66,20,50,1,41,86.6863,-103.72,1,6,9.18221,1,2,73.3704,7.9905,0
42,24,66,20,50,1,42,-45.9883,75.552,2,0,21.0907,1,0,21.0907,1,1
42,24,66,20,50,1,43,-52.2858,-24.6278,1,3,16.3672,1,0,59.0485,3.60773,0
42,24,66,20,50,1,44,-17.6446,102.095,2,19,33.2931,1,0,49.601,1.48983,0
42,24,66,20,50,1,45,72.3132,-8.78677,1,6,11.674,1,4,52.274,4.4778,0
42,24,66,20,50,1,46,21.9132,-86.7571,1,9,44.4444,1,1,63.4169,1.42688,0
42,24,66,20,50,1,47,-11.0162,-158.349,1,1,15.5581,1,1,15.5581,1,1
42,24,66,20,50,1,48,-80.2877,-116.674,1,18,7.86165,1,0,60.8355,7.73825,0
42,24,66,20,50,1,49,-29.2201,-134.686,1,1,22.0423,1,1,22.0423,1,1
42,25,67,20,50,1,0,-37.9489,-24.5022,1,1,7.65972,1,4,70.5411,9.20935,0
42,25,67,20,50,1,1,71.4923,47.0143,2,12,25.5121,1,2,72.1284,2.82722,0
42,25,67,20,50,1,2,63.5215,-78.4953,1,12,46.261,1,8,57.1981,1.23642,0
42,25,67,20,50,1,3,66.8036,-12.8511,1,12,16.8724,1,8,96.0313,5.69162,0
42,25,67,20,50,1,4,-13.4252,-88.5669,1,7,8.6551,1,0,38.15,4.4078,0
42,25,67,20,50,1,5,43.5018,-108.161,1,8,29.0612,1,8,29.0612,1,1
42,25,67,20,50,1,6,-78.3957,-89.0032,1,5,6.87802,1,0,81.2402,11.8116,0
42,25,67,20,50,1,7,-4.20598,130.156,2,2,37.8133,1,2,37.8133,1,1
42,25,67,20,50,1,8,49.4598,153.458,2,10,27.125,1,2,65.0895,2.39961,0
42,25,67,20,50,1,9,-25.5924,-48.4733,1,6,18.0685,1,0,78.2458,4.3305,0
42,25,67,20,50,1,10,-30.8174,3.07401,1,13,22.1448,1,4,45.7916,2.06783,0
42,25,67,20,50,1,11,-9.96601,137.962,2,2,47.2587,1,2,47.2587,1,1
42,25,67,20,50,1,12,73.767,159.814,2,10,33.4662,1,2,80.871,2.4165,0
42,25,67,20,50,1,13,87.9979,-153.234,1,12,63.3954,1,8,69.4989,1.09628,0
42,25,67,20,50,1,14,17.8198,-62.2787,1,11,23.7447,1,8,62.5403,2.63386,0
42,25,67,20,50,1,15,30.425,139.742,2,10,28.6088,1,2,47.3234,1.65415,0
42,25,67,20,50,1,16,46.6095,23.8346,2,12,12.3103,1,4,63.6309,5.16892,0
42,25,67,20,50,1,17,3.37805,40.2621,2,4,17.8403,1,4,17.8403,1,1
42,25,67,20,50,1,18,62.6697,-39.6367,1,12,26.7807,1,8,79.0581,2.95205,0
42,25,67,20,50,1,19,-76.2945,-81.5112,1,5,4.20241,1,0,81.658,19.4312,0
42,25,67,20,50,1,20,25.8982,114.415,2,10,23.5395,1,2,25.079,1.0654,0
42,25,67,20,50,1,21,-4.83613,75.005,2,2,24.242,1,2,24.242,1,1
42,25,67,20,50,1,22,-77.2943,161.916,2,18,41.8643,1,2,102.86,2.457,0
42,25,67,20,50,1,23,12.5803,124.331,2,2,29.2204,1,2,29.2204,1,1
42,25,67,20,50,1,24,67.687,153.976,2,10,28.6738,1,2,74.6204,2.60239,0
42,25,67,20,50,1,25,-52.0711,-106.261,1,3,11.2762,1,0,52.836,4.68562,0
42,25,67,20,50,1,26,-11.4751,55.9258,2,4,7.56167,1,4,7.56167,1,1
42,25,67,20,50,1,27,-74.1493,-55.4162,1,5,4.53945,1,0,90.7013,19.9807,0
42,25,67,20,50,1,28,17.8699,-152.303,1,17,20.6928,1,8,22.7532,1.09957,0
42,25,67,20,50,1,29,-14.3253,-108.621,1,7,15.8617,1,0,20.5914,1.29818,0
42,25,67,20,50,1,30,-17.2908,-147.801,1,17,18.1067,1,0,26.9143,1.48643,0
42,25,67,20,50,1,31,-74.4394,-121.362,1,5,14.105,1,0,72.4729,5.1381,0
42,25,67,20,50,1,32,28.017,37.8773,2,12,34.1036,1,4,41.8784,1.22798,0
42,25,67,20,50,1,33,49.4498,1.3734,1,12,5.73073,1,4,76.3332,13.32,0
42,25,67,20,50,1,34,89.1203,126.311,2,10,40.1082,1,2,82.52,2.05744,0
42,25,67,20,50,1,35,49.9311,50.0371,2,12,26.3395,1,2,56.3136,2.13799,0
42,25,67,20,50,1,36,30.3626,-89.81,1,11,29.8147,1,8,36.3664,1.21975,0
42,25,67,20,50,1,37,-27.479,86.1368,2,2,37.6746,1,2,37.6746,1,1
42,25,67,20,50,1,38,-53.9471,150.203,2,18,51.5756,1,2,81.3488,1.57727,0
42,25,67,20,50,1,39,15.234,-152.52,1,17,18.5854,1,8,23.5272,1.26589,0
42,25,67,20,50,1,40,62.0892,106.326,2,10,13.109,1,2,53.6979,4.09627,0
42,25,67,20,50,1,41,-39.3905,-78.7719,1,9,18.3418,1,0,57.3628,3.12743,0
42,25,67,20,50,1,42,-8.87427,-47.0797,1,16,21.9506,1,0,78.1761,3.56146,0
42,25,67,20,50,1,43,22.9059,-162.009,1,17,30.2745,1,8,31.446,1.03869,0
42,25,67,20,50,1,44,-9.69127,-162.839,1,17,22.8897,1,0,38.1098,1.66493,0
42,25,67,20,50,1,45,-45.3146,126.036,2,18,44.9991,1,2,62.1086,1.38022,0
42,25,67,20,50,1,46,-65.3196,-59.508,1,5,8.81295,1,0,83.6887,9.49611,0
42,25,67,20,50,1,47,-87.6633,105.395,2,18,30.5007,1,4,83.5452,2.73913,0
42,25,67,20,50,1,48,79.1846,103.573,2,10,30.0518,1,2,70.2502,2.33764,0
42,25,67,20,50,1,49,-36.6159,156.61,2,18,70.8853,1,2,75.5666,1.06604,0
42,26,68,20,50,1,0,14.5684,-6.79922,1,8,44.3768,1,6,58.3587,1.31507,0
42,26,68,20,50,1,1,16.3537,121.673,2,14,34.5288,1,2,80.2745,2.32486,0
42,26,68,20,50,1,2,84.5511,-5.62971,2,2,11.1841,1,2,11.1841,1,1
42,26,68,20,50,1,3,-80.0516,101.377,2,3,12.3532,1,3,12.3532,1,1
42,26,68,20,50,1,4,74.2627,-125.332,1,10,7.63632,1,0,14.6328,1.91621,0
42,26,68,20,50,1,5,43.7809,102.078,2,14,7.97657,1,2,54.4851,6.83065,0
42,26,68,20,50,1,6,-37.5915,-5.84857,1,6,6.28209,1,6,6.28209,1,1
42,26,68,20,50,1,7,-7.02126,-54.9783,1,1,39.8711,1,6,58.8297,1.4755,0
42,26,68,20,50,1,8,-86.9949,-124.093,1,3,9.60564,1,3,9.60564,1,1
42,26,68,20,50,1,9,13.3805,85.4548,2,14,27.165,1,2,95.2688,3.50705,0
42,26,68,20,50,1,10,74.3905,-42.0034,1,16,14.9267,1,2,34.8889,2.33735,0
42,26,68,20,50,1,11,-33.8046,87.9273,2,4,12.2171,1,3,63.6317,5.20843,0
42,26,68,20,50,1,12,45.6907,-131.202,1,10,21.0991,1,0,22.2545,1.05476,0
42,26,68,20,50,1,13,12.588,-137.376,1,13,42.2184,1,0,52.7482,1.24941,0
42,26,68,20,50,1,14,87.4321,156.381,2,2,1.74804,1,2,1.74804,1,1
42,26,68,20,50,1,15,41.4984,24.001,2,15,14.2523,1,2,80.0161,5.61426,0
42,26,68,20,50,1,16,-15.2092,-64.2958,1,1,37.1229,1,6,59.6671,1.60729,0
42,26,68,20,50,1,17,-17.1629,-41.3161,1,6,41.6576,1,6,41.6576,1,1
42,26,68,20,50,1,18,55.0373,-14.429,1,8,6.54487,1,2,68.344,10.4424,0
42,26,68,20,50,1,19,-59.9693,78.5999,2,4,14.7848,1,3,31.7813,2.14958,0
42,26,68,20,50,1,20,20.1194,147.623,2,17,44.7781,1,2,71.1236,1.58836,0
42,26,68,20,50,1,21,0.339127,145.056,2,18,30.9183,1,2,91.7253,2.9667,0
42,26,68,20,50,1,22,-19.1127,166.636,2,18,38.0488,1,2,108.554,2.85303,0
42,26,68,20,50,1,23,-44.9613,-32.2153,1,6,20.1446,1,6,20.1446,1,1
42,26,68,20,50,1,24,-68.7286,116.839,2,9,16.7885,1,3,28.4614,1.69529,0
42,26,68,20,50,1,25,-63.3803,-168.676,1,3,54.08,1,3,54.08,1,1
42,26,68,20,50,1,26,-52.5825,-14.3697,1,6,11.193,1,6,11.193,1,1
42,26,68,20,50,1,27,49.6256,166.217,2,17,30.0902,1,2,39.639,1.31734,0
42,26,68,20,50,1,28,17.2142,-55.5728,1,1,34.4476,1,6,78.8963,2.29033,0
42,26,68,20,50,1,29,-75.5798,29.2927,2,12,5.68791,1,3,9.92774,1.74541,0
42,26,68,20,50,1,30,-39.5959,111.837,2,18,19.4218,1,3,64.3101,3.31123,0
42,26,68,20,50,1,31,-63.3531,70.3899,2,4,19.3797,1,3,26.6517,1.37523,0
42,26,68,20,50,1,32,-66.2292,18.968,2,12,13.8244,1,3,18.9818,1.37306,0
42,26,68,20,50,1,33,-75.4631,157.616,2,9,3.69672,1,3,26.0405,7.04423,0
42,26,68,20,50,1,34,-87.7305,-90.8649,1,3,6.97607,1,3,6.97607,1,1
42,26,68,20,50,1,35,28.108,44.7777,2,11,21.7083,1,6,86.6355,3.99089,0
42,26,68,20,50,1,36,-61.6209,-123.106,1,3,45.7015,1,3,45.7015,1,1
42,26,68,20,50,1,37,4.91673,18.5328,2,19,36.3685,1,6,53.1253,1.46075,0
42,26,68,20,50,1,38,-68.235,99.9109,2,9,22.6323,1,3,26.0319,1.15021,0
42,26,68,20,50,1,39,83.1587,-93.9271,1,7,12.4532,1,2,19.3795,1.55619,0
42,26,68,20,50,1,40,18.3747,-140.443,1,13,41.1864,1,0,46.4635,1.12813,0
42,26,68,20,50,1,41,-41.3016,111.584,2,18,20.8429,1,3,62.107,2.97977,0
42,26,68,20,50,1,42,12.5936,-163.352,1,0,51.7086,1,0,51.7086,1,1
42,26,68,20,50,1,43,48.9005,-120.384,1,10,18.5727,1,0,23.7113,1.27668,0
42,26,68,20,50,1,44,-19.4624,126.641,2,18,4.94527,1,3,95.1979,19.2503,0
42,26,68,20,50,1,45,44.4542,61.8834,2,11,1.84765,1,2,63.9081,34.5889,0
42,26,68,20,50,1,46,29.2394,142.202,2,17,34.1198,1,2,62.5447,1.83309,0
42,26,68,20,50,1,47,-23.8634,106.02,2,18,18.3027,1,3,81.3288,4.44355,0
42,26,68,20,50,1,48,-9.41495,-18.653,1,6,36.7026,1,6,36.7026,1,1
42,26,68,20,50,1,49,41.8183,-14.2909,1,8,16.2035,1,6,86.1548,5.31705,0
42,27,69,20,50,1,0,-40.1139,150.36,2,3,33.5311,1,3,33.5311,1,1
42,27,69,20,50,1,1,31.5028,-24.4278,1,19,35.7427,1,7,70.4706,1.97161,0
42,27,69,20,50,1,2,81.4734,19.7613,2,11,3.34939,1,7,38.0822,11.3699,0
42,27,69,20,50,1,3,18.9173,158.33,2,17,10.2882,1,0,23.4539,2.2797,0
42,27,69,20,50,1,4,-46.6287,140.475,2,3,31.6842,1,3,31.6842,1,1
42,27,69,20,50,1,5,-79.9275,63.5236,2,16,6.11485,1,4,21.6555,3.54145,0
42,27,69,20,50,1,6,-30.9338,176.701,2,18,30.3496,1,3,53.2062,1.75311,0
42,27,69,20,50,1,7,-51.215,38.5678,2,12,28.7809,1,4,52.258,1.81572,0
42,27,69,20,50,1,8,-1.20674,-141.134,1,9,37.5753,1,7,72.2627,1.92314,0
42,27,69,20,50,1,9,3.87479,106.265,2,3,27.4303,1,3,27.4303,1,1
42,27,69,20,50,1,10,-60.1595,-22.8286,1,12,25.453,1,4,25.628,1.00687,0
42,27,69,20,50,1,11,55.402,-105.558,1,7,14.1882,1,7,14.1882,1,1
42,27,69,20,50,1,12,-51.5584,-40.6993,1,12,31.3541,1,4,31.4092,1.00176,0
42,27,69,20,50,1,13,-58.831,72.9419,2,16,25.3767,1,3,51.9616,2.04761,0
42,27,69,20,50,1,14,-26.7266,168.968,2,18,24.8121,1,3,46.4086,1.8704,0
42,27,69,20,50,1,15,-46.5682,46.319,2,12,33.8211,1,4,60.9186,1.8012,0
42,27,69,20,50,1,16,69.664,149.869,2,13,1.01139,1,0,34.775,34.3835,0
42,27,69,20,50,1,17,-79.0544,122.275,2,16,5.06157,1,4,32.8109,6.48236,0
42,27,69,20,50,1,18,-5.18474,59.7257,2,3,59.5545,1,3,59.5545,1,1
42,27,69,20,50,1,19,50.3025,76.3731,2,2,26.2649,1,0,71.135,2.70837,0
42,27,69,20,50,1,20,10.1004,120.75,2,3,30.7912,1,3,30.7912,1,1
42,27,69,20,50,1,21,-20.0516,138.333,2,3,18.3861,1,3,18.3861,1,1
42,27,69,20,50,1,22,58.7257,37.4669,2,1,9.03316,1,7,69.7969,7.72675,0
42,27,69,20,50,1,23,-1.54951,-64.962,1,10,43.5173,1,4,79.5414,1.82781,0
42,27,69,20,50,1,24,38.1665,-175.349,1,15,36.5444,1,7,45.8226,1.25389,0
42,27,69,20,50,1,25,-69.3483,136.014,2,16,15.9194,1,3,50.2324,3.15542,0
42,27,69,20,50,1,26,-9.08902,152.107,2,18,16.665,1,3,34.2583,2.0557,0
42,27,69,20,50,1,27,-74.7719,58.7051,2,16,11.2337,1,4,27.1463,2.41651,0
42,27,69,20,50,1,28,-34.2959,-87.2058,1,9,41.2204,1,4,47.9474,1.1632,0
42,27,69,20,50,1,29,-24.1765,57.9549,2,12,50.8621,1,3,56.305,1.10701,0
42,27,69,20,50,1,30,-49.1188,38.5106,2,12,28.4356,1,4,54.8905,1.93034,0
42,27,69,20,50,1,31,-37.863,-138.91,1,9,0.995254,1,4,56.4261,56.6952,0
42,27,69,20,50,1,32,4.18988,-53.8348,1,10,35.1741,1,7,82.3016,2.33983,0
42,27,69,20,50,1,33,81.6825,178.01,2,8,11.9081,1,0,43.8004,3.6782,0
42,27,69,20,50,1,34,-87.0546,83.9699,2,16,4.65585,1,4,16.773,3.60255,0
42,27,69,20,50,1,35,37.1917,26.0917,2,19,18.2582,1,7,92.4108,5.06133,0
42,27,69,20,50,1,36,12.36,-145.72,1,14,49.7985,1,7,59.9376,1.2036,0
42,27,69,20,50,1,37,-7.78752,-37.8286,1,10,15.7357,1,4,76.2778,4.84744,0
42,27,69,20,50,1,38,35.8735,161.326,2,0,10.2994,1,0,10.2994,1,1
42,27,69,20,50,1,39,38.6047,-31.9199,1,19,35.0987,1,7,59.1037,1.68393,0
42,27,69,20,50,1,40,82.9883,118.513,2,8,6.29683,1,0,52.6997,8.36925,0
42,27,69,20,50,1,41,-37.9529,-32.2015,1,12,25.826,1,4,46.6823,1.80757,0
42,27,69,20,50,1,42,45.3102,-45.4496,1,19,39.5251,1,7,45.7733,1.15808,0
42,27,69,20,50,1,43,-76.7482,-157.972,1,5,11.8661,1,4,17.9379,1.51169,0
42,27,69,20,50,1,44,23.6723,-21.8495,1,10,35.2852,1,7,80.196,2.27279,0
42,27,69,20,50,1,45,39.9917,129.107,2,13,32.7153,1,0,34.9269,1.0676,0
42,27,69,20,50,1,46,-81.6695,-175.743,1,4,16.2591,1,4,16.2591,1,1
42,27,69,20,50,1,47,85.0986,25.0408,2,8,3.69838,1,7,36.7746,9.94342,0
42,27,69,20,50,1,48,-24.7888,153.562,2,18,26.4176,1,3,32.3972,1.22635,0
42,27,69,20,50,1,49,11.5256,-43.6866,1,10,31.4768,1,7,80.3406,2.55237,0
42,28,70,20,50,1,0,1.25867,144.625,2,0,11.4549,1,0,11.4549,1,1
42,28,70,20,50,1,1,53.2341,-156.473,1,7,18.8666,1,7,18.8666,1,1
42,28,70,20,50,1,2,-1.43775,61.3604,2,6,31.1505,1,0,82.7807,2.65744,0
42,28,70,20,50,1,3,-53.9359,-120.628,1,3,12.2355,1,3,12.2355,1,1
42,28,70,20,50,1,4,-67.5437,65.3752,2,10,20.7541,1,1,33.5769,1.61784,0
42,28,70,20,50,1,5,-9.4108,-130.488,1,17,15.8075,1,3,36.1051,2.28405,0
42,28,70,20,50,1,6,-13.0916,-147.245,1,17,20.6885,1,3,34.2498,1.6555,0
42,28,70,20,50,1,7,-80.3345,158.429,2,10,10.3666,1,1,21.1679,2.04194,0
42,28,70,20,50,1,8,14.258,-121.208,1,17,40.2971,1,7,53.7436,1.33368,0
42,28,70,20,50,1,9,-80.0846,-6.80763,1,10,12.6767,1,1,53.6702,4.23377,0
42,28,70,20,50,1,10,-82.0966,33.2532,2,10,7.44873,1,1,40.8407,5.48291,0
42,28,70,20,50,1,11,81.5751,116.148,2,14,10.3682,1,7,67.6029,6.52021,0
42,28,70,20,50,1,12,-36.802,-67.2276,1,9,34.9762,1,3,51.1446,1.46227,0
42,28,70,20,50,1,13,83.3344,155.979,2,14,11.6998,1,0,71.199,6.08551,0
42,28,70,20,50,1,14,75.8261,-96.9356,1,7,13.7154,1,7,13.7154,1,1
42,28,70,20,50,1,15,77.0744,-25.8305,1,7,33.5761,1,7,33.5761,1,1
42,28,70,20,50,1,16,-66.1554,80.6171,2,10,21.6175,1,1,27.3412,1.26477,0
42,28,70,20,50,1,17,-1.15196,44.8138,2,6,16.9264,1,0,98.9837,5.84787,0
42,28,70,20,50,1,18,-19.0113,69.8242,2,6,47.5042,1,1,67.7451,1.42609,0
42,28,70,20,50,1,19,52.0929,6.88991,2,8,27.28,1,7,71.2981,2.61357,0
42,28,70,20,50,1,20,-22.4003,-94.6357,1,9,24.8756,1,3,40.029,1.60916,0
42,28,70,20,50,1,21,28.2009,109.016,2,5,4.13674,1,0,35.7212,8.63509,0
42,28,70,20,50,1,22,-30.9402,75.7329,2,1,53.4576,1,1,53.4576,1,1
42,28,70,20,50,1,23,43.7224,146.636,2,11,18.1236,1,0,31.2181,1.72252,0
42,28,70,20,50,1,24,67.2623,107.276,2,14,11.4549,1,0,61.2149,5.34398,0
42,28,70,20,50,1,25,-20.086,150.331,2,2,7.4253,1,0,33.4649,4.50687,0
42,28,70,20,50,1,26,-19.7356,-57.0216,1,9,26.4176,1,3,69.8629,2.64456,0
42,28,70,20,50,1,27,43.2398,66.9247,2,16,8.1376,1,0,74.1082,9.10689,0
42,28,70,20,50,1,28,27.8754,73.1485,2,16,22.2954,1,0,67.5766,3.03097,0
42,28,70,20,50,1,29,21.4519,27.4031,2,18,11.0706,1,0,111.18,10.0428,0
42,28,70,20,50,1,30,78.1065,17.0525,2,14,31.1377,1,7,45.2311,1.45262,0
42,28,70,20,50,1,31,-89.2137,-156.098,1,10,6.75646,1,3,44.6555,6.6093,0
42,28,70,20,50,1,32,-41.1652,-0.731339,1,12,43.5968,1,1,91.0138,2.08763,0
42,28,70,20,50,1,33,34.358,59.647,2,16,18.7028,1,0,79.7533,4.26424,0
42,28,70,20,50,1,34,-55.4535,-7.09816,1,10,44.1758,1,1,78.3536,1.77368,0
42,28,70,20,50,1,35,-56.7316,24.2923,2,10,36.6463,1,1,60.4881,1.65059,0
42,28,70,20,50,1,36,39.133,122.939,2,5,19.5181,1,0,32.2222,1.65088,0
42,28,70,20,50,1,37,-23.3457,-163.614,1,17,31.173,1,3,32.8292,1.05313,0
42,28,70,20,50,1,38,9.33582,-139.247,1,17,35.8544,1,3,54.9234,1.53184,0
42,28,70,20,50,1,39,81.5108,-26.8039,1,7,31.3247,1,7,31.3247,1,1
42,28,70,20,50,1,40,74.0144,-57.1504,1,7,25.3681,1,7,25.3681,1,1
42,28,70,20,50,1,41,-28.2363,-71.4423,1,9,25.6946,1,3,53.0338,2.06401,0
42,28,70,20,50,1,42,32.914,-149.993,1,7,36.5274,1,7,36.5274,1,1
42,28,70,20,50,1,43,87.7412,-58.4212,1,7,25.646,1,7,25.646,1,1
42,28,70,20,50,1,44,51.5778,38.3861,2,16,21.9773,1,7,87.5911,3.98552,0
42,28,70,20,50,1,45,74.4909,79.3684,2,14,16.5952,1,7,69.0887,4.16318,0
42,28,70,20,50,1,46,-62.2807,150.554,2,1,5.6648,1,1,5.6648,1,1
42,28,70,20,50,1,47,51.6353,-26.8918,1,8,21.9576,1,7,55.2861,2.51786,0
42,28,70,20,50,1,48,-15.0884,-8.01332,1,12,17.794,1,3,113.092,6.3556,0
42,28,70,20,50,1,49,-73.6224,38.916,2,10,16.2103,1,1,41.7923,2.57814,0
42,29,71,20,50,1,0,33.217,-61.9555,1,15,24.3646,1,5,41.5199,1.70411,0
42,29,71,20,50,1,1,-24.2468,-130.672,1,6,15.7299,1,0,58.9971,3.75063,0
42,29,71,20,50,1,2,-6.86772,-99.1963,1,0,30.1146,1,0,30.1146,1,1
42,29,71,20,50,1,3,-49.819,110.396,2,11,21.5056,1,8,34.8314,1.61964,0
42,29,71,20,50,1,4,78.1956,-40.3839,1,16,13.1904,1,1,18.7066,1.41821,0
42,29,71,20,50,1,5,43.143,-176.702,1,7,27.0112,1,0,118.245,4.37763,0
42,29,71,20,50,1,6,76.7088,-154.112,1,7,12.1798,1,1,39.2936,3.22614,0
42,29,71,20,50,1,7,51.0983,55.795,2,2,1.52536,1,1,33.3033,21.8331,0
42,29,71,20,50,1,8,4.12629,31.7021,2,5,50.1521,1,5,50.1521,1,1
42,29,71,20,50,1,9,-9.08847,-0.843231,1,5,36.7107,1,5,36.7107,1,1
42,29,71,20,50,1,10,-42.4595,-149.774,1,6,37.5955,1,0,76.6786,2.03957,0
42,29,71,20,50,1,11,71.5045,-90.8959,1,7,22.7397,1,1,37.2903,1.63988,0
42,29,71,20,50,1,12,33.0286,-179.827,1,7,37.5819,1,0,118.411,3.15074,0
42,29,71,20,50,1,13,-86.0604,156.338,2,17,18.4595,1,8,72.8911,3.9487,0
42,29,71,20,50,1,14,37.3447,76.7172,2,2,21.7961,1,1,46.4,2.12882,0
42,29,71,20,50,1,15,61.7007,-38.8765,1,12,24.4133,1,1,39.9585,1.63675,0
42,29,71,20,50,1,16,-82.6192,-105.092,1,10,22.3385,1,0,73.103,3.27252,0
42,29,71,20,50,1,17,5.22593,1.02623,1,5,25.1448,1,5,25.1448,1,1
42,29,71,20,50,1,18,-12.1442,90.8139,2,11,19.5655,1,8,21.3062,1.08897,0
42,29,71,20,50,1,19,-34.2891,-47.8972,1,0,28.5648,1,0,28.5648,1,1
42,29,71,20,50,1,20,-64.785,-162.292,1,10,59.475,1,0,88.4366,1.48695,0
42,29,71,20,50,1,21,-22.2998,-156.152,1,6,27.2207,1,0,83.0539,3.05114,0
42,29,71,20,50,1,22,-68.2019,-122.403,1,10,42.078,1,0,67.8152,1.61165,0
42,29,71,20,50,1,23,39.8213,51.8488,2,2,12.6836,1,1,45.0522,3.55201,0
42,29,71,20,50,1,24,44.6495,-118.534,1,7,26.6455,1,0,75.0258,2.8157,0
42,29,71,20,50,1,25,-64.4972,-175.62,1,10,64.3007,1,0,97.0348,1.50908,0
42,29,71,20,50,1,26,-44.1543,-165.986,1,6,46.978,1,0,90.0157,1.91612,0
42,29,71,20,50,1,27,-43.2579,157.748,2,9,17.1536,1,8,68.543,3.99585,0
42,29,71,20,50,1,28,-82.9063,-78.6366,1,10,17.67,1,0,69.6553,3.942,0
42,29,71,20,50,1,29,67.0434,88.8769,2,13,14.8541,1,1,17.1278,1.15307,0
42,29,71,20,50,1,30,89.0403,77.4883,2,16,2.48492,1,1,5.33235,2.14589,0
42,29,71,20,50,1,31,-64.9998,-167.158,1,10,60.6995,1,0,91.5617,1.50844,0
42,29,71,20,50,1,32,76.1981,60.4523,2,1,7.84386,1,1,7.84386,1,1
42,29,71,20,50,1,33,6.93427,-51.8923,1,15,22.9822,1,0,26.881,1.16964,0
42,29,71,20,50,1,34,-14.3669,125.29,2,11,29.1035,1,8,48.2992,1.65957,0
42,29,71,20,50,1,35,40.1053,21.6962,2,2,25.7632,1,5,35.0806,1.36165,0
42,29,71,20,50,1,36,71.499,-144.389,1,7,7.0604,1,1,48.2935,6.84005,0
42,29,71,20,50,1,37,22.7719,-173.406,1,7,45.4505,1,0,109.88,2.41758,0
42,29,71,20,50,1,38,-43.396,-54.8136,1,0,32.491,1,0,32.491,1,1
42,29,71,20,50,1,39,29.2215,-177.493,1,7,40.429,1,0,115.339,2.85287,0
42,29,71,20,50,1,40,3.32605,109.449,2,11,35.06,1,8,45.5162,1.29824,0
42,29,71,20,50,1,41,-86.5565,98.3434,2,17,15.1388,1,8,59.9009,3.95678,0
42,29,71,20,50,1,42,61.7315,-79.6289,1,7,31.4092,1,1,50.4621,1.6066,0
42,29,71,20,50,1,43,38.0459,137.651,2,19,8.41429,1,1,55.3706,6.58054,0
42,29,71,20,50,1,44,10.8673,30.1787,2,5,45.6761,1,5,45.6761,1,1
42,29,71,20,50,1,45,23.2637,19.8152,2,5,32.3583,1,5,32.3583,1,1
42,29,71,20,50,1,46,-36.1665,96.5279,2,11,6.289,1,8,19.5647,3.11094,0
42,29,71,20,50,1,47,16.3288,-99.9368,1,6,40.3536,1,0,42.7312,1.05892,0
42,29,71,20,50,1,48,-11.5099,-133.474,1,6,3.39516,1,0,62.6265,18.4458,0
42,29,71,20,50,1,49,14.0855,128.246,2,3,21.4284,1,8,67.0695,3.12994,0
