seed,trial,trial_seed,num_pubs,num_subs,brake_limit,encrypted,sub_id,sub_lat,sub_lon,optimal_pub_id,optimal_dist,received_pub_id,received_dist,stretch,recall,num_received,latency_ms,latency_per_pub_ms
42,0,42,10,50,2,0,0,86.7168,-101.214,1,63.6232,1,63.6232,1,1,2,147.891,134.388
42,0,42,10,50,2,0,1,-8.20873,6.71545,1,54.2738,1,54.2738,1,1,2,147.893,134.389
42,0,42,10,50,2,0,2,13.2915,19.8832,1,48.5146,1,48.5146,1,1,2,147.894,134.391
42,0,42,10,50,2,0,3,41.1383,46.3946,9,47.2368,9,47.2368,1,1,3,149.937,17.416
42,0,42,10,50,2,0,4,53.3031,30.1377,1,45.9897,1,45.9897,1,1,2,147.896,134.393
42,0,42,10,50,2,0,5,-40.542,118.655,5,25.3886,5,25.3886,1,1,3,149.939,85.3581
42,0,42,10,50,2,0,6,74.4624,167.545,3,55.2627,3,55.2627,1,1,3,149.941,109.359
42,0,42,10,50,2,0,7,-44.6247,-136.82,6,12.6427,2,31.9835,2.52981,0,2,147.899,122.237
42,0,42,10,50,2,0,8,-51.2045,139.912,7,29.7058,7,29.7058,1,1,4,149.966,56.7282
42,0,42,10,50,2,0,9,87.0422,6.18704,1,55.3077,1,55.3077,1,1,2,147.901,134.398
42,0,42,10,50,2,0,10,74.4421,-54.5183,1,43.0174,1,43.0174,1,1,2,147.902,134.399
42,0,42,10,50,2,0,11,-39.1379,-96.6861,2,14.5086,2,14.5086,1,1,2,147.903,122.241
42,0,42,10,50,2,0,12,-2.82805,-39.8475,1,38.8805,1,38.8805,1,1,2,147.904,134.401
42,0,42,10,50,2,0,13,88.5778,23.7459,1,59.6157,1,59.6157,1,1,2,147.905,134.402
42,0,42,10,50,2,0,14,79.2484,20.4303,1,52.1558,1,52.1558,1,1,2,147.906,134.403
42,0,42,10,50,2,0,15,-34.3383,151.93,5,50.1833,5,50.1833,1,1,3,149.944,85.363
42,0,42,10,50,2,0,16,49.6081,94.9059,3,38.0901,3,38.0901,1,1,3,149.945,109.364
42,0,42,10,50,2,0,17,-10.6771,-54.2007,1,51.8334,1,51.8334,1,1,2,149.846,136.342
42,0,42,10,50,2,0,18,-32.6055,-119.078,6,10.151,2,29.4666,2.90283,0,2,149.849,124.187
42,0,42,10,50,2,0,19,86.097,-138.605,1,75.5449,1,75.5449,1,1,2,149.852,136.349
42,0,42,10,50,2,0,20,45.5301,-88.8902,1,48.0966,1,48.0966,1,1,2,149.856,136.352
42,0,42,10,50,2,0,21,80.0252,59.985,1,66.0299,1,66.0299,1,1,2,149.859,136.355
42,0,42,10,50,2,0,22,-50.6727,-109.199,2,12.1101,2,12.1101,1,1,2,149.862,124.2
42,0,42,10,50,2,0,23,51.5826,-23.7544,1,17.5334,1,17.5334,1,1,2,149.865,136.361
42,0,42,10,50,2,0,24,-74.6437,97.2496,7,3.98853,7,3.98853,1,1,2,149.866,56.6289
42,0,42,10,50,2,0,25,81.2163,179.597,3,63.7995,3,63.7995,1,1,3,149.946,109.365
42,0,42,10,50,2,0,26,-68.6344,-95.8432,2,16.0226,2,16.0226,1,1,2,149.872,124.21
42,0,42,10,50,2,0,27,-48.5447,37.0752,8,28.1695,7,36.2855,1.28812,0,3,149.947,56.7095
42,0,42,10,50,2,0,28,22.1547,-99.9337,6,63.1167,1,64.6133,1.02371,0,2,149.876,136.372
42,0,42,10,50,2,0,29,-59.5895,22.806,8,15.8025,7,31.8433,2.01508,0,2,149.879,56.6409
42,0,42,10,50,2,0,30,50.2483,-7.85559,1,21.7697,1,21.7697,1,1,2,149.882,136.379
42,0,42,10,50,2,0,31,-2.63178,19.7129,1,58.8516,1,58.8516,1,1,2,149.885,136.381
42,0,42,10,50,2,0,32,-46.4749,153.382,7,39.3912,7,39.3912,1,1,4,149.967,56.7292
42,0,42,10,50,2,0,33,72.7561,21.8393,1,48.4955,1,48.4955,1,1,2,149.889,136.385
42,0,42,10,50,2,0,34,-72.8476,137.706,7,13.8426,7,13.8426,1,1,2,149.89,56.6527
42,0,42,10,50,2,0,35,31.6172,125.365,3,8.56684,3,8.56684,1,1,3,149.95,109.368
42,0,42,10,50,2,0,36,-65.592,43.2849,8,12.8027,7,19.4891,1.52226,0,2,149.894,56.6563
42,0,42,10,50,2,0,37,2.67494,-52.5295,1,39.3245,1,39.3245,1,1,2,149.896,136.392
42,0,42,10,50,2,0,38,57.0429,-71.4849,1,37.9961,1,37.9961,1,1,2,149.897,136.394
42,0,42,10,50,2,0,39,51.8581,144.798,3,29.3807,3,29.3807,1,1,3,149.951,109.37
42,0,42,10,50,2,0,40,-77.1177,86.1488,7,6.67941,7,6.67941,1,1,2,149.902,56.6643
42,0,42,10,50,2,0,41,72.1976,-111.504,1,62.7406,1,62.7406,1,1,2,149.903,136.4
42,0,42,10,50,2,0,42,85.1528,-132.694,1,73.3081,1,73.3081,1,1,2,149.904,136.401
42,0,42,10,50,2,0,43,52.7855,34.615,1,48.9328,1,48.9328,1,1,2,149.906,136.403
42,0,42,10,50,2,0,44,-26.3139,166.392,3,62.0433,3,62.0433,1,1,2,149.908,109.326
42,0,42,10,50,2,0,45,-61.2895,-132.131,2,24.4182,2,24.4182,1,1,2,149.909,124.247
42,0,42,10,50,2,0,46,-10.7317,52.1574,9,41.8912,9,41.8912,1,1,5,149.993,17.4715
42,0,42,10,50,2,0,47,33.7908,65.5869,9,30.0376,9,30.0376,1,1,4,149.97,17.4483
42,0,42,10,50,2,0,48,12.7698,33.0939,9,53.2644,9,53.2644,1,1,3,149.955,17.4333
42,0,42,10,50,2,0,49,-46.2869,59.8444,7,30.2504,7,30.2504,1,1,3,149.956,56.7187
42,1,43,10,50,2,0,0,-81.2576,8.15625,7,17.9095,2,49.3357,2.75473,0,2,1102.51,98.164
42,1,43,10,50,2,0,1,-61.9798,137.927,2,14.1322,2,14.1322,1,1,3,1102.55,98.2015
42,1,43,10,50,2,0,2,-35.5547,-168.047,3,55.0813,3,55.0813,1,1,2,1102.52,82.8316
42,1,43,10,50,2,0,3,-12.52,116.147,1,30.5435,1,30.5435,1,1,2,1102.52,1083.14
42,1,43,10,50,2,0,4,69.7657,139.799,5,5.45736,5,5.45736,1,1,3,1102.55,59.2492
42,1,43,10,50,2,0,5,69.8343,-79.2949,8,23.494,8,23.494,1,1,4,1102.58,20.9361
42,1,43,10,50,2,0,6,-66.621,-43.2769,7,42.8264,0,59.6023,1.39172,0,1,1102.46,1102.44
42,1,43,10,50,2,0,7,-85.9185,-83.312,7,32.4873,2,66.5966,2.04993,0,2,1102.52,98.1689
42,1,43,10,50,2,0,8,-27.2091,7.42296,4,56.1263,4,56.1263,1,1,3,1102.55,72.2273
42,1,43,10,50,2,0,9,-13.4045,163.284,9,34.1051,2,51.8108,1.51915,0,3,1102.55,98.2048
42,1,43,10,50,2,0,10,-66.4982,-72.637,0,49.3963,0,49.3963,1,1,1,1102.47,1102.44
42,1,43,10,50,2,0,11,68.006,126.007,5,10.2474,5,10.2474,1,1,3,1102.56,59.2525
42,1,43,10,50,2,0,12,-2.89001,170.066,9,46.6649,2,62.1531,1.3319,0,3,1102.56,98.2062
42,1,43,10,50,2,0,13,12.6836,-91.6352,0,32.1274,0,32.1274,1,1,1,1102.47,1102.45
42,1,43,10,50,2,0,14,-39.053,118.175,9,20.8216,2,40.5811,1.94899,0,3,1102.56,98.2069
42,1,43,10,50,2,0,15,-63.201,-60.6212,0,50.1043,0,50.1043,1,1,1,1102.47,1102.45
42,1,43,10,50,2,0,16,-26.8341,-70.3615,0,22.1381,0,22.1381,1,1,1,1102.47,1102.45
42,1,43,10,50,2,0,17,-51.347,55.2223,7,24.3875,1,57.6281,2.36302,0,2,1102.52,1083.15
42,1,43,10,50,2,0,18,-29.2045,52.266,1,43.8277,1,43.8277,1,1,2,1102.52,1083.15
42,1,43,10,50,2,0,19,-4.31524,-98.8775,0,16.1423,0,16.1423,1,1,1,1102.48,1102.45
42,1,43,10,50,2,0,20,6.03239,-48.9619,8,44.4925,8,44.4925,1,1,2,1102.52,20.8841
42,1,43,10,50,2,0,21,0.913773,58.8228,4,26.0979,4,26.0979,1,1,3,1102.56,72.2312
42,1,43,10,50,2,0,22,43.8806,9.99059,4,35.5646,4,35.5646,1,1,3,1102.56,72.232
42,1,43,10,50,2,0,23,77.7554,-146.657,6,42.0447,6,42.0447,1,1,3,1102.56,41.6819
42,1,43,10,50,2,0,24,-81.2932,-51.2982,7,30.2625,2,65.8044,2.17445,0,2,1102.53,98.178
42,1,43,10,50,2,0,25,-81.6865,-115.583,7,43.638,0,63.8994,1.46431,0,1,1102.48,1102.46
42,1,43,10,50,2,0,26,28.0324,152.639,5,39.0537,5,39.0537,1,1,3,1102.56,59.2571
42,1,43,10,50,2,0,27,-84.7881,-129.715,7,42.0172,0,69.1477,1.6457,0,1,1102.49,1102.46
42,1,43,10,50,2,0,28,71.3527,35.791,5,41.7071,5,41.7071,1,1,4,1102.58,59.2749
42,1,43,10,50,2,0,29,-20.6753,-115.401,0,21.0434,0,21.0434,1,1,1,1102.49,1102.46
42,1,43,10,50,2,0,30,-13.0168,12.2475,4,41.961,4,41.961,1,1,3,1102.56,72.235
42,1,43,10,50,2,0,31,1.98907,100.298,1,13.2986,1,13.2986,1,1,2,1102.53,1083.16
42,1,43,10,50,2,0,32,60.943,81.2841,5,31.8998,5,31.8998,1,1,4,1102.58,59.2755
42,1,43,10,50,2,0,33,-12.2398,-116.523,3,13.7456,3,13.7456,1,1,2,1102.53,82.8485
42,1,43,10,50,2,0,34,-23.2249,146.89,9,20.4178,2,44.6847,2.18852,0,3,1102.56,98.2135
42,1,43,10,50,2,0,35,-17.7003,145.615,9,25.8977,2,50.4468,1.94793,0,3,1102.56,98.2143
42,1,43,10,50,2,0,36,-41.0359,146.427,9,2.70783,2,27.53,10.1668,0,3,1102.56,98.2151
42,1,43,10,50,2,0,37,12.2189,-174.311,3,52.0865,3,52.0865,1,1,2,1102.54,82.8513
42,1,43,10,50,2,0,38,-11.7912,-0.0515137,4,50.037,4,50.037,1,1,3,1102.57,72.2392
42,1,43,10,50,2,0,39,-70.4838,-6.16891,7,26.9308,2,66.4711,2.46822,0,2,1102.54,98.1873
42,1,43,10,50,2,0,40,64.3251,-124.341,6,25.7667,6,25.7667,1,1,3,1102.57,41.6893
42,1,43,10,50,2,0,41,29.1241,4.71494,4,33.4701,4,33.4701,1,1,3,1102.57,72.2408
42,1,43,10,50,2,0,42,-75.8509,68.672,7,4.06611,2,35.238,8.66628,0,3,1102.57,98.2183
42,1,43,10,50,2,0,43,27.4998,171.004,5,41.4815,5,41.4815,1,1,3,1102.57,59.266
42,1,43,10,50,2,0,44,-37.7685,-166.351,3,55.1278,3,55.1278,1,1,2,1102.54,82.8564
42,1,43,10,50,2,0,45,-62.1985,78.4294,7,10.7801,2,40.2843,3.73692,0,3,1102.57,98.2202
42,1,43,10,50,2,0,46,12.9483,59.581,4,20.1205,4,20.1205,1,1,3,1102.57,72.2442
42,1,43,10,50,2,0,47,-0.636185,-32.2175,8,58.034,8,58.034,1,1,2,1102.54,20.902
42,1,43,10,50,2,0,48,-19.5674,154.248,9,25.2259,2,46.7341,1.85263,0,3,1102.57,98.2216
42,1,43,10,50,2,0,49,15.6297,94.4153,1,18.4435,1,18.4435,1,1,2,1102.54,1083.17
42,2,44,10,50,2,0,0,-68.9146,-64.3487,2,16.2565,2,16.2565,1,1,3,323.928,137.272
42,2,44,10,50,2,0,1,64.522,90.0977,0,27.8968,0,27.8968,1,1,1,323.795,323.77
42,2,44,10,50,2,0,2,-85.4848,4.38132,2,19.8528,2,19.8528,1,1,2,323.871,137.215
42,2,44,10,50,2,0,3,-65.5038,3.4384,6,32.0849,6,32.0849,1,1,3,323.929,75.6906
42,2,44,10,50,2,0,4,86.2687,-108.731,1,37.794,1,37.794,1,1,2,323.873,152.249
42,2,44,10,50,2,0,5,88.8392,82.4427,3,30.7836,3,30.7836,1,1,2,323.874,119.512
42,2,44,10,50,2,0,6,63.4645,102.908,3,26.3449,3,26.3449,1,1,2,323.875,119.513
42,2,44,10,50,2,0,7,52.3669,153.129,3,12.9894,3,12.9894,1,1,2,323.876,119.514
42,2,44,10,50,2,0,8,85.1912,53.4013,3,35.5116,3,35.5116,1,1,2,323.878,119.516
42,2,44,10,50,2,0,9,67.943,-42.9234,1,58.9364,1,58.9364,1,1,2,323.879,152.255
42,2,44,10,50,2,0,10,61.3555,-86.4684,1,39.7878,1,39.7878,1,1,2,323.88,152.256
42,2,44,10,50,2,0,11,83.4998,165.194,3,19.178,3,19.178,1,1,2,323.881,119.519
42,2,44,10,50,2,0,12,89.5522,16.8438,3,41.5047,3,41.5047,1,1,2,323.882,119.52
42,2,44,10,50,2,0,13,-65.6292,-21.2969,2,31.3954,2,31.3954,1,1,2,323.883,137.227
42,2,44,10,50,2,0,14,-68.7368,29.489,6,20.3292,6,20.3292,1,1,3,323.93,75.6916
42,2,44,10,50,2,0,15,1.12473,-95.3028,4,23.42,4,23.42,1,1,3,323.931,106.946
42,2,44,10,50,2,0,16,72.5701,-48.7066,1,53.9982,1,53.9982,1,1,2,323.886,152.262
42,2,44,10,50,2,0,17,87.3975,154.171,3,23.1589,3,23.1589,1,1,2,323.887,119.525
42,2,44,10,50,2,0,18,67.8373,-136.213,1,18.5923,1,18.5923,1,1,2,323.888,152.264
42,2,44,10,50,2,0,19,-11.1955,128.212,6,66.1899,6,66.1899,1,1,3,323.932,75.694
42,2,44,10,50,2,0,20,-32.472,-24.7125,5,50.0475,5,50.0475,1,1,3,323.933,96.671
42,2,44,10,50,2,0,21,15.3274,-118.015,7,1.56177,7,1.56177,1,1,4,323.967,55.068
42,2,44,10,50,2,0,22,-50.9023,-44.6115,2,39.6043,2,39.6043,1,1,2,323.892,137.236
42,2,44,10,50,2,0,23,-72.4428,-111.422,2,4.46654,2,4.46654,1,1,3,323.935,137.279
42,2,44,10,50,2,0,24,-85.6051,171,6,25.3579,6,25.3579,1,1,3,323.936,75.6982
42,2,44,10,50,2,0,25,12.8273,131.501,3,57.0081,3,57.0081,1,1,2,323.895,119.533
42,2,44,10,50,2,0,26,-47.734,12.6542,5,30.1334,5,30.1334,1,1,3,323.938,96.6753
42,2,44,10,50,2,0,27,58.3475,-96.3636,1,35.2326,1,35.2326,1,1,2,323.897,152.273
42,2,44,10,50,2,0,28,-75.251,165.437,6,25.5131,6,25.5131,1,1,3,323.939,75.7003
42,2,44,10,50,2,0,29,31.1698,-107.975,7,18.0232,7,18.0232,1,1,3,323.94,55.0413
42,2,44,10,50,2,0,30,7.46281,-115.411,7,7.52895,7,7.52895,1,1,4,323.968,55.0693
42,2,44,10,50,2,0,31,-11.6391,-19.9341,8,44.8138,5,48.7685,1.08825,0,3,323.942,96.6799
42,2,44,10,50,2,0,32,7.94118,-28.4832,8,57.1132,5,64.9143,1.13659,0,2,323.903,96.6404
42,2,44,10,50,2,0,33,-22.8818,-28.443,8,53.4128,5,54.1316,1.01346,0,3,323.943,96.6808
42,2,44,10,50,2,0,34,7.65208,111.845,0,62.6759,0,62.6759,1,1,1,323.842,323.817
42,2,44,10,50,2,0,35,-40.1155,130.36,6,38.716,6,38.716,1,1,4,323.969,75.7306
42,2,44,10,50,2,0,36,-46.4335,130.424,6,32.8037,6,32.8037,1,1,4,323.97,75.7315
42,2,44,10,50,2,0,37,-83.8275,-14.6716,2,17.7849,2,17.7849,1,1,2,323.908,137.251
42,2,44,10,50,2,0,38,-47.0938,-132.541,2,31.2523,2,31.2523,1,1,3,323.946,137.29
42,2,44,10,50,2,0,39,26.9532,-85.3979,7,31.4005,7,31.4005,1,1,4,323.971,55.0722
42,2,44,10,50,2,0,40,-70.7701,-100.439,2,6.99258,2,6.99258,1,1,3,323.948,137.292
42,2,44,10,50,2,0,41,-66.9486,-57.0082,2,19.8935,2,19.8935,1,1,3,323.95,137.294
42,2,44,10,50,2,0,42,46.1076,162.798,3,18.2262,3,18.2262,1,1,2,323.912,119.55
42,2,44,10,50,2,0,43,13.3141,121.713,3,60.2118,3,60.2118,1,1,2,323.913,119.551
42,2,44,10,50,2,0,44,74.1173,-91.0322,1,36.8212,1,36.8212,1,1,2,323.915,152.29
42,2,44,10,50,2,0,45,-83.1311,-16.8398,2,17.7219,2,17.7219,1,1,2,323.916,137.259
42,2,44,10,50,2,0,46,-13.2216,-9.54054,8,34.6219,5,38.5291,1.11285,0,2,323.917,96.6544
42,2,44,10,50,2,0,47,71.6131,169.439,3,7.69867,3,7.69867,1,1,2,323.918,119.556
42,2,44,10,50,2,0,48,70.9881,-82.5374,1,39.9912,1,39.9912,1,1,2,323.919,152.294
42,2,44,10,50,2,0,49,-19.5019,-22.7196,8,47.7009,5,49.3888,1.03538,0,3,323.951,96.6886
42,3,45,10,50,2,0,0,-55.178,-133.308,4,32.3901,4,32.3901,1,1,2,2088.27,1059.93
42,3,45,10,50,2,0,1,-78.5569,-134.676,2,33.0962,2,33.0962,1,1,2,2088.27,1086.87
42,3,45,10,50,2,0,2,-43.2168,-2.05261,7,42.0677,7,42.0677,1,1,5,2088.37,61.2596
42,3,45,10,50,2,0,3,63.1763,76.1299,3,25.0164,3,25.0164,1,1,3,2088.32,1072.82
42,3,45,10,50,2,0,4,13.5496,-173.659,0,18.5566,0,18.5566,1,1,1,2088.08,2088.05
42,3,45,10,50,2,0,5,21.132,-113.688,0,39.0936,0,39.0936,1,1,1,2088.08,2088.05
42,3,45,10,50,2,0,6,-74.5081,-102.968,4,25.5678,4,25.5678,1,1,3,2088.33,1059.99
42,3,45,10,50,2,0,7,-77.8934,-146.255,2,36.1413,2,36.1413,1,1,2,2088.27,1086.87
42,3,45,10,50,2,0,8,-67.6545,103.321,9,9.15054,7,18.6165,2.03447,0,4,2088.35,61.242
42,3,45,10,50,2,0,9,61.5318,-57.8343,6,59.5202,6,59.5202,1,1,2,2088.27,82.158
42,3,45,10,50,2,0,10,-78.1432,-95.4746,4,27.7225,4,27.7225,1,1,3,2088.33,1059.99
42,3,45,10,50,2,0,11,15.6532,31.4287,3,56.5953,3,56.5953,1,1,3,2088.33,1072.82
42,3,45,10,50,2,0,12,4.60692,59.2089,3,44.7191,3,44.7191,1,1,3,2088.33,1072.82
42,3,45,10,50,2,0,13,-49.2989,-125.243,4,29.228,4,29.228,1,1,2,2088.28,1059.94
42,3,45,10,50,2,0,14,0.635361,-47.0789,6,28.3944,6,28.3944,1,1,4,2088.35,82.2388
42,3,45,10,50,2,0,15,68.6242,70.9148,3,31.0096,3,31.0096,1,1,3,2088.33,1072.82
42,3,45,10,50,2,0,16,-0.19339,160.135,1,28.1469,1,28.1469,1,1,2,2088.28,2072.36
42,3,45,10,50,2,0,17,58.1194,93.1796,3,18.7385,3,18.7385,1,1,3,2088.33,1072.82
42,3,45,10,50,2,0,18,-10.959,62.5913,9,55.5653,3,56.7658,1.02161,0,3,2088.33,1072.83
42,3,45,10,50,2,0,19,-5.34523,-174.819,0,31.5513,0,31.5513,1,1,1,2088.23,2088.2
42,3,45,10,50,2,0,20,34.4663,-148.426,0,16.0915,0,16.0915,1,1,1,2088.23,2088.2
42,3,45,10,50,2,0,21,-54.2535,99.9163,9,13.3841,7,30.2572,2.26068,0,4,2088.36,61.2435
42,3,45,10,50,2,0,22,-35.697,-84.2938,4,15.9327,4,15.9327,1,1,2,2088.28,1059.95
42,3,45,10,50,2,0,23,66.8305,-26.7031,6,74.4157,6,74.4157,1,1,3,2088.33,82.217
42,3,45,10,50,2,0,24,-80.4864,76.7246,7,7.02011,7,7.02011,1,1,4,2088.36,61.2478
42,3,45,10,50,2,0,25,47.7313,-137.259,0,31.9045,0,31.9045,1,1,1,2088.23,2088.21
42,3,45,10,50,2,0,26,80.625,-53.231,6,78.4886,6,78.4886,1,1,3,2088.33,82.2187
42,3,45,10,50,2,0,27,37.0848,-9.5361,6,70.0091,6,70.0091,1,1,3,2088.34,82.2194
42,3,45,10,50,2,0,28,-87.0111,155.572,2,1.63648,2,1.63648,1,1,3,2088.34,1086.93
42,3,45,10,50,2,0,29,22.6107,7.2486,3,72.3005,3,72.3005,1,1,3,2088.34,1072.83
42,3,45,10,50,2,0,30,-35.7535,2.46976,7,48.3006,7,48.3006,1,1,5,2088.37,61.2606
42,3,45,10,50,2,0,31,-50.9183,108.106,9,19.1332,7,36.1265,1.88816,0,4,2088.36,61.2494
42,3,45,10,50,2,0,32,-8.69781,-165.598,0,30.0839,0,30.0839,1,1,1,2088.24,2088.21
42,3,45,10,50,2,0,33,10.6429,140.686,1,7.26265,1,7.26265,1,1,2,2088.29,2072.37
42,3,45,10,50,2,0,34,38.4967,-169.405,0,22.5308,0,22.5308,1,1,1,2088.24,2088.22
42,3,45,10,50,2,0,35,72.9338,-34.0739,3,76.258,3,76.258,1,1,2,2088.29,1072.78
42,3,45,10,50,2,0,36,-68.9155,-142.639,4,36.0491,4,36.0491,1,1,3,2088.34,1060
42,3,45,10,50,2,0,37,-57.0788,-29.2251,4,30.0605,4,30.0605,1,1,3,2088.34,1060
42,3,45,10,50,2,0,38,-23.4666,-160.497,0,43.3781,0,43.3781,1,1,1,2088.25,2088.22
42,3,45,10,50,2,0,39,62.0359,-27.906,6,70.4791,6,70.4791,1,1,3,2088.34,82.2245
42,3,45,10,50,2,0,40,48.114,39.5345,3,36.9181,3,36.9181,1,1,3,2088.34,1072.84
42,3,45,10,50,2,0,41,7.41748,77.4781,3,33.9218,3,33.9218,1,1,3,2088.34,1072.84
42,3,45,10,50,2,0,42,83.1517,-90.9954,0,75.1789,0,75.1789,1,1,1,2088.25,2088.22
42,3,45,10,50,2,0,43,-56.029,172.281,2,33.437,2,33.437,1,1,3,2088.34,1086.94
42,3,45,10,50,2,0,44,-57.7118,113.163,9,16.2507,7,30.8523,1.89853,0,4,2088.36,61.2504
42,3,45,10,50,2,0,45,-0.235039,-6.93063,6,68.4692,6,68.4692,1,1,6,2088.39,82.2729
42,3,45,10,50,2,0,46,-32.1834,77.6933,9,32.2162,7,46.7777,1.452,0,4,2088.36,61.2517
42,3,45,10,50,2,0,47,-39.4122,98.2375,9,26.6676,7,44.791,1.6796,0,4,2088.36,61.2525
42,3,45,10,50,2,0,48,46.0477,122.461,8,23.2782,3,25.1694,1.08124,0,3,2088.35,1072.84
42,3,45,10,50,2,0,49,29.462,-10.9111,6,66.7992,6,66.7992,1,1,3,2088.35,82.2309
42,4,46,10,50,2,0,0,-39.4845,160.252,6,40.8284,1,78.9231,1.93305,0,2,2013.55,1998.8
42,4,46,10,50,2,0,1,-40.2155,-174.782,8,30.0996,7,39.4916,1.31203,0,4,2013.7,916.381
42,4,46,10,50,2,0,2,-89.3707,174.757,4,4.88782,3,26.1072,5.34128,0,3,2013.67,998.229
42,4,46,10,50,2,0,3,-75.3735,-27.2269,3,11.493,3,11.493,1,1,2,2013.55,998.107
42,4,46,10,50,2,0,4,-57.3093,-52.0406,3,33.1635,3,33.1635,1,1,2,2013.55,998.108
42,4,46,10,50,2,0,5,45.8948,54.4718,9,55.0106,9,55.0106,1,1,4,2013.7,10.9748
42,4,46,10,50,2,0,6,61.3679,-122.682,2,19.1309,2,19.1309,1,1,2,2013.55,1011.33
42,4,46,10,50,2,0,7,-25.6629,103.374,6,24.68,1,28.4291,1.15191,0,2,2013.55,1998.8
42,4,46,10,50,2,0,8,-36.6682,-20.9331,0,34.4848,0,34.4848,1,1,1,2013.49,2013.46
42,4,46,10,50,2,0,9,-29.6224,-63.2424,0,60.3704,0,60.3704,1,1,1,2013.49,2013.46
42,4,46,10,50,2,0,10,-34.2086,-92.2618,8,38.3187,7,50.3465,1.31389,0,3,2013.67,916.358
42,4,46,10,50,2,0,11,-46.3232,85.8204,1,30.7185,1,30.7185,1,1,2,2013.56,1998.81
42,4,46,10,50,2,0,12,-73.2611,-63.9754,7,21.0354,7,21.0354,1,1,3,2013.68,916.359
42,4,46,10,50,2,0,13,61.9145,-32.8365,2,36.6189,2,36.6189,1,1,2,2013.56,1011.33
42,4,46,10,50,2,0,14,-11.1347,68.131,1,8.47756,1,8.47756,1,1,2,2013.56,1998.81
42,4,46,10,50,2,0,15,-34.4528,78.7616,1,17.6993,1,17.6993,1,1,2,2013.56,1998.81
42,4,46,10,50,2,0,16,24.1916,30.6635,0,46.1807,0,46.1807,1,1,1,2013.5,2013.47
42,4,46,10,50,2,0,17,41.9899,49.6418,9,61.3653,9,61.3653,1,1,4,2013.7,10.9759
42,4,46,10,50,2,0,18,12.7103,113.233,6,28.4841,1,49.1708,1.72625,0,2,2013.62,1998.87
42,4,46,10,50,2,0,19,-78.7926,90.8018,4,8.52805,3,17.236,2.02109,0,3,2013.68,998.234
42,4,46,10,50,2,0,20,-59.4039,114.204,4,26.1565,3,40.6965,1.55589,0,3,2013.68,998.234
42,4,46,10,50,2,0,21,-17.3632,-176.072,8,37.6397,7,62.842,1.66957,0,3,2013.68,916.363
42,4,46,10,50,2,0,22,85.7613,93.9478,5,15.9561,5,15.9561,1,1,4,2013.7,946.524
42,4,46,10,50,2,0,23,53.651,-81.8137,2,32.7997,2,32.7997,1,1,2,2013.63,1011.41
42,4,46,10,50,2,0,24,-53.4927,-131.943,8,20.8538,7,22.5876,1.08314,0,3,2013.68,916.365
42,4,46,10,50,2,0,25,17.4719,4.59746,0,24.9204,0,24.9204,1,1,1,2013.51,2013.48
42,4,46,10,50,2,0,26,-22.1023,122.298,6,9.78804,1,45.5498,4.65362,0,2,2013.63,1998.88
42,4,46,10,50,2,0,27,-44.7911,-10.7266,3,33.1767,3,33.1767,1,1,2,2013.63,998.191
42,4,46,10,50,2,0,28,-60.8389,-145.753,7,14.891,7,14.891,1,1,3,2013.68,916.366
42,4,46,10,50,2,0,29,68.2184,36.0528,5,37.9339,5,37.9339,1,1,3,2013.68,946.507
42,4,46,10,50,2,0,30,51.189,-112.469,2,30.0722,2,30.0722,1,1,2,2013.64,1011.41
42,4,46,10,50,2,0,31,-32.5928,-29.2388,0,35.3826,0,35.3826,1,1,1,2013.51,2013.49
42,4,46,10,50,2,0,32,49.0974,-161.206,2,33.8402,2,33.8402,1,1,2,2013.64,1011.41
42,4,46,10,50,2,0,33,-79.7985,-56.3846,3,16.9676,3,16.9676,1,1,2,2013.64,998.197
42,4,46,10,50,2,0,34,66.0134,-137.182,2,14.43,2,14.43,1,1,2,2013.64,1011.42
42,4,46,10,50,2,0,35,-72.7914,-166.781,7,7.32506,7,7.32506,1,1,3,2013.68,916.368
42,4,46,10,50,2,0,36,78.5112,-0.309113,2,24.0116,2,24.0116,1,1,2,2013.64,1011.42
42,4,46,10,50,2,0,37,-81.4265,148.545,4,4.00618,3,27.8129,6.9425,0,3,2013.69,998.242
42,4,46,10,50,2,0,38,-43.1807,124.449,6,30.3209,1,50.584,1.66829,0,2,2013.65,1998.9
42,4,46,10,50,2,0,39,-56.6344,-13.3466,3,22.131,3,22.131,1,1,2,2013.65,998.207
42,4,46,10,50,2,0,40,86.2532,101.675,5,15.3903,5,15.3903,1,1,4,2013.7,946.525
42,4,46,10,50,2,0,41,85.6254,-51.6981,2,11.0218,2,11.0218,1,1,2,2013.65,1011.43
42,4,46,10,50,2,0,42,21.9864,-98.3313,2,61.7557,2,61.7557,1,1,2,2013.65,1011.43
42,4,46,10,50,2,0,43,58.7876,102.295,9,20.7958,9,20.7958,1,1,4,2013.7,10.9785
42,4,46,10,50,2,0,44,-32.0422,74.0121,1,14.8075,1,14.8075,1,1,2,2013.66,1998.91
42,4,46,10,50,2,0,45,-20.8262,-141.706,8,12.7004,7,54.8387,4.31787,0,3,2013.69,916.372
42,4,46,10,50,2,0,46,70.7717,73.1621,5,23.9143,5,23.9143,1,1,4,2013.7,946.527
42,4,46,10,50,2,0,47,4.52739,59.7383,1,26.0821,1,26.0821,1,1,2,2013.66,1998.91
42,4,46,10,50,2,0,48,45.9781,29.4578,0,60.8595,0,60.8595,1,1,1,2013.53,2013.5
42,4,46,10,50,2,0,49,-88.3231,43.9831,4,6.18975,3,14.0716,2.27337,0,3,2013.69,998.246
42,5,47,10,50,2,0,0,62.1345,86.923,0,27.7111,0,27.7111,1,1,1,1775.42,1775.4
42,5,47,10,50,2,0,1,-5.30866,-44.5458,2,18.4223,2,18.4223,1,1,3,1775.56,1745.06
42,5,47,10,50,2,0,2,40.2614,-16.494,6,22.8061,6,22.8061,1,1,4,1775.59,1683.07
42,5,47,10,50,2,0,3,50.369,39.1133,6,45.315,6,45.315,1,1,3,1775.56,1683.04
42,5,47,10,50,2,0,4,47.0865,56.1175,8,50.8719,8,50.8719,1,1,2,1775.51,1008.61
42,5,47,10,50,2,0,5,-25.6329,31.4179,5,10.7613,5,10.7613,1,1,3,1775.56,1701.79
42,5,47,10,50,2,0,6,9.32664,22.2643,5,25.4236,5,25.4236,1,1,3,1775.56,1701.79
42,5,47,10,50,2,0,7,19.9175,154.412,0,39.7819,0,39.7819,1,1,1,1775.43,1775.41
42,5,47,10,50,2,0,8,74.9827,18.9791,3,17.5118,3,17.5118,1,1,2,1775.51,1724.36
42,5,47,10,50,2,0,9,-41.6726,-91.3305,2,38.4759,2,38.4759,1,1,3,1775.56,1745.07
42,5,47,10,50,2,0,10,0.266472,65.442,5,41.0509,5,41.0509,1,1,2,1775.51,1701.74
42,5,47,10,50,2,0,11,57.9559,-62.4724,6,13.1446,6,13.1446,1,1,4,1775.59,1683.07
42,5,47,10,50,2,0,12,-76.0442,-40.4001,2,54.4837,2,54.4837,1,1,3,1775.57,1745.07
42,5,47,10,50,2,0,13,-20.5155,-155.293,9,26.7464,1,35.219,1.31678,0,2,1775.51,1760.69
42,5,47,10,50,2,0,14,-42.9529,150.424,4,15.1934,4,15.1934,1,1,2,1775.52,1713.64
42,5,47,10,50,2,0,15,-67.8965,-141.637,1,20.7732,1,20.7732,1,1,2,1775.52,1760.69
42,5,47,10,50,2,0,16,28.6735,33.5896,5,44.7266,5,44.7266,1,1,3,1775.57,1701.8
42,5,47,10,50,2,0,17,-3.09136,-42.1302,2,21.4615,2,21.4615,1,1,3,1775.57,1745.07
42,5,47,10,50,2,0,18,-81.4522,-85.4448,1,43.5565,1,43.5565,1,1,2,1775.52,1760.69
42,5,47,10,50,2,0,19,88.4915,111.269,8,0.637297,8,0.637297,1,1,3,1775.57,1008.67
42,5,47,10,50,2,0,20,75.3363,-54.2826,3,4.30241,3,4.30241,1,1,2,1775.52,1724.38
42,5,47,10,50,2,0,21,-18.6568,-10.6741,5,36.3622,5,36.3622,1,1,4,1775.59,1701.82
42,5,47,10,50,2,0,22,73.9908,-177.478,3,27.9394,3,27.9394,1,1,3,1775.57,1724.42
42,5,47,10,50,2,0,23,-18.1312,117.947,4,41.6411,4,41.6411,1,1,2,1775.53,1713.65
42,5,47,10,50,2,0,24,10.7503,60.3923,5,42.3276,5,42.3276,1,1,2,1775.53,1701.76
42,5,47,10,50,2,0,25,-76.6918,-157.966,1,24.1542,1,24.1542,1,1,2,1775.53,1760.7
42,5,47,10,50,2,0,26,-27.0828,142.528,4,17.039,4,17.039,1,1,2,1775.53,1713.65
42,5,47,10,50,2,0,27,-20.2194,-26.2541,2,24.3615,2,24.3615,1,1,3,1775.57,1745.07
42,5,47,10,50,2,0,28,-38.9359,98.5301,4,52.4163,4,52.4163,1,1,2,1775.53,1713.66
42,5,47,10,50,2,0,29,-0.773323,16.2223,5,18.4118,5,18.4118,1,1,3,1775.57,1701.8
42,5,47,10,50,2,0,30,34.477,42.6603,5,52.3418,5,52.3418,1,1,3,1775.57,1701.81
42,5,47,10,50,2,0,31,27.2926,-53.6991,6,33.3773,6,33.3773,1,1,4,1775.59,1683.07
42,5,47,10,50,2,0,32,-51.8751,-131.597,1,24.3491,1,24.3491,1,1,2,1775.53,1760.71
42,5,47,10,50,2,0,33,42.0853,-86.6546,6,35.4168,6,35.4168,1,1,5,1775.61,1683.09
42,5,47,10,50,2,0,34,-18.5211,81.1538,5,51.6206,5,51.6206,1,1,3,1775.58,1701.81
42,5,47,10,50,2,0,35,-77.693,-66.3696,1,50.0712,1,50.0712,1,1,2,1775.54,1760.71
42,5,47,10,50,2,0,36,-76.5644,-12.6995,2,60.2476,2,60.2476,1,1,3,1775.58,1745.08
42,5,47,10,50,2,0,37,51.4782,174.853,0,19.8437,0,19.8437,1,1,1,1775.47,1775.44
42,5,47,10,50,2,0,38,-5.08899,-113.306,7,48.2434,2,61.6929,1.27878,0,3,1775.58,1745.08
42,5,47,10,50,2,0,39,56.3999,-168.677,7,45.3364,3,47.598,1.04989,0,3,1775.58,1724.43
42,5,47,10,50,2,0,40,63.5431,139.416,0,5.14671,0,5.14671,1,1,1,1775.47,1775.45
42,5,47,10,50,2,0,41,-73.3219,-107.079,1,35.2808,1,35.2808,1,1,2,1775.54,1760.71
42,5,47,10,50,2,0,42,50.9722,-7.08257,6,19.1223,6,19.1223,1,1,4,1775.59,1683.07
42,5,47,10,50,2,0,43,23.3333,-155.927,7,11.7598,1,78.0479,6.63685,0,2,1775.54,1760.72
42,5,47,10,50,2,0,44,-44.2762,-134.88,1,25.8023,1,25.8023,1,1,2,1775.54,1760.72
42,5,47,10,50,2,0,45,20.1474,160.402,0,40.8779,0,40.8779,1,1,1,1775.48,1775.46
42,5,47,10,50,2,0,46,43.8901,-85.1199,6,33.2089,6,33.2089,1,1,5,1775.62,1683.1
42,5,47,10,50,2,0,47,-36.6488,164.03,4,6.34503,4,6.34503,1,1,2,1775.55,1713.67
42,5,47,10,50,2,0,48,-18.3587,-169.127,9,25.5667,1,34.9332,1.36636,0,2,1775.55,1760.72
42,5,47,10,50,2,0,49,-51.3123,106.24,4,46.5914,4,46.5914,1,1,2,1775.55,1713.67
42,6,48,10,50,2,0,0,-15.0686,-163.951,3,35.6387,3,35.6387,1,1,3,2063.72,1661.17
42,6,48,10,50,2,0,1,31.1046,88.5367,5,45.1875,5,45.1875,1,1,3,2063.73,1599.34
42,6,48,10,50,2,0,2,81.3423,-24.1603,2,31.4833,2,31.4833,1,1,2,2063.45,1674.3
42,6,48,10,50,2,0,3,-2.16987,108.88,5,26.2234,5,26.2234,1,1,4,2063.75,1599.36
42,6,48,10,50,2,0,4,-26.3884,168.425,6,23.7229,6,23.7229,1,1,4,2063.75,1061.67
42,6,48,10,50,2,0,5,-5.13038,-166.585,4,29.3801,4,29.3801,1,1,3,2063.73,1633.47
42,6,48,10,50,2,0,6,-40.2117,-7.96741,8,41.556,1,52.9187,1.27343,0,2,2063.45,1686.54
42,6,48,10,50,2,0,7,-21.511,-148.516,3,20.3773,3,20.3773,1,1,3,2063.73,1661.18
42,6,48,10,50,2,0,8,-80.4966,65.9669,1,14.1024,1,14.1024,1,1,2,2063.45,1686.54
42,6,48,10,50,2,0,9,-50.0878,67.4277,9,6.56803,5,39.1482,5.96041,0,3,2063.73,1599.34
42,6,48,10,50,2,0,10,38.9213,51.8962,2,23.9639,2,23.9639,1,1,2,2063.45,1674.31
42,6,48,10,50,2,0,11,-13.674,159.102,6,35.7318,6,35.7318,1,1,5,2063.76,1061.69
42,6,48,10,50,2,0,12,16.4339,-7.02908,2,48.113,2,48.113,1,1,2,2063.46,1674.31
42,6,48,10,50,2,0,13,82.8738,94.8919,2,35.9859,2,35.9859,1,1,2,2063.46,1674.31
42,6,48,10,50,2,0,14,-68.8985,-113.56,7,19.4749,1,22.796,1.17053,0,2,2063.69,1686.78
42,6,48,10,50,2,0,15,-3.75593,12.0657,2,61.1924,2,61.1924,1,1,2,2063.69,1674.54
42,6,48,10,50,2,0,16,-48.7557,-125.303,3,14.064,3,14.064,1,1,3,2063.73,1661.18
42,6,48,10,50,2,0,17,-39.6988,-114.827,3,13.9801,3,13.9801,1,1,3,2063.73,1661.18
42,6,48,10,50,2,0,18,15.2685,96.2627,5,31.2469,5,31.2469,1,1,3,2063.73,1599.34
42,6,48,10,50,2,0,19,87.0265,157.76,2,51.8598,2,51.8598,1,1,2,2063.7,1674.55
42,6,48,10,50,2,0,20,42.3439,-16.2078,2,31.3532,2,31.3532,1,1,2,2063.7,1674.55
42,6,48,10,50,2,0,21,85.5874,-175.736,4,61.5328,4,61.5328,1,1,3,2063.73,1633.48
42,6,48,10,50,2,0,22,77.9124,-51.8471,2,37.8934,2,37.8934,1,1,2,2063.7,1674.55
42,6,48,10,50,2,0,23,-72.1256,174.832,6,23.7418,6,23.7418,1,1,3,2063.73,1061.66
42,6,48,10,50,2,0,24,-82.9401,-64.4269,1,5.94081,1,5.94081,1,1,2,2063.7,1686.79
42,6,48,10,50,2,0,25,31.1297,91.9624,5,45.5832,5,45.5832,1,1,3,2063.73,1599.35
42,6,48,10,50,2,0,26,83.7347,-145.089,4,61.0467,4,61.0467,1,1,2,2063.7,1633.45
42,6,48,10,50,2,0,27,35.5322,20.3372,2,20.9404,2,20.9404,1,1,2,2063.7,1674.55
42,6,48,10,50,2,0,28,13.9411,56.812,5,39.824,5,39.824,1,1,3,2063.73,1599.35
42,6,48,10,50,2,0,29,-32.3855,70.0851,9,18.1747,5,23.0878,1.27033,0,3,2063.73,1599.35
42,6,48,10,50,2,0,30,61.6257,107.717,2,42.2221,2,42.2221,1,1,2,2063.7,1674.56
42,6,48,10,50,2,0,31,-48.9246,-154.26,3,21.4531,3,21.4531,1,1,3,2063.74,1661.18
42,6,48,10,50,2,0,32,81.2072,2.75323,2,26.7577,2,26.7577,1,1,2,2063.7,1674.56
42,6,48,10,50,2,0,33,-44.5434,12.9514,8,26.6982,1,52.1225,1.95229,0,2,2063.71,1686.79
42,6,48,10,50,2,0,34,-40.4921,-95.0339,3,29.2899,3,29.2899,1,1,3,2063.74,1661.18
42,6,48,10,50,2,0,35,-4.64427,-176.296,4,29.9575,4,29.9575,1,1,3,2063.74,1633.48
42,6,48,10,50,2,0,36,34.3791,-18.1137,2,38.419,2,38.419,1,1,2,2063.71,1674.56
42,6,48,10,50,2,0,37,-86.016,44.583,1,5.33803,1,5.33803,1,1,2,2063.71,1686.8
42,6,48,10,50,2,0,38,55.0196,-136.283,4,39.381,4,39.381,1,1,2,2063.71,1633.46
42,6,48,10,50,2,0,39,19.7073,124.159,5,51.4381,5,51.4381,1,1,3,2063.74,1599.35
42,6,48,10,50,2,0,40,-10.355,-78.3261,0,44.4332,0,44.4332,1,1,1,2063.43,2063.41
42,6,48,10,50,2,0,41,18.0608,-33.2406,0,35.463,0,35.463,1,1,1,2063.43,2063.41
42,6,48,10,50,2,0,42,-21.7074,-72.8141,3,53.4735,3,53.4735,1,1,2,2063.71,1661.16
42,6,48,10,50,2,0,43,83.5483,164.467,2,55.0083,2,55.0083,1,1,2,2063.71,1674.56
42,6,48,10,50,2,0,44,81.9989,-77.6744,2,45.6927,2,45.6927,1,1,2,2063.71,1674.56
42,6,48,10,50,2,0,45,27.2763,107.249,5,46.6835,5,46.6835,1,1,3,2063.74,1599.35
42,6,48,10,50,2,0,46,-74.9786,136.703,6,28.0019,6,28.0019,1,1,3,2063.74,1061.67
42,6,48,10,50,2,0,47,66.4946,-167.543,4,42.2862,4,42.2862,1,1,2,2063.71,1633.46
42,6,48,10,50,2,0,48,-20.2717,-136.098,3,15.7306,3,15.7306,1,1,3,2063.74,1661.19
42,6,48,10,50,2,0,49,12.7044,58.4725,5,37.7727,5,37.7727,1,1,3,2063.74,1599.35
42,7,49,10,50,2,0,0,-2.60847,-54.3541,9,14.9687,2,49.7277,3.32212,0,3,137.393,108.853
42,7,49,10,50,2,0,1,66.7742,40.6489,5,33.3359,5,33.3359,1,1,4,137.417,73.784
42,7,49,10,50,2,0,2,-57.2801,-33.4466,0,34.2265,0,34.2265,1,1,1,137.303,137.277
42,7,49,10,50,2,0,3,-55.3792,-0.639359,0,45.0643,0,45.0643,1,1,1,137.305,137.279
42,7,49,10,50,2,0,4,79.2694,98.9351,5,9.22339,5,9.22339,1,1,5,137.428,73.7954
42,7,49,10,50,2,0,5,-74.2164,173.591,0,56.0402,0,56.0402,1,1,1,137.308,137.282
42,7,49,10,50,2,0,6,89.0743,-37.2933,5,24.5684,5,24.5684,1,1,4,137.418,73.7855
42,7,49,10,50,2,0,7,-63.8732,85.5427,0,57.0545,0,57.0545,1,1,1,137.31,137.284
42,7,49,10,50,2,0,8,34.4963,111.093,8,35.6539,3,36.4653,1.02276,0,3,137.396,96.2303
42,7,49,10,50,2,0,9,29.598,-132.899,2,49.5343,2,49.5343,1,1,3,137.397,108.857
42,7,49,10,50,2,0,10,-13.3193,33.6385,4,8.76501,4,8.76501,1,1,2,137.361,85.8048
42,7,49,10,50,2,0,11,-84.91,-160.963,0,7.04632,0,7.04632,1,1,1,137.314,137.288
42,7,49,10,50,2,0,12,16.0294,26.8683,4,31.0544,4,31.0544,1,1,3,137.397,85.8416
42,7,49,10,50,2,0,13,-84.4334,-21.8866,0,9.20607,0,9.20607,1,1,1,137.316,137.29
42,7,49,10,50,2,0,14,-4.80124,-18.5843,9,28.5031,4,60.5918,2.12579,0,3,137.398,85.8423
42,7,49,10,50,2,0,15,56.231,165.181,8,12.885,5,22.7344,1.76441,0,4,137.419,73.7862
42,7,49,10,50,2,0,16,53.5308,66.0104,5,39.9048,5,39.9048,1,1,6,137.441,73.8082
42,7,49,10,50,2,0,17,12.9148,172.501,7,4.58793,3,24.1109,5.25529,0,3,137.4,96.2347
42,7,49,10,50,2,0,18,-73.7181,95.071,0,41.3379,0,41.3379,1,1,1,137.321,137.294
42,7,49,10,50,2,0,19,-4.06898,-168.897,1,54.2023,1,54.2023,1,1,2,137.366,126.711
42,7,49,10,50,2,0,20,7.00307,23.4293,4,26.0129,4,26.0129,1,1,3,137.401,85.8454
42,7,49,10,50,2,0,21,-87.6531,12.1548,0,11.0126,0,11.0126,1,1,1,137.323,137.297
42,7,49,10,50,2,0,22,83.068,-123.053,2,45.1522,2,45.1522,1,1,3,137.402,108.862
42,7,49,10,50,2,0,23,-41.1512,55.1286,4,32.3396,4,32.3396,1,1,2,137.368,85.8123
42,7,49,10,50,2,0,24,84.0199,156.894,5,7.16175,5,7.16175,1,1,5,137.43,73.797
42,7,49,10,50,2,0,25,51.1147,-38.5989,2,24.8967,2,24.8967,1,1,3,137.404,108.864
42,7,49,10,50,2,0,26,5.26605,112.41,3,46.1876,3,46.1876,1,1,3,137.404,96.2387
42,7,49,10,50,2,0,27,-9.78086,-137.409,1,28.7977,1,28.7977,1,1,2,137.371,126.716
42,7,49,10,50,2,0,28,-20.3611,-8.42851,9,35.9027,4,49.7167,1.38476,0,2,137.372,85.816
42,7,49,10,50,2,0,29,10.3522,129.675,3,29.5294,3,29.5294,1,1,3,137.405,96.2395
42,7,49,10,50,2,0,30,76.4936,-46.8336,2,35.429,2,35.429,1,1,3,137.406,108.866
42,7,49,10,50,2,0,31,57.428,80.0488,5,31.3402,5,31.3402,1,1,5,137.431,73.7979
42,7,49,10,50,2,0,32,-80.4116,-39.3145,0,9.37647,0,9.37647,1,1,1,137.333,137.307
42,7,49,10,50,2,0,33,36.2751,-128.259,2,42.4465,2,42.4465,1,1,3,137.407,108.867
42,7,49,10,50,2,0,34,-62.1217,-115.588,0,20.8439,0,20.8439,1,1,1,137.334,137.308
42,7,49,10,50,2,0,35,-58.5783,69.7627,4,52.7165,4,52.7165,1,1,2,137.376,85.8203
42,7,49,10,50,2,0,36,43.9207,-112.463,2,27.9641,2,27.9641,1,1,3,137.408,108.868
42,7,49,10,50,2,0,37,-49.0412,73.9775,4,46.9621,4,46.9621,1,1,2,137.378,85.8218
42,7,49,10,50,2,0,38,-27.7578,-0.384903,4,43.6143,4,43.6143,1,1,2,137.378,85.8225
42,7,49,10,50,2,0,39,-25.4469,-67.4759,9,23.0626,1,47.531,2.06096,0,2,137.379,126.724
42,7,49,10,50,2,0,40,-11.7456,-128.664,1,23.6647,1,23.6647,1,1,2,137.38,126.725
42,7,49,10,50,2,0,41,36.9626,167.041,3,13.506,3,13.506,1,1,3,137.409,96.2436
42,7,49,10,50,2,0,42,81.8726,-125.636,2,44.9582,2,44.9582,1,1,3,137.41,108.87
42,7,49,10,50,2,0,43,-75.1841,-56.977,0,11.1884,0,11.1884,1,1,1,137.342,137.316
42,7,49,10,50,2,0,44,22.9675,50.3362,4,34.8495,4,34.8495,1,1,4,137.422,85.8659
42,7,49,10,50,2,0,45,-53.6508,18.9222,4,47.0442,4,47.0442,1,1,2,137.383,85.8276
42,7,49,10,50,2,0,46,-88.2487,-172.446,0,8.18125,0,8.18125,1,1,1,137.344,137.318
42,7,49,10,50,2,0,47,-40.5145,-157.321,1,29.1987,1,29.1987,1,1,2,137.384,126.729
42,7,49,10,50,2,0,48,-15.8801,171.521,7,24.2311,3,48.6506,2.00778,0,2,137.385,96.2193
42,7,49,10,50,2,0,49,-52.79,23.9963,4,44.629,4,44.629,1,1,2,137.386,85.8299
42,8,50,10,50,2,0,0,7.2562,-133.055,4,58.7056,4,58.7056,1,1,4,1117.26,102.133
42,8,50,10,50,2,0,1,-79.7569,166.941,7,6.08905,1,8.56419,1.40649,0,2,1117.19,1102.61
42,8,50,10,50,2,0,2,-20.8753,131.649,1,57.41,1,57.41,1,1,2,1117.19,1102.62
42,8,50,10,50,2,0,3,-21.8553,57.9894,8,25.9728,5,40.0251,1.54104,0,4,1117.26,82.4455
42,8,50,10,50,2,0,4,1.34405,22.0895,5,14.6095,5,14.6095,1,1,3,1117.23,82.4126
42,8,50,10,50,2,0,5,29.6747,-35.3563,2,32.9218,2,32.9218,1,1,2,1117.19,1091.96
42,8,50,10,50,2,0,6,-55.7995,96.824,7,34.8741,1,36.6225,1.05013,0,2,1117.19,1102.62
42,8,50,10,50,2,0,7,-22.0248,130.13,1,56.7758,1,56.7758,1,1,2,1117.19,1102.62
42,8,50,10,50,2,0,8,-40.2192,-38.4184,9,41.7383,4,52.8583,1.26642,0,5,1117.29,102.156
42,8,50,10,50,2,0,9,-76.1506,4.1145,9,2.80283,3,18.9776,6.77085,0,3,1117.23,122.172
42,8,50,10,50,2,0,10,15.2304,2.78647,2,15.6343,2,15.6343,1,1,2,1117.2,1091.96
42,8,50,10,50,2,0,11,-79.3068,35.9052,9,8.81911,3,18.077,2.04976,0,3,1117.23,122.173
42,8,50,10,50,2,0,12,8.25002,-149.678,4,66.7097,4,66.7097,1,1,4,1117.27,102.135
42,8,50,10,50,2,0,13,3.88905,-156.134,4,66.3911,4,66.3911,1,1,4,1117.27,102.136
42,8,50,10,50,2,0,14,41.7595,40.7686,0,29.3792,0,29.3792,1,1,1,1117.15,1117.12
42,8,50,10,50,2,0,15,15.7567,-81.9687,4,69.3913,4,69.3913,1,1,3,1117.24,102.105
42,8,50,10,50,2,0,16,43.8566,51.9996,0,27.2936,0,27.2936,1,1,1,1117.15,1117.13
42,8,50,10,50,2,0,17,-47.5137,-134.037,4,15.4486,4,15.4486,1,1,5,1117.29,102.157
42,8,50,10,50,2,0,18,1.82442,41.262,8,12.0655,5,27.8302,2.3066,0,3,1117.24,82.4227
42,8,50,10,50,2,0,19,51.976,-173.663,0,106.746,0,106.746,1,1,1,1117.15,1117.13
42,8,50,10,50,2,0,20,-58.3242,-16.6986,9,18.1429,3,38.457,2.11967,0,3,1117.24,122.182
42,8,50,10,50,2,0,21,-14.5097,-48.2475,4,63.2495,4,63.2495,1,1,3,1117.24,102.113
42,8,50,10,50,2,0,22,-49.9373,106.931,1,38.1244,1,38.1244,1,1,2,1117.2,1102.63
42,8,50,10,50,2,0,23,-49.0586,-0.312988,9,24.7436,5,39.5992,1.60038,0,5,1117.29,82.47
42,8,50,10,50,2,0,24,-55.7437,-70.4185,4,26.4528,4,26.4528,1,1,4,1117.27,102.139
42,8,50,10,50,2,0,25,-88.0992,98.9734,7,3.90167,3,8.33746,2.1369,0,3,1117.25,122.185
42,8,50,10,50,2,0,26,56.184,-154.812,0,90.7012,0,90.7012,1,1,1,1117.16,1117.14
42,8,50,10,50,2,0,27,-22.5607,-51.1319,4,55.1317,4,55.1317,1,1,4,1117.27,102.139
42,8,50,10,50,2,0,28,-62.2452,142.657,1,14.4629,1,14.4629,1,1,2,1117.21,1102.63
42,8,50,10,50,2,0,29,-13.6331,139.029,1,62.3574,1,62.3574,1,1,2,1117.21,1102.63
42,8,50,10,50,2,0,30,1.71266,-175.753,4,77.3512,4,77.3512,1,1,4,1117.27,102.14
42,8,50,10,50,2,0,31,-61.47,-88.8614,4,18.8483,4,18.8483,1,1,4,1117.27,102.141
42,8,50,10,50,2,0,32,28.1233,-37.9675,2,35.5359,2,35.5359,1,1,2,1117.21,1091.97
42,8,50,10,50,2,0,33,-21.4494,-120.104,4,27.2953,4,27.2953,1,1,4,1117.27,102.144
42,8,50,10,50,2,0,34,-88.3528,-118.947,3,1.33363,3,1.33363,1,1,3,1117.25,122.189
42,8,50,10,50,2,0,35,-56.8837,-113.354,4,9.26143,4,9.26143,1,1,4,1117.28,102.145
42,8,50,10,50,2,0,36,22.1774,37.2132,8,24.1815,2,32.0476,1.3253,0,2,1117.21,1091.98
42,8,50,10,50,2,0,37,9.19926,124.48,8,71.0474,0,85.9825,1.21021,0,1,1117.17,1117.15
42,8,50,10,50,2,0,38,-17.9279,100.281,8,51.4767,1,73.5019,1.42787,0,2,1117.21,1102.64
42,8,50,10,50,2,0,39,-27.9164,32.6568,5,21.1549,5,21.1549,1,1,3,1117.25,82.4325
42,8,50,10,50,2,0,40,-75.0686,-52.0313,3,14.3956,3,14.3956,1,1,3,1117.25,122.191
42,8,50,10,50,2,0,41,-24.1849,142.231,1,50.9793,1,50.9793,1,1,2,1117.22,1102.64
42,8,50,10,50,2,0,42,-13.4217,86.5089,8,37.3395,5,67.486,1.80736,0,3,1117.25,82.4339
42,8,50,10,50,2,0,43,-44.4505,28.6663,9,31.0078,5,33.5262,1.08122,0,5,1117.29,82.4711
42,8,50,10,50,2,0,44,24.5828,63.8326,8,23.3062,0,47.8656,2.05377,0,1,1117.17,1117.15
42,8,50,10,50,2,0,45,-6.15257,-127.409,4,44.0341,4,44.0341,1,1,4,1117.28,102.146
42,8,50,10,50,2,0,46,34.0399,44.7548,8,31.3907,2,35.5976,1.13402,0,2,1117.22,1091.98
42,8,50,10,50,2,0,47,-18.1352,-55.6736,4,55.1485,4,55.1485,1,1,4,1117.28,102.147
42,8,50,10,50,2,0,48,-86.6063,100.831,7,3.66002,3,11.0238,3.01195,0,3,1117.26,122.195
42,8,50,10,50,2,0,49,2.11101,-169.918,4,73.6288,4,73.6288,1,1,4,1117.28,102.148
42,9,51,10,50,2,0,0,24.1433,166.047,8,18.1856,7,28.0686,1.54345,0,3,1820.92,36.7058
42,9,51,10,50,2,0,1,-38.4667,129.722,2,40.4484,2,40.4484,1,1,3,1820.92,1103.8
42,9,51,10,50,2,0,2,-63.8789,135.751,4,19.4185,4,19.4185,1,1,4,1820.97,86.9885
42,9,51,10,50,2,0,3,-68.6358,-38.2294,4,39.4853,4,39.4853,1,1,3,1820.93,86.9401
42,9,51,10,50,2,0,4,-65.036,148.097,4,20.3512,4,20.3512,1,1,4,1820.97,86.9892
42,9,51,10,50,2,0,5,-31.5302,143.737,7,37.2387,7,37.2387,1,1,4,1820.98,36.7581
42,9,51,10,50,2,0,6,82.8242,-93.7961,3,22.7073,3,22.7073,1,1,3,1820.93,108.237
42,9,51,10,50,2,0,7,36.8363,-153.313,0,12.1508,0,12.1508,1,1,1,1820.83,1820.8
42,9,51,10,50,2,0,8,85.8893,33.3155,1,17.1675,1,17.1675,1,1,2,1820.88,1802.26
42,9,51,10,50,2,0,9,-72.9197,-169.752,4,62.8458,4,62.8458,1,1,3,1820.93,86.9432
42,9,51,10,50,2,0,10,-21.2532,17.127,6,21.7455,2,68.1061,3.13196,0,3,1820.93,1103.81
42,9,51,10,50,2,0,11,-44.7729,113.138,2,28.8843,2,28.8843,1,1,3,1820.93,1103.81
42,9,51,10,50,2,0,12,-62.5564,101.867,2,9.58098,2,9.58098,1,1,3,1820.93,1103.81
42,9,51,10,50,2,0,13,38.6409,134.175,8,16.0633,7,34.204,2.12932,0,3,1820.93,36.7146
42,9,51,10,50,2,0,14,38.3564,-172.088,0,11.1075,0,11.1075,1,1,1,1820.84,1820.81
42,9,51,10,50,2,0,15,14.0002,-55.0007,5,50.0882,5,50.0882,1,1,2,1820.89,67.5177
42,9,51,10,50,2,0,16,86.9794,131.067,1,12.8006,1,12.8006,1,1,2,1820.89,1802.27
42,9,51,10,50,2,0,17,-52.6395,-133.799,5,52.952,5,52.952,1,1,3,1820.93,67.5616
42,9,51,10,50,2,0,18,43.4092,-62.5505,5,62.9181,5,62.9181,1,1,3,1820.93,67.5623
42,9,51,10,50,2,0,19,3.98586,136.747,7,7.56921,7,7.56921,1,1,3,1820.93,36.7173
42,9,51,10,50,2,0,20,-47.2269,124.911,2,30.3512,2,30.3512,1,1,3,1820.94,1103.81
42,9,51,10,50,2,0,21,50.2418,-108.805,0,35.6501,0,35.6501,1,1,1,1820.84,1820.82
42,9,51,10,50,2,0,22,-74.4424,-5.84383,4,24.45,4,24.45,1,1,4,1820.98,86.9906
42,9,51,10,50,2,0,23,-41.0592,-157.106,5,61.3704,5,61.3704,1,1,2,1820.89,67.5233
42,9,51,10,50,2,0,24,-76.2642,-47.9577,4,30.6251,4,30.6251,1,1,3,1820.94,86.9514
42,9,51,10,50,2,0,25,-73.4291,-15.0348,4,27.6123,4,27.6123,1,1,3,1820.94,86.9521
42,9,51,10,50,2,0,26,74.5847,-56.4039,3,35.8103,3,35.8103,1,1,3,1820.94,108.248
42,9,51,10,50,2,0,27,-40.9486,-155.943,5,60.4379,5,60.4379,1,1,2,1820.9,67.5263
42,9,51,10,50,2,0,28,-67.2685,175.385,4,23.8033,4,23.8033,1,1,4,1820.98,86.9913
42,9,51,10,50,2,0,29,79.1157,122.176,1,5.27527,1,5.27527,1,1,2,1820.9,1802.28
42,9,51,10,50,2,0,30,-88.3519,6.2318,4,11.9925,4,11.9925,1,1,4,1820.98,86.992
42,9,51,10,50,2,0,31,-56.4125,177.255,4,36.1212,4,36.1212,1,1,4,1820.98,86.9928
42,9,51,10,50,2,0,32,-21.3505,-38.104,5,60.9721,5,60.9721,1,1,3,1820.94,67.5704
42,9,51,10,50,2,0,33,-68.2719,-135.883,4,65.2848,4,65.2848,1,1,3,1820.94,86.9571
42,9,51,10,50,2,0,34,39.6728,51.428,1,47.215,1,47.215,1,1,2,1820.9,1802.28
42,9,51,10,50,2,0,35,-89.5681,164.892,4,10.1811,4,10.1811,1,1,4,1820.98,86.9935
42,9,51,10,50,2,0,36,-1.83033,101.347,9,41.9826,7,43.4311,1.0345,0,4,1820.98,36.7623
42,9,51,10,50,2,0,37,-61.9568,27.4546,2,25.0563,2,25.0563,1,1,3,1820.94,1103.82
42,9,51,10,50,2,0,38,-42.2482,-26.0319,6,64.2077,2,68.2929,1.06362,0,2,1820.91,1103.79
42,9,51,10,50,2,0,39,25.1743,-57.0247,5,54.0915,5,54.0915,1,1,2,1820.91,67.5368
42,9,51,10,50,2,0,40,53.0052,83.4904,1,24.5737,1,24.5737,1,1,2,1820.91,1802.29
42,9,51,10,50,2,0,41,53.9702,75.1798,1,25.5747,1,25.5747,1,1,2,1820.91,1802.29
42,9,51,10,50,2,0,42,-76.4568,-153.957,4,51.155,4,51.155,1,1,3,1820.95,86.9603
42,9,51,10,50,2,0,43,49.6181,-107.451,0,36.7142,0,36.7142,1,1,1,1820.86,1820.84
42,9,51,10,50,2,0,44,-79.286,77.4677,4,4.85717,4,4.85717,1,1,4,1820.98,86.9951
42,9,51,10,50,2,0,45,-82.6374,-155.276,4,37.4941,4,37.4941,1,1,3,1820.95,86.962
42,9,51,10,50,2,0,46,-48.1503,-98.0999,5,39.6615,5,39.6615,1,1,4,1820.98,67.61
42,9,51,10,50,2,0,47,-79.0103,40.9984,4,11.2308,4,11.2308,1,1,4,1820.98,86.9967
42,9,51,10,50,2,0,48,21.8981,-114.564,5,33.768,5,33.768,1,1,2,1820.91,67.5427
42,9,51,10,50,2,0,49,42.5579,-56.8583,5,65.5295,5,65.5295,1,1,3,1820.97,67.5958
42,10,52,10,50,2,0,0,34.6818,92.1363,6,36.2107,6,36.2107,1,1,3,136.431,58.417
42,10,52,10,50,2,0,1,-4.63147,-102.739,8,18.6814,1,55.4185,2.96651,0,2,136.349,120.679
42,10,52,10,50,2,0,2,65.3744,-57.8611,3,22.2319,3,22.2319,1,1,2,136.35,95.0172
42,10,52,10,50,2,0,3,55.4386,-152.893,9,45.3907,3,55.4766,1.2222,0,3,136.433,95.0997
42,10,52,10,50,2,0,4,-51.9336,72.1634,2,46.6876,2,46.6876,1,1,2,136.352,105.916
42,10,52,10,50,2,0,5,-13.7297,117.863,5,18.4311,5,18.4311,1,1,3,136.434,73.3691
42,10,52,10,50,2,0,6,-61.7054,49.347,7,37.4257,7,37.4257,1,1,4,136.464,41.3097
42,10,52,10,50,2,0,7,80.8848,-108.281,9,9.28816,3,41.0795,4.42278,0,2,136.355,95.0222
42,10,52,10,50,2,0,8,16.3323,69.9051,6,44.7664,6,44.7664,1,1,3,136.436,58.4213
42,10,52,10,50,2,0,9,1.43433,-21.0624,0,20.1629,0,20.1629,1,1,1,136.288,136.191
42,10,52,10,50,2,0,10,11.4195,166.284,5,36.2889,5,36.2889,1,1,4,136.465,73.4008
42,10,52,10,50,2,0,11,-32.6293,-39.0785,7,55.2562,7,55.2562,1,1,2,136.358,41.2033
42,10,52,10,50,2,0,12,19.6182,-60.1768,3,25.5356,3,25.5356,1,1,2,136.359,95.0261
42,10,52,10,50,2,0,13,44.0618,179.904,4,33.7755,4,33.7755,1,1,3,136.437,84.0685
42,10,52,10,50,2,0,14,2.87094,85.4477,5,51.5238,5,51.5238,1,1,3,136.438,73.3737
42,10,52,10,50,2,0,15,-26.317,-104.894,8,10.759,1,35.0378,3.25659,0,2,136.362,120.692
42,10,52,10,50,2,0,16,-1.208,118.103,5,19.0095,5,19.0095,1,1,4,136.466,73.4017
42,10,52,10,50,2,0,17,-13.8167,-51.6672,0,50.0059,0,50.0059,1,1,1,136.299,136.202
42,10,52,10,50,2,0,18,-59.879,-96.7561,1,23.6439,1,23.6439,1,1,2,136.364,120.694
42,10,52,10,50,2,0,19,-12.2803,-43.6252,0,43.3712,0,43.3712,1,1,1,136.301,136.204
42,10,52,10,50,2,0,20,77.7036,127.98,4,14.6615,4,14.6615,1,1,3,136.441,84.072
42,10,52,10,50,2,0,21,-52.8812,-148.004,1,7.40583,1,7.40583,1,1,2,136.366,120.696
42,10,52,10,50,2,0,22,-1.33649,-123.993,8,20.7593,1,51.4144,2.47669,0,2,136.367,120.697
42,10,52,10,50,2,0,23,-38.1423,-150.008,1,16.6818,1,16.6818,1,1,2,136.368,120.698
42,10,52,10,50,2,0,24,62.9562,106.584,4,11.945,4,11.945,1,1,2,136.37,84.0007
42,10,52,10,50,2,0,25,4.4646,-31.2487,0,22.4244,0,22.4244,1,1,1,136.308,136.212
42,10,52,10,50,2,0,26,46.4338,123.671,4,17.536,4,17.536,1,1,2,136.371,84.0017
42,10,52,10,50,2,0,27,54.8364,-47.8959,3,17.3645,3,17.3645,1,1,2,136.372,95.0388
42,10,52,10,50,2,0,28,-58.253,17.7964,7,35.8612,7,35.8612,1,1,3,136.442,41.2871
42,10,52,10,50,2,0,29,-23.9958,69.2358,5,65.843,5,65.843,1,1,3,136.443,73.3787
42,10,52,10,50,2,0,30,-38.378,79.3743,5,59.915,5,59.915,1,1,3,136.444,73.3799
42,10,52,10,50,2,0,31,72.1707,100.828,4,15.1863,4,15.1863,1,1,3,136.446,84.0767
42,10,52,10,50,2,0,32,8.73869,-63.292,3,35.6781,3,35.6781,1,1,2,136.377,95.0436
42,10,52,10,50,2,0,33,-65.4195,77.7193,2,29.1744,2,29.1744,1,1,3,136.446,106.01
42,10,52,10,50,2,0,34,9.97592,24.6003,0,40.2299,0,40.2299,1,1,1,136.319,136.222
42,10,52,10,50,2,0,35,-72.9529,-4.6409,7,16.6594,7,16.6594,1,1,4,136.467,41.3126
42,10,52,10,50,2,0,36,-13.7098,-71.6683,8,41.061,3,57.8416,1.40867,0,2,136.379,95.0465
42,10,52,10,50,2,0,37,13.6778,149.907,5,26.099,5,26.099,1,1,4,136.468,73.4037
42,10,52,10,50,2,0,38,-7.83057,131.071,5,4.70903,5,4.70903,1,1,4,136.469,73.4047
42,10,52,10,50,2,0,39,89.9495,-69.7488,9,1.30421,6,45.0684,34.5561,0,3,136.451,58.4367
42,10,52,10,50,2,0,40,28.8274,8.82819,0,23.5318,0,23.5318,1,1,1,136.326,136.229
42,10,52,10,50,2,0,41,39.5013,-29.4776,0,22.1755,0,22.1755,1,1,1,136.327,136.23
42,10,52,10,50,2,0,42,-23.7506,8.67534,0,50.7761,0,50.7761,1,1,1,136.329,136.232
42,10,52,10,50,2,0,43,51.3132,15.9928,6,22.4759,6,22.4759,1,1,2,136.384,58.3702
42,10,52,10,50,2,0,44,-76.7641,-125.365,7,14.6141,7,14.6141,1,1,3,136.452,41.2972
42,10,52,10,50,2,0,45,-47.3857,-50.2842,7,40.085,7,40.085,1,1,3,136.453,41.2986
42,10,52,10,50,2,0,46,67.0045,-130.43,9,27.1761,3,41.7184,1.53511,0,2,136.388,95.0548
42,10,52,10,50,2,0,47,-64.7281,-28.5135,7,23.4684,7,23.4684,1,1,4,136.47,41.3155
42,10,52,10,50,2,0,48,-6.86105,-80.2952,8,35.29,3,52.0711,1.47552,0,3,136.456,95.1228
42,10,52,10,50,2,0,49,-65.3971,-173.77,1,24.0429,1,24.0429,1,1,2,136.391,120.72
42,11,53,10,50,2,0,0,49.756,25.4478,3,32.0362,3,32.0362,1,1,2,2998.13,1959.91
42,11,53,10,50,2,0,1,34.4419,-144.148,5,51.2386,2,54.0187,1.05426,0,3,2998.25,1980.33
42,11,53,10,50,2,0,2,-71.0488,-59.2647,9,35.3474,9,35.3474,1,1,4,2998.28,939.03
42,11,53,10,50,2,0,3,-83.7736,-77.1598,9,42.1317,9,42.1317,1,1,4,2998.28,939.031
42,11,53,10,50,2,0,4,-31.7248,-167.507,5,116.495,2,126.964,1.08986,0,3,2998.25,1980.33
42,11,53,10,50,2,0,5,10.3469,-71.4764,1,52.1252,1,52.1252,1,1,2,2998.13,1993.21
42,11,53,10,50,2,0,6,73.5844,-152.305,5,11.3381,2,14.4708,1.27629,0,2,2998.13,1980.21
42,11,53,10,50,2,0,7,44.5502,140.393,4,25.3052,0,41.5054,1.6402,0,1,2998.07,2998.04
42,11,53,10,50,2,0,8,-43.9886,-51.1253,9,41.2524,9,41.2524,1,1,3,2998.25,938.999
42,11,53,10,50,2,0,9,-0.0247498,150.12,4,32.6078,8,75.9628,2.32959,0,2,2998.13,949.473
42,11,53,10,50,2,0,10,-32.8768,-10.6107,9,26.6403,9,26.6403,1,1,3,2998.25,939
42,11,53,10,50,2,0,11,83.2318,-160.905,5,1.51544,2,5.2399,3.45769,0,2,2998.14,1980.22
42,11,53,10,50,2,0,12,-57.9575,-8.72137,9,10.8089,9,10.8089,1,1,3,2998.25,939.002
42,11,53,10,50,2,0,13,67.2319,-86.1905,2,20.4963,2,20.4963,1,1,2,2998.14,1980.22
42,11,53,10,50,2,0,14,-12.152,-155.458,5,97.0966,2,103.72,1.06821,0,3,2998.25,1980.33
42,11,53,10,50,2,0,15,51.9418,-104.792,2,34.8834,2,34.8834,1,1,3,2998.26,1980.33
42,11,53,10,50,2,0,16,24.995,-7.23253,1,24.5279,1,24.5279,1,1,2,2998.2,1993.28
42,11,53,10,50,2,0,17,-34.4699,87.8925,7,45.3578,9,58.9729,1.30017,0,5,2998.31,939.054
42,11,53,10,50,2,0,18,56.7514,-56.4871,2,35.1808,2,35.1808,1,1,3,2998.26,1980.34
42,11,53,10,50,2,0,19,-84.6337,-129.947,8,52.5588,8,52.5588,1,1,3,2998.26,949.597
42,11,53,10,50,2,0,20,-21.9969,31.4264,9,36.9597,9,36.9597,1,1,4,2998.29,939.033
42,11,53,10,50,2,0,21,-10.7117,-76.8251,1,59.0249,1,59.0249,1,1,2,2998.21,1993.28
42,11,53,10,50,2,0,22,29.5607,-112.323,2,57.0789,2,57.0789,1,1,3,2998.26,1980.34
42,11,53,10,50,2,0,23,-58.216,151.144,8,17.719,8,17.719,1,1,3,2998.26,949.601
42,11,53,10,50,2,0,24,8.27584,63.5185,3,25.9802,3,25.9802,1,1,3,2998.26,1960.05
42,11,53,10,50,2,0,25,60.6321,130.798,0,25.379,0,25.379,1,1,1,2998.09,2998.06
42,11,53,10,50,2,0,26,-63.5461,107.728,8,23.116,8,23.116,1,1,4,2998.29,949.625
42,11,53,10,50,2,0,27,74.9465,-63.0071,2,14.3981,2,14.3981,1,1,2,2998.22,1980.29
42,11,53,10,50,2,0,28,-40.4968,104.357,7,44.1491,8,47.1522,1.06802,0,4,2998.29,949.626
42,11,53,10,50,2,0,29,15.4012,74.7023,6,27.023,3,33.7907,1.25044,0,2,2998.22,1960
42,11,53,10,50,2,0,30,64.4494,-45.314,2,28.2884,2,28.2884,1,1,2,2998.22,1980.3
42,11,53,10,50,2,0,31,74.9551,-1.11119,2,21.7383,2,21.7383,1,1,2,2998.22,1980.3
42,11,53,10,50,2,0,32,63.7267,-99.0295,2,23.2785,2,23.2785,1,1,2,2998.22,1980.3
42,11,53,10,50,2,0,33,-46.6094,60.9562,9,33.2355,9,33.2355,1,1,5,2998.31,939.056
42,11,53,10,50,2,0,34,12.2417,-82.4861,1,63.0773,1,63.0773,1,1,2,2998.22,1993.3
42,11,53,10,50,2,0,35,55.5046,160.489,4,26.7015,0,31.6483,1.18527,0,1,2998.1,2998.07
42,11,53,10,50,2,0,36,64.4702,-90.4141,2,23.0226,2,23.0226,1,1,2,2998.22,1980.3
42,11,53,10,50,2,0,37,-48.1678,8.06178,9,6.90719,9,6.90719,1,1,3,2998.27,939.015
42,11,53,10,50,2,0,38,-11.3686,-32.7676,1,19.9582,1,19.9582,1,1,2,2998.23,1993.3
42,11,53,10,50,2,0,39,-10.397,173.815,4,40.3159,8,65.1073,1.61493,0,2,2998.23,949.565
42,11,53,10,50,2,0,40,-74.6246,-79.5298,9,42.9301,9,42.9301,1,1,4,2998.29,939.037
42,11,53,10,50,2,0,41,62.3063,-96.3413,2,24.8515,2,24.8515,1,1,2,2998.23,1980.31
42,11,53,10,50,2,0,42,-75.901,94.5056,8,17.4982,8,17.4982,1,1,4,2998.29,949.629
42,11,53,10,50,2,0,43,10.3258,-52.7957,1,33.8256,1,33.8256,1,1,2,2998.23,1993.3
42,11,53,10,50,2,0,44,9.43113,-128.546,2,77.6599,2,77.6599,1,1,3,2998.27,1980.35
42,11,53,10,50,2,0,45,-79.0467,-32.2389,9,29.2128,9,29.2128,1,1,4,2998.29,939.039
42,11,53,10,50,2,0,46,3.06993,171.817,4,26.7068,8,78.4363,2.93694,0,2,2998.23,949.571
42,11,53,10,50,2,0,47,73.325,-46.4067,2,17.9477,2,17.9477,1,1,2,2998.23,1980.31
42,11,53,10,50,2,0,48,-53.6063,-126.569,9,79.7802,9,79.7802,1,1,3,2998.27,939.021
42,11,53,10,50,2,0,49,-82.7253,97.2707,8,14.9582,8,14.9582,1,1,4,2998.29,949.631
42,12,54,10,50,2,0,0,-29.7296,127.826,0,22.7879,0,22.7879,1,1,1,983.386,983.356
42,12,54,10,50,2,0,1,67.0308,163.419,3,17.034,3,17.034,1,1,3,983.473,932.48
42,12,54,10,50,2,0,2,-33.8738,103.792,0,3.74159,0,3.74159,1,1,1,983.389,983.358
42,12,54,10,50,2,0,3,-49.6592,-16.4312,2,37.9568,2,37.9568,1,1,2,983.443,944.224
42,12,54,10,50,2,0,4,69.195,-63.3537,4,22.7465,6,50.6087,2.2249,0,4,983.492,891.432
42,12,54,10,50,2,0,5,-64.379,-102.976,2,68.7187,2,68.7187,1,1,2,983.444,944.226
42,12,54,10,50,2,0,6,-70.9367,165.358,0,57.0051,0,57.0051,1,1,1,983.393,983.362
42,12,54,10,50,2,0,7,85.0266,5.25864,4,2.36195,3,14.1946,6.00971,0,3,983.474,932.482
42,12,54,10,50,2,0,8,-26.4838,156.511,0,48.506,0,48.506,1,1,1,983.396,983.366
42,12,54,10,50,2,0,9,-15.9284,-67.416,2,27.9428,2,27.9428,1,1,2,983.446,944.227
42,12,54,10,50,2,0,10,-5.74625,-42.5476,2,11.4628,2,11.4628,1,1,3,983.475,944.257
42,12,54,10,50,2,0,11,-87.8819,-146.692,2,97.5938,2,97.5938,1,1,2,983.447,944.229
42,12,54,10,50,2,0,12,23.2264,-177.495,6,79.7332,6,79.7332,1,1,4,983.493,891.432
42,12,54,10,50,2,0,13,64.4327,-43.7384,4,24.1655,6,54.2698,2.24576,0,4,983.494,891.433
42,12,54,10,50,2,0,14,38.9313,82.3579,8,7.92538,1,19.4826,2.45826,0,2,983.449,966.888
42,12,54,10,50,2,0,15,-80.9255,-161.596,2,103.845,2,103.845,1,1,2,983.45,944.232
42,12,54,10,50,2,0,16,15.0917,152.211,1,63.6329,1,63.6329,1,1,2,983.451,966.89
42,12,54,10,50,2,0,17,-89.0885,142.436,0,61.9146,0,61.9146,1,1,1,983.405,983.375
42,12,54,10,50,2,0,18,38.0013,-97.4955,6,16.5803,6,16.5803,1,1,4,983.495,891.434
42,12,54,10,50,2,0,19,-26.9977,34.3927,0,58.882,0,58.882,1,1,1,983.407,983.376
42,12,54,10,50,2,0,20,9.57541,-2.75323,2,44.0152,2,44.0152,1,1,3,983.478,944.26
42,12,54,10,50,2,0,21,55.7081,57.2775,9,11.2589,1,19.8397,1.76213,0,2,983.454,966.892
42,12,54,10,50,2,0,22,-8.69769,101.47,0,21.9855,0,21.9855,1,1,1,983.41,983.379
42,12,54,10,50,2,0,23,-58.7319,109.637,0,28.6415,0,28.6415,1,1,1,983.41,983.38
42,12,54,10,50,2,0,24,38.9905,30.6793,9,33.5452,1,45.4467,1.35479,0,2,983.455,966.893
42,12,54,10,50,2,0,25,-68.8895,-113.512,2,76.2135,2,76.2135,1,1,2,983.455,944.237
42,12,54,10,50,2,0,26,84.0658,-133.543,7,14.5011,3,30.5969,2.10997,0,3,983.479,932.486
42,12,54,10,50,2,0,27,-40.1016,34.5844,0,55.3412,0,55.3412,1,1,1,983.414,983.383
42,12,54,10,50,2,0,28,-65.5187,-131.338,2,85.6768,2,85.6768,1,1,2,983.457,944.239
42,12,54,10,50,2,0,29,85.423,126.825,3,2.70818,3,2.70818,1,1,3,983.48,932.487
42,12,54,10,50,2,0,30,65.51,-171.005,4,52.9,6,71.9414,1.35995,0,4,983.495,891.435
42,12,54,10,50,2,0,31,72.6144,-18.7965,4,12.0962,3,35.4575,2.93129,0,3,983.482,932.489
42,12,54,10,50,2,0,32,80.6028,147.052,3,2.6909,3,2.6909,1,1,3,983.483,932.49
42,12,54,10,50,2,0,33,-28.1803,57.2082,0,38.6397,0,38.6397,1,1,1,983.419,983.388
42,12,54,10,50,2,0,34,-65.2219,69.644,0,40.5901,0,40.5901,1,1,1,983.42,983.389
42,12,54,10,50,2,0,35,-44.1996,68.7071,0,29.3223,0,29.3223,1,1,1,983.421,983.39
42,12,54,10,50,2,0,36,-56.5546,-156.983,6,101.056,6,101.056,1,1,3,983.484,891.423
42,12,54,10,50,2,0,37,-27.0077,49.4954,0,45.683,0,45.683,1,1,1,983.422,983.392
42,12,54,10,50,2,0,38,62.2433,8.52071,4,20.5589,1,43.0137,2.09221,0,2,983.462,966.901
42,12,54,10,50,2,0,39,-10.4337,22.4676,2,59.4333,2,59.4333,1,1,2,983.462,944.244
42,12,54,10,50,2,0,40,-70.4,21.3536,0,64.5792,0,64.5792,1,1,1,983.425,983.395
42,12,54,10,50,2,0,41,44.478,-152.668,6,55.9967,6,55.9967,1,1,4,983.496,891.436
42,12,54,10,50,2,0,42,33.9055,-171.247,6,71.6829,6,71.6829,1,1,4,983.497,891.436
42,12,54,10,50,2,0,43,30.958,116.773,1,31.1905,1,31.1905,1,1,2,983.465,966.904
42,12,54,10,50,2,0,44,-61.2925,52.7621,0,45.6371,0,45.6371,1,1,1,983.429,983.398
42,12,54,10,50,2,0,45,31.7994,-171.565,6,72.3336,6,72.3336,1,1,4,983.498,891.437
42,12,54,10,50,2,0,46,30.8786,28.8275,8,39.3078,1,53.1086,1.3511,0,2,983.466,966.905
42,12,54,10,50,2,0,47,-5.18071,42.9627,8,58.6242,0,61.238,1.04459,0,1,983.432,983.401
42,12,54,10,50,2,0,48,-2.0604,113.278,0,30.7797,0,30.7797,1,1,1,983.433,983.402
42,12,54,10,50,2,0,49,-39.9145,45.4354,0,46.6633,0,46.6633,1,1,1,983.434,983.403
42,13,55,10,50,2,0,0,76.4034,64.3724,8,14.4716,1,58.0371,4.01041,0,2,1100.45,1074.9
42,13,55,10,50,2,0,1,-72.9153,124.413,9,2.65436,9,2.65436,1,1,3,1100.77,17.0858
42,13,55,10,50,2,0,2,11.6386,104.853,7,22.2119,7,22.2119,1,1,3,1100.77,51.813
42,13,55,10,50,2,0,3,-7.50504,-116.089,3,24.0724,3,24.0724,1,1,2,1100.45,1050.21
42,13,55,10,50,2,0,4,0.952293,60.0945,7,25.878,7,25.878,1,1,3,1100.77,51.8143
42,13,55,10,50,2,0,5,52.4268,71.5729,8,41.1973,1,44.0266,1.06868,0,2,1100.45,1074.9
42,13,55,10,50,2,0,6,66.1405,-29.8584,8,15.7796,2,45.8727,2.90708,0,3,1100.77,1063.79
42,13,55,10,50,2,0,7,-38.8717,78.0545,7,39.4051,7,39.4051,1,1,3,1100.78,51.8162
42,13,55,10,50,2,0,8,6.97221,41.5707,1,18.8782,1,18.8782,1,1,2,1100.45,1074.91
42,13,55,10,50,2,0,9,75.0049,-67.4042,8,14.5362,2,27.525,1.89355,0,3,1100.78,1063.79
42,13,55,10,50,2,0,10,43.7506,-33.8447,8,38.8858,1,57.9753,1.49091,0,2,1100.45,1074.91
42,13,55,10,50,2,0,11,33.1193,100.898,7,36.2497,7,36.2497,1,1,3,1100.78,51.8179
42,13,55,10,50,2,0,12,38.9515,-114.112,4,17.6849,4,17.6849,1,1,3,1100.78,99.5553
42,13,55,10,50,2,0,13,3.42314,58.0182,7,28.1501,7,28.1501,1,1,3,1100.78,51.8198
42,13,55,10,50,2,0,14,30.8058,35.7833,1,9.34673,1,9.34673,1,1,2,1100.73,1075.18
42,13,55,10,50,2,0,15,2.0405,34.4183,1,20.924,1,20.924,1,1,2,1100.73,1075.18
42,13,55,10,50,2,0,16,-39.9222,38.2504,9,58.8771,9,58.8771,1,1,4,1100.81,17.1217
42,13,55,10,50,2,0,17,-10.5841,123.433,7,38.7435,7,38.7435,1,1,3,1100.78,51.822
42,13,55,10,50,2,0,18,-18.4484,143.822,9,58.3543,9,58.3543,1,1,4,1100.81,17.1225
42,13,55,10,50,2,0,19,-86.3284,145.008,9,11.2023,9,11.2023,1,1,2,1100.73,17.0484
42,13,55,10,50,2,0,20,11.9581,112.197,7,28.7913,7,28.7913,1,1,3,1100.78,51.824
42,13,55,10,50,2,0,21,18.2903,-23.8027,5,30.119,1,51.2322,1.701,0,2,1100.74,1075.19
42,13,55,10,50,2,0,22,-48.8308,138.837,9,27.3582,9,27.3582,1,1,4,1100.81,17.1233
42,13,55,10,50,2,0,23,-62.8741,96.2829,9,16.4928,9,16.4928,1,1,3,1100.79,17.0996
42,13,55,10,50,2,0,24,0.203934,-155.738,4,52.9159,4,52.9159,1,1,4,1100.81,99.5867
42,13,55,10,50,2,0,25,-75.5607,-92.0909,6,8.89057,0,21.4221,2.40953,0,1,1100.42,1100.39
42,13,55,10,50,2,0,26,-4.79154,95.1172,7,10.2575,7,10.2575,1,1,3,1100.79,51.8272
42,13,55,10,50,2,0,27,-85.5966,-111.68,6,4.78665,0,30.4584,6.36319,0,1,1100.42,1100.39
42,13,55,10,50,2,0,28,80.5025,15.6532,8,3.39402,2,50.8427,14.9801,0,3,1100.79,1063.81
42,13,55,10,50,2,0,29,63.169,42.6166,8,22.4501,1,41.4569,1.84663,0,2,1100.74,1075.2
42,13,55,10,50,2,0,30,-64.2818,-49.5809,6,19.7211,0,30.7417,1.55882,0,1,1100.42,1100.39
42,13,55,10,50,2,0,31,-51.4826,-28.4079,6,35.3139,0,47.5707,1.34708,0,1,1100.42,1100.39
42,13,55,10,50,2,0,32,84.3347,55.8666,8,9.2186,2,58.2829,6.32232,0,3,1100.79,1063.81
42,13,55,10,50,2,0,33,-42.4876,-48.2274,5,40.5973,0,41.2257,1.01548,0,1,1100.42,1100.39
42,13,55,10,50,2,0,34,9.84417,-77.6318,5,33.3467,3,50.1065,1.50259,0,2,1100.74,1050.5
42,13,55,10,50,2,0,35,-41.6098,-136.395,0,23.3246,0,23.3246,1,1,1,1100.42,1100.4
42,13,55,10,50,2,0,36,-72.7175,133.361,9,3.45027,9,3.45027,1,1,3,1100.79,17.1035
42,13,55,10,50,2,0,37,9.90092,-63.0965,5,20.4634,3,59.8021,2.92239,0,2,1100.75,1050.51
42,13,55,10,50,2,0,38,46.099,74.0536,1,42.797,1,42.797,1,1,2,1100.75,1075.2
42,13,55,10,50,2,0,39,-73.4068,-87.3941,6,10.6227,0,20.2786,1.90899,0,1,1100.43,1100.4
42,13,55,10,50,2,0,40,49.1576,-117.935,4,10.5351,4,10.5351,1,1,3,1100.79,99.567
42,13,55,10,50,2,0,41,0.2575,-91.2679,3,34.625,3,34.625,1,1,2,1100.75,1050.51
42,13,55,10,50,2,0,42,78.5912,9.3219,8,2.91479,2,50.5064,17.3276,0,3,1100.79,1063.81
42,13,55,10,50,2,0,43,-11.474,138.187,7,53.1831,7,53.1831,1,1,3,1100.79,51.8323
42,13,55,10,50,2,0,44,-77.5125,-76.6099,6,5.95448,0,25.6162,4.302,0,1,1100.43,1100.4
42,13,55,10,50,2,0,45,0.401924,-103.588,3,31.0448,3,31.0448,1,1,2,1100.75,1050.51
42,13,55,10,50,2,0,46,26.9046,77.8387,7,28.206,7,28.206,1,1,3,1100.79,51.833
42,13,55,10,50,2,0,47,24.0018,42.4787,1,10.9159,1,10.9159,1,1,2,1100.76,1075.21
42,13,55,10,50,2,0,48,-23.1473,143.029,9,53.5379,9,53.5379,1,1,4,1100.81,17.125
42,13,55,10,50,2,0,49,87.1256,153.394,8,18.9646,2,78.7448,4.15221,0,3,1100.79,1063.81
42,14,56,10,50,2,0,0,-0.986343,174.423,6,87.2973,6,87.2973,1,1,5,2073.46,51.7301
42,14,56,10,50,2,0,1,-36.8786,-103.093,7,35.3169,0,47.6756,1.34994,0,1,2073.27,2073.25
42,14,56,10,50,2,0,2,53.2691,-83.5496,8,31.3324,5,45.197,1.4425,0,4,2073.44,68.462
42,14,56,10,50,2,0,3,-60.4718,-45.0428,2,22.5171,0,37.3799,1.66007,0,1,2073.27,2073.25
42,14,56,10,50,2,0,4,17.1387,-8.77826,3,18.4657,3,18.4657,1,1,3,2073.39,2031.03
42,14,56,10,50,2,0,5,-16.3414,53.0051,4,38.6238,4,38.6238,1,1,4,2073.44,1076.06
42,14,56,10,50,2,0,6,15.8186,121.534,4,43.4134,4,43.4134,1,1,4,2073.44,1076.06
42,14,56,10,50,2,0,7,-80.4925,133.107,0,44.7053,0,44.7053,1,1,1,2073.28,2073.26
42,14,56,10,50,2,0,8,-57.6263,88.4366,4,72.6912,4,72.6912,1,1,2,2073.35,1075.98
42,14,56,10,50,2,0,9,-24.6805,93.2076,4,42.2742,4,42.2742,1,1,4,2073.44,1076.07
42,14,56,10,50,2,0,10,-7.4748,-50.5179,1,17.1456,1,17.1456,1,1,2,2073.35,2062.07
42,14,56,10,50,2,0,11,52.4279,-36.8111,9,25.5199,3,30.5459,1.19694,0,3,2073.4,2031.04
42,14,56,10,50,2,0,12,-50.4586,-78.9374,2,19.2826,0,39.2545,2.03575,0,1,2073.29,2073.27
42,14,56,10,50,2,0,13,17.4761,123.725,4,45.4356,4,45.4356,1,1,4,2073.44,1076.07
42,14,56,10,50,2,0,14,5.66034,-46.1136,1,22.1489,1,22.1489,1,1,2,2073.36,2062.07
42,14,56,10,50,2,0,15,-26.4269,-170.652,0,57.2681,0,57.2681,1,1,1,2073.29,2073.27
42,14,56,10,50,2,0,16,-25.8455,53.3891,4,46.2592,4,46.2592,1,1,4,2073.44,1076.07
42,14,56,10,50,2,0,17,-46.8724,-125.153,0,34.3617,0,34.3617,1,1,1,2073.3,2073.27
42,14,56,10,50,2,0,18,74.9198,-34.6883,5,23.2774,5,23.2774,1,1,4,2073.44,68.4672
42,14,56,10,50,2,0,19,4.9022,4.11696,3,30.4456,3,30.4456,1,1,3,2073.4,2031.04
42,14,56,10,50,2,0,20,68.2667,157.121,6,13.2886,6,13.2886,1,1,6,2073.49,51.7543
42,14,56,10,50,2,0,21,-61.439,-11.8294,2,36.2566,0,45.7376,1.2615,0,1,2073.3,2073.28
42,14,56,10,50,2,0,22,49.3276,-103.863,8,29.3332,5,46.0823,1.57099,0,4,2073.44,68.4696
42,14,56,10,50,2,0,23,-29.3611,163.403,4,96.4465,4,96.4465,1,1,3,2073.4,1076.03
42,14,56,10,50,2,0,24,82.2868,71.9167,6,9.88226,6,9.88226,1,1,5,2073.46,51.7323
42,14,56,10,50,2,0,25,38.3051,-30.3759,3,22.7176,3,22.7176,1,1,3,2073.41,2031.05
42,14,56,10,50,2,0,26,-79.3006,1.46603,0,24.6061,0,24.6061,1,1,1,2073.31,2073.28
42,14,56,10,50,2,0,27,56.4065,-79.5184,8,34.9898,5,42.0856,1.20279,0,4,2073.44,68.4714
42,14,56,10,50,2,0,28,51.2643,-32.2347,9,22.8152,3,27.3521,1.19885,0,3,2073.41,2031.05
42,14,56,10,50,2,0,29,-67.8967,-66.1507,0,23.6392,0,23.6392,1,1,1,2073.31,2073.29
42,14,56,10,50,2,0,30,50.8258,-8.64713,9,7.8521,3,16.7413,2.13208,0,3,2073.41,2031.05
42,14,56,10,50,2,0,31,-28.4013,-130.039,7,33.8437,0,52.5278,1.55207,0,1,2073.31,2073.29
42,14,56,10,50,2,0,32,-67.629,29.4526,0,48.0122,0,48.0122,1,1,1,2073.31,2073.29
42,14,56,10,50,2,0,33,-37.5961,-165.419,0,45.0366,0,45.0366,1,1,1,2073.32,2073.29
42,14,56,10,50,2,0,34,87.3821,114.612,5,8.15101,5,8.15101,1,1,5,2073.47,68.4921
42,14,56,10,50,2,0,35,9.34921,131.298,4,53.7523,4,53.7523,1,1,4,2073.45,1076.07
42,14,56,10,50,2,0,36,45.8669,75.8205,4,31.6443,4,31.6443,1,1,4,2073.45,1076.08
42,14,56,10,50,2,0,37,-30.2659,10.3889,1,44.7768,1,44.7768,1,1,2,2073.37,2062.09
42,14,56,10,50,2,0,38,75.9788,60.746,6,15.1924,6,15.1924,1,1,5,2073.47,51.7349
42,14,56,10,50,2,0,39,-3.10423,136.531,4,62.1036,4,62.1036,1,1,4,2073.45,1076.08
42,14,56,10,50,2,0,40,-23.6687,-109.598,7,21.8126,0,59.8648,2.74451,0,1,2073.32,2073.3
42,14,56,10,50,2,0,41,-36.9223,-25.9386,2,24.3899,1,25.1157,1.02976,0,2,2073.37,2062.09
42,14,56,10,50,2,0,42,35.9339,-141.032,8,46.8259,5,54.9379,1.17324,0,4,2073.45,68.4769
42,14,56,10,50,2,0,43,37.2715,-5.6035,3,3.60451,3,3.60451,1,1,3,2073.42,2031.06
42,14,56,10,50,2,0,44,3.36685,118.75,4,43.0338,4,43.0338,1,1,4,2073.45,1076.08
42,14,56,10,50,2,0,45,54.1229,-71.6146,8,34.8449,5,46.493,1.33429,0,4,2073.45,68.4786
42,14,56,10,50,2,0,46,-34.9487,-128.557,7,38.2638,0,46.064,1.20385,0,1,2073.33,2073.31
42,14,56,10,50,2,0,47,-10.827,-25.1555,1,8.88918,1,8.88918,1,1,2,2073.38,2062.1
42,14,56,10,50,2,0,48,40.4479,83.1539,4,26.8538,4,26.8538,1,1,4,2073.45,1076.08
42,14,56,10,50,2,0,49,-5.28703,75.6599,4,19.5402,4,19.5402,1,1,4,2073.45,1076.08
42,15,57,10,50,2,0,0,-77.9966,-76.2527,3,34.2572,3,34.2572,1,1,3,2056.28,722.29
42,15,57,10,50,2,0,1,-89.4926,-149.391,3,24.645,3,24.645,1,1,3,2056.28,722.291
42,15,57,10,50,2,0,2,-85.586,-88.9676,3,24.5447,3,24.5447,1,1,3,2056.28,722.292
42,15,57,10,50,2,0,3,-22.5451,24.7703,2,61.7229,2,61.7229,1,1,2,2056.24,736.687
42,15,57,10,50,2,0,4,34.9497,-75.135,1,19.473,1,19.473,1,1,2,2056.24,1055.15
42,15,57,10,50,2,0,5,4.14062,37.9136,2,37.8429,2,37.8429,1,1,2,2056.24,736.689
42,15,57,10,50,2,0,6,57.2063,-88.8247,1,16.9725,1,16.9725,1,1,2,2056.24,1055.16
42,15,57,10,50,2,0,7,59.7099,12.6802,8,5.7019,0,14.3501,2.51673,0,1,2056.19,2056.16
42,15,57,10,50,2,0,8,56.7948,139.039,7,39.2995,0,56.5844,1.43983,0,1,2056.19,2056.16
42,15,57,10,50,2,0,9,-31.4443,-108.276,9,26.9041,9,26.9041,1,1,5,2056.32,14.0906
42,15,57,10,50,2,0,10,-56.839,120.22,3,24.0565,3,24.0565,1,1,3,2056.28,722.293
42,15,57,10,50,2,0,11,-19.3185,9.05484,2,59.9155,2,59.9155,1,1,2,2056.24,736.692
42,15,57,10,50,2,0,12,44.7527,-45.7073,8,34.3651,1,38.6842,1.12568,0,2,2056.25,1055.16
42,15,57,10,50,2,0,13,-56.8389,20.7878,3,38.5204,3,38.5204,1,1,3,2056.28,722.294
42,15,57,10,50,2,0,14,69.7512,54.7495,0,14.6889,0,14.6889,1,1,1,2056.2,2056.17
42,15,57,10,50,2,0,15,41.9858,163.509,7,64.1295,6,72.0185,1.12302,0,2,2056.25,609.509
42,15,57,10,50,2,0,16,79.2484,84.9863,7,7.99743,0,18.2175,2.27792,0,1,2056.2,2056.17
42,15,57,10,50,2,0,17,-82.9407,167.325,3,9.62652,3,9.62652,1,1,3,2056.28,722.295
42,15,57,10,50,2,0,18,88.0094,-30.9716,7,4.52515,0,15.3678,3.39608,0,1,2056.2,2056.17
42,15,57,10,50,2,0,19,6.0475,65.9181,2,52.0384,2,52.0384,1,1,2,2056.25,736.696
42,15,57,10,50,2,0,20,36.9467,-159.624,1,47.5878,1,47.5878,1,1,2,2056.25,1055.16
42,15,57,10,50,2,0,21,-38.0842,8.30588,3,64.8419,3,64.8419,1,1,3,2056.28,722.296
42,15,57,10,50,2,0,22,-34.2242,-136.749,9,34.0516,9,34.0516,1,1,5,2056.32,14.0915
42,15,57,10,50,2,0,23,-79.507,-134.859,3,42.1805,3,42.1805,1,1,3,2056.28,722.297
42,15,57,10,50,2,0,24,-88.8545,-41.9026,3,16.4376,3,16.4376,1,1,3,2056.28,722.298
42,15,57,10,50,2,0,25,-31.5676,-111.387,9,26.2893,9,26.2893,1,1,5,2056.32,14.0924
42,15,57,10,50,2,0,26,-50.8415,78.2278,3,31.2934,3,31.2934,1,1,3,2056.28,722.3
42,15,57,10,50,2,0,27,38.8339,167.822,7,69.632,6,69.9482,1.00454,0,2,2056.25,609.517
42,15,57,10,50,2,0,28,-73.7397,143.99,3,11.0099,3,11.0099,1,1,3,2056.29,722.301
42,15,57,10,50,2,0,29,4.3051,172.023,6,39.7363,6,39.7363,1,1,4,2056.31,609.571
42,15,57,10,50,2,0,30,9.36972,-87.4182,5,24.1385,5,24.1385,1,1,3,2056.29,625.923
42,15,57,10,50,2,0,31,77.7659,-2.76385,0,4.81052,0,4.81052,1,1,1,2056.21,2056.18
42,15,57,10,50,2,0,32,88.784,169.65,7,5.20366,0,28.1445,5.4086,0,1,2056.21,2056.19
42,15,57,10,50,2,0,33,-7.71957,173.587,6,31.1523,6,31.1523,1,1,4,2056.31,609.571
42,15,57,10,50,2,0,34,-20.6606,176.656,6,26.1228,6,26.1228,1,1,4,2056.31,609.572
42,15,57,10,50,2,0,35,29.7525,-147.428,1,41.4715,1,41.4715,1,1,2,2056.26,1055.17
42,15,57,10,50,2,0,36,-81.4839,163.337,3,9.46906,3,9.46906,1,1,3,2056.29,722.305
42,15,57,10,50,2,0,37,20.439,-51.4164,1,45.5155,1,45.5155,1,1,2,2056.26,1055.17
42,15,57,10,50,2,0,38,-76.706,61.8641,3,9.2089,3,9.2089,1,1,3,2056.29,722.305
42,15,57,10,50,2,0,39,-3.13757,-151.121,9,34.3032,9,34.3032,1,1,4,2056.31,14.0834
42,15,57,10,50,2,0,40,-80.0193,110.59,3,1.07203,3,1.07203,1,1,3,2056.29,722.307
42,15,57,10,50,2,0,41,-41.254,-81.7216,4,21.7346,4,21.7346,1,1,3,2056.29,712.131
42,15,57,10,50,2,0,42,4.40876,175.16,6,41.6147,6,41.6147,1,1,3,2056.29,609.556
42,15,57,10,50,2,0,43,-46.9496,41.3381,3,43.5155,3,43.5155,1,1,3,2056.29,722.31
42,15,57,10,50,2,0,44,69.575,94.711,7,18.5924,0,26.9787,1.45107,0,1,2056.22,2056.2
42,15,57,10,50,2,0,45,16.6804,-22.1107,8,44.7713,2,45.3029,1.01187,0,2,2056.27,736.714
42,15,57,10,50,2,0,46,-86.3536,8.89279,3,12.7778,3,12.7778,1,1,3,2056.3,722.31
42,15,57,10,50,2,0,47,77.5627,-175.139,7,33.4941,0,45.4913,1.35819,0,1,2056.23,2056.2
42,15,57,10,50,2,0,48,-0.728386,-40.3137,4,37.6983,4,37.6983,1,1,3,2056.3,712.135
42,15,57,10,50,2,0,49,89.2238,137.222,7,4.08131,0,24.0445,5.89137,0,1,2056.23,2056.2
42,16,58,10,50,2,0,0,24.2142,-149.806,1,109.363,1,109.363,1,1,2,133.537,121.883
42,16,58,10,50,2,0,1,-54.639,162.249,4,14.952,4,14.952,1,1,3,133.589,73.8964
42,16,58,10,50,2,0,2,43.9822,-100.471,3,73.3683,5,138.603,1.88914,0,3,133.59,63.5684
42,16,58,10,50,2,0,3,-75.9833,-88.8688,5,12.5651,5,12.5651,1,1,3,133.591,63.5693
42,16,58,10,50,2,0,4,-40.8693,34.9095,6,35.5773,7,35.6035,1.00073,0,6,133.644,35.9171
42,16,58,10,50,2,0,5,-67.2697,-165.781,1,17.1379,1,17.1379,1,1,2,133.544,121.89
42,16,58,10,50,2,0,6,6.23489,-123.349,1,96.1089,1,96.1089,1,1,2,133.545,121.891
42,16,58,10,50,2,0,7,-75.1512,-113.892,1,12.898,1,12.898,1,1,2,133.546,121.892
42,16,58,10,50,2,0,8,78.9071,177.796,0,32.2242,0,32.2242,1,1,1,133.473,133.436
42,16,58,10,50,2,0,9,47.8187,-134.932,3,84.0937,1,135.175,1.60744,0,2,133.547,121.893
42,16,58,10,50,2,0,10,66.9105,100.758,3,24.8479,0,35.9537,1.44695,0,1,133.476,133.439
42,16,58,10,50,2,0,11,-3.99981,-140.998,1,82.1545,1,82.1545,1,1,2,133.548,121.894
42,16,58,10,50,2,0,12,-46.531,160.752,4,18.284,4,18.284,1,1,3,133.594,73.9009
42,16,58,10,50,2,0,13,39.6983,81.4287,2,20.9329,2,20.9329,1,1,2,133.55,106.68
42,16,58,10,50,2,0,14,39.8667,134.697,0,18.3578,0,18.3578,1,1,1,133.481,133.445
42,16,58,10,50,2,0,15,10.0952,-51.8381,6,67.8542,7,93.4932,1.37786,0,4,133.623,35.8959
42,16,58,10,50,2,0,16,82.4452,90.9122,3,15.0604,0,44.3703,2.94615,0,1,133.484,133.447
42,16,58,10,50,2,0,17,-34.7947,72.8547,8,40.478,7,42.1764,1.04196,0,4,133.624,35.897
42,16,58,10,50,2,0,18,85.2208,-41.556,3,16.9816,0,87.4095,5.14731,0,1,133.486,133.45
42,16,58,10,50,2,0,19,81.993,-91.297,3,26.3057,0,110.588,4.20394,0,1,133.489,133.452
42,16,58,10,50,2,0,20,86.6768,-150.553,3,32.6845,0,124.91,3.82169,0,1,133.49,133.453
42,16,58,10,50,2,0,21,-38.5388,5.82338,6,16.8897,7,45.9306,2.71945,0,5,133.637,35.91
42,16,58,10,50,2,0,22,-46.9511,-47.38,6,22.8148,5,40.5484,1.77728,0,3,133.597,63.5754
42,16,58,10,50,2,0,23,35.9657,-116.088,3,91.7813,1,128.219,1.39701,0,2,133.556,121.902
42,16,58,10,50,2,0,24,-24.7919,-12.4311,6,22.6452,7,54.4601,2.40492,0,4,133.626,35.899
42,16,58,10,50,2,0,25,-35.51,-95.7629,5,55.7888,5,55.7888,1,1,3,133.599,63.5775
42,16,58,10,50,2,0,26,-45.8363,100.98,9,19.5307,4,24.397,1.24916,0,3,133.601,73.9078
42,16,58,10,50,2,0,27,-28.3803,-4.73473,6,20.335,7,48.7886,2.39925,0,4,133.627,35.8999
42,16,58,10,50,2,0,28,40.8661,-157.364,3,105.869,1,125.447,1.18493,0,2,133.561,121.908
42,16,58,10,50,2,0,29,-51.653,-18.5344,6,5.23156,5,37.7664,7.21896,0,3,133.603,63.5807
42,16,58,10,50,2,0,30,78.6663,96.8843,3,16.5435,0,41.0342,2.48038,0,1,133.503,133.467
42,16,58,10,50,2,0,31,54.8138,142.223,0,11.7596,0,11.7596,1,1,1,133.504,133.468
42,16,58,10,50,2,0,32,3.89825,-139.962,1,90.2705,1,90.2705,1,1,2,133.564,121.91
42,16,58,10,50,2,0,33,17.5388,-1.76192,7,47.9013,7,47.9013,1,1,3,133.604,35.8769
42,16,58,10,50,2,0,34,-0.758919,19.0636,7,21.8463,7,21.8463,1,1,3,133.605,35.8782
42,16,58,10,50,2,0,35,43.4706,-8.16425,3,36.2935,7,67.2328,1.85248,0,3,133.606,35.8792
42,16,58,10,50,2,0,36,24.2551,-170.136,1,108.768,1,108.768,1,1,2,133.568,121.914
42,16,58,10,50,2,0,37,88.8296,134.608,3,21.52,0,41.7149,1.93842,0,1,133.512,133.475
42,16,58,10,50,2,0,38,-18.7582,69.5906,7,31.4151,7,31.4151,1,1,3,133.607,35.8806
42,16,58,10,50,2,0,39,-80.74,92.8996,5,16.4558,5,16.4558,1,1,4,133.628,63.6057
42,16,58,10,50,2,0,40,-61.4203,-52.5,5,26.0197,5,26.0197,1,1,3,133.609,63.5875
42,16,58,10,50,2,0,41,88.5683,-34.5132,3,17.4486,0,81.8705,4.69208,0,1,133.516,133.48
42,16,58,10,50,2,0,42,-65.7598,-59.624,5,21.7329,5,21.7329,1,1,3,133.611,63.5886
42,16,58,10,50,2,0,43,70.3761,130.213,0,26.4192,0,26.4192,1,1,1,133.519,133.482
42,16,58,10,50,2,0,44,-18.494,-142.554,1,67.3176,1,67.3176,1,1,2,133.574,121.92
42,16,58,10,50,2,0,45,-34.1609,-59.6554,6,37.1474,5,53.3755,1.43686,0,3,133.611,63.5895
42,16,58,10,50,2,0,46,67.1652,-138.694,3,56.28,1,153.706,2.73109,0,2,133.576,121.922
42,16,58,10,50,2,0,47,-48.7162,-37.8732,6,16.1278,5,39.1366,2.42665,0,3,133.613,63.5906
42,16,58,10,50,2,0,48,-49.3281,117.645,9,13.037,4,13.1464,1.00839,0,3,133.614,73.9211
42,16,58,10,50,2,0,49,70.1824,79.826,3,15.9224,2,45.6099,2.86451,0,2,133.579,106.71
42,17,59,10,50,2,0,0,-51.6879,-38.4627,3,11.5775,3,11.5775,1,1,3,3996.59,3935.68
42,17,59,10,50,2,0,1,73.3162,118.498,4,25.5066,4,25.5066,1,1,2,3996.53,2990.3
42,17,59,10,50,2,0,2,86.3866,-104.53,4,4.52787,4,4.52787,1,1,3,3996.59,2990.36
42,17,59,10,50,2,0,3,-36.5989,-15.9318,9,16.378,3,21.5297,1.31455,0,3,3996.59,3935.68
42,17,59,10,50,2,0,4,-22.2375,151.878,0,48.2694,0,48.2694,1,1,1,3996.46,3996.44
42,17,59,10,50,2,0,5,-44.8625,1.13618,9,18.1122,2,29.6659,1.63789,0,3,3996.59,3948.95
42,17,59,10,50,2,0,6,49.5127,31.0094,4,42.4465,4,42.4465,1,1,3,3996.59,2990.36
42,17,59,10,50,2,0,7,66.2922,129.969,4,37.9876,4,37.9876,1,1,2,3996.54,2990.31
42,17,59,10,50,2,0,8,-73.7997,-128.508,5,27.2261,2,35.4552,1.30225,0,3,3996.59,3948.95
42,17,59,10,50,2,0,9,-46.5169,-149.46,7,40.1949,3,77.4117,1.92591,0,4,3996.63,3935.72
42,17,59,10,50,2,0,10,19.4847,-83.008,1,59.9205,1,59.9205,1,1,2,3996.54,3962.11
42,17,59,10,50,2,0,11,18.4415,89.7468,0,92.1633,0,92.1633,1,1,1,3996.47,3996.45
42,17,59,10,50,2,0,12,51.7915,-155.987,8,21.6912,8,21.6912,1,1,4,3996.63,1970.83
42,17,59,10,50,2,0,13,58.459,-14.4529,4,30.6153,4,30.6153,1,1,3,3996.6,2990.37
42,17,59,10,50,2,0,14,-70.0672,-116.681,5,30.4728,2,36.1785,1.18724,0,3,3996.6,3948.96
42,17,59,10,50,2,0,15,82.5196,-63.5101,4,7.54204,4,7.54204,1,1,3,3996.6,2990.37
42,17,59,10,50,2,0,16,12.4282,131.672,0,79.7239,0,79.7239,1,1,1,3996.48,3996.46
42,17,59,10,50,2,0,17,-62.506,17.6296,6,5.34716,2,13.4126,2.50836,0,2,3996.55,3948.91
42,17,59,10,50,2,0,18,-76.4294,-18.2099,2,5.26967,2,5.26967,1,1,2,3996.55,3948.91
42,17,59,10,50,2,0,19,-89.1511,-17.3338,5,4.33638,2,14.8625,3.4274,0,2,3996.55,3948.91
42,17,59,10,50,2,0,20,-23.1662,-88.0272,1,35.9452,1,35.9452,1,1,2,3996.55,3962.11
42,17,59,10,50,2,0,21,81.9012,-127.307,4,11.5333,4,11.5333,1,1,3,3996.6,2990.37
42,17,59,10,50,2,0,22,61.4911,116.387,4,42.8186,4,42.8186,1,1,2,3996.55,2990.32
42,17,59,10,50,2,0,23,-88.6689,155.383,5,9.03136,0,22.2711,2.46598,0,1,3996.49,3996.46
42,17,59,10,50,2,0,24,83.9393,-90.3716,4,6.98925,4,6.98925,1,1,3,3996.6,2990.37
42,17,59,10,50,2,0,25,-87.0389,26.8479,5,2.49844,2,13.1583,5.26663,0,2,3996.55,3948.91
42,17,59,10,50,2,0,26,3.31017,42.8053,9,52.0086,2,84.8085,1.63066,0,3,3996.6,3948.96
42,17,59,10,50,2,0,27,-31.7027,-69.7966,1,18.3904,1,18.3904,1,1,2,3996.56,3962.12
42,17,59,10,50,2,0,28,33.4089,-126.487,8,31.9611,8,31.9611,1,1,4,3996.63,1970.84
42,17,59,10,50,2,0,29,47.8752,106.684,4,60.0865,4,60.0865,1,1,2,3996.56,2990.33
42,17,59,10,50,2,0,30,-31.5841,80.7896,0,46.676,0,46.676,1,1,1,3996.5,3996.47
42,17,59,10,50,2,0,31,-68.4133,141.688,0,5.6266,0,5.6266,1,1,1,3996.5,3996.47
42,17,59,10,50,2,0,32,16.2306,-81.8386,1,56.5365,1,56.5365,1,1,2,3996.56,3962.12
42,17,59,10,50,2,0,33,-10.3411,59.6024,9,59.31,2,77.2384,1.30228,0,2,3996.56,3948.92
42,17,59,10,50,2,0,34,39.9757,-18.9843,4,49.1724,4,49.1724,1,1,3,3996.61,2990.37
42,17,59,10,50,2,0,35,-68.8657,-146.381,5,38.1231,2,46.7511,1.22632,0,3,3996.61,3948.97
42,17,59,10,50,2,0,36,36.4943,-153.929,8,10.1284,8,10.1284,1,1,4,3996.63,1970.84
42,17,59,10,50,2,0,37,-46.844,15.9707,6,18.5358,2,28.5896,1.5424,0,3,3996.61,3948.97
42,17,59,10,50,2,0,38,71.2289,-91.0259,4,22.3308,4,22.3308,1,1,3,3996.61,2990.38
42,17,59,10,50,2,0,39,-4.32327,130.336,0,62.9244,0,62.9244,1,1,1,3996.51,3996.48
42,17,59,10,50,2,0,40,-0.698753,-2.72423,9,26.1893,1,52.8545,2.01817,0,2,3996.57,3962.13
42,17,59,10,50,2,0,41,-11.4078,-174.777,7,22.2457,8,43.665,1.96285,0,3,3996.61,1970.82
42,17,59,10,50,2,0,42,-69.9595,93.7791,0,12.4977,0,12.4977,1,1,1,3996.51,3996.49
42,17,59,10,50,2,0,43,-32.2869,106.899,0,37.2797,0,37.2797,1,1,1,3996.51,3996.49
42,17,59,10,50,2,0,44,73.6459,-148.823,4,25.6393,4,25.6393,1,1,3,3996.61,2990.38
42,17,59,10,50,2,0,45,16.7912,-95.8764,7,61.2912,8,64.0157,1.04445,0,3,3996.61,1970.82
42,17,59,10,50,2,0,46,55.9831,76.7559,4,42.5834,4,42.5834,1,1,2,3996.58,2990.34
42,17,59,10,50,2,0,47,-67.0941,-35.5726,2,14.2433,2,14.2433,1,1,3,3996.61,3948.97
42,17,59,10,50,2,0,48,87.4586,25.1296,4,1.97378,4,1.97378,1,1,3,3996.62,2990.38
42,17,59,10,50,2,0,49,-77.9851,74.8688,5,12.3269,2,17.7954,1.44362,0,2,3996.58,3948.94
42,18,60,10,50,2,0,0,-38.9928,-108.153,2,47.8616,2,47.8616,1,1,3,2033.49,2006.58
42,18,60,10,50,2,0,1,-70.62,-108.828,2,16.1693,2,16.1693,1,1,3,2033.49,2006.58
42,18,60,10,50,2,0,2,-51.8222,-112.855,2,35.1926,2,35.1926,1,1,3,2033.49,2006.58
42,18,60,10,50,2,0,3,0.529305,55.5082,9,7.89447,4,50.8995,6.44748,0,3,2033.49,1972.54
42,18,60,10,50,2,0,4,84.0036,-96.7961,0,3.47665,0,3.47665,1,1,1,2033.31,2033.27
42,18,60,10,50,2,0,5,66.6076,162.721,8,22.3577,8,22.3577,1,1,3,2033.49,35.563
42,18,60,10,50,2,0,6,-0.705124,-177.026,3,63.5564,3,63.5564,1,1,3,2033.49,1986.57
42,18,60,10,50,2,0,7,24.7767,5.2393,9,52.1801,7,57.3347,1.09879,0,3,2033.5,1038.27
42,18,60,10,50,2,0,8,-48.058,-81.3553,2,39.2157,2,39.2157,1,1,3,2033.5,2006.59
42,18,60,10,50,2,0,9,33.9118,11.9527,7,48.009,7,48.009,1,1,3,2033.5,1038.27
42,18,60,10,50,2,0,10,58.4527,80.5605,8,15.3736,8,15.3736,1,1,3,2033.5,35.5684
42,18,60,10,50,2,0,11,-51.7824,132.554,1,36.8829,1,36.8829,1,1,2,2033.4,2019.31
42,18,60,10,50,2,0,12,-37.4884,-119.732,2,50.1273,2,50.1273,1,1,3,2033.5,2006.59
42,18,60,10,50,2,0,13,-17.1479,-128.46,3,43.1255,3,43.1255,1,1,3,2033.5,1986.58
42,18,60,10,50,2,0,14,85.407,162.31,0,15.7037,0,15.7037,1,1,1,2033.32,2033.29
42,18,60,10,50,2,0,15,54.2141,-87.1717,0,33.1536,0,33.1536,1,1,1,2033.33,2033.29
42,18,60,10,50,2,0,16,-62.9213,147.188,5,31.5484,1,35.2678,1.11789,0,2,2033.4,2019.31
42,18,60,10,50,2,0,17,-7.99986,-49.487,4,68.7657,4,68.7657,1,1,4,2033.54,1972.59
42,18,60,10,50,2,0,18,-72.8337,165.059,5,23.18,1,36.072,1.55617,0,2,2033.4,2019.31
42,18,60,10,50,2,0,19,-86.9894,-157.66,2,3.2517,2,3.2517,1,1,3,2033.5,2006.59
42,18,60,10,50,2,0,20,-55.8686,139.236,1,36.84,1,36.84,1,1,2,2033.4,2019.31
42,18,60,10,50,2,0,21,-87.4696,66.8526,5,3.84244,2,8.51249,2.21539,0,3,2033.5,2006.59
42,18,60,10,50,2,0,22,71.1051,54.6143,7,14.5064,7,14.5064,1,1,2,2033.41,1038.18
42,18,60,10,50,2,0,23,-53.9541,-133.906,2,34.7595,2,34.7595,1,1,3,2033.51,2006.59
42,18,60,10,50,2,0,24,76.6295,139.915,8,16.7399,8,16.7399,1,1,3,2033.51,35.5765
42,18,60,10,50,2,0,25,29.0234,90.1644,8,37.0335,8,37.0335,1,1,4,2033.54,35.6117
42,18,60,10,50,2,0,26,20.238,134.482,8,46.58,8,46.58,1,1,4,2033.54,35.6124
42,18,60,10,50,2,0,27,21.359,145.499,8,49.2316,8,49.2316,1,1,4,2033.54,35.6132
42,18,60,10,50,2,0,28,-82.6249,-171.578,2,7.87939,2,7.87939,1,1,3,2033.51,2006.6
42,18,60,10,50,2,0,29,-81.4803,-174.436,2,9.35007,2,9.35007,1,1,3,2033.51,2006.6
42,18,60,10,50,2,0,30,85.3663,125.467,7,12.9086,7,12.9086,1,1,2,2033.41,1038.19
42,18,60,10,50,2,0,31,-40.8037,-135.11,2,48.5612,2,48.5612,1,1,3,2033.51,2006.6
42,18,60,10,50,2,0,32,46.3278,82.3928,8,23.4541,8,23.4541,1,1,3,2033.52,35.5845
42,18,60,10,50,2,0,33,-2.29855,126.988,8,67.0712,8,67.0712,1,1,3,2033.52,35.5855
42,18,60,10,50,2,0,34,33.7259,1.424,7,48.5937,7,48.5937,1,1,2,2033.42,1038.19
42,18,60,10,50,2,0,35,74.664,135.715,8,14.5508,8,14.5508,1,1,3,2033.52,35.5867
42,18,60,10,50,2,0,36,-19.6698,154.389,1,79.0373,1,79.0373,1,1,2,2033.42,2019.33
42,18,60,10,50,2,0,37,11.2836,-77.1295,3,40.5623,3,40.5623,1,1,2,2033.42,1986.5
42,18,60,10,50,2,0,38,14.5016,94.659,9,37.541,8,50.301,1.3399,0,3,2033.52,35.5877
42,18,60,10,50,2,0,39,-15.5177,2.26215,4,25.0159,4,25.0159,1,1,3,2033.52,1972.57
42,18,60,10,50,2,0,40,27.2872,-152.989,3,32.1126,3,32.1126,1,1,2,2033.43,1986.5
42,18,60,10,50,2,0,41,-43.7867,-84.9496,2,43.2957,2,43.2957,1,1,3,2033.52,2006.61
42,18,60,10,50,2,0,42,80.7467,135.145,7,18.4235,7,18.4235,1,1,2,2033.43,1038.2
42,18,60,10,50,2,0,43,-59.7252,176.244,5,42.4945,1,50.9375,1.19868,0,2,2033.43,2019.34
42,18,60,10,50,2,0,44,71.7834,-102.411,0,15.9033,0,15.9033,1,1,1,2033.36,2033.33
42,18,60,10,50,2,0,45,-89.0961,134.299,5,7.03331,2,8.9444,1.27172,0,3,2033.52,2006.61
42,18,60,10,50,2,0,46,-78.4718,-79.7997,2,8.57397,2,8.57397,1,1,3,2033.52,2006.61
42,18,60,10,50,2,0,47,89.5947,115.712,0,5.77927,0,5.77927,1,1,1,2033.37,2033.33
42,18,60,10,50,2,0,48,-88.7035,-5.40775,2,4.28716,2,4.28716,1,1,3,2033.52,2006.61
42,18,60,10,50,2,0,49,31.3501,70.0448,9,26.1603,8,42.1,1.60931,0,5,2033.56,35.6283
42,19,61,10,50,2,0,0,64.6842,-178.354,6,19.8086,0,28.3451,1.43095,0,1,301.355,301.324
42,19,61,10,50,2,0,1,55.6931,26.2552,1,25.6266,1,25.6266,1,1,2,301.411,273.283
42,19,61,10,50,2,0,2,79.7583,-120.841,6,2.84165,2,16.6611,5.86319,0,2,301.412,205.431
42,19,61,10,50,2,0,3,-50.8855,126.69,8,50.6461,8,50.6461,1,1,4,301.472,40.7922
42,19,61,10,50,2,0,4,10.3071,-161.993,0,63.6097,0,63.6097,1,1,1,301.36,301.329
42,19,61,10,50,2,0,5,88.0781,-35.8434,3,4.64146,3,4.64146,1,1,4,301.473,184.158
42,19,61,10,50,2,0,6,-48.8766,155.322,8,62.1931,8,62.1931,1,1,4,301.474,40.7935
42,19,61,10,50,2,0,7,73.0179,-114.735,6,8.69977,0,11.2536,1.29355,0,1,301.363,301.332
42,19,61,10,50,2,0,8,-21.8556,144.911,8,94.5039,8,94.5039,1,1,4,301.475,40.7944
42,19,61,10,50,2,0,9,-62.9331,175.017,8,47.0604,8,47.0604,1,1,4,301.475,40.795
42,19,61,10,50,2,0,10,6.74776,70.2972,4,24.6282,1,88.2906,3.58494,0,2,301.416,273.289
42,19,61,10,50,2,0,11,-30.6989,-6.49362,8,56.3586,8,56.3586,1,1,3,301.45,40.77
42,19,61,10,50,2,0,12,56.671,-79.6164,9,16.4504,0,19.1859,1.16629,0,1,301.369,301.338
42,19,61,10,50,2,0,13,-3.95206,125.09,4,79.3186,3,98.7692,1.24522,0,3,301.451,184.136
42,19,61,10,50,2,0,14,63.5991,-101.638,0,6.73297,0,6.73297,1,1,1,301.371,301.34
42,19,61,10,50,2,0,15,-60.0088,76.5667,8,28.571,8,28.571,1,1,3,301.452,40.7714
42,19,61,10,50,2,0,16,-49.9959,171.369,8,65.8715,8,65.8715,1,1,4,301.476,40.7957
42,19,61,10,50,2,0,17,-38.589,-120.475,5,77.4458,8,84.0137,1.08481,0,2,301.42,40.7396
42,19,61,10,50,2,0,18,-64.7363,1.05089,8,20.5859,8,20.5859,1,1,3,301.453,40.7728
42,19,61,10,50,2,0,19,-86.8929,71.1415,8,4.43842,8,4.43842,1,1,3,301.454,40.7736
42,19,61,10,50,2,0,20,9.52877,-177.63,0,72.504,0,72.504,1,1,1,301.379,301.348
42,19,61,10,50,2,0,21,-72.3509,101.304,8,19.2147,8,19.2147,1,1,4,301.48,40.7995
42,19,61,10,50,2,0,22,78.8461,-178.666,6,7.74163,0,27.2184,3.51584,0,1,301.381,301.351
42,19,61,10,50,2,0,23,83.2846,-66.0191,2,6.46536,2,6.46536,1,1,3,301.455,205.474
42,19,61,10,50,2,0,24,73.1225,-139.297,6,6.90444,0,14.5033,2.10057,0,1,301.383,301.352
42,19,61,10,50,2,0,25,-35.5011,-20.2596,8,54.08,8,54.08,1,1,3,301.456,40.7758
42,19,61,10,50,2,0,26,55.5001,47.6001,1,29.7495,1,29.7495,1,1,2,301.424,273.296
42,19,61,10,50,2,0,27,76.6234,44.3422,1,9.2405,1,9.2405,1,1,2,301.425,273.297
42,19,61,10,50,2,0,28,73.9918,-34.6573,2,8.21577,2,8.21577,1,1,3,301.457,205.475
42,19,61,10,50,2,0,29,-5.28402,95.1819,4,52.4043,8,92.613,1.76728,0,4,301.48,40.8002
42,19,61,10,50,2,0,30,21.8522,49.4144,4,2.60648,1,65.1047,24.978,0,2,301.427,273.299
42,19,61,10,50,2,0,31,-4.12569,123.712,4,78.0816,3,99.2822,1.27152,0,3,301.458,184.143
42,19,61,10,50,2,0,32,20.3915,94.5706,4,43.2583,3,81.1862,1.87678,0,3,301.459,184.144
42,19,61,10,50,2,0,33,-88.3814,91.3103,8,5.98879,8,5.98879,1,1,3,301.46,40.7795
42,19,61,10,50,2,0,34,-42.1893,-170.549,8,98.4911,8,98.4911,1,1,2,301.429,40.7489
42,19,61,10,50,2,0,35,-8.77407,114.679,4,71.5752,8,96.6576,1.35043,0,4,301.481,40.8008
42,19,61,10,50,2,0,36,-84.0891,17.75,8,0.931325,8,0.931325,1,1,3,301.461,40.7809
42,19,61,10,50,2,0,37,17.9917,169.514,7,63.1752,3,71.4469,1.13093,0,3,301.462,184.147
42,19,61,10,50,2,0,38,9.54202,22.5526,4,27.0542,1,71.5727,2.64554,0,2,301.432,273.304
42,19,61,10,50,2,0,39,-38.2525,-14.6711,8,50.0409,8,50.0409,1,1,3,301.463,40.7824
42,19,61,10,50,2,0,40,31.6278,32.4928,4,19.0097,1,50.9777,2.68168,0,2,301.433,273.306
42,19,61,10,50,2,0,41,72.5347,-5.74408,1,7.2834,1,7.2834,1,1,2,301.434,273.306
42,19,61,10,50,2,0,42,-49.9535,118.316,8,49.4148,8,49.4148,1,1,4,301.482,40.8015
42,19,61,10,50,2,0,43,-70.7009,-131.923,8,37.105,8,37.105,1,1,2,301.436,40.7556
42,19,61,10,50,2,0,44,-48.1706,28.0301,8,35.9589,8,35.9589,1,1,3,301.464,40.7839
42,19,61,10,50,2,0,45,71.6292,127.363,7,15.2909,3,19.0719,1.24726,0,3,301.465,184.15
42,19,61,10,50,2,0,46,-51.2777,-44.9929,8,42.6771,8,42.6771,1,1,2,301.438,40.7574
42,19,61,10,50,2,0,47,35.5378,118.228,7,55.388,3,58.7573,1.06083,0,3,301.466,184.151
42,19,61,10,50,2,0,48,-65.2112,74.3128,8,22.7044,8,22.7044,1,1,3,301.466,40.7861
42,19,61,10,50,2,0,49,14.7689,-34.8009,5,22.2159,2,67.5646,3.04127,0,3,301.467,205.486
42,20,62,10,50,2,0,0,-12.6248,-70.7278,4,30.5559,4,30.5559,1,1,3,1081.42,441.383
42,20,62,10,50,2,0,1,-88.8513,159.039,9,130.139,1,138.514,1.06435,0,2,1081.36,1067.33
42,20,62,10,50,2,0,2,30.0234,-130.895,5,49.3896,5,49.3896,1,1,3,1081.42,428.245
42,20,62,10,50,2,0,3,-13.6403,-165.304,5,26.5477,5,26.5477,1,1,3,1081.42,428.245
42,20,62,10,50,2,0,4,25.3602,-50.3139,8,14.3846,8,14.3846,1,1,3,1081.42,381.262
42,20,62,10,50,2,0,5,17.639,-57.4414,8,20.2798,8,20.2798,1,1,4,1081.43,381.276
42,20,62,10,50,2,0,6,81.1313,-56.9115,6,42.3523,8,43.2473,1.02113,0,2,1081.36,381.2
42,20,62,10,50,2,0,7,-60.5849,-58.9581,4,56.1302,4,56.1302,1,1,3,1081.42,441.387
42,20,62,10,50,2,0,8,1.60762,-173.315,5,9.35066,5,9.35066,1,1,3,1081.42,428.248
42,20,62,10,50,2,0,9,-72.2597,151.549,1,121.095,1,121.095,1,1,2,1081.36,1067.34
42,20,62,10,50,2,0,10,-47.6956,54.226,9,64.3699,0,86.3435,1.34137,0,1,1081.31,1081.29
42,20,62,10,50,2,0,11,76.5001,-152.223,8,63.7405,8,63.7405,1,1,4,1081.44,381.277
42,20,62,10,50,2,0,12,-32.5743,-48.7168,7,36.2734,4,51.4677,1.41888,0,3,1081.42,441.389
42,20,62,10,50,2,0,13,5.16736,-169.364,5,10.0345,5,10.0345,1,1,3,1081.43,428.251
42,20,62,10,50,2,0,14,36.3384,164.47,1,37.6248,1,37.6248,1,1,2,1081.39,1067.37
42,20,62,10,50,2,0,15,1.05308,-132.573,2,25.0186,2,25.0186,1,1,2,1081.39,1054.18
42,20,62,10,50,2,0,16,-43.129,4.4035,9,32.2826,0,83.8998,2.59892,0,1,1081.32,1081.29
42,20,62,10,50,2,0,17,-76.767,153.789,1,125.923,1,125.923,1,1,2,1081.39,1067.37
42,20,62,10,50,2,0,18,26.7545,-0.814545,0,29.9563,0,29.9563,1,1,1,1081.32,1081.29
42,20,62,10,50,2,0,19,84.2426,-75.7706,6,46.0375,8,47.088,1.02282,0,2,1081.4,381.237
42,20,62,10,50,2,0,20,64.4358,23.7632,6,16.9706,0,29.0699,1.71295,0,1,1081.32,1081.3
42,20,62,10,50,2,0,21,23.394,111.134,1,20.9524,1,20.9524,1,1,2,1081.4,1067.37
42,20,62,10,50,2,0,22,73.4258,105.618,3,10.3317,1,30.0359,2.90717,0,2,1081.4,1067.37
42,20,62,10,50,2,0,23,-63.912,-29.9331,9,53.6664,4,73.3292,1.36639,0,3,1081.43,441.39
42,20,62,10,50,2,0,24,56.1517,-92.3433,8,29.3658,8,29.3658,1,1,4,1081.44,381.277
42,20,62,10,50,2,0,25,-29.1923,-163.088,2,40.1257,2,40.1257,1,1,2,1081.4,1054.18
42,20,62,10,50,2,0,26,70.9413,-85.3843,8,36.5378,8,36.5378,1,1,2,1081.4,381.241
42,20,62,10,50,2,0,27,-67.6554,-103.266,2,48.5316,2,48.5316,1,1,2,1081.4,1054.18
42,20,62,10,50,2,0,28,22.9494,55.0238,0,23.4609,0,23.4609,1,1,1,1081.33,1081.3
42,20,62,10,50,2,0,29,-46.3148,-61.4244,4,46.2758,4,46.2758,1,1,3,1081.43,441.392
42,20,62,10,50,2,0,30,19.7468,89.4765,1,33.1955,1,33.1955,1,1,2,1081.4,1067.38
42,20,62,10,50,2,0,31,-6.99863,133.236,1,53.3868,1,53.3868,1,1,2,1081.4,1067.38
42,20,62,10,50,2,0,32,-43.06,12.4688,9,35.376,0,81.4889,2.30351,0,1,1081.33,1081.31
42,20,62,10,50,2,0,33,53.5122,147.389,1,22.6702,1,22.6702,1,1,2,1081.4,1067.38
42,20,62,10,50,2,0,34,-84.1729,95.5097,9,99.0853,1,129.553,1.30749,0,2,1081.4,1067.38
42,20,62,10,50,2,0,35,-54.1908,140.526,1,101.027,1,101.027,1,1,2,1081.4,1067.38
42,20,62,10,50,2,0,36,-30.3636,118.406,1,74.2991,1,74.2991,1,1,2,1081.41,1067.38
42,20,62,10,50,2,0,37,35.83,-93.8755,8,28.2937,8,28.2937,1,1,4,1081.44,381.278
42,20,62,10,50,2,0,38,22.0122,123.836,1,22.7945,1,22.7945,1,1,2,1081.41,1067.38
42,20,62,10,50,2,0,39,28.0957,-23.6722,8,30.8947,8,30.8947,1,1,2,1081.41,381.249
42,20,62,10,50,2,0,40,-74.2537,177.807,1,132.245,1,132.245,1,1,2,1081.41,1067.38
42,20,62,10,50,2,0,41,-3.38007,173.375,1,71.4538,1,71.4538,1,1,2,1081.41,1067.39
42,20,62,10,50,2,0,42,-43.7887,37.929,9,51.2203,0,79.8865,1.55966,0,1,1081.34,1081.31
42,20,62,10,50,2,0,43,-54.9453,138.321,1,101.258,1,101.258,1,1,2,1081.41,1067.39
42,20,62,10,50,2,0,44,-43.5236,-22.5203,7,32.9758,4,74.46,2.25802,0,3,1081.43,441.393
42,20,62,10,50,2,0,45,-51.5515,132.446,1,96.8115,1,96.8115,1,1,2,1081.41,1067.39
42,20,62,10,50,2,0,46,-56.5219,62.8997,9,73.1196,0,97.1362,1.32846,0,1,1081.34,1081.32
42,20,62,10,50,2,0,47,42.8411,-19.1638,8,30.4566,8,30.4566,1,1,2,1081.41,381.253
42,20,62,10,50,2,0,48,-52.3157,12.7066,9,43.2545,0,90.4,2.08995,0,1,1081.35,1081.32
42,20,62,10,50,2,0,49,-25.8874,-92.9771,4,13.1675,4,13.1675,1,1,3,1081.43,441.394
42,21,63,10,50,2,0,0,-0.403336,37.0936,1,16.3765,1,16.3765,1,1,2,144.1,122.953
42,21,63,10,50,2,0,1,37.5001,110.865,7,44.055,1,62.4464,1.41747,0,2,144.101,122.954
42,21,63,10,50,2,0,2,-19.7159,41.243,1,29.4344,1,29.4344,1,1,2,144.101,122.955
42,21,63,10,50,2,0,3,23.1424,-97.5772,0,78.9263,0,78.9263,1,1,1,144.048,144.01
42,21,63,10,50,2,0,4,41.7299,60.543,3,30.7561,3,30.7561,1,1,3,144.136,92.94
42,21,63,10,50,2,0,5,-53.1146,-75.9254,9,62.8519,4,112.541,1.79058,0,2,144.103,82.4486
42,21,63,10,50,2,0,6,30.8251,89.7927,5,35.251,1,42.9772,1.21918,0,2,144.104,122.957
42,21,63,10,50,2,0,7,77.6243,176.504,7,6.52178,3,91.078,13.9652,0,3,144.136,92.9407
42,21,63,10,50,2,0,8,24.2768,52.6105,5,14.4645,1,16.3242,1.12857,0,2,144.105,122.959
42,21,63,10,50,2,0,9,8.48747,125.87,2,42.9523,2,42.9523,1,1,3,144.137,103.39
42,21,63,10,50,2,0,10,-9.80113,-141.052,0,42.8514,0,42.8514,1,1,1,144.056,144.018
42,21,63,10,50,2,0,11,2.23553,67.2218,5,12.2441,1,16.9951,1.38802,0,2,144.107,122.96
42,21,63,10,50,2,0,12,59.0105,-21.5524,8,26.7488,3,34.3233,1.28317,0,3,144.138,92.9422
42,21,63,10,50,2,0,13,17.0939,78.9739,5,20.6867,1,28.6151,1.38326,0,2,144.108,122.962
42,21,63,10,50,2,0,14,-83.2324,76.5343,9,15.8166,4,34.0975,2.1558,0,4,144.163,82.5083
42,21,63,10,50,2,0,15,-25.7705,12.7286,9,49.7516,1,50.8333,1.02174,0,2,144.109,122.963
42,21,63,10,50,2,0,16,-33.1861,-156.541,0,48.6995,0,48.6995,1,1,1,144.061,144.024
42,21,63,10,50,2,0,17,-28.2031,74.1961,6,18.7887,4,34.6692,1.84521,0,3,144.139,82.4847
42,21,63,10,50,2,0,18,32.3511,169.879,7,46.5622,2,71.9963,1.54624,0,3,144.14,103.393
42,21,63,10,50,2,0,19,78.3095,-31.8379,8,19.6356,3,48.1417,2.45176,0,3,144.141,92.9453
42,21,63,10,50,2,0,20,25.2109,-129.61,0,49.2434,0,49.2434,1,1,1,144.065,144.028
42,21,63,10,50,2,0,21,36.1183,-67.928,3,70.2724,3,70.2724,1,1,2,144.112,92.9162
42,21,63,10,50,2,0,22,70.0912,47.4854,8,4.20023,3,35.1294,8.36368,0,3,144.142,92.9462
42,21,63,10,50,2,0,23,-35.7119,8.73587,9,41.4539,1,60.079,1.4493,0,2,144.113,122.967
42,21,63,10,50,2,0,24,-39.952,125.551,2,12.9575,2,12.9575,1,1,3,144.143,103.396
42,21,63,10,50,2,0,25,-22.6969,80.4936,6,23.9196,4,35.9918,1.5047,0,3,144.143,82.4888
42,21,63,10,50,2,0,26,82.2495,139.077,7,5.4499,3,72.9153,13.3792,0,3,144.144,92.9482
42,21,63,10,50,2,0,27,-16.1423,102.52,4,35.4707,4,35.4707,1,1,4,144.163,82.509
42,21,63,10,50,2,0,28,-31.2376,-178.097,0,41.5523,0,41.5523,1,1,1,144.071,144.034
42,21,63,10,50,2,0,29,0.746964,-48.9399,3,75.5554,3,75.5554,1,1,3,144.145,92.9497
42,21,63,10,50,2,0,30,39.2188,129.953,7,38.8246,2,72.3283,1.86295,0,3,144.146,103.399
42,21,63,10,50,2,0,31,71.8943,-167.935,0,62.1381,0,62.1381,1,1,1,144.074,144.037
42,21,63,10,50,2,0,32,76.7061,-92.6175,8,36.6091,3,71.4065,1.95051,0,2,144.118,92.9227
42,21,63,10,50,2,0,33,43.1307,38.1145,3,14.0578,3,14.0578,1,1,3,144.147,92.9512
42,21,63,10,50,2,0,34,-51.3694,62.8804,6,11.654,4,28.0437,2.40636,0,4,144.164,82.5098
42,21,63,10,50,2,0,35,-86.8617,127.683,9,24.4211,4,36.2222,1.48323,0,4,144.165,82.5104
42,21,63,10,50,2,0,36,56.635,78.5133,8,23.7817,3,43.0204,1.80897,0,3,144.149,92.9534
42,21,63,10,50,2,0,37,-60.1226,73.4523,9,13.5064,4,21.2334,1.5721,0,4,144.166,82.5112
42,21,63,10,50,2,0,38,-27.0007,-11.6691,9,58.5618,1,71.1872,1.21559,0,2,144.122,122.976
42,21,63,10,50,2,0,39,-48.9059,46.0945,9,19.9978,4,39.628,1.98162,0,3,144.15,82.496
42,21,63,10,50,2,0,40,-33.059,36.7944,6,35.1766,1,43.4027,1.23385,0,2,144.124,122.977
42,21,63,10,50,2,0,41,-26.7059,-81.619,9,97.6715,0,103.149,1.05608,0,1,144.081,144.044
42,21,63,10,50,2,0,42,-2.06417,94.3036,5,37.9118,1,44.2341,1.16676,0,2,144.124,122.978
42,21,63,10,50,2,0,43,-79.5494,113.397,9,20.451,4,28.304,1.38399,0,4,144.166,82.5119
42,21,63,10,50,2,0,44,48.1034,22.3951,3,9.52566,3,9.52566,1,1,3,144.152,92.9561
42,21,63,10,50,2,0,45,-57.7717,-5.35571,9,27.008,4,65.9257,2.44097,0,3,144.152,82.498
42,21,63,10,50,2,0,46,-13.826,-151.755,0,36.307,0,36.307,1,1,1,144.085,144.048
42,21,63,10,50,2,0,47,3.35481,-54.2397,3,78.1766,3,78.1766,1,1,3,144.153,92.9575
42,21,63,10,50,2,0,48,-32.1861,-87.0289,9,94.2368,0,99.7033,1.05801,0,1,144.087,144.05
42,21,63,10,50,2,0,49,81.9374,12.8889,8,12.624,3,43.4192,3.43941,0,3,144.154,92.9581
42,22,64,10,50,2,0,0,14.1056,151.452,4,14.2844,3,22.4927,1.57463,0,2,167.119,98.1723
42,22,64,10,50,2,0,1,76.2757,67.9794,1,37.2156,1,37.2156,1,1,2,167.12,130.303
42,22,64,10,50,2,0,2,-65.5662,-140.628,2,21.7465,2,21.7465,1,1,2,167.121,108.743
42,22,64,10,50,2,0,3,62.9887,-20.6289,8,52.5995,6,55.1127,1.04778,0,4,167.492,52.1225
42,22,64,10,50,2,0,4,61.801,-1.478,8,59.2968,6,65.8237,1.11007,0,4,167.493,52.1231
42,22,64,10,50,2,0,5,-28.4192,-85.272,9,14.8655,7,41.303,2.77845,0,3,167.466,39.8517
42,22,64,10,50,2,0,6,-15.3254,-110.664,2,38.4591,2,38.4591,1,1,2,167.124,108.746
42,22,64,10,50,2,0,7,-48.5361,61.7086,0,83.2963,0,83.2963,1,1,1,167.071,167.038
42,22,64,10,50,2,0,8,-35.5129,112.384,0,40.726,0,40.726,1,1,1,167.073,167.039
42,22,64,10,50,2,0,9,4.97277,117.863,3,14.129,3,14.129,1,1,2,167.124,98.1776
42,22,64,10,50,2,0,10,36.5874,-142.74,6,54.2099,6,54.2099,1,1,5,167.518,52.1481
42,22,64,10,50,2,0,11,-61.7012,-52.5509,9,31.6738,7,48.7232,1.53828,0,3,167.468,39.8541
42,22,64,10,50,2,0,12,-21.3149,29.7073,7,70.8371,7,70.8371,1,1,4,167.495,39.8804
42,22,64,10,50,2,0,13,41.6949,166.675,1,21.4125,1,21.4125,1,1,2,167.128,130.31
42,22,64,10,50,2,0,14,81.2269,-160.578,6,71.8011,6,71.8011,1,1,4,167.495,52.1253
42,22,64,10,50,2,0,15,-40.9495,10.6649,7,55.9072,7,55.9072,1,1,4,167.496,39.8816
42,22,64,10,50,2,0,16,85.437,-109.348,6,60.5491,6,60.5491,1,1,4,167.496,52.1265
42,22,64,10,50,2,0,17,-50.6778,-140.258,2,6.85793,2,6.85793,1,1,2,167.24,108.862
42,22,64,10,50,2,0,18,-34.9878,-155.378,2,14.5822,2,14.5822,1,1,2,167.242,108.864
42,22,64,10,50,2,0,19,9.55637,-126.374,6,47.4946,6,47.4946,1,1,4,167.497,52.1271
42,22,64,10,50,2,0,20,11.5719,142.274,4,7.27712,3,14.029,1.92782,0,2,167.244,98.2977
42,22,64,10,50,2,0,21,-15.8228,172.493,0,20.9606,0,20.9606,1,1,1,167.084,167.051
42,22,64,10,50,2,0,22,-74.1948,51.2821,9,83.4452,7,91.7751,1.09982,0,2,167.246,39.6316
42,22,64,10,50,2,0,23,27.1007,-39.4153,8,14.443,5,24.5005,1.69637,0,4,167.498,62.4797
42,22,64,10,50,2,0,24,-8.16697,-115.853,2,41.9101,2,41.9101,1,1,2,167.248,108.87
42,22,64,10,50,2,0,25,-50.776,-123.159,2,13.5828,2,13.5828,1,1,2,167.255,108.877
42,22,64,10,50,2,0,26,-39.2965,-44.9544,9,20.5409,7,25.8639,1.25914,0,4,167.499,39.8845
42,22,64,10,50,2,0,27,2.14493,58.7771,3,69.851,3,69.851,1,1,2,167.258,98.3109
42,22,64,10,50,2,0,28,82.3764,-92.3202,6,55.703,6,55.703,1,1,4,167.499,52.1295
42,22,64,10,50,2,0,29,22.7259,147.207,4,19.3157,3,19.6652,1.01809,0,2,167.26,98.3133
42,22,64,10,50,2,0,30,-36.4491,143.553,0,22.9713,0,22.9713,1,1,1,167.092,167.059
42,22,64,10,50,2,0,31,-11.0642,-82.0243,9,24.3763,5,32.2776,1.32414,0,3,167.477,62.4591
42,22,64,10,50,2,0,32,-72.8975,56.5159,9,86.5352,0,89.8429,1.03822,0,1,167.094,167.061
42,22,64,10,50,2,0,33,-21.1413,-35.7706,7,11.0391,7,11.0391,1,1,4,167.5,39.8861
42,22,64,10,50,2,0,34,40.5688,156.83,1,23.5893,1,23.5893,1,1,2,167.263,130.446
42,22,64,10,50,2,0,35,8.92793,-75.7186,5,14.9412,5,14.9412,1,1,4,167.501,62.4831
42,22,64,10,50,2,0,36,59.5522,166.21,1,3.66174,1,3.66174,1,1,2,167.266,130.448
42,22,64,10,50,2,0,37,-41.6129,150.715,0,27.176,0,27.176,1,1,1,167.098,167.065
42,22,64,10,50,2,0,38,18.7462,150.976,4,17.4377,3,22.1429,1.26983,0,2,167.267,98.32
42,22,64,10,50,2,0,39,-34.3502,-158.842,2,17.1882,2,17.1882,1,1,2,167.268,108.89
42,22,64,10,50,2,0,40,-72.4388,9.7476,9,62.7675,7,70.9347,1.13012,0,3,167.48,39.8656
42,22,64,10,50,2,0,41,-51.0004,-43.4706,9,26.7431,7,37.5586,1.40442,0,3,167.481,39.867
42,22,64,10,50,2,0,42,72.3966,82.2891,1,33.8466,1,33.8466,1,1,2,167.27,130.453
42,22,64,10,50,2,0,43,-82.3468,129.546,0,69.3644,0,69.3644,1,1,1,167.103,167.07
42,22,64,10,50,2,0,44,84.9844,60.7582,1,36.7792,1,36.7792,1,1,2,167.271,130.454
42,22,64,10,50,2,0,45,48.3763,-82.9294,6,21.3747,6,21.3747,1,1,5,167.522,52.1522
42,22,64,10,50,2,0,46,12.1554,-105.376,6,28.2942,6,28.2942,1,1,5,167.523,52.1533
42,22,64,10,50,2,0,47,7.52313,58.5159,3,68.7891,3,68.7891,1,1,2,167.436,98.4895
42,22,64,10,50,2,0,48,65.5701,152.764,1,7.13314,1,7.13314,1,1,2,167.438,130.621
42,22,64,10,50,2,0,49,-78.6273,32.2778,9,73.9654,7,84.006,1.13575,0,3,167.484,39.8698
42,23,65,10,50,2,0,0,27.0233,-98.7449,2,33.3186,2,33.3186,1,1,2,149.248,113.563
42,23,65,10,50,2,0,1,-67.0162,-158.657,3,62.4523,3,62.4523,1,1,2,149.248,100.8
42,23,65,10,50,2,0,2,65.9028,32.4463,1,62.0682,1,62.0682,1,1,2,149.25,133.78
42,23,65,10,50,2,0,3,10.6174,-129.977,3,21.2871,3,21.2871,1,1,3,149.285,100.836
42,23,65,10,50,2,0,4,78.7877,111.237,4,28.9696,4,28.9696,1,1,3,149.285,84.3387
42,23,65,10,50,2,0,5,-7.41453,-102.132,3,23.2577,3,23.2577,1,1,2,149.252,100.803
42,23,65,10,50,2,0,6,-64.6124,-139.761,0,54.5142,0,54.5142,1,1,1,149.2,149.174
42,23,65,10,50,2,0,7,-89.2616,119.411,9,2.7226,9,2.7226,1,1,2,149.252,10.3736
42,23,65,10,50,2,0,8,-10.3544,-18.9095,7,38.7589,0,47.8119,1.23357,0,1,149.202,149.176
42,23,65,10,50,2,0,9,86.9565,-81.9487,8,44.0626,8,44.0626,1,1,4,149.309,20.7304
42,23,65,10,50,2,0,10,-13.7138,24.7314,0,80.4195,0,80.4195,1,1,1,149.204,149.178
42,23,65,10,50,2,0,11,-42.5316,171.545,9,44.5453,9,44.5453,1,1,3,149.287,10.4082
42,23,65,10,50,2,0,12,-18.1861,64.8653,1,59.8448,1,59.8448,1,1,2,149.254,133.784
42,23,65,10,50,2,0,13,-33.4019,-121.474,3,23.5076,3,23.5076,1,1,2,149.255,100.806
42,23,65,10,50,2,0,14,56.2804,-60.9476,2,21.9623,2,21.9623,1,1,2,149.256,113.571
42,23,65,10,50,2,0,15,-65.7422,-13.3927,0,38.4724,0,38.4724,1,1,1,149.209,149.184
42,23,65,10,50,2,0,16,10.1537,-85.5168,2,33.1832,2,33.1832,1,1,2,149.257,113.572
42,23,65,10,50,2,0,17,3.97534,-27.8869,7,35.7873,2,43.5442,1.21675,0,2,149.257,113.573
42,23,65,10,50,2,0,18,63.4647,-150.814,8,19.1482,8,19.1482,1,1,3,149.288,20.7092
42,23,65,10,50,2,0,19,11.068,104.505,6,14.2488,1,16.4875,1.15711,0,2,149.259,133.789
42,23,65,10,50,2,0,20,70.2111,-172.693,8,30.9044,8,30.9044,1,1,3,149.289,20.7101
42,23,65,10,50,2,0,21,-88.8136,-168.803,9,12.2861,9,12.2861,1,1,2,149.26,10.3814
42,23,65,10,50,2,0,22,-66.2272,-176.15,3,68.73,3,68.73,1,1,2,149.261,100.812
42,23,65,10,50,2,0,23,65.3044,26.8367,2,64.5688,2,64.5688,1,1,3,149.289,113.605
42,23,65,10,50,2,0,24,-7.52991,124.522,6,17.9217,1,40.6647,2.26903,0,2,149.263,133.793
42,23,65,10,50,2,0,25,62.444,137.513,4,16.7961,4,16.7961,1,1,3,149.29,84.3434
42,23,65,10,50,2,0,26,-15.3734,-140.175,3,15.2216,3,15.2216,1,1,2,149.264,100.815
42,23,65,10,50,2,0,27,64.5288,112.881,4,28.0295,4,28.0295,1,1,3,149.291,84.344
42,23,65,10,50,2,0,28,52.3451,-117.746,8,10.579,8,10.579,1,1,3,149.292,20.7132
42,23,65,10,50,2,0,29,85.7037,37.2509,4,48.1107,4,48.1107,1,1,3,149.292,84.3455
42,23,65,10,50,2,0,30,0.653084,-140.077,3,18.1303,3,18.1303,1,1,3,149.293,100.844
42,23,65,10,50,2,0,31,-78.0709,-158.386,9,43.3993,9,43.3993,1,1,2,149.267,10.3885
42,23,65,10,50,2,0,32,-22.7969,31.8088,0,80.6443,0,80.6443,1,1,1,149.225,149.199
42,23,65,10,50,2,0,33,-3.13668,-98.6643,3,27.5711,3,27.5711,1,1,2,149.268,100.819
42,23,65,10,50,2,0,34,30.4972,-164.137,8,29.9973,8,29.9973,1,1,4,149.309,20.7311
42,23,65,10,50,2,0,35,-87.0797,21.4165,9,7.57937,9,7.57937,1,1,2,149.27,10.3912
42,23,65,10,50,2,0,36,-78.4152,-171.787,9,44.0293,9,44.0293,1,1,2,149.271,10.3919
42,23,65,10,50,2,0,37,16.307,-109.285,3,31.0547,3,31.0547,1,1,3,149.294,100.846
42,23,65,10,50,2,0,38,-83.9684,-16.7772,9,14.9145,9,14.9145,1,1,2,149.272,10.3933
42,23,65,10,50,2,0,39,48.7759,-2.99661,2,45.7174,2,45.7174,1,1,3,149.295,113.611
42,23,65,10,50,2,0,40,-36.1277,42.4398,9,79.2191,9,79.2191,1,1,2,149.273,10.3947
42,23,65,10,50,2,0,41,-22.742,76.9977,6,52.6383,1,56.8733,1.08046,0,2,149.274,133.804
42,23,65,10,50,2,0,42,41.1324,-96.4264,8,26.4472,8,26.4472,1,1,3,149.296,20.7175
42,23,65,10,50,2,0,43,4.93939,6.95483,7,68.0482,2,70.3813,1.03429,0,2,149.276,113.591
42,23,65,10,50,2,0,44,-17.0863,1.28621,7,57.344,0,58.8616,1.02647,0,1,149.234,149.209
42,23,65,10,50,2,0,45,-67.8971,147.134,9,19.8041,9,19.8041,1,1,3,149.297,10.418
42,23,65,10,50,2,0,46,20.6046,-111.936,8,31.7111,8,31.7111,1,1,4,149.31,20.7317
42,23,65,10,50,2,0,47,84.3736,175.616,4,25.0265,4,25.0265,1,1,3,149.298,84.3513
42,23,65,10,50,2,0,48,49.9363,-17.5263,2,35.7911,2,35.7911,1,1,3,149.299,113.614
42,23,65,10,50,2,0,49,-51.5244,-19.1329,0,31.1397,0,31.1397,1,1,1,149.239,149.213
42,24,66,10,50,2,0,0,38.7272,6.43269,4,18.8732,4,18.8732,1,1,3,1112.32,115.547
42,24,66,10,50,2,0,1,57.5121,-28.1598,6,23.6076,6,23.6076,1,1,6,1112.37,59.629
42,24,66,10,50,2,0,2,-75.3031,20.1271,5,9.04389,5,9.04389,1,1,2,1112.27,77.5185
42,24,66,10,50,2,0,3,46.5368,114.505,8,34.4478,8,34.4478,1,1,4,1112.34,28.6876
42,24,66,10,50,2,0,4,2.45468,39.8367,4,28.8825,4,28.8825,1,1,3,1112.32,115.549
42,24,66,10,50,2,0,5,10.0418,52.8755,4,34.5564,4,34.5564,1,1,2,1112.27,115.502
42,24,66,10,50,2,0,6,-26.3962,-177.005,1,37.2239,1,37.2239,1,1,2,1112.27,1100.54
42,24,66,10,50,2,0,7,45.0569,171.007,8,36.6919,8,36.6919,1,1,4,1112.34,28.6882
42,24,66,10,50,2,0,8,-79.8646,-162.226,5,49.6516,5,49.6516,1,1,3,1112.32,77.5691
42,24,66,10,50,2,0,9,-14.8178,67.5455,0,53.3776,0,53.3776,1,1,1,1112.23,1112.21
42,24,66,10,50,2,0,10,18.7285,2.90811,4,16.3933,4,16.3933,1,1,3,1112.32,115.551
42,24,66,10,50,2,0,11,-29.4849,18.2026,3,33.3193,3,33.3193,1,1,2,1112.28,1063.51
42,24,66,10,50,2,0,12,69.176,-94.0102,7,6.75767,6,17.1478,2.53753,0,4,1112.34,59.6026
42,24,66,10,50,2,0,13,61.0714,116.036,8,19.6597,8,19.6597,1,1,4,1112.34,28.6894
42,24,66,10,50,2,0,14,-66.7199,13.8375,5,15.1347,5,15.1347,1,1,2,1112.28,77.5261
42,24,66,10,50,2,0,15,80.5406,124.015,8,3.41499,8,3.41499,1,1,4,1112.34,28.69
42,24,66,10,50,2,0,16,-79.8649,96.1053,5,11.5078,5,11.5078,1,1,2,1112.28,77.5274
42,24,66,10,50,2,0,17,-42.0726,-130.336,1,35.3599,1,35.3599,1,1,2,1112.28,1100.55
42,24,66,10,50,2,0,18,-31.8838,-171.072,1,35.3623,1,35.3623,1,1,2,1112.28,1100.55
42,24,66,10,50,2,0,19,82.0846,121.142,8,4.5689,8,4.5689,1,1,4,1112.34,28.6907
42,24,66,10,50,2,0,20,24.3825,4.25281,4,14.1144,4,14.1144,1,1,3,1112.33,115.555
42,24,66,10,50,2,0,21,-2.99139,175.973,8,86.4672,8,86.4672,1,1,2,1112.28,28.6306
42,24,66,10,50,2,0,22,3.62374,-95.869,1,48.4039,1,48.4039,1,1,2,1112.28,1100.55
42,24,66,10,50,2,0,23,83.4897,27.5182,6,10.5857,6,10.5857,1,1,5,1112.36,59.6227
42,24,66,10,50,2,0,24,-39.0473,-42.6562,3,17.6752,3,17.6752,1,1,2,1112.29,1063.52
42,24,66,10,50,2,0,25,-42.4681,139.362,0,38.4394,0,38.4394,1,1,1,1112.24,1112.22
42,24,66,10,50,2,0,26,70.1259,36.094,6,22.9492,6,22.9492,1,1,4,1112.35,59.6059
42,24,66,10,50,2,0,27,-11.2175,98.6039,0,55.4978,0,55.4978,1,1,1,1112.24,1112.22
42,24,66,10,50,2,0,28,61.0419,-80.2922,7,11.5591,6,22.6514,1.95961,0,4,1112.35,59.6067
42,24,66,10,50,2,0,29,17.32,168.644,8,64.3175,8,64.3175,1,1,2,1112.29,28.6346
42,24,66,10,50,2,0,30,56.7726,15.7212,6,32.278,6,32.278,1,1,4,1112.35,59.6073
42,24,66,10,50,2,0,31,56.3292,133.815,8,22.6597,8,22.6597,1,1,4,1112.35,28.6941
42,24,66,10,50,2,0,32,-34.0867,-151.487,1,26.8044,1,26.8044,1,1,2,1112.29,1100.56
42,24,66,10,50,2,0,33,-88.2603,48.0589,5,14.557,5,14.557,1,1,2,1112.29,77.5377
42,24,66,10,50,2,0,34,-71.2792,167.649,0,29.6987,0,29.6987,1,1,1,1112.25,1112.23
42,24,66,10,50,2,0,35,-5.39969,86.2067,0,60.6246,0,60.6246,1,1,1,1112.25,1112.23
42,24,66,10,50,2,0,36,-4.0493,163.218,8,84.8217,8,84.8217,1,1,2,1112.29,28.6379
42,24,66,10,50,2,0,37,41.0897,179.149,8,42.4039,8,42.4039,1,1,4,1112.35,28.6948
42,24,66,10,50,2,0,38,-56.3256,69.1587,0,13.0783,0,13.0783,1,1,1,1112.25,1112.23
42,24,66,10,50,2,0,39,13.3335,-10.7458,4,30.6428,4,30.6428,1,1,3,1112.33,115.559
42,24,66,10,50,2,0,40,-76.7488,121.731,0,15.3459,0,15.3459,1,1,1,1112.25,1112.23
42,24,66,10,50,2,0,41,-25.6917,166.754,0,68.4328,0,68.4328,1,1,1,1112.26,1112.23
42,24,66,10,50,2,0,42,-11.0876,106.182,0,56.8651,0,56.8651,1,1,1,1112.26,1112.24
42,24,66,10,50,2,0,43,42.6791,-80.0913,7,29.8789,6,41.326,1.38311,0,4,1112.35,59.6092
42,24,66,10,50,2,0,44,-77.0553,-60.0017,5,28.8151,5,28.8151,1,1,3,1112.33,77.5793
42,24,66,10,50,2,0,45,-45.7237,139.435,0,35.5685,0,35.5685,1,1,1,1112.26,1112.24
42,24,66,10,50,2,0,46,67.8597,-158.789,7,28.4422,6,33.675,1.18398,0,4,1112.35,59.6142
42,24,66,10,50,2,0,47,46.625,-112.454,9,20.0617,6,45.3522,2.26064,0,4,1112.35,59.6148
42,24,66,10,50,2,0,48,-65.1378,96.7295,0,3.96809,0,3.96809,1,1,1,1112.26,1112.24
42,24,66,10,50,2,0,49,57.8025,-92.834,7,16.2834,6,28.3967,1.74391,0,4,1112.35,59.6154
42,25,67,10,50,2,0,0,49.3447,111.776,2,42.7795,2,42.7795,1,1,3,157.859,134.735
42,25,67,10,50,2,0,1,1.99654,-80.2508,9,23.0839,0,45.239,1.95976,0,1,157.77,157.75
42,25,67,10,50,2,0,2,53.4735,7.92285,4,76.1043,4,76.1043,1,1,4,157.88,93.2173
42,25,67,10,50,2,0,3,-9.06491,-1.34044,6,32.2216,1,43.3902,1.34662,0,2,157.823,145.238
42,25,67,10,50,2,0,4,16.3035,-35.093,6,45.3305,1,61.5064,1.35684,0,2,157.824,145.239
42,25,67,10,50,2,0,5,-62.8706,-151.459,3,25.5541,0,64.7156,2.53249,0,1,157.774,157.754
42,25,67,10,50,2,0,6,9.79848,-35.54,6,38.9744,1,55.0746,1.4131,0,2,157.825,145.24
42,25,67,10,50,2,0,7,-0.126968,-141.966,0,16.7621,0,16.7621,1,1,1,157.776,157.757
42,25,67,10,50,2,0,8,-60.3842,55.8256,4,48.1943,4,48.1943,1,1,3,157.86,93.1975
42,25,67,10,50,2,0,9,-29.1372,34.0843,4,21.2189,4,21.2189,1,1,3,157.861,93.1981
42,25,67,10,50,2,0,10,-37.9489,-24.5022,1,7.65972,1,7.65972,1,1,2,157.826,145.241
42,25,67,10,50,2,0,11,71.4923,47.0143,2,72.1284,2,72.1284,1,1,3,157.862,134.737
42,25,67,10,50,2,0,12,63.5215,-78.4953,8,57.1981,8,57.1981,1,1,2,157.828,31.3901
42,25,67,10,50,2,0,13,66.8036,-12.8511,8,96.0313,8,96.0313,1,1,5,157.893,31.4555
42,25,67,10,50,2,0,14,-13.4252,-88.5669,7,8.6551,0,38.15,4.4078,0,1,157.784,157.764
42,25,67,10,50,2,0,15,43.5018,-108.161,8,29.0612,8,29.0612,1,1,2,157.829,31.3917
42,25,67,10,50,2,0,16,-78.3957,-89.0032,5,6.87802,1,44.0401,6.40302,0,2,157.83,145.245
42,25,67,10,50,2,0,17,-4.20598,130.156,2,37.8133,2,37.8133,1,1,3,157.863,134.739
42,25,67,10,50,2,0,18,49.4598,153.458,2,65.0895,2,65.0895,1,1,3,157.864,134.739
42,25,67,10,50,2,0,19,-25.5924,-48.4733,6,18.0685,1,25.1203,1.39028,0,2,157.832,145.247
42,25,67,10,50,2,0,20,-30.8174,3.07401,6,27.4864,1,28.8343,1.04904,0,2,157.833,145.248
42,25,67,10,50,2,0,21,-9.96601,137.962,2,47.2587,2,47.2587,1,1,3,157.864,134.74
42,25,67,10,50,2,0,22,73.767,159.814,2,80.871,2,80.871,1,1,3,157.865,134.741
42,25,67,10,50,2,0,23,87.9979,-153.234,8,69.4989,8,69.4989,1,1,2,157.835,31.3974
42,25,67,10,50,2,0,24,17.8198,-62.2787,9,42.8101,8,62.5403,1.46088,0,2,157.836,31.3982
42,25,67,10,50,2,0,25,30.425,139.742,2,47.3234,2,47.3234,1,1,3,157.866,134.741
42,25,67,10,50,2,0,26,46.6095,23.8346,4,63.6309,4,63.6309,1,1,4,157.882,93.2186
42,25,67,10,50,2,0,27,3.37805,40.2621,4,17.8403,4,17.8403,1,1,4,157.882,93.2194
42,25,67,10,50,2,0,28,62.6697,-39.6367,8,79.0581,8,79.0581,1,1,2,157.839,31.4009
42,25,67,10,50,2,0,29,-76.2945,-81.5112,5,4.20241,1,40.6875,9.68193,0,2,157.839,145.254
42,25,67,10,50,2,0,30,25.8982,114.415,2,25.079,2,25.079,1,1,3,157.868,134.744
42,25,67,10,50,2,0,31,-4.83613,75.005,2,24.242,2,24.242,1,1,3,157.869,134.744
42,25,67,10,50,2,0,32,-77.2943,161.916,5,59.6535,1,97.7033,1.63785,0,2,157.842,145.257
42,25,67,10,50,2,0,33,12.5803,124.331,2,29.2204,2,29.2204,1,1,3,157.869,134.745
42,25,67,10,50,2,0,34,67.687,153.976,2,74.6204,2,74.6204,1,1,3,157.87,134.746
42,25,67,10,50,2,0,35,-52.0711,-106.261,3,11.2762,1,51.8436,4.59761,0,2,157.844,145.259
42,25,67,10,50,2,0,36,-11.4751,55.9258,4,7.56167,4,7.56167,1,1,4,157.883,93.22
42,25,67,10,50,2,0,37,-74.1493,-55.4162,5,4.53945,1,32.2156,7.09681,0,2,157.845,145.26
42,25,67,10,50,2,0,38,17.8699,-152.303,8,22.7532,8,22.7532,1,1,2,157.846,31.4081
42,25,67,10,50,2,0,39,-14.3253,-108.621,7,15.8617,0,20.5914,1.29818,0,1,157.805,157.785
42,25,67,10,50,2,0,40,-17.2908,-147.801,0,26.9143,0,26.9143,1,1,1,157.806,157.786
42,25,67,10,50,2,0,41,-74.4394,-121.362,5,14.105,1,55.2969,3.92037,0,2,157.847,145.262
42,25,67,10,50,2,0,42,28.017,37.8773,4,41.8784,4,41.8784,1,1,4,157.884,93.2206
42,25,67,10,50,2,0,43,49.4498,1.3734,4,76.3332,4,76.3332,1,1,4,157.884,93.2213
42,25,67,10,50,2,0,44,89.1203,126.311,2,82.52,2,82.52,1,1,3,157.873,134.749
42,25,67,10,50,2,0,45,49.9311,50.0371,2,56.3136,2,56.3136,1,1,3,157.874,134.75
42,25,67,10,50,2,0,46,30.3626,-89.81,8,36.3664,8,36.3664,1,1,2,157.85,31.4123
42,25,67,10,50,2,0,47,-27.479,86.1368,2,37.6746,2,37.6746,1,1,3,157.874,134.75
42,25,67,10,50,2,0,48,-53.9471,150.203,2,81.3488,2,81.3488,1,1,3,157.875,134.751
42,25,67,10,50,2,0,49,15.234,-152.52,8,23.5272,8,23.5272,1,1,2,157.852,31.4145
42,26,68,10,50,2,0,0,66.7765,-129.851,0,10.4416,0,10.4416,1,1,1,129.044,129.015
42,26,68,10,50,2,0,1,43.2949,63.8791,8,59.4177,2,64.9134,1.09249,0,2,129.098,99.4502
42,26,68,10,50,2,0,2,-79.8976,11.8587,3,5.28004,3,5.28004,1,1,3,129.239,86.6715
42,26,68,10,50,2,0,3,34.9748,-98.2606,1,24.937,1,24.937,1,1,2,129.099,114.626
42,26,68,10,50,2,0,4,39.7224,92.8739,2,61.5062,2,61.5062,1,1,2,129.1,99.4531
42,26,68,10,50,2,0,5,55.6177,26.936,8,29.6126,2,56.7037,1.91485,0,2,129.101,99.4538
42,26,68,10,50,2,0,6,59.5732,-46.6151,8,11.5726,0,51.0185,4.40855,0,1,129.05,129.022
42,26,68,10,50,2,0,7,58.2037,117.249,2,35.2626,2,35.2626,1,1,2,129.102,99.4545
42,26,68,10,50,2,0,8,-24.3788,126.066,4,41.0685,4,41.0685,1,1,5,129.291,76.1608
42,26,68,10,50,2,0,9,-24.3976,40.3729,4,40.8458,4,40.8458,1,1,4,129.271,76.14
42,26,68,10,50,2,0,10,14.5684,-6.79922,8,44.3768,6,58.3587,1.31507,0,3,129.242,55.2136
42,26,68,10,50,2,0,11,16.3537,121.673,4,72.2084,4,72.2084,1,1,4,129.272,76.1411
42,26,68,10,50,2,0,12,84.5511,-5.62971,2,11.1841,2,11.1841,1,1,2,129.105,99.4579
42,26,68,10,50,2,0,13,-80.0516,101.377,3,12.3532,3,12.3532,1,1,3,129.243,86.6754
42,26,68,10,50,2,0,14,74.2627,-125.332,7,7.85405,0,14.6328,1.86309,0,1,129.059,129.031
42,26,68,10,50,2,0,15,43.7809,102.078,2,54.4851,2,54.4851,1,1,2,129.107,99.4593
42,26,68,10,50,2,0,16,-37.5915,-5.84857,6,6.28209,6,6.28209,1,1,4,129.272,55.2439
42,26,68,10,50,2,0,17,-7.02126,-54.9783,1,39.8711,1,39.8711,1,1,2,129.193,114.72
42,26,68,10,50,2,0,18,-86.9949,-124.093,3,9.60564,3,9.60564,1,1,3,129.245,86.6772
42,26,68,10,50,2,0,19,13.3805,85.4548,4,58.8599,4,58.8599,1,1,4,129.273,76.1425
42,26,68,10,50,2,0,20,74.3905,-42.0034,7,18.2147,2,34.8889,1.91542,0,2,129.2,99.5527
42,26,68,10,50,2,0,21,-33.8046,87.9273,4,12.2171,4,12.2171,1,1,5,129.292,76.1618
42,26,68,10,50,2,0,22,45.6907,-131.202,0,22.2545,0,22.2545,1,1,1,129.067,129.038
42,26,68,10,50,2,0,23,12.588,-137.376,1,45.8772,1,45.8772,1,1,2,129.202,114.729
42,26,68,10,50,2,0,24,87.4321,156.381,2,1.74804,2,1.74804,1,1,2,129.203,99.5555
42,26,68,10,50,2,0,25,41.4984,24.001,8,35.9379,2,80.0161,2.22651,0,3,129.247,99.6001
42,26,68,10,50,2,0,26,-15.2092,-64.2958,1,37.1229,1,37.1229,1,1,2,129.205,114.732
42,26,68,10,50,2,0,27,-17.1629,-41.3161,6,41.6576,6,41.6576,1,1,3,129.248,55.22
42,26,68,10,50,2,0,28,55.0373,-14.429,8,6.54487,2,68.344,10.4424,0,2,129.207,99.5594
42,26,68,10,50,2,0,29,-59.9693,78.5999,4,14.7848,4,14.7848,1,1,4,129.274,76.1439
42,26,68,10,50,2,0,30,20.1194,147.623,2,71.1236,2,71.1236,1,1,2,129.208,99.561
42,26,68,10,50,2,0,31,0.339127,145.056,5,72.9084,4,73.2971,1.00533,0,4,129.275,76.1447
42,26,68,10,50,2,0,32,-19.1127,166.636,5,50.0571,4,75.3987,1.50625,0,4,129.276,76.1453
42,26,68,10,50,2,0,33,-44.9613,-32.2153,6,20.1446,6,20.1446,1,1,4,129.277,55.2482
42,26,68,10,50,2,0,34,-68.7286,116.839,9,16.7885,3,28.4614,1.69529,0,4,129.277,86.7093
42,26,68,10,50,2,0,35,-63.3803,-168.676,3,54.08,3,54.08,1,1,3,129.253,86.685
42,26,68,10,50,2,0,36,-52.5825,-14.3697,6,11.193,6,11.193,1,1,4,129.278,55.2497
42,26,68,10,50,2,0,37,49.6256,166.217,2,39.639,2,39.639,1,1,2,129.215,99.5675
42,26,68,10,50,2,0,38,17.2142,-55.5728,1,34.4476,1,34.4476,1,1,2,129.216,114.743
42,26,68,10,50,2,0,39,-75.5798,29.2927,3,9.92774,3,9.92774,1,1,3,129.254,86.6866
42,26,68,10,50,2,0,40,-39.5959,111.837,4,21.9931,4,21.9931,1,1,5,129.293,76.1627
42,26,68,10,50,2,0,41,-63.3531,70.3899,4,19.3797,4,19.3797,1,1,4,129.279,76.1489
42,26,68,10,50,2,0,42,-66.2292,18.968,3,18.9818,3,18.9818,1,1,3,129.257,86.689
42,26,68,10,50,2,0,43,-75.4631,157.616,9,3.69672,3,26.0405,7.04423,0,4,129.281,86.7127
42,26,68,10,50,2,0,44,-87.7305,-90.8649,3,6.97607,3,6.97607,1,1,3,129.259,86.6908
42,26,68,10,50,2,0,45,28.108,44.7777,8,59.4094,4,82.7141,1.39227,0,4,129.281,76.1508
42,26,68,10,50,2,0,46,-61.6209,-123.106,3,45.7015,3,45.7015,1,1,3,129.26,86.6924
42,26,68,10,50,2,0,47,4.91673,18.5328,6,53.1253,6,53.1253,1,1,5,129.294,55.266
42,26,68,10,50,2,0,48,-68.235,99.9109,9,22.6323,4,24.5911,1.08655,0,5,129.295,76.1648
42,26,68,10,50,2,0,49,83.1587,-93.9271,7,12.4532,2,19.3795,1.55619,0,2,129.225,99.5779
42,27,69,10,50,2,0,0,-11.6095,-22.3427,4,76.1274,4,76.1274,1,1,3,2945.19,954.518
42,27,69,10,50,2,0,1,78.2782,14.0464,8,11.4197,1,13.4965,1.18186,0,2,2945,2916.32
42,27,69,10,50,2,0,2,-39.7823,0.885086,4,53.3186,4,53.3186,1,1,4,2945.21,954.542
42,27,69,10,50,2,0,3,70.6481,149.182,2,21.3902,0,35.7692,1.67222,0,1,2944.96,2944.94
42,27,69,10,50,2,0,4,-35.6605,-159.185,9,17.0039,5,36.8631,2.16792,0,4,2945.22,923.308
42,27,69,10,50,2,0,5,74.7109,-175.461,7,19.3399,7,19.3399,1,1,3,2945.19,63.6564
42,27,69,10,50,2,0,6,-82.6194,99.7117,4,23.7691,4,23.7691,1,1,3,2945.19,954.521
42,27,69,10,50,2,0,7,14.2483,167.896,0,24.2969,0,24.2969,1,1,1,2944.96,2944.94
42,27,69,10,50,2,0,8,-1.97061,167.246,0,40.4061,0,40.4061,1,1,1,2944.96,2944.95
42,27,69,10,50,2,0,9,53.315,13.9217,1,12.8962,1,12.8962,1,1,2,2945.01,2916.33
42,27,69,10,50,2,0,10,-40.1139,150.36,3,33.5311,3,33.5311,1,1,2,2945.01,1927.85
42,27,69,10,50,2,0,11,31.5028,-24.4278,1,46.5498,1,46.5498,1,1,2,2945.01,2916.33
42,27,69,10,50,2,0,12,81.4734,19.7613,8,7.65133,1,16.3728,2.13987,0,2,2945.01,2916.33
42,27,69,10,50,2,0,13,18.9173,158.33,0,23.4539,0,23.4539,1,1,1,2944.97,2944.95
42,27,69,10,50,2,0,14,-46.6287,140.475,3,31.6842,3,31.6842,1,1,2,2945.01,1927.85
42,27,69,10,50,2,0,15,-79.9275,63.5236,4,21.6555,4,21.6555,1,1,4,2945.22,954.543
42,27,69,10,50,2,0,16,-30.9338,176.701,3,53.2062,3,53.2062,1,1,2,2945.01,1927.85
42,27,69,10,50,2,0,17,-51.215,38.5678,4,52.258,4,52.258,1,1,4,2945.22,954.544
42,27,69,10,50,2,0,18,-1.20674,-141.134,9,37.5753,5,67.4539,1.79516,0,4,2945.22,923.31
42,27,69,10,50,2,0,19,3.87479,106.265,3,27.4303,3,27.4303,1,1,2,2945.06,1927.9
42,27,69,10,50,2,0,20,-60.1595,-22.8286,4,25.628,4,25.628,1,1,4,2945.22,954.546
42,27,69,10,50,2,0,21,55.402,-105.558,7,14.1882,7,14.1882,1,1,3,2945.2,63.6606
42,27,69,10,50,2,0,22,-51.5584,-40.6993,4,31.4092,4,31.4092,1,1,4,2945.22,954.547
42,27,69,10,50,2,0,23,-58.831,72.9419,3,51.9616,3,51.9616,1,1,3,2945.2,1928.04
42,27,69,10,50,2,0,24,-26.7266,168.968,3,46.4086,3,46.4086,1,1,2,2945.06,1927.9
42,27,69,10,50,2,0,25,-46.5682,46.319,4,60.9186,4,60.9186,1,1,4,2945.22,954.548
42,27,69,10,50,2,0,26,69.664,149.869,2,22.442,0,34.775,1.54955,0,1,2944.98,2944.96
42,27,69,10,50,2,0,27,-79.0544,122.275,4,32.8109,4,32.8109,1,1,3,2945.2,954.528
42,27,69,10,50,2,0,28,-5.18474,59.7257,3,59.5545,3,59.5545,1,1,3,2945.2,1928.04
42,27,69,10,50,2,0,29,50.3025,76.3731,2,26.2649,1,31.6816,1.20623,0,2,2945.06,2916.38
42,27,69,10,50,2,0,30,10.1004,120.75,3,30.7912,3,30.7912,1,1,2,2945.06,1927.9
42,27,69,10,50,2,0,31,-20.0516,138.333,3,18.3861,3,18.3861,1,1,2,2945.06,1927.9
42,27,69,10,50,2,0,32,58.7257,37.4669,1,9.03316,1,9.03316,1,1,2,2945.06,2916.38
42,27,69,10,50,2,0,33,-1.54951,-64.962,9,78.1421,4,79.5414,1.01791,0,3,2945.2,954.529
42,27,69,10,50,2,0,34,38.1665,-175.349,7,45.8226,7,45.8226,1,1,4,2945.22,63.6843
42,27,69,10,50,2,0,35,-69.3483,136.014,3,50.2324,3,50.2324,1,1,2,2945.07,1927.91
42,27,69,10,50,2,0,36,-9.08902,152.107,3,34.2583,3,34.2583,1,1,2,2945.07,1927.91
42,27,69,10,50,2,0,37,-74.7719,58.7051,4,27.1463,4,27.1463,1,1,4,2945.22,954.55
42,27,69,10,50,2,0,38,-34.2959,-87.2058,9,41.2204,5,43.5287,1.056,0,4,2945.22,923.315
42,27,69,10,50,2,0,39,-24.1765,57.9549,3,56.305,3,56.305,1,1,3,2945.2,1928.04
42,27,69,10,50,2,0,40,-49.1188,38.5106,4,54.8905,4,54.8905,1,1,4,2945.22,954.551
42,27,69,10,50,2,0,41,-37.863,-138.91,9,0.995254,5,30.652,30.7981,0,4,2945.24,923.328
42,27,69,10,50,2,0,42,4.18988,-53.8348,7,82.3016,7,82.3016,1,1,4,2945.24,63.6998
42,27,69,10,50,2,0,43,81.6825,178.01,8,11.9081,0,43.8004,3.6782,0,1,2944.99,2944.97
42,27,69,10,50,2,0,44,-87.0546,83.9699,4,16.773,4,16.773,1,1,3,2945.21,954.534
42,27,69,10,50,2,0,45,37.1917,26.0917,1,27.9853,1,27.9853,1,1,2,2945.07,2916.39
42,27,69,10,50,2,0,46,12.36,-145.72,9,51.5643,7,59.9376,1.16239,0,5,2945.26,63.7184
42,27,69,10,50,2,0,47,-7.78752,-37.8286,4,76.2778,4,76.2778,1,1,3,2945.21,954.536
42,27,69,10,50,2,0,48,35.8735,161.326,0,10.2994,0,10.2994,1,1,1,2945,2944.98
42,27,69,10,50,2,0,49,38.6047,-31.9199,1,43.5259,1,43.5259,1,1,2,2945.07,2916.39
42,28,70,10,50,2,0,0,-87.7003,88.4416,1,30.9978,1,30.9978,1,1,2,195.049,173.48
42,28,70,10,50,2,0,1,25.7885,149.819,0,14.5069,0,14.5069,1,1,1,194.999,194.974
42,28,70,10,50,2,0,2,2.30586,-4.23936,8,31.0997,8,31.0997,1,1,5,195.123,31.0604
42,28,70,10,50,2,0,3,-70.2697,-138.598,3,25.0123,3,25.0123,1,1,3,195.091,135.161
42,28,70,10,50,2,0,4,72.3382,137.015,5,51.8796,5,51.8796,1,1,2,195.052,80.3102
42,28,70,10,50,2,0,5,6.71119,-10.0421,8,25.1535,8,25.1535,1,1,6,195.13,31.0674
42,28,70,10,50,2,0,6,50.1708,73.1427,5,38.2658,5,38.2658,1,1,2,195.054,80.312
42,28,70,10,50,2,0,7,-25.1889,-129.48,3,20.5354,3,20.5354,1,1,3,195.092,135.162
42,28,70,10,50,2,0,8,24.7916,38.8798,6,15.5268,8,49.2791,3.1738,0,3,195.093,31.0304
42,28,70,10,50,2,0,9,-41.8022,178.17,2,24.7939,2,24.7939,1,1,3,195.094,163.234
42,28,70,10,50,2,0,10,1.25867,144.625,0,11.4549,0,11.4549,1,1,1,195.008,194.982
42,28,70,10,50,2,0,11,53.2341,-156.473,7,18.8666,7,18.8666,1,1,3,195.094,41.4645
42,28,70,10,50,2,0,12,-1.43775,61.3604,6,31.1505,5,52.64,1.68986,0,2,195.057,80.3158
42,28,70,10,50,2,0,13,-53.9359,-120.628,3,12.2355,3,12.2355,1,1,3,195.095,135.165
42,28,70,10,50,2,0,14,-67.5437,65.3752,1,33.5769,1,33.5769,1,1,2,195.059,173.49
42,28,70,10,50,2,0,15,-9.4108,-130.488,3,36.1051,3,36.1051,1,1,3,195.096,135.165
42,28,70,10,50,2,0,16,-13.0916,-147.245,3,34.2498,3,34.2498,1,1,3,195.096,135.166
42,28,70,10,50,2,0,17,-80.3345,158.429,1,21.1679,1,21.1679,1,1,2,195.061,173.492
42,28,70,10,50,2,0,18,14.258,-121.208,9,46.3099,9,46.3099,1,1,5,195.124,20.4837
42,28,70,10,50,2,0,19,-80.0846,-6.80763,1,53.6702,1,53.6702,1,1,2,195.062,173.493
42,28,70,10,50,2,0,20,-82.0966,33.2532,1,40.8407,1,40.8407,1,1,2,195.063,173.494
42,28,70,10,50,2,0,21,81.5751,116.148,5,57.6558,5,57.6558,1,1,2,195.064,80.3221
42,28,70,10,50,2,0,22,-36.802,-67.2276,9,34.9762,9,34.9762,1,1,4,195.115,20.4745
42,28,70,10,50,2,0,23,83.3344,155.979,5,65.5961,5,65.5961,1,1,2,195.065,80.3238
42,28,70,10,50,2,0,24,75.8261,-96.9356,7,13.7154,7,13.7154,1,1,3,195.098,41.4683
42,28,70,10,50,2,0,25,77.0744,-25.8305,7,33.5761,7,33.5761,1,1,3,195.099,41.469
42,28,70,10,50,2,0,26,-66.1554,80.6171,1,27.3412,1,27.3412,1,1,2,195.067,173.498
42,28,70,10,50,2,0,27,-1.15196,44.8138,6,16.9264,5,67.1494,3.96713,0,2,195.068,80.3264
42,28,70,10,50,2,0,28,-19.0113,69.8242,6,47.5042,5,57.7684,1.21607,0,3,195.1,80.3581
42,28,70,10,50,2,0,29,52.0929,6.88991,8,27.28,8,27.28,1,1,4,195.116,31.0534
42,28,70,10,50,2,0,30,-22.4003,-94.6357,9,24.8756,9,24.8756,1,1,4,195.117,20.4761
42,28,70,10,50,2,0,31,28.2009,109.016,5,4.13674,5,4.13674,1,1,2,195.071,80.3294
42,28,70,10,50,2,0,32,-30.9402,75.7329,1,53.4576,1,53.4576,1,1,2,195.072,173.503
42,28,70,10,50,2,0,33,43.7224,146.636,0,31.2181,0,31.2181,1,1,1,195.027,195.002
42,28,70,10,50,2,0,34,67.2623,107.276,5,43.1535,5,43.1535,1,1,2,195.072,80.3308
42,28,70,10,50,2,0,35,-20.086,150.331,2,7.4253,2,7.4253,1,1,2,195.073,163.213
42,28,70,10,50,2,0,36,-19.7356,-57.0216,9,26.4176,9,26.4176,1,1,5,195.125,20.4845
42,28,70,10,50,2,0,37,43.2398,66.9247,5,39.3856,5,39.3856,1,1,2,195.074,80.3327
42,28,70,10,50,2,0,38,27.8754,73.1485,5,31.8171,5,31.8171,1,1,2,195.075,80.3335
42,28,70,10,50,2,0,39,21.4519,27.4031,6,11.9938,8,40.4881,3.37576,0,3,195.103,31.0405
42,28,70,10,50,2,0,40,78.1065,17.0525,7,45.2311,7,45.2311,1,1,3,195.104,41.474
42,28,70,10,50,2,0,41,-89.2137,-156.098,3,44.6555,3,44.6555,1,1,3,195.105,135.175
42,28,70,10,50,2,0,42,-41.1652,-0.731339,6,60.802,8,73.965,1.21649,0,3,195.106,31.0429
42,28,70,10,50,2,0,43,34.358,59.647,6,34.6216,5,43.6723,1.26142,0,2,195.079,80.3371
42,28,70,10,50,2,0,44,-55.4535,-7.09816,6,75.4277,1,78.3536,1.03879,0,2,195.08,173.511
42,28,70,10,50,2,0,45,-56.7316,24.2923,1,60.4881,1,60.4881,1,1,2,195.08,173.511
42,28,70,10,50,2,0,46,39.133,122.939,5,19.5181,5,19.5181,1,1,2,195.081,80.3396
42,28,70,10,50,2,0,47,-23.3457,-163.614,3,32.8292,3,32.8292,1,1,3,195.107,135.176
42,28,70,10,50,2,0,48,9.33582,-139.247,3,54.9234,3,54.9234,1,1,3,195.107,135.177
42,28,70,10,50,2,0,49,81.5108,-26.8039,7,31.3247,7,31.3247,1,1,3,195.108,41.4782
42,29,71,10,50,2,0,0,-76.5468,13.8016,9,54.6179,9,54.6179,1,1,3,136.328,11.9905
42,29,71,10,50,2,0,1,-30.1988,98.8989,8,20.5008,8,20.5008,1,1,4,136.352,24.481
42,29,71,10,50,2,0,2,41.1886,-17.6359,5,16.677,5,16.677,1,1,4,136.352,69.3856
42,29,71,10,50,2,0,3,54.7528,106.028,2,30.7255,2,30.7255,1,1,3,136.33,112.406
42,29,71,10,50,2,0,4,85.4521,63.3788,1,1.97447,1,1.97447,1,1,2,136.293,123.102
42,29,71,10,50,2,0,5,24.2013,-36.1479,5,18.756,5,18.756,1,1,2,136.294,69.3271
42,29,71,10,50,2,0,6,87.0116,35.8315,1,4.47791,1,4.47791,1,1,2,136.295,123.104
42,29,71,10,50,2,0,7,-71.4179,98.7752,9,25.8088,9,25.8088,1,1,4,136.353,12.0152
42,29,71,10,50,2,0,8,-44.8594,74.5164,8,16.9468,8,16.9468,1,1,4,136.354,24.483
42,29,71,10,50,2,0,9,34.419,147.063,3,15.9699,1,62.1876,3.89406,0,2,136.297,123.106
42,29,71,10,50,2,0,10,33.217,-61.9555,5,41.5199,5,41.5199,1,1,2,136.297,69.3306
42,29,71,10,50,2,0,11,-24.2468,-130.672,6,15.7299,6,15.7299,1,1,2,136.298,55.5998
42,29,71,10,50,2,0,12,-6.86772,-99.1963,0,30.1146,0,30.1146,1,1,1,136.249,136.222
42,29,71,10,50,2,0,13,-49.819,110.396,9,28.0905,9,28.0905,1,1,5,136.374,12.036
42,29,71,10,50,2,0,14,78.1956,-40.3839,1,18.7066,1,18.7066,1,1,2,136.299,123.109
42,29,71,10,50,2,0,15,43.143,-176.702,7,27.0112,7,27.0112,1,1,3,136.333,38.6261
42,29,71,10,50,2,0,16,76.7088,-154.112,7,12.1798,7,12.1798,1,1,3,136.334,38.6269
42,29,71,10,50,2,0,17,51.0983,55.795,2,1.52536,2,1.52536,1,1,3,136.335,112.41
42,29,71,10,50,2,0,18,4.12629,31.7021,5,50.1521,5,50.1521,1,1,4,136.355,69.3884
42,29,71,10,50,2,0,19,-9.08847,-0.843231,5,36.7107,5,36.7107,1,1,2,136.303,69.3366
42,29,71,10,50,2,0,20,-42.4595,-149.774,6,37.5955,6,37.5955,1,1,2,136.304,55.6058
42,29,71,10,50,2,0,21,71.5045,-90.8959,7,22.7397,7,22.7397,1,1,3,136.336,38.6291
42,29,71,10,50,2,0,22,33.0286,-179.827,7,37.5819,7,37.5819,1,1,3,136.337,38.6298
42,29,71,10,50,2,0,23,-86.0604,156.338,9,25.6877,9,25.6877,1,1,3,136.338,12.0004
42,29,71,10,50,2,0,24,37.3447,76.7172,2,21.7961,2,21.7961,1,1,3,136.339,112.414
42,29,71,10,50,2,0,25,61.7007,-38.8765,1,39.9585,1,39.9585,1,1,2,136.308,123.117
42,29,71,10,50,2,0,26,-82.6192,-105.092,0,73.103,0,73.103,1,1,1,136.262,136.234
42,29,71,10,50,2,0,27,5.22593,1.02623,5,25.1448,5,25.1448,1,1,3,136.34,69.3729
42,29,71,10,50,2,0,28,-12.1442,90.8139,8,21.3062,8,21.3062,1,1,4,136.356,24.485
42,29,71,10,50,2,0,29,-34.2891,-47.8972,0,28.5648,0,28.5648,1,1,1,136.265,136.237
42,29,71,10,50,2,0,30,-64.785,-162.292,6,61.3272,6,61.3272,1,1,2,136.31,55.6115
42,29,71,10,50,2,0,31,-22.2998,-156.152,6,27.2207,6,27.2207,1,1,2,136.311,55.6124
42,29,71,10,50,2,0,32,-68.2019,-122.403,6,60.1003,6,60.1003,1,1,2,136.311,55.613
42,29,71,10,50,2,0,33,39.8213,51.8488,2,12.6836,2,12.6836,1,1,3,136.341,112.417
42,29,71,10,50,2,0,34,44.6495,-118.534,7,26.6455,7,26.6455,1,1,3,136.342,38.6346
42,29,71,10,50,2,0,35,-64.4972,-175.62,6,66.1129,6,66.1129,1,1,2,136.313,55.6149
42,29,71,10,50,2,0,36,-44.1543,-165.986,6,46.978,6,46.978,1,1,2,136.314,55.6156
42,29,71,10,50,2,0,37,-43.2579,157.748,9,17.1536,9,17.1536,1,1,5,136.375,12.0368
42,29,71,10,50,2,0,38,-82.9063,-78.6366,0,69.6553,0,69.6553,1,1,1,136.272,136.245
42,29,71,10,50,2,0,39,67.0434,88.8769,1,17.1278,1,17.1278,1,1,2,136.315,123.125
42,29,71,10,50,2,0,40,89.0403,77.4883,1,5.33235,1,5.33235,1,1,2,136.316,123.126
42,29,71,10,50,2,0,41,-64.9998,-167.158,6,63.1604,6,63.1604,1,1,2,136.317,55.6186
42,29,71,10,50,2,0,42,76.1981,60.4523,1,7.84386,1,7.84386,1,1,2,136.318,123.127
42,29,71,10,50,2,0,43,6.93427,-51.8923,0,26.881,0,26.881,1,1,1,136.277,136.25
42,29,71,10,50,2,0,44,-14.3669,125.29,3,41.2874,8,48.2992,1.16983,0,4,136.361,24.4907
42,29,71,10,50,2,0,45,40.1053,21.6962,2,25.7632,2,25.7632,1,1,3,136.344,112.42
42,29,71,10,50,2,0,46,71.499,-144.389,7,7.0604,7,7.0604,1,1,3,136.345,38.6377
42,29,71,10,50,2,0,47,22.7719,-173.406,7,45.4505,7,45.4505,1,1,3,136.346,38.6384
42,29,71,10,50,2,0,48,-43.396,-54.8136,0,32.491,0,32.491,1,1,1,136.281,136.254
42,29,71,10,50,2,0,49,29.2215,-177.493,7,40.429,7,40.429,1,1,3,136.346,38.6391
