seed,trial,trial_seed,num_pubs,num_subs,brake_limit,encrypted,sub_id,sub_lat,sub_lon,optimal_pub_id,optimal_dist,received_pub_id,received_dist,stretch,recall,num_received,latency_ms,latency_per_pub_ms
42,0,42,10,50,1,0,0,86.7168,-101.214,1,63.6232,1,63.6232,1,1,2,155.808,144.45
42,0,42,10,50,1,0,1,-8.20873,6.71545,1,54.2738,1,54.2738,1,1,2,155.809,144.451
42,0,42,10,50,1,0,2,13.2915,19.8832,1,48.5146,1,48.5146,1,1,2,155.809,144.451
42,0,42,10,50,1,0,3,41.1383,46.3946,9,47.2368,1,59.1614,1.25244,0,2,155.81,144.452
42,0,42,10,50,1,0,4,53.3031,30.1377,1,45.9897,1,45.9897,1,1,2,155.811,144.453
42,0,42,10,50,1,0,5,-40.542,118.655,5,25.3886,5,25.3886,1,1,3,156.07,78.9418
42,0,42,10,50,1,0,6,74.4624,167.545,3,55.2627,3,55.2627,1,1,3,156.071,103.674
42,0,42,10,50,1,0,7,-44.6247,-136.82,6,12.6427,0,51.2201,4.05137,0,1,155.764,155.721
42,0,42,10,50,1,0,8,-51.2045,139.912,7,29.7058,5,44.2124,1.48834,0,3,156.072,78.9435
42,0,42,10,50,1,0,9,87.0422,6.18704,1,55.3077,1,55.3077,1,1,2,155.813,144.455
42,0,42,10,50,1,0,10,74.4421,-54.5183,1,43.0174,1,43.0174,1,1,2,155.814,144.456
42,0,42,10,50,1,0,11,-39.1379,-96.6861,2,14.5086,0,47.9151,3.30253,0,1,155.768,155.725
42,0,42,10,50,1,0,12,-2.82805,-39.8475,1,38.8805,1,38.8805,1,1,2,155.815,144.457
42,0,42,10,50,1,0,13,88.5778,23.7459,1,59.6157,1,59.6157,1,1,2,155.815,144.458
42,0,42,10,50,1,0,14,79.2484,20.4303,1,52.1558,1,52.1558,1,1,2,155.816,144.458
42,0,42,10,50,1,0,15,-34.3383,151.93,5,50.1833,5,50.1833,1,1,3,156.072,78.9442
42,0,42,10,50,1,0,16,49.6081,94.9059,3,38.0901,3,38.0901,1,1,3,156.073,103.676
42,0,42,10,50,1,0,17,-10.6771,-54.2007,1,51.8334,1,51.8334,1,1,2,156.044,144.686
42,0,42,10,50,1,0,18,-32.6055,-119.078,6,10.151,0,59.6985,5.88106,0,1,155.774,155.731
42,0,42,10,50,1,0,19,86.097,-138.605,1,75.5449,1,75.5449,1,1,2,156.045,144.687
42,0,42,10,50,1,0,20,45.5301,-88.8902,1,48.0966,1,48.0966,1,1,2,156.046,144.688
42,0,42,10,50,1,0,21,80.0252,59.985,1,66.0299,1,66.0299,1,1,2,156.047,144.689
42,0,42,10,50,1,0,22,-50.6727,-109.199,2,12.1101,0,38.096,3.1458,0,1,155.777,155.734
42,0,42,10,50,1,0,23,51.5826,-23.7544,1,17.5334,1,17.5334,1,1,2,156.047,144.689
42,0,42,10,50,1,0,24,-74.6437,97.2496,7,3.98853,0,30.8408,7.73238,0,1,155.779,155.736
42,0,42,10,50,1,0,25,81.2163,179.597,3,63.7995,3,63.7995,1,1,3,156.074,103.676
42,0,42,10,50,1,0,26,-68.6344,-95.8432,2,16.0226,0,17.3945,1.08563,0,1,155.78,155.738
42,0,42,10,50,1,0,27,-48.5447,37.0752,8,28.1695,5,52.9213,1.87868,0,2,156.049,78.9205
42,0,42,10,50,1,0,28,22.1547,-99.9337,6,63.1167,1,64.6133,1.02371,0,2,156.049,144.691
42,0,42,10,50,1,0,29,-59.5895,22.806,8,15.8025,0,35.8414,2.26808,0,1,155.783,155.74
42,0,42,10,50,1,0,30,50.2483,-7.85559,1,21.7697,1,21.7697,1,1,2,156.05,144.692
42,0,42,10,50,1,0,31,-2.63178,19.7129,1,58.8516,1,58.8516,1,1,2,156.051,144.693
42,0,42,10,50,1,0,32,-46.4749,153.382,7,39.3912,5,52.111,1.32291,0,3,156.074,78.9461
42,0,42,10,50,1,0,33,72.7561,21.8393,1,48.4955,1,48.4955,1,1,2,156.052,144.695
42,0,42,10,50,1,0,34,-72.8476,137.706,7,13.8426,0,41.4795,2.99651,0,1,155.787,155.744
42,0,42,10,50,1,0,35,31.6172,125.365,3,8.56684,3,8.56684,1,1,3,156.075,103.678
42,0,42,10,50,1,0,36,-65.592,43.2849,8,12.8027,0,33.0179,2.57898,0,1,155.789,155.746
42,0,42,10,50,1,0,37,2.67494,-52.5295,1,39.3245,1,39.3245,1,1,2,156.054,144.696
42,0,42,10,50,1,0,38,57.0429,-71.4849,1,37.9961,1,37.9961,1,1,2,156.055,144.697
42,0,42,10,50,1,0,39,51.8581,144.798,3,29.3807,3,29.3807,1,1,3,156.076,103.678
42,0,42,10,50,1,0,40,-77.1177,86.1488,7,6.67941,0,25.1564,3.76626,0,1,155.792,155.749
42,0,42,10,50,1,0,41,72.1976,-111.504,1,62.7406,1,62.7406,1,1,2,156.056,144.698
42,0,42,10,50,1,0,42,85.1528,-132.694,1,73.3081,1,73.3081,1,1,2,156.057,144.699
42,0,42,10,50,1,0,43,52.7855,34.615,1,48.9328,1,48.9328,1,1,2,156.058,144.7
42,0,42,10,50,1,0,44,-26.3139,166.392,3,62.0433,3,62.0433,1,1,2,156.058,103.661
42,0,42,10,50,1,0,45,-61.2895,-132.131,2,24.4182,0,31.0287,1.27072,0,1,155.796,155.753
42,0,42,10,50,1,0,46,-10.7317,52.1574,9,41.8912,5,43.5369,1.03929,0,4,156.09,78.9617
42,0,42,10,50,1,0,47,33.7908,65.5869,9,30.0376,3,57.7638,1.92305,0,3,156.077,103.68
42,0,42,10,50,1,0,48,12.7698,33.0939,9,53.2644,1,59.9282,1.12511,0,2,156.06,144.702
42,0,42,10,50,1,0,49,-46.2869,59.8444,7,30.2504,5,36.4974,1.20651,0,2,156.061,78.9328
42,1,43,10,50,1,0,0,-81.2576,8.15625,7,17.9095,0,89.4261,4.99323,0,1,137.524,137.502
42,1,43,10,50,1,0,1,-61.9798,137.927,2,14.1322,1,74.1882,5.24957,0,2,137.578,127.202
42,1,43,10,50,1,0,2,-35.5547,-168.047,3,55.0813,0,68.4713,1.2431,0,1,137.527,137.505
42,1,43,10,50,1,0,3,-12.52,116.147,1,30.5435,1,30.5435,1,1,2,137.58,127.204
42,1,43,10,50,1,0,4,69.7657,139.799,5,5.45736,1,83.3746,15.2775,0,2,137.58,127.204
42,1,43,10,50,1,0,5,69.8343,-79.2949,8,23.494,6,36.1006,1.53659,0,2,137.581,52.0357
42,1,43,10,50,1,0,6,-66.621,-43.2769,7,42.8264,0,59.6023,1.39172,0,1,137.531,137.509
42,1,43,10,50,1,0,7,-85.9185,-83.312,7,32.4873,0,66.7665,2.05516,0,1,137.532,137.51
42,1,43,10,50,1,0,8,-27.2091,7.42296,4,56.1263,4,56.1263,1,1,3,137.609,92.0357
42,1,43,10,50,1,0,9,-13.4045,163.284,9,34.1051,1,76.1287,2.23218,0,2,137.583,127.207
42,1,43,10,50,1,0,10,-66.4982,-72.637,0,49.3963,0,49.3963,1,1,1,137.536,137.514
42,1,43,10,50,1,0,11,68.006,126.007,5,10.2474,1,76.5909,7.47415,0,2,137.584,127.208
42,1,43,10,50,1,0,12,-2.89001,170.066,9,46.6649,1,82.5608,1.76923,0,2,137.584,127.209
42,1,43,10,50,1,0,13,12.6836,-91.6352,0,32.1274,0,32.1274,1,1,1,137.539,137.516
42,1,43,10,50,1,0,14,-39.053,118.175,9,20.8216,1,47.3568,2.27441,0,2,137.585,127.209
42,1,43,10,50,1,0,15,-63.201,-60.6212,0,50.1043,0,50.1043,1,1,1,137.541,137.518
42,1,43,10,50,1,0,16,-26.8341,-70.3615,0,22.1381,0,22.1381,1,1,1,137.542,137.519
42,1,43,10,50,1,0,17,-51.347,55.2223,7,24.3875,1,57.6281,2.36302,0,2,137.586,127.21
42,1,43,10,50,1,0,18,-29.2045,52.266,1,43.8277,1,43.8277,1,1,2,137.587,127.211
42,1,43,10,50,1,0,19,-4.31524,-98.8775,0,16.1423,0,16.1423,1,1,1,137.545,137.522
42,1,43,10,50,1,0,20,6.03239,-48.9619,8,44.4925,0,50.6365,1.13809,0,1,137.546,137.523
42,1,43,10,50,1,0,21,0.913773,58.8228,4,26.0979,4,26.0979,1,1,3,137.61,92.0364
42,1,43,10,50,1,0,22,43.8806,9.99059,4,35.5646,4,35.5646,1,1,3,137.611,92.0372
42,1,43,10,50,1,0,23,77.7554,-146.657,6,42.0447,6,42.0447,1,1,2,137.589,52.0439
42,1,43,10,50,1,0,24,-81.2932,-51.2982,7,30.2625,0,67.3685,2.22613,0,1,137.549,137.527
42,1,43,10,50,1,0,25,-81.6865,-115.583,7,43.638,0,63.8994,1.46431,0,1,137.55,137.528
42,1,43,10,50,1,0,26,28.0324,152.639,5,39.0537,1,69.9638,1.79148,0,2,137.59,127.214
42,1,43,10,50,1,0,27,-84.7881,-129.715,7,42.0172,0,69.1477,1.6457,0,1,137.552,137.53
42,1,43,10,50,1,0,28,71.3527,35.791,5,41.7071,4,52.5697,1.26045,0,3,137.611,92.0379
42,1,43,10,50,1,0,29,-20.6753,-115.401,0,21.0434,0,21.0434,1,1,1,137.554,137.531
42,1,43,10,50,1,0,30,-13.0168,12.2475,4,41.961,4,41.961,1,1,3,137.612,92.0386
42,1,43,10,50,1,0,31,1.98907,100.298,1,13.2986,1,13.2986,1,1,2,137.592,127.216
42,1,43,10,50,1,0,32,60.943,81.2841,5,31.8998,4,52.8716,1.65743,0,3,137.613,92.0394
42,1,43,10,50,1,0,33,-12.2398,-116.523,3,13.7456,0,23.7036,1.72445,0,1,137.557,137.535
42,1,43,10,50,1,0,34,-23.2249,146.89,9,20.4178,1,61.9982,3.03647,0,2,137.594,127.218
42,1,43,10,50,1,0,35,-17.7003,145.615,9,25.8977,1,59.5966,2.30124,0,2,137.594,127.219
42,1,43,10,50,1,0,36,-41.0359,146.427,9,2.70783,1,67.7173,25.0079,0,2,137.595,127.219
42,1,43,10,50,1,0,37,12.2189,-174.311,3,52.0865,6,61.433,1.17944,0,2,137.596,52.0507
42,1,43,10,50,1,0,38,-11.7912,-0.0515137,4,50.037,4,50.037,1,1,3,137.614,92.0401
42,1,43,10,50,1,0,39,-70.4838,-6.16891,7,26.9308,0,79.9272,2.96787,0,1,137.562,137.539
42,1,43,10,50,1,0,40,64.3251,-124.341,6,25.7667,6,25.7667,1,1,2,137.598,52.0524
42,1,43,10,50,1,0,41,29.1241,4.71494,4,33.4701,4,33.4701,1,1,3,137.614,92.0408
42,1,43,10,50,1,0,42,-75.8509,68.672,7,4.06611,1,75.8108,18.6446,0,2,137.599,127.223
42,1,43,10,50,1,0,43,27.4998,171.004,5,41.4815,1,86.4023,2.08291,0,2,137.6,127.224
42,1,43,10,50,1,0,44,-37.7685,-166.351,3,55.1278,0,66.9365,1.21421,0,1,137.566,137.544
42,1,43,10,50,1,0,45,-62.1985,78.4294,7,10.7801,1,61.2083,5.67791,0,2,137.6,127.225
42,1,43,10,50,1,0,46,12.9483,59.581,4,20.1205,4,20.1205,1,1,3,137.615,92.0416
42,1,43,10,50,1,0,47,-0.636185,-32.2175,8,58.034,0,62.769,1.08159,0,1,137.569,137.547
42,1,43,10,50,1,0,48,-19.5674,154.248,9,25.2259,1,68.1149,2.7002,0,2,137.602,127.226
42,1,43,10,50,1,0,49,15.6297,94.4153,1,18.4435,1,18.4435,1,1,2,137.603,127.227
42,2,44,10,50,1,0,0,-68.9146,-64.3487,2,16.2565,2,16.2565,1,1,3,572.83,541.612
42,2,44,10,50,1,0,1,64.522,90.0977,0,27.8968,0,27.8968,1,1,1,572.695,572.678
42,2,44,10,50,1,0,2,-85.4848,4.38132,2,19.8528,2,19.8528,1,1,2,572.742,541.524
42,2,44,10,50,1,0,3,-65.5038,3.4384,6,32.0849,2,39.0668,1.21761,0,2,572.743,541.524
42,2,44,10,50,1,0,4,86.2687,-108.731,1,37.794,1,37.794,1,1,2,572.743,562.212
42,2,44,10,50,1,0,5,88.8392,82.4427,3,30.7836,0,45.1273,1.46595,0,1,572.698,572.681
42,2,44,10,50,1,0,6,63.4645,102.908,3,26.3449,0,33.2598,1.26248,0,1,572.699,572.682
42,2,44,10,50,1,0,7,52.3669,153.129,3,12.9894,0,64.8065,4.9892,0,1,572.7,572.683
42,2,44,10,50,1,0,8,85.1912,53.4013,3,35.5116,0,40.2498,1.13343,0,1,572.701,572.684
42,2,44,10,50,1,0,9,67.943,-42.9234,1,58.9364,1,58.9364,1,1,2,572.744,562.212
42,2,44,10,50,1,0,10,61.3555,-86.4684,1,39.7878,1,39.7878,1,1,2,572.745,562.213
42,2,44,10,50,1,0,11,83.4998,165.194,3,19.178,0,61.2719,3.19491,0,1,572.704,572.686
42,2,44,10,50,1,0,12,89.5522,16.8438,3,41.5047,0,47.0574,1.13378,0,1,572.705,572.687
42,2,44,10,50,1,0,13,-65.6292,-21.2969,2,31.3954,2,31.3954,1,1,2,572.745,541.527
42,2,44,10,50,1,0,14,-68.7368,29.489,6,20.3292,2,42.7383,2.10232,0,2,572.746,541.527
42,2,44,10,50,1,0,15,1.12473,-95.3028,4,23.42,1,75.8302,3.23783,0,2,572.747,562.215
42,2,44,10,50,1,0,16,72.5701,-48.7066,1,53.9982,1,53.9982,1,1,2,572.747,562.216
42,2,44,10,50,1,0,17,87.3975,154.171,3,23.1589,0,58.1808,2.51225,0,1,572.709,572.692
42,2,44,10,50,1,0,18,67.8373,-136.213,1,18.5923,1,18.5923,1,1,2,572.748,562.216
42,2,44,10,50,1,0,19,-11.1955,128.212,6,66.1899,0,89.2894,1.34899,0,1,572.711,572.694
42,2,44,10,50,1,0,20,-32.472,-24.7125,5,50.0475,5,50.0475,1,1,3,572.831,500.377
42,2,44,10,50,1,0,21,15.3274,-118.015,7,1.56177,1,49.7394,31.8481,0,2,572.804,562.273
42,2,44,10,50,1,0,22,-50.9023,-44.6115,2,39.6043,2,39.6043,1,1,2,572.807,541.589
42,2,44,10,50,1,0,23,-72.4428,-111.422,2,4.46654,2,4.46654,1,1,3,572.832,541.614
42,2,44,10,50,1,0,24,-85.6051,171,6,25.3579,2,43.9889,1.73472,0,2,572.809,541.59
42,2,44,10,50,1,0,25,12.8273,131.501,3,57.0081,0,73.7648,1.29394,0,1,572.715,572.698
42,2,44,10,50,1,0,26,-47.734,12.6542,5,30.1334,5,30.1334,1,1,3,572.833,500.379
42,2,44,10,50,1,0,27,58.3475,-96.3636,1,35.2326,1,35.2326,1,1,2,572.81,562.278
42,2,44,10,50,1,0,28,-75.251,165.437,6,25.5131,2,66.9106,2.6226,0,2,572.811,541.592
42,2,44,10,50,1,0,29,31.1698,-107.975,7,18.0232,1,42.7842,2.37384,0,2,572.811,562.28
42,2,44,10,50,1,0,30,7.46281,-115.411,7,7.52895,1,58.1334,7.72131,0,2,572.812,562.28
42,2,44,10,50,1,0,31,-11.6391,-19.9341,8,44.8138,5,48.7685,1.08825,0,2,572.813,500.358
42,2,44,10,50,1,0,32,7.94118,-28.4832,8,57.1132,5,64.9143,1.13659,0,2,572.814,500.359
42,2,44,10,50,1,0,33,-22.8818,-28.443,8,53.4128,5,54.1316,1.01346,0,3,572.834,500.38
42,2,44,10,50,1,0,34,7.65208,111.845,0,62.6759,0,62.6759,1,1,1,572.722,572.705
42,2,44,10,50,1,0,35,-40.1155,130.36,6,38.716,5,88.46,2.28485,0,2,572.815,500.36
42,2,44,10,50,1,0,36,-46.4335,130.424,6,32.8037,5,87.245,2.65961,0,2,572.815,500.361
42,2,44,10,50,1,0,37,-83.8275,-14.6716,2,17.7849,2,17.7849,1,1,2,572.816,541.598
42,2,44,10,50,1,0,38,-47.0938,-132.541,2,31.2523,2,31.2523,1,1,3,572.835,541.617
42,2,44,10,50,1,0,39,26.9532,-85.3979,7,31.4005,1,61.2075,1.94925,0,2,572.817,562.286
42,2,44,10,50,1,0,40,-70.7701,-100.439,2,6.99258,2,6.99258,1,1,3,572.836,541.618
42,2,44,10,50,1,0,41,-66.9486,-57.0082,2,19.8935,2,19.8935,1,1,3,572.837,541.618
42,2,44,10,50,1,0,42,46.1076,162.798,3,18.2262,0,75.0623,4.11837,0,1,572.728,572.71
42,2,44,10,50,1,0,43,13.3141,121.713,3,60.2118,0,65.8016,1.09284,0,1,572.728,572.711
42,2,44,10,50,1,0,44,74.1173,-91.0322,1,36.8212,1,36.8212,1,1,2,572.819,562.288
42,2,44,10,50,1,0,45,-83.1311,-16.8398,2,17.7219,2,17.7219,1,1,2,572.82,541.602
42,2,44,10,50,1,0,46,-13.2216,-9.54054,8,34.6219,5,38.5291,1.11285,0,2,572.821,500.366
42,2,44,10,50,1,0,47,71.6131,169.439,3,7.69867,0,65.4887,8.5065,0,1,572.731,572.714
42,2,44,10,50,1,0,48,70.9881,-82.5374,1,39.9912,1,39.9912,1,1,2,572.821,562.29
42,2,44,10,50,1,0,49,-19.5019,-22.7196,8,47.7009,5,49.3888,1.03538,0,3,572.838,500.383
42,3,45,10,50,1,0,0,-55.178,-133.308,4,32.3901,4,32.3901,1,1,2,155.902,102.071
42,3,45,10,50,1,0,1,-78.5569,-134.676,2,33.0962,2,33.0962,1,1,2,155.903,124.643
42,3,45,10,50,1,0,2,-43.2168,-2.05261,7,42.0677,4,53.2657,1.26619,0,4,156.178,102.348
42,3,45,10,50,1,0,3,63.1763,76.1299,3,25.0164,1,65.709,2.62664,0,2,155.905,145.561
42,3,45,10,50,1,0,4,13.5496,-173.659,0,18.5566,0,18.5566,1,1,1,155.855,155.817
42,3,45,10,50,1,0,5,21.132,-113.688,0,39.0936,0,39.0936,1,1,1,155.856,155.817
42,3,45,10,50,1,0,6,-74.5081,-102.968,4,25.5678,4,25.5678,1,1,3,156.163,102.332
42,3,45,10,50,1,0,7,-77.8934,-146.255,2,36.1413,2,36.1413,1,1,2,155.906,124.646
42,3,45,10,50,1,0,8,-67.6545,103.321,9,9.15054,2,22.8606,2.49828,0,3,156.163,124.904
42,3,45,10,50,1,0,9,61.5318,-57.8343,6,59.5202,0,85.1219,1.43013,0,1,155.86,155.822
42,3,45,10,50,1,0,10,-78.1432,-95.4746,4,27.7225,4,27.7225,1,1,3,156.164,102.334
42,3,45,10,50,1,0,11,15.6532,31.4287,3,56.5953,1,102.093,1.80391,0,2,155.908,145.565
42,3,45,10,50,1,0,12,4.60692,59.2089,3,44.7191,1,78.2974,1.75087,0,2,155.909,145.565
42,3,45,10,50,1,0,13,-49.2989,-125.243,4,29.228,4,29.228,1,1,2,155.91,102.079
42,3,45,10,50,1,0,14,0.635361,-47.0789,6,28.3944,4,59.6495,2.10075,0,2,155.911,102.08
42,3,45,10,50,1,0,15,68.6242,70.9148,3,31.0096,1,70.8895,2.28605,0,2,155.911,145.568
42,3,45,10,50,1,0,16,-0.19339,160.135,1,28.1469,1,28.1469,1,1,2,156.135,145.791
42,3,45,10,50,1,0,17,58.1194,93.1796,3,18.7385,1,53.9417,2.87865,0,2,156.138,145.794
42,3,45,10,50,1,0,18,-10.959,62.5913,9,55.5653,1,80.3562,1.44616,0,2,156.139,145.795
42,3,45,10,50,1,0,19,-5.34523,-174.819,0,31.5513,0,31.5513,1,1,1,155.87,155.831
42,3,45,10,50,1,0,20,34.4663,-148.426,0,16.0915,0,16.0915,1,1,1,155.87,155.832
42,3,45,10,50,1,0,21,-54.2535,99.9163,9,13.3841,2,37.577,2.80758,0,3,156.165,124.905
42,3,45,10,50,1,0,22,-35.697,-84.2938,4,15.9327,4,15.9327,1,1,2,156.14,102.31
42,3,45,10,50,1,0,23,66.8305,-26.7031,6,74.4157,0,104.978,1.4107,0,1,155.873,155.834
42,3,45,10,50,1,0,24,-80.4864,76.7246,7,7.02011,2,10.5588,1.50407,0,3,156.165,124.906
42,3,45,10,50,1,0,25,47.7313,-137.259,0,31.9045,0,31.9045,1,1,1,155.874,155.836
42,3,45,10,50,1,0,26,80.625,-53.231,6,78.4886,0,89.5093,1.14041,0,1,155.875,155.836
42,3,45,10,50,1,0,27,37.0848,-9.5361,6,70.0091,4,112.43,1.60593,0,2,156.142,102.311
42,3,45,10,50,1,0,28,-87.0111,155.572,2,1.63648,2,1.63648,1,1,3,156.166,124.907
42,3,45,10,50,1,0,29,22.6107,7.2486,3,72.3005,4,111.979,1.5488,0,3,156.167,102.337
42,3,45,10,50,1,0,30,-35.7535,2.46976,7,48.3006,4,61.5159,1.2736,0,4,156.179,102.348
42,3,45,10,50,1,0,31,-50.9183,108.106,9,19.1332,2,40.1055,2.09612,0,3,156.168,124.909
42,3,45,10,50,1,0,32,-8.69781,-165.598,0,30.0839,0,30.0839,1,1,1,155.88,155.841
42,3,45,10,50,1,0,33,10.6429,140.686,1,7.26265,1,7.26265,1,1,2,156.145,145.802
42,3,45,10,50,1,0,34,38.4967,-169.405,0,22.5308,0,22.5308,1,1,1,155.882,155.843
42,3,45,10,50,1,0,35,72.9338,-34.0739,3,76.258,0,99.3616,1.30297,0,1,155.882,155.844
42,3,45,10,50,1,0,36,-68.9155,-142.639,4,36.0491,4,36.0491,1,1,3,156.169,102.338
42,3,45,10,50,1,0,37,-57.0788,-29.2251,4,30.0605,4,30.0605,1,1,3,156.169,102.339
42,3,45,10,50,1,0,38,-23.4666,-160.497,0,43.3781,0,43.3781,1,1,1,155.885,155.846
42,3,45,10,50,1,0,39,62.0359,-27.906,6,70.4791,0,105.37,1.49505,0,1,155.885,155.847
42,3,45,10,50,1,0,40,48.114,39.5345,3,36.9181,1,88.2541,2.39054,0,2,156.148,145.804
42,3,45,10,50,1,0,41,7.41748,77.4781,3,33.9218,1,59.8492,1.76433,0,2,156.148,145.805
42,3,45,10,50,1,0,42,83.1517,-90.9954,0,75.1789,0,75.1789,1,1,1,155.888,155.849
42,3,45,10,50,1,0,43,-56.029,172.281,2,33.437,2,33.437,1,1,3,156.17,124.91
42,3,45,10,50,1,0,44,-57.7118,113.163,9,16.2507,2,32.4821,1.99882,0,3,156.171,124.911
42,3,45,10,50,1,0,45,-0.235039,-6.93063,6,68.4692,4,82.9994,1.21221,0,4,156.179,102.349
42,3,45,10,50,1,0,46,-32.1834,77.6933,9,32.2162,2,66.1758,2.05412,0,3,156.172,124.912
42,3,45,10,50,1,0,47,-39.4122,98.2375,9,26.6676,2,53.7604,2.01594,0,3,156.172,124.913
42,3,45,10,50,1,0,48,46.0477,122.461,8,23.2782,1,31.5296,1.35447,0,2,156.153,145.809
42,3,45,10,50,1,0,49,29.462,-10.9111,6,66.7992,4,105.199,1.57486,0,2,156.153,102.323
42,4,46,10,50,1,0,0,-39.4845,160.252,6,40.8284,1,78.9231,1.93305,0,2,5016.18,4022.67
42,4,46,10,50,1,0,1,-40.2155,-174.782,8,30.0996,2,127.463,4.23471,0,2,5016.18,3014.16
42,4,46,10,50,1,0,2,-89.3707,174.757,4,4.88782,1,93.884,19.2077,0,2,5016.18,4022.67
42,4,46,10,50,1,0,3,-75.3735,-27.2269,3,11.493,0,71.8978,6.25581,0,1,5016.11,5016.08
42,4,46,10,50,1,0,4,-57.3093,-52.0406,3,33.1635,0,65.4704,1.97417,0,1,5016.11,5016.08
42,4,46,10,50,1,0,5,45.8948,54.4718,9,55.0106,5,55.808,1.01449,0,3,5016.23,1992.67
42,4,46,10,50,1,0,6,61.3679,-122.682,2,19.1309,2,19.1309,1,1,2,5016.19,3014.16
42,4,46,10,50,1,0,7,-25.6629,103.374,6,24.68,1,28.4291,1.15191,0,2,5016.19,4022.67
42,4,46,10,50,1,0,8,-36.6682,-20.9331,0,34.4848,0,34.4848,1,1,1,5016.12,5016.09
42,4,46,10,50,1,0,9,-29.6224,-63.2424,0,60.3704,0,60.3704,1,1,1,5016.12,5016.09
42,4,46,10,50,1,0,10,-34.2086,-92.2618,8,38.3187,0,86.7785,2.26465,0,1,5016.12,5016.1
42,4,46,10,50,1,0,11,-46.3232,85.8204,1,30.7185,1,30.7185,1,1,2,5016.19,4022.67
42,4,46,10,50,1,0,12,-73.2611,-63.9754,7,21.0354,0,81.6168,3.87997,0,1,5016.13,5016.1
42,4,46,10,50,1,0,13,61.9145,-32.8365,2,36.6189,2,36.6189,1,1,2,5016.19,3014.17
42,4,46,10,50,1,0,14,-11.1347,68.131,1,8.47756,1,8.47756,1,1,2,5016.19,4022.68
42,4,46,10,50,1,0,15,-34.4528,78.7616,1,17.6993,1,17.6993,1,1,2,5016.19,4022.68
42,4,46,10,50,1,0,16,24.1916,30.6635,0,46.1807,0,46.1807,1,1,1,5016.13,5016.1
42,4,46,10,50,1,0,17,41.9899,49.6418,9,61.3653,5,62.4171,1.01714,0,3,5016.23,1992.67
42,4,46,10,50,1,0,18,12.7103,113.233,6,28.4841,1,49.1708,1.72625,0,2,5016.19,4022.68
42,4,46,10,50,1,0,19,-78.7926,90.8018,4,8.52805,1,62.5504,7.33467,0,2,5016.19,4022.68
42,4,46,10,50,1,0,20,-59.4039,114.204,4,26.1565,1,52.5654,2.00965,0,2,5016.19,4022.68
42,4,46,10,50,1,0,21,-17.3632,-176.072,8,37.6397,2,105.082,2.79178,0,2,5016.2,3014.17
42,4,46,10,50,1,0,22,85.7613,93.9478,5,15.9561,5,15.9561,1,1,4,5016.24,1992.68
42,4,46,10,50,1,0,23,53.651,-81.8137,2,32.7997,2,32.7997,1,1,2,5016.2,3014.18
42,4,46,10,50,1,0,24,-53.4927,-131.943,8,20.8538,0,120.325,5.76993,0,1,5016.14,5016.11
42,4,46,10,50,1,0,25,17.4719,4.59746,0,24.9204,0,24.9204,1,1,1,5016.14,5016.12
42,4,46,10,50,1,0,26,-22.1023,122.298,6,9.78804,1,45.5498,4.65362,0,2,5016.2,4022.69
42,4,46,10,50,1,0,27,-44.7911,-10.7266,3,33.1767,0,39.6506,1.19514,0,1,5016.15,5016.12
42,4,46,10,50,1,0,28,-60.8389,-145.753,7,14.891,0,130.045,8.73311,0,1,5016.15,5016.12
42,4,46,10,50,1,0,29,68.2184,36.0528,5,37.9339,5,37.9339,1,1,3,5016.23,1992.67
42,4,46,10,50,1,0,30,51.189,-112.469,2,30.0722,2,30.0722,1,1,2,5016.2,3014.18
42,4,46,10,50,1,0,31,-32.5928,-29.2388,0,35.3826,0,35.3826,1,1,1,5016.15,5016.12
42,4,46,10,50,1,0,32,49.0974,-161.206,2,33.8402,2,33.8402,1,1,2,5016.2,3014.18
42,4,46,10,50,1,0,33,-79.7985,-56.3846,3,16.9676,0,83.3308,4.91116,0,1,5016.15,5016.12
42,4,46,10,50,1,0,34,66.0134,-137.182,2,14.43,2,14.43,1,1,2,5016.2,3014.18
42,4,46,10,50,1,0,35,-72.7914,-166.781,7,7.32506,0,142.278,19.4235,0,1,5016.15,5016.13
42,4,46,10,50,1,0,36,78.5112,-0.309113,2,24.0116,2,24.0116,1,1,2,5016.2,3014.18
42,4,46,10,50,1,0,37,-81.4265,148.545,4,4.00618,1,80.4219,20.0745,0,2,5016.21,4022.69
42,4,46,10,50,1,0,38,-43.1807,124.449,6,30.3209,1,50.584,1.66829,0,2,5016.21,4022.69
42,4,46,10,50,1,0,39,-56.6344,-13.3466,3,22.131,0,51.6507,2.33386,0,1,5016.16,5016.13
42,4,46,10,50,1,0,40,86.2532,101.675,5,15.3903,5,15.3903,1,1,4,5016.24,1992.68
42,4,46,10,50,1,0,41,85.6254,-51.6981,2,11.0218,2,11.0218,1,1,2,5016.21,3014.19
42,4,46,10,50,1,0,42,21.9864,-98.3313,2,61.7557,2,61.7557,1,1,2,5016.21,3014.19
42,4,46,10,50,1,0,43,58.7876,102.295,9,20.7958,5,24.453,1.17586,0,3,5016.23,1992.67
42,4,46,10,50,1,0,44,-32.0422,74.0121,1,14.8075,1,14.8075,1,1,2,5016.21,4022.7
42,4,46,10,50,1,0,45,-20.8262,-141.706,8,12.7004,2,101.599,7.99969,0,2,5016.21,3014.19
42,4,46,10,50,1,0,46,70.7717,73.1621,5,23.9143,5,23.9143,1,1,4,5016.24,1992.69
42,4,46,10,50,1,0,47,4.52739,59.7383,1,26.0821,1,26.0821,1,1,2,5016.22,4022.7
42,4,46,10,50,1,0,48,45.9781,29.4578,0,60.8595,0,60.8595,1,1,1,5016.17,5016.14
42,4,46,10,50,1,0,49,-88.3231,43.9831,4,6.18975,1,73.4,11.8583,0,2,5016.22,4022.7
42,5,47,10,50,1,0,0,62.1345,86.923,0,27.7111,0,27.7111,1,1,1,157.651,157.63
42,5,47,10,50,1,0,1,-5.30866,-44.5458,2,18.4223,3,85.5317,4.64283,0,3,157.773,113.512
42,5,47,10,50,1,0,2,40.2614,-16.494,6,22.8061,3,44.4199,1.94772,0,2,157.724,113.463
42,5,47,10,50,1,0,3,50.369,39.1133,6,45.315,3,50.3243,1.11054,0,2,157.725,113.464
42,5,47,10,50,1,0,4,47.0865,56.1175,8,50.8719,0,53.4429,1.05054,0,1,157.658,157.637
42,5,47,10,50,1,0,5,-25.6329,31.4179,5,10.7613,4,114.863,10.6737,0,3,157.774,102.982
42,5,47,10,50,1,0,6,9.32664,22.2643,5,25.4236,3,90.5409,3.56129,0,2,157.727,113.465
42,5,47,10,50,1,0,7,19.9175,154.412,0,39.7819,0,39.7819,1,1,1,157.662,157.641
42,5,47,10,50,1,0,8,74.9827,18.9791,3,17.5118,3,17.5118,1,1,2,157.728,113.466
42,5,47,10,50,1,0,9,-41.6726,-91.3305,2,38.4759,1,55.4835,1.44203,0,2,157.728,143.77
42,5,47,10,50,1,0,10,0.266472,65.442,5,41.0509,0,88.953,2.1669,0,1,157.666,157.644
42,5,47,10,50,1,0,11,57.9559,-62.4724,6,13.1446,3,21.6835,1.64961,0,2,157.73,113.468
42,5,47,10,50,1,0,12,-76.0442,-40.4001,2,54.4837,1,60.6402,1.113,0,2,157.731,143.772
42,5,47,10,50,1,0,13,-20.5155,-155.293,9,26.7464,1,35.219,1.31678,0,2,157.732,143.773
42,5,47,10,50,1,0,14,-42.9529,150.424,4,15.1934,4,15.1934,1,1,2,157.733,102.941
42,5,47,10,50,1,0,15,-67.8965,-141.637,1,20.7732,1,20.7732,1,1,2,157.734,143.775
42,5,47,10,50,1,0,16,28.6735,33.5896,5,44.7266,3,73.8683,1.65155,0,2,157.735,113.474
42,5,47,10,50,1,0,17,-3.09136,-42.1302,2,21.4615,3,83.5696,3.89392,0,3,157.775,113.514
42,5,47,10,50,1,0,18,-81.4522,-85.4448,1,43.5565,1,43.5565,1,1,2,157.737,143.778
42,5,47,10,50,1,0,19,88.4915,111.269,8,0.637297,3,19.7086,30.9253,0,2,157.738,113.477
42,5,47,10,50,1,0,20,75.3363,-54.2826,3,4.30241,3,4.30241,1,1,2,157.74,113.479
42,5,47,10,50,1,0,21,-18.6568,-10.6741,5,36.3622,3,106.283,2.9229,0,3,157.776,113.515
42,5,47,10,50,1,0,22,73.9908,-177.478,3,27.9394,3,27.9394,1,1,3,157.777,113.516
42,5,47,10,50,1,0,23,-18.1312,117.947,4,41.6411,4,41.6411,1,1,2,157.743,102.951
42,5,47,10,50,1,0,24,10.7503,60.3923,5,42.3276,0,82.7892,1.95592,0,1,157.682,157.661
42,5,47,10,50,1,0,25,-76.6918,-157.966,1,24.1542,1,24.1542,1,1,2,157.744,143.785
42,5,47,10,50,1,0,26,-27.0828,142.528,4,17.039,4,17.039,1,1,2,157.745,102.953
42,5,47,10,50,1,0,27,-20.2194,-26.2541,2,24.3615,3,103.477,4.24756,0,3,157.778,113.517
42,5,47,10,50,1,0,28,-38.9359,98.5301,4,52.4163,4,52.4163,1,1,2,157.747,102.954
42,5,47,10,50,1,0,29,-0.773323,16.2223,5,18.4118,3,98.6074,5.35566,0,2,157.748,113.487
42,5,47,10,50,1,0,30,34.477,42.6603,5,52.3418,3,70.8572,1.35374,0,2,157.749,113.488
42,5,47,10,50,1,0,31,27.2926,-53.6991,6,33.3773,3,52.3352,1.56799,0,3,157.779,113.518
42,5,47,10,50,1,0,32,-51.8751,-131.597,1,24.3491,1,24.3491,1,1,2,157.751,143.792
42,5,47,10,50,1,0,33,42.0853,-86.6546,6,35.4168,3,40.0456,1.13069,0,3,157.78,113.519
42,5,47,10,50,1,0,34,-18.5211,81.1538,5,51.6206,4,74.1106,1.43568,0,2,157.753,102.96
42,5,47,10,50,1,0,35,-77.693,-66.3696,1,50.0712,1,50.0712,1,1,2,157.754,143.795
42,5,47,10,50,1,0,36,-76.5644,-12.6995,2,60.2476,1,71.3224,1.18382,0,2,157.755,143.796
42,5,47,10,50,1,0,37,51.4782,174.853,0,19.8437,0,19.8437,1,1,1,157.698,157.676
42,5,47,10,50,1,0,38,-5.08899,-113.306,7,48.2434,1,70.0559,1.45214,0,2,157.756,143.797
42,5,47,10,50,1,0,39,56.3999,-168.677,7,45.3364,3,47.598,1.04989,0,3,157.781,113.52
42,5,47,10,50,1,0,40,63.5431,139.416,0,5.14671,0,5.14671,1,1,1,157.701,157.68
42,5,47,10,50,1,0,41,-73.3219,-107.079,1,35.2808,1,35.2808,1,1,2,157.758,143.799
42,5,47,10,50,1,0,42,50.9722,-7.08257,6,19.1223,3,35.599,1.86164,0,2,157.759,113.498
42,5,47,10,50,1,0,43,23.3333,-155.927,7,11.7598,1,78.0479,6.63685,0,2,157.76,143.801
42,5,47,10,50,1,0,44,-44.2762,-134.88,1,25.8023,1,25.8023,1,1,2,157.762,143.803
42,5,47,10,50,1,0,45,20.1474,160.402,0,40.8779,0,40.8779,1,1,1,157.706,157.685
42,5,47,10,50,1,0,46,43.8901,-85.1199,6,33.2089,3,37.9624,1.14314,0,3,157.782,113.521
42,5,47,10,50,1,0,47,-36.6488,164.03,4,6.34503,4,6.34503,1,1,2,157.763,102.971
42,5,47,10,50,1,0,48,-18.3587,-169.127,9,25.5667,1,34.9332,1.36636,0,2,157.765,143.806
42,5,47,10,50,1,0,49,-51.3123,106.24,4,46.5914,4,46.5914,1,1,2,157.766,102.973
42,6,48,10,50,1,0,0,-15.0686,-163.951,3,35.6387,1,99.1628,2.78245,0,2,2800.2,2787.6
42,6,48,10,50,1,0,1,31.1046,88.5367,5,45.1875,5,45.1875,1,1,3,2800.26,2727.93
42,6,48,10,50,1,0,2,81.3423,-24.1603,2,31.4833,2,31.4833,1,1,2,2800.21,2769.24
42,6,48,10,50,1,0,3,-2.16987,108.88,5,26.2234,5,26.2234,1,1,4,2800.28,2727.95
42,6,48,10,50,1,0,4,-26.3884,168.425,6,23.7229,5,79.0775,3.33338,0,3,2800.26,2727.93
42,6,48,10,50,1,0,5,-5.13038,-166.585,4,29.3801,0,102.255,3.48041,0,1,2800.13,2800.1
42,6,48,10,50,1,0,6,-40.2117,-7.96741,8,41.556,1,52.9187,1.27343,0,2,2800.21,2787.6
42,6,48,10,50,1,0,7,-21.511,-148.516,3,20.3773,1,85.4344,4.19262,0,2,2800.21,2787.6
42,6,48,10,50,1,0,8,-80.4966,65.9669,1,14.1024,1,14.1024,1,1,2,2800.21,2787.61
42,6,48,10,50,1,0,9,-50.0878,67.4277,9,6.56803,5,39.1482,5.96041,0,3,2800.27,2727.93
42,6,48,10,50,1,0,10,38.9213,51.8962,2,23.9639,2,23.9639,1,1,2,2800.22,2769.25
42,6,48,10,50,1,0,11,-13.674,159.102,6,35.7318,5,71.7399,2.00773,0,4,2800.28,2727.95
42,6,48,10,50,1,0,12,16.4339,-7.02908,2,48.113,2,48.113,1,1,2,2800.22,2769.25
42,6,48,10,50,1,0,13,82.8738,94.8919,2,35.9859,2,35.9859,1,1,2,2800.22,2769.25
42,6,48,10,50,1,0,14,-68.8985,-113.56,7,19.4749,1,22.796,1.17053,0,2,2800.22,2787.61
42,6,48,10,50,1,0,15,-3.75593,12.0657,2,61.1924,2,61.1924,1,1,2,2800.22,2769.26
42,6,48,10,50,1,0,16,-48.7557,-125.303,3,14.064,1,47.1991,3.35603,0,2,2800.22,2787.62
42,6,48,10,50,1,0,17,-39.6988,-114.827,3,13.9801,1,55.3033,3.95586,0,2,2800.22,2787.62
42,6,48,10,50,1,0,18,15.2685,96.2627,5,31.2469,5,31.2469,1,1,3,2800.27,2727.93
42,6,48,10,50,1,0,19,87.0265,157.76,2,51.8598,2,51.8598,1,1,2,2800.23,2769.26
42,6,48,10,50,1,0,20,42.3439,-16.2078,2,31.3532,2,31.3532,1,1,2,2800.23,2769.26
42,6,48,10,50,1,0,21,85.5874,-175.736,4,61.5328,2,73.0437,1.18707,0,2,2800.23,2769.26
42,6,48,10,50,1,0,22,77.9124,-51.8471,2,37.8934,2,37.8934,1,1,2,2800.23,2769.26
42,6,48,10,50,1,0,23,-72.1256,174.832,6,23.7418,1,41.7133,1.75696,0,2,2800.23,2787.62
42,6,48,10,50,1,0,24,-82.9401,-64.4269,1,5.94081,1,5.94081,1,1,2,2800.23,2787.63
42,6,48,10,50,1,0,25,31.1297,91.9624,5,45.5832,5,45.5832,1,1,3,2800.27,2727.93
42,6,48,10,50,1,0,26,83.7347,-145.089,4,61.0467,0,64.4889,1.05639,0,1,2800.16,2800.13
42,6,48,10,50,1,0,27,35.5322,20.3372,2,20.9404,2,20.9404,1,1,2,2800.23,2769.27
42,6,48,10,50,1,0,28,13.9411,56.812,5,39.824,5,39.824,1,1,3,2800.27,2727.93
42,6,48,10,50,1,0,29,-32.3855,70.0851,9,18.1747,5,23.0878,1.27033,0,3,2800.27,2727.94
42,6,48,10,50,1,0,30,61.6257,107.717,2,42.2221,2,42.2221,1,1,2,2800.24,2769.27
42,6,48,10,50,1,0,31,-48.9246,-154.26,3,21.4531,1,53.2514,2.48223,0,2,2800.24,2787.63
42,6,48,10,50,1,0,32,81.2072,2.75323,2,26.7577,2,26.7577,1,1,2,2800.24,2769.27
42,6,48,10,50,1,0,33,-44.5434,12.9514,8,26.6982,1,52.1225,1.95229,0,2,2800.24,2787.63
42,6,48,10,50,1,0,34,-40.4921,-95.0339,3,29.2899,1,51.1022,1.74471,0,2,2800.24,2787.63
42,6,48,10,50,1,0,35,-4.64427,-176.296,4,29.9575,0,110.78,3.69791,0,1,2800.17,2800.14
42,6,48,10,50,1,0,36,34.3791,-18.1137,2,38.419,2,38.419,1,1,2,2800.24,2769.28
42,6,48,10,50,1,0,37,-86.016,44.583,1,5.33803,1,5.33803,1,1,2,2800.24,2787.64
42,6,48,10,50,1,0,38,55.0196,-136.283,4,39.381,0,53.1897,1.35065,0,1,2800.18,2800.15
42,6,48,10,50,1,0,39,19.7073,124.159,5,51.4381,5,51.4381,1,1,3,2800.27,2727.94
42,6,48,10,50,1,0,40,-10.355,-78.3261,0,44.4332,0,44.4332,1,1,1,2800.18,2800.15
42,6,48,10,50,1,0,41,18.0608,-33.2406,0,35.463,0,35.463,1,1,1,2800.18,2800.15
42,6,48,10,50,1,0,42,-21.7074,-72.8141,3,53.4735,0,54.9451,1.02752,0,1,2800.18,2800.15
42,6,48,10,50,1,0,43,83.5483,164.467,2,55.0083,2,55.0083,1,1,2,2800.25,2769.28
42,6,48,10,50,1,0,44,81.9989,-77.6744,2,45.6927,2,45.6927,1,1,2,2800.25,2769.28
42,6,48,10,50,1,0,45,27.2763,107.249,5,46.6835,5,46.6835,1,1,3,2800.27,2727.94
42,6,48,10,50,1,0,46,-74.9786,136.703,6,28.0019,1,30.4991,1.08918,0,2,2800.25,2787.64
42,6,48,10,50,1,0,47,66.4946,-167.543,4,42.2862,0,71.933,1.7011,0,1,2800.19,2800.16
42,6,48,10,50,1,0,48,-20.2717,-136.098,3,15.7306,1,82.685,5.2563,0,2,2800.25,2787.64
42,6,48,10,50,1,0,49,12.7044,58.4725,5,37.7727,5,37.7727,1,1,3,2800.28,2727.94
42,7,49,10,50,1,0,0,-2.60847,-54.3541,9,14.9687,2,49.7277,3.32212,0,2,2814.28,2771.45
42,7,49,10,50,1,0,1,66.7742,40.6489,5,33.3359,2,69.1731,2.07504,0,2,2814.28,2771.45
42,7,49,10,50,1,0,2,-57.2801,-33.4466,0,34.2265,0,34.2265,1,1,1,2814.22,2814.14
42,7,49,10,50,1,0,3,-55.3792,-0.639359,0,45.0643,0,45.0643,1,1,1,2814.22,2814.14
42,7,49,10,50,1,0,4,79.2694,98.9351,5,9.22339,3,59.1807,6.41638,0,3,2814.31,2754.31
42,7,49,10,50,1,0,5,-74.2164,173.591,0,56.0402,0,56.0402,1,1,1,2814.22,2814.15
42,7,49,10,50,1,0,6,89.0743,-37.2933,5,24.5684,2,47.665,1.94009,0,2,2814.28,2771.45
42,7,49,10,50,1,0,7,-63.8732,85.5427,0,57.0545,0,57.0545,1,1,1,2814.23,2814.15
42,7,49,10,50,1,0,8,34.4963,111.093,8,35.6539,3,36.4653,1.02276,0,3,2814.31,2754.31
42,7,49,10,50,1,0,9,29.598,-132.899,2,49.5343,2,49.5343,1,1,2,2814.28,2771.45
42,7,49,10,50,1,0,10,-13.3193,33.6385,4,8.76501,4,8.76501,1,1,2,2814.28,2740.77
42,7,49,10,50,1,0,11,-84.91,-160.963,0,7.04632,0,7.04632,1,1,1,2814.23,2814.15
42,7,49,10,50,1,0,12,16.0294,26.8683,4,31.0544,4,31.0544,1,1,3,2814.31,2740.8
42,7,49,10,50,1,0,13,-84.4334,-21.8866,0,9.20607,0,9.20607,1,1,1,2814.23,2814.15
42,7,49,10,50,1,0,14,-4.80124,-18.5843,9,28.5031,4,60.5918,2.12579,0,3,2814.31,2740.8
42,7,49,10,50,1,0,15,56.231,165.181,8,12.885,3,28.1129,2.18183,0,3,2814.31,2754.31
42,7,49,10,50,1,0,16,53.5308,66.0104,5,39.9048,4,68.1658,1.70821,0,4,2814.33,2740.82
42,7,49,10,50,1,0,17,12.9148,172.501,7,4.58793,3,24.1109,5.25529,0,3,2814.32,2754.32
42,7,49,10,50,1,0,18,-73.7181,95.071,0,41.3379,0,41.3379,1,1,1,2814.24,2814.16
42,7,49,10,50,1,0,19,-4.06898,-168.897,1,54.2023,0,92.7726,1.7116,0,1,2814.24,2814.16
42,7,49,10,50,1,0,20,7.00307,23.4293,4,26.0129,4,26.0129,1,1,3,2814.32,2740.8
42,7,49,10,50,1,0,21,-87.6531,12.1548,0,11.0126,0,11.0126,1,1,1,2814.24,2814.16
42,7,49,10,50,1,0,22,83.068,-123.053,2,45.1522,2,45.1522,1,1,2,2814.29,2771.46
42,7,49,10,50,1,0,23,-41.1512,55.1286,4,32.3396,4,32.3396,1,1,2,2814.29,2740.78
42,7,49,10,50,1,0,24,84.0199,156.894,5,7.16175,3,54.6293,7.62793,0,3,2814.32,2754.32
42,7,49,10,50,1,0,25,51.1147,-38.5989,2,24.8967,2,24.8967,1,1,2,2814.29,2771.46
42,7,49,10,50,1,0,26,5.26605,112.41,3,46.1876,3,46.1876,1,1,3,2814.32,2754.32
42,7,49,10,50,1,0,27,-9.78086,-137.409,1,28.7977,0,76.9968,2.67371,0,1,2814.25,2814.17
42,7,49,10,50,1,0,28,-20.3611,-8.42851,9,35.9027,4,49.7167,1.38476,0,2,2814.29,2740.78
42,7,49,10,50,1,0,29,10.3522,129.675,3,29.5294,3,29.5294,1,1,3,2814.32,2754.32
42,7,49,10,50,1,0,30,76.4936,-46.8336,2,35.429,2,35.429,1,1,2,2814.29,2771.46
42,7,49,10,50,1,0,31,57.428,80.0488,5,31.3402,3,60.3511,1.92568,0,3,2814.32,2754.32
42,7,49,10,50,1,0,32,-80.4116,-39.3145,0,9.37647,0,9.37647,1,1,1,2814.25,2814.17
42,7,49,10,50,1,0,33,36.2751,-128.259,2,42.4465,2,42.4465,1,1,2,2814.3,2771.46
42,7,49,10,50,1,0,34,-62.1217,-115.588,0,20.8439,0,20.8439,1,1,1,2814.26,2814.18
42,7,49,10,50,1,0,35,-58.5783,69.7627,4,52.7165,4,52.7165,1,1,2,2814.3,2740.78
42,7,49,10,50,1,0,36,43.9207,-112.463,2,27.9641,2,27.9641,1,1,2,2814.3,2771.47
42,7,49,10,50,1,0,37,-49.0412,73.9775,4,46.9621,4,46.9621,1,1,2,2814.3,2740.79
42,7,49,10,50,1,0,38,-27.7578,-0.384903,4,43.6143,4,43.6143,1,1,2,2814.3,2740.79
42,7,49,10,50,1,0,39,-25.4469,-67.4759,9,23.0626,0,60.3006,2.61465,0,1,2814.26,2814.18
42,7,49,10,50,1,0,40,-11.7456,-128.664,1,23.6647,0,73.229,3.09444,0,1,2814.26,2814.18
42,7,49,10,50,1,0,41,36.9626,167.041,3,13.506,3,13.506,1,1,3,2814.32,2754.32
42,7,49,10,50,1,0,42,81.8726,-125.636,2,44.9582,2,44.9582,1,1,2,2814.3,2771.47
42,7,49,10,50,1,0,43,-75.1841,-56.977,0,11.1884,0,11.1884,1,1,1,2814.26,2814.19
42,7,49,10,50,1,0,44,22.9675,50.3362,4,34.8495,4,34.8495,1,1,4,2814.33,2740.82
42,7,49,10,50,1,0,45,-53.6508,18.9222,4,47.0442,4,47.0442,1,1,2,2814.3,2740.79
42,7,49,10,50,1,0,46,-88.2487,-172.446,0,8.18125,0,8.18125,1,1,1,2814.27,2814.19
42,7,49,10,50,1,0,47,-40.5145,-157.321,1,29.1987,0,49.8854,1.70848,0,1,2814.27,2814.19
42,7,49,10,50,1,0,48,-15.8801,171.521,7,24.2311,3,48.6506,2.00778,0,2,2814.3,2754.3
42,7,49,10,50,1,0,49,-52.79,23.9963,4,44.629,4,44.629,1,1,2,2814.3,2740.79
42,8,50,10,50,1,0,0,7.2562,-133.055,4,58.7056,3,97.3136,1.65765,0,2,1075.91,1016.87
42,8,50,10,50,1,0,1,-79.7569,166.941,7,6.08905,1,8.56419,1.40649,0,2,1075.91,1058.36
42,8,50,10,50,1,0,2,-20.8753,131.649,1,57.41,1,57.41,1,1,2,1075.91,1058.36
42,8,50,10,50,1,0,3,-21.8553,57.9894,8,25.9728,1,92.2619,3.55225,0,2,1075.91,1058.36
42,8,50,10,50,1,0,4,1.34405,22.0895,5,14.6095,0,72.3277,4.95074,0,1,1075.86,1075.83
42,8,50,10,50,1,0,5,29.6747,-35.3563,2,32.9218,0,66.5155,2.02041,0,1,1075.86,1075.83
42,8,50,10,50,1,0,6,-55.7995,96.824,7,34.8741,1,36.6225,1.05013,0,2,1075.91,1058.36
42,8,50,10,50,1,0,7,-22.0248,130.13,1,56.7758,1,56.7758,1,1,2,1075.91,1058.36
42,8,50,10,50,1,0,8,-40.2192,-38.4184,9,41.7383,3,54.8639,1.31448,0,3,1075.95,1016.9
42,8,50,10,50,1,0,9,-76.1506,4.1145,9,2.80283,3,18.9776,6.77085,0,3,1075.95,1016.9
42,8,50,10,50,1,0,10,15.2304,2.78647,2,15.6343,0,64.1687,4.10436,0,1,1075.86,1075.84
42,8,50,10,50,1,0,11,-79.3068,35.9052,9,8.81911,3,18.077,2.04976,0,3,1075.95,1016.9
42,8,50,10,50,1,0,12,8.25002,-149.678,4,66.7097,3,102.167,1.53152,0,2,1075.92,1016.87
42,8,50,10,50,1,0,13,3.88905,-156.134,4,66.3911,3,99.5225,1.49903,0,2,1075.92,1016.87
42,8,50,10,50,1,0,14,41.7595,40.7686,0,29.3792,0,29.3792,1,1,1,1075.87,1075.84
42,8,50,10,50,1,0,15,15.7567,-81.9687,4,69.3913,3,104.273,1.50269,0,2,1075.92,1016.87
42,8,50,10,50,1,0,16,43.8566,51.9996,0,27.2936,0,27.2936,1,1,1,1075.87,1075.84
42,8,50,10,50,1,0,17,-47.5137,-134.037,4,15.4486,3,41.496,2.68606,0,3,1075.95,1016.9
42,8,50,10,50,1,0,18,1.82442,41.262,8,12.0655,0,69.2727,5.74141,0,1,1075.87,1075.84
42,8,50,10,50,1,0,19,51.976,-173.663,0,106.746,0,106.746,1,1,1,1075.87,1075.84
42,8,50,10,50,1,0,20,-58.3242,-16.6986,9,18.1429,3,38.457,2.11967,0,3,1075.95,1016.91
42,8,50,10,50,1,0,21,-14.5097,-48.2475,4,63.2495,3,80.3246,1.26996,0,2,1075.92,1016.88
42,8,50,10,50,1,0,22,-49.9373,106.931,1,38.1244,1,38.1244,1,1,2,1075.92,1058.37
42,8,50,10,50,1,0,23,-49.0586,-0.312988,9,24.7436,3,53.8669,2.177,0,3,1075.95,1016.91
42,8,50,10,50,1,0,24,-55.7437,-70.4185,4,26.4528,3,33.0467,1.24927,0,3,1075.95,1016.91
42,8,50,10,50,1,0,25,-88.0992,98.9734,7,3.90167,3,8.33746,2.1369,0,3,1075.95,1016.91
42,8,50,10,50,1,0,26,56.184,-154.812,0,90.7012,0,90.7012,1,1,1,1075.88,1075.85
42,8,50,10,50,1,0,27,-22.5607,-51.1319,4,55.1317,3,71.0459,1.28866,0,2,1075.92,1016.88
42,8,50,10,50,1,0,28,-62.2452,142.657,1,14.4629,1,14.4629,1,1,2,1075.92,1058.37
42,8,50,10,50,1,0,29,-13.6331,139.029,1,62.3574,1,62.3574,1,1,2,1075.93,1058.37
42,8,50,10,50,1,0,30,1.71266,-175.753,4,77.3512,3,103.937,1.3437,0,2,1075.93,1016.88
42,8,50,10,50,1,0,31,-61.47,-88.8614,4,18.8483,3,25.9743,1.37808,0,3,1075.95,1016.91
42,8,50,10,50,1,0,32,28.1233,-37.9675,2,35.5359,0,69.4709,1.95495,0,1,1075.88,1075.86
42,8,50,10,50,1,0,33,-21.4494,-120.104,4,27.2953,3,66.5384,2.43772,0,2,1075.93,1016.88
42,8,50,10,50,1,0,34,-88.3528,-118.947,3,1.33363,3,1.33363,1,1,3,1075.95,1016.91
42,8,50,10,50,1,0,35,-56.8837,-113.354,4,9.26143,3,30.4874,3.29186,0,3,1075.95,1016.91
42,8,50,10,50,1,0,36,22.1774,37.2132,8,24.1815,0,49.1995,2.03459,0,1,1075.89,1075.86
42,8,50,10,50,1,0,37,9.19926,124.48,8,71.0474,0,85.9825,1.21021,0,1,1075.89,1075.86
42,8,50,10,50,1,0,38,-17.9279,100.281,8,51.4767,1,73.5019,1.42787,0,2,1075.93,1058.38
42,8,50,10,50,1,0,39,-27.9164,32.6568,5,21.1549,3,93.6292,4.42588,0,2,1075.93,1016.89
42,8,50,10,50,1,0,40,-75.0686,-52.0313,3,14.3956,3,14.3956,1,1,3,1075.95,1016.91
42,8,50,10,50,1,0,41,-24.1849,142.231,1,50.9793,1,50.9793,1,1,2,1075.93,1058.38
42,8,50,10,50,1,0,42,-13.4217,86.5089,8,37.3395,1,85.2877,2.28411,0,2,1075.93,1058.38
42,8,50,10,50,1,0,43,-44.4505,28.6663,9,31.0078,3,68.6313,2.21335,0,3,1075.95,1016.91
42,8,50,10,50,1,0,44,24.5828,63.8326,8,23.3062,0,47.8656,2.05377,0,1,1075.9,1075.87
42,8,50,10,50,1,0,45,-6.15257,-127.409,4,44.0341,3,82.8247,1.88092,0,2,1075.94,1016.89
42,8,50,10,50,1,0,46,34.0399,44.7548,8,31.3907,0,36.9501,1.1771,0,1,1075.9,1075.87
42,8,50,10,50,1,0,47,-18.1352,-55.6736,4,55.1485,3,74.6467,1.35356,0,2,1075.94,1016.89
42,8,50,10,50,1,0,48,-86.6063,100.831,7,3.66002,3,11.0238,3.01195,0,3,1075.96,1016.91
42,8,50,10,50,1,0,49,2.11101,-169.918,4,73.6288,3,102.208,1.38815,0,2,1075.94,1016.9
42,9,51,10,50,1,0,0,24.1433,166.047,8,18.1856,1,62.3154,3.42664,0,2,1997,1985.64
42,9,51,10,50,1,0,1,-38.4667,129.722,2,40.4484,2,40.4484,1,1,3,1997.13,998.868
42,9,51,10,50,1,0,2,-63.8789,135.751,4,19.4185,2,20.6382,1.06281,0,3,1997.13,998.869
42,9,51,10,50,1,0,3,-68.6358,-38.2294,4,39.4853,2,44.2579,1.12087,0,2,1997,998.735
42,9,51,10,50,1,0,4,-65.036,148.097,4,20.3512,2,24.5748,1.20754,0,3,1997.29,999.029
42,9,51,10,50,1,0,5,-31.5302,143.737,7,37.2387,2,52.9963,1.42315,0,3,1997.3,999.031
42,9,51,10,50,1,0,6,82.8242,-93.7961,3,22.7073,1,40.656,1.79044,0,2,1997,1985.64
42,9,51,10,50,1,0,7,36.8363,-153.313,0,12.1508,0,12.1508,1,1,1,1996.93,1996.91
42,9,51,10,50,1,0,8,85.8893,33.3155,1,17.1675,1,17.1675,1,1,2,1997,1985.64
42,9,51,10,50,1,0,9,-72.9197,-169.752,4,62.8458,2,82.354,1.31041,0,2,1997,998.74
42,9,51,10,50,1,0,10,-21.2532,17.127,6,21.7455,2,68.1061,3.13196,0,3,1997.3,999.033
42,9,51,10,50,1,0,11,-44.7729,113.138,2,28.8843,2,28.8843,1,1,3,1997.3,999.035
42,9,51,10,50,1,0,12,-62.5564,101.867,2,9.58098,2,9.58098,1,1,3,1997.3,999.037
42,9,51,10,50,1,0,13,38.6409,134.175,8,16.0633,1,38.3806,2.38933,0,2,1997.01,1985.65
42,9,51,10,50,1,0,14,38.3564,-172.088,0,11.1075,0,11.1075,1,1,1,1996.94,1996.92
42,9,51,10,50,1,0,15,14.0002,-55.0007,5,50.0882,5,50.0882,1,1,2,1997.01,925.3
42,9,51,10,50,1,0,16,86.9794,131.067,1,12.8006,1,12.8006,1,1,2,1997.09,1985.73
42,9,51,10,50,1,0,17,-52.6395,-133.799,5,52.952,5,52.952,1,1,2,1997.09,925.383
42,9,51,10,50,1,0,18,43.4092,-62.5505,5,62.9181,5,62.9181,1,1,2,1997.09,925.385
42,9,51,10,50,1,0,19,3.98586,136.747,7,7.56921,1,73.6291,9.72745,0,2,1997.1,1985.74
42,9,51,10,50,1,0,20,-47.2269,124.911,2,30.3512,2,30.3512,1,1,3,1997.3,999.038
42,9,51,10,50,1,0,21,50.2418,-108.805,0,35.6501,0,35.6501,1,1,1,1996.95,1996.93
42,9,51,10,50,1,0,22,-74.4424,-5.84383,4,24.45,2,28.7397,1.17545,0,3,1997.3,999.04
42,9,51,10,50,1,0,23,-41.0592,-157.106,5,61.3704,5,61.3704,1,1,2,1997.1,925.389
42,9,51,10,50,1,0,24,-76.2642,-47.9577,4,30.6251,2,39.906,1.30305,0,2,1997.1,998.835
42,9,51,10,50,1,0,25,-73.4291,-15.0348,4,27.6123,2,32.2416,1.16765,0,2,1997.1,998.836
42,9,51,10,50,1,0,26,74.5847,-56.4039,3,35.8103,1,44.1489,1.23285,0,2,1997.1,1985.74
42,9,51,10,50,1,0,27,-40.9486,-155.943,5,60.4379,5,60.4379,1,1,2,1997.1,925.392
42,9,51,10,50,1,0,28,-67.2685,175.385,4,23.8033,2,33.172,1.39359,0,3,1997.31,999.041
42,9,51,10,50,1,0,29,79.1157,122.176,1,5.27527,1,5.27527,1,1,2,1997.1,1985.74
42,9,51,10,50,1,0,30,-88.3519,6.2318,4,11.9925,2,24.2647,2.02332,0,3,1997.31,999.042
42,9,51,10,50,1,0,31,-56.4125,177.255,4,36.1212,2,43.6979,1.20976,0,3,1997.31,999.043
42,9,51,10,50,1,0,32,-21.3505,-38.104,5,60.9721,5,60.9721,1,1,3,1997.31,925.599
42,9,51,10,50,1,0,33,-68.2719,-135.883,4,65.2848,5,66.1113,1.01266,0,3,1997.31,925.6
42,9,51,10,50,1,0,34,39.6728,51.428,1,47.215,1,47.215,1,1,2,1997.11,1985.75
42,9,51,10,50,1,0,35,-89.5681,164.892,4,10.1811,2,24.7278,2.42879,0,3,1997.31,999.046
42,9,51,10,50,1,0,36,-1.83033,101.347,9,41.9826,2,68.8537,1.64005,0,3,1997.31,999.047
42,9,51,10,50,1,0,37,-61.9568,27.4546,2,25.0563,2,25.0563,1,1,3,1997.31,999.048
42,9,51,10,50,1,0,38,-42.2482,-26.0319,6,64.2077,2,68.2929,1.06362,0,2,1997.11,998.847
42,9,51,10,50,1,0,39,25.1743,-57.0247,5,54.0915,5,54.0915,1,1,2,1997.11,925.403
42,9,51,10,50,1,0,40,53.0052,83.4904,1,24.5737,1,24.5737,1,1,2,1997.11,1985.75
42,9,51,10,50,1,0,41,53.9702,75.1798,1,25.5747,1,25.5747,1,1,2,1997.11,1985.75
42,9,51,10,50,1,0,42,-76.4568,-153.957,4,51.155,2,70.5029,1.37822,0,2,1997.12,998.851
42,9,51,10,50,1,0,43,49.6181,-107.451,0,36.7142,0,36.7142,1,1,1,1996.97,1996.95
42,9,51,10,50,1,0,44,-79.286,77.4677,4,4.85717,2,10.0452,2.06811,0,3,1997.31,999.05
42,9,51,10,50,1,0,45,-82.6374,-155.276,4,37.4941,2,59.4987,1.58688,0,2,1997.12,998.853
42,9,51,10,50,1,0,46,-48.1503,-98.0999,5,39.6615,5,39.6615,1,1,3,1997.32,925.606
42,9,51,10,50,1,0,47,-79.0103,40.9984,4,11.2308,2,15.4045,1.37164,0,3,1997.32,999.052
42,9,51,10,50,1,0,48,21.8981,-114.564,5,33.768,5,33.768,1,1,2,1997.12,925.411
42,9,51,10,50,1,0,49,42.5579,-56.8583,5,65.5295,5,65.5295,1,1,2,1997.12,925.412
42,10,52,10,50,1,0,0,34.6818,92.1363,6,36.2107,4,39.0983,1.07975,0,2,166.434,87.3332
42,10,52,10,50,1,0,1,-4.63147,-102.739,8,18.6814,1,55.4185,2.96651,0,2,166.435,156.11
42,10,52,10,50,1,0,2,65.3744,-57.8611,3,22.2319,0,54.1648,2.43636,0,1,166.38,166.367
42,10,52,10,50,1,0,3,55.4386,-152.893,9,45.3907,1,108.344,2.38693,0,2,166.436,156.111
42,10,52,10,50,1,0,4,-51.9336,72.1634,2,46.6876,2,46.6876,1,1,2,166.437,144.109
42,10,52,10,50,1,0,5,-13.7297,117.863,5,18.4311,2,75.1171,4.07556,0,2,166.437,144.11
42,10,52,10,50,1,0,6,-61.7054,49.347,7,37.4257,2,40.7522,1.08888,0,3,166.467,144.139
42,10,52,10,50,1,0,7,80.8848,-108.281,9,9.28816,4,76.5819,8.24511,0,2,166.439,87.3381
42,10,52,10,50,1,0,8,16.3323,69.9051,6,44.7664,4,67.3794,1.50513,0,2,166.44,87.3389
42,10,52,10,50,1,0,9,1.43433,-21.0624,0,20.1629,0,20.1629,1,1,1,166.389,166.376
42,10,52,10,50,1,0,10,11.4195,166.284,5,36.2889,4,58.1278,1.60181,0,3,166.468,87.3672
42,10,52,10,50,1,0,11,-32.6293,-39.0785,7,55.2562,0,58.3805,1.05654,0,1,166.391,166.378
42,10,52,10,50,1,0,12,19.6182,-60.1768,3,25.5356,0,41.8666,1.63954,0,1,166.393,166.38
42,10,52,10,50,1,0,13,44.0618,179.904,4,33.7755,4,33.7755,1,1,3,166.469,87.368
42,10,52,10,50,1,0,14,2.87094,85.4477,5,51.5238,4,72.2347,1.40197,0,2,166.442,87.3411
42,10,52,10,50,1,0,15,-26.317,-104.894,8,10.759,1,35.0378,3.25659,0,2,166.443,156.118
42,10,52,10,50,1,0,16,-1.208,118.103,5,19.0095,4,65.5892,3.45033,0,3,166.47,87.3688
42,10,52,10,50,1,0,17,-13.8167,-51.6672,0,50.0059,0,50.0059,1,1,1,166.398,166.385
42,10,52,10,50,1,0,18,-59.879,-96.7561,1,23.6439,1,23.6439,1,1,2,166.445,156.12
42,10,52,10,50,1,0,19,-12.2803,-43.6252,0,43.3712,0,43.3712,1,1,1,166.4,166.387
42,10,52,10,50,1,0,20,77.7036,127.98,4,14.6615,4,14.6615,1,1,2,166.445,87.3446
42,10,52,10,50,1,0,21,-52.8812,-148.004,1,7.40583,1,7.40583,1,1,2,166.446,156.121
42,10,52,10,50,1,0,22,-1.33649,-123.993,8,20.7593,1,51.4144,2.47669,0,2,166.447,156.122
42,10,52,10,50,1,0,23,-38.1423,-150.008,1,16.6818,1,16.6818,1,1,2,166.448,156.123
42,10,52,10,50,1,0,24,62.9562,106.584,4,11.945,4,11.945,1,1,2,166.449,87.3479
42,10,52,10,50,1,0,25,4.4646,-31.2487,0,22.4244,0,22.4244,1,1,1,166.405,166.392
42,10,52,10,50,1,0,26,46.4338,123.671,4,17.536,4,17.536,1,1,2,166.449,87.3487
42,10,52,10,50,1,0,27,54.8364,-47.8959,3,17.3645,0,42.4902,2.44696,0,1,166.407,166.394
42,10,52,10,50,1,0,28,-58.253,17.7964,7,35.8612,2,54.5966,1.52244,0,2,166.45,144.123
42,10,52,10,50,1,0,29,-23.9958,69.2358,5,65.843,2,81.1726,1.23282,0,2,166.451,144.123
42,10,52,10,50,1,0,30,-38.378,79.3743,5,59.915,2,60.4941,1.00966,0,2,166.452,144.124
42,10,52,10,50,1,0,31,72.1707,100.828,4,15.1863,4,15.1863,1,1,2,166.453,87.3521
42,10,52,10,50,1,0,32,8.73869,-63.292,3,35.6781,0,47.7014,1.33699,0,1,166.411,166.398
42,10,52,10,50,1,0,33,-65.4195,77.7193,2,29.1744,2,29.1744,1,1,3,166.471,144.143
42,10,52,10,50,1,0,34,9.97592,24.6003,0,40.2299,0,40.2299,1,1,1,166.413,166.4
42,10,52,10,50,1,0,35,-72.9529,-4.6409,7,16.6594,2,37.0319,2.22289,0,3,166.471,144.144
42,10,52,10,50,1,0,36,-13.7098,-71.6683,8,41.061,0,65.8006,1.60251,0,1,166.415,166.402
42,10,52,10,50,1,0,37,13.6778,149.907,5,26.099,4,51.2159,1.96237,0,3,166.472,87.3712
42,10,52,10,50,1,0,38,-7.83057,131.071,5,4.70903,4,70.9862,15.0745,0,3,166.473,87.3719
42,10,52,10,50,1,0,39,89.9495,-69.7488,9,1.30421,4,54.256,41.6007,0,2,166.456,87.3558
42,10,52,10,50,1,0,40,28.8274,8.82819,0,23.5318,0,23.5318,1,1,1,166.418,166.405
42,10,52,10,50,1,0,41,39.5013,-29.4776,0,22.1755,0,22.1755,1,1,1,166.419,166.406
42,10,52,10,50,1,0,42,-23.7506,8.67534,0,50.7761,0,50.7761,1,1,1,166.419,166.406
42,10,52,10,50,1,0,43,51.3132,15.9928,6,22.4759,0,39.7219,1.7673,0,1,166.42,166.407
42,10,52,10,50,1,0,44,-76.7641,-125.365,7,14.6141,1,25.5973,1.75155,0,2,166.457,156.132
42,10,52,10,50,1,0,45,-47.3857,-50.2842,7,40.085,1,55.8972,1.39447,0,2,166.458,156.133
42,10,52,10,50,1,0,46,67.0045,-130.43,9,27.1761,0,94.7101,3.48505,0,1,166.423,166.41
42,10,52,10,50,1,0,47,-64.7281,-28.5135,7,23.4684,2,57.0391,2.43047,0,3,166.473,144.146
42,10,52,10,50,1,0,48,-6.86105,-80.2952,8,35.29,1,66.1237,1.87372,0,2,166.46,156.135
42,10,52,10,50,1,0,49,-65.3971,-173.77,1,24.0429,1,24.0429,1,1,2,166.461,156.136
42,11,53,10,50,1,0,0,49.756,25.4478,3,32.0362,0,54.8229,1.71128,0,1,3042.12,3042.09
42,11,53,10,50,1,0,1,34.4419,-144.148,5,51.2386,1,121.941,2.37986,0,2,3042.2,3031.48
42,11,53,10,50,1,0,2,-71.0488,-59.2647,9,35.3474,8,65.1784,1.84394,0,3,3042.25,31.8561
42,11,53,10,50,1,0,3,-83.7736,-77.1598,9,42.1317,8,45.0431,1.0691,0,3,3042.26,31.8574
42,11,53,10,50,1,0,4,-31.7248,-167.507,5,116.495,1,147.871,1.26933,0,2,3042.21,3031.49
42,11,53,10,50,1,0,5,10.3469,-71.4764,1,52.1252,1,52.1252,1,1,2,3042.21,3031.49
42,11,53,10,50,1,0,6,73.5844,-152.305,5,11.3381,0,52.3808,4.61987,0,1,3042.13,3042.1
42,11,53,10,50,1,0,7,44.5502,140.393,4,25.3052,0,41.5054,1.6402,0,1,3042.13,3042.1
42,11,53,10,50,1,0,8,-43.9886,-51.1253,9,41.2524,1,56.0351,1.35835,0,2,3042.21,3031.49
42,11,53,10,50,1,0,9,-0.0247498,150.12,4,32.6078,8,75.9628,2.32959,0,2,3042.21,31.8129
42,11,53,10,50,1,0,10,-32.8768,-10.6107,9,26.6403,1,37.3629,1.4025,0,2,3042.21,3031.49
42,11,53,10,50,1,0,11,83.2318,-160.905,5,1.51544,0,27.9057,18.4143,0,1,3042.14,3042.11
42,11,53,10,50,1,0,12,-57.9575,-8.72137,9,10.8089,1,62.1905,5.75366,0,2,3042.21,3031.49
42,11,53,10,50,1,0,13,67.2319,-86.1905,2,20.4963,0,54.4805,2.65806,0,1,3042.14,3042.11
42,11,53,10,50,1,0,14,-12.152,-155.458,5,97.0966,1,136.547,1.4063,0,2,3042.21,3031.49
42,11,53,10,50,1,0,15,51.9418,-104.792,2,34.8834,1,89.7631,2.57323,0,2,3042.22,3031.5
42,11,53,10,50,1,0,16,24.995,-7.23253,1,24.5279,1,24.5279,1,1,2,3042.22,3031.5
42,11,53,10,50,1,0,17,-34.4699,87.8925,7,45.3578,8,59.9943,1.32269,0,3,3042.26,31.8585
42,11,53,10,50,1,0,18,56.7514,-56.4871,2,35.1808,1,62.1556,1.76675,0,2,3042.22,3031.5
42,11,53,10,50,1,0,19,-84.6337,-129.947,8,52.5588,8,52.5588,1,1,3,3042.26,31.8596
42,11,53,10,50,1,0,20,-21.9969,31.4264,9,36.9597,1,56.2941,1.52312,0,2,3042.22,3031.5
42,11,53,10,50,1,0,21,-10.7117,-76.8251,1,59.0249,1,59.0249,1,1,2,3042.22,3031.5
42,11,53,10,50,1,0,22,29.5607,-112.323,2,57.0789,1,92.7945,1.62572,0,2,3042.22,3031.5
42,11,53,10,50,1,0,23,-58.216,151.144,8,17.719,8,17.719,1,1,2,3042.22,31.8264
42,11,53,10,50,1,0,24,8.27584,63.5185,3,25.9802,1,82.6422,3.18097,0,2,3042.23,3031.51
42,11,53,10,50,1,0,25,60.6321,130.798,0,25.379,0,25.379,1,1,1,3042.16,3042.13
42,11,53,10,50,1,0,26,-63.5461,107.728,8,23.116,8,23.116,1,1,3,3042.26,31.861
42,11,53,10,50,1,0,27,74.9465,-63.0071,2,14.3981,0,34.5522,2.39978,0,1,3042.16,3042.13
42,11,53,10,50,1,0,28,-40.4968,104.357,7,44.1491,8,47.1522,1.06802,0,3,3042.26,31.8622
42,11,53,10,50,1,0,29,15.4012,74.7023,6,27.023,0,80.1599,2.96635,0,1,3042.16,3042.13
42,11,53,10,50,1,0,30,64.4494,-45.314,2,28.2884,0,50.7223,1.79305,0,1,3042.16,3042.14
42,11,53,10,50,1,0,31,74.9551,-1.11119,2,21.7383,0,25.0403,1.1519,0,1,3042.17,3042.14
42,11,53,10,50,1,0,32,63.7267,-99.0295,2,23.2785,0,64.9833,2.79156,0,1,3042.17,3042.14
42,11,53,10,50,1,0,33,-46.6094,60.9562,9,33.2355,8,57.8779,1.74145,0,3,3042.26,31.8632
42,11,53,10,50,1,0,34,12.2417,-82.4861,1,63.0773,1,63.0773,1,1,2,3042.23,3031.51
42,11,53,10,50,1,0,35,55.5046,160.489,4,26.7015,0,31.6483,1.18527,0,1,3042.17,3042.14
42,11,53,10,50,1,0,36,64.4702,-90.4141,2,23.0226,0,61.2912,2.66222,0,1,3042.17,3042.14
42,11,53,10,50,1,0,37,-48.1678,8.06178,9,6.90719,1,57.5845,8.33689,0,2,3042.23,3031.51
42,11,53,10,50,1,0,38,-11.3686,-32.7676,1,19.9582,1,19.9582,1,1,2,3042.23,3031.51
42,11,53,10,50,1,0,39,-10.397,173.815,4,40.3159,8,65.1073,1.61493,0,2,3042.23,31.8359
42,11,53,10,50,1,0,40,-74.6246,-79.5298,9,42.9301,8,63.6288,1.48215,0,3,3042.26,31.8642
42,11,53,10,50,1,0,41,62.3063,-96.3413,2,24.8515,0,67.4054,2.71233,0,1,3042.18,3042.15
42,11,53,10,50,1,0,42,-75.901,94.5056,8,17.4982,8,17.4982,1,1,3,3042.26,31.8657
42,11,53,10,50,1,0,43,10.3258,-52.7957,1,33.8256,1,33.8256,1,1,2,3042.24,3031.52
42,11,53,10,50,1,0,44,9.43113,-128.546,2,77.6599,1,108.591,1.39829,0,2,3042.24,3031.52
42,11,53,10,50,1,0,45,-79.0467,-32.2389,9,29.2128,8,44.1031,1.50972,0,3,3042.26,31.8668
42,11,53,10,50,1,0,46,3.06993,171.817,4,26.7068,8,78.4363,2.93694,0,2,3042.24,31.844
42,11,53,10,50,1,0,47,73.325,-46.4067,2,17.9477,0,34.8936,1.94418,0,1,3042.19,3042.16
42,11,53,10,50,1,0,48,-53.6063,-126.569,9,79.7802,1,112.618,1.41161,0,2,3042.24,3031.52
42,11,53,10,50,1,0,49,-82.7253,97.2707,8,14.9582,8,14.9582,1,1,3,3042.27,31.8685
42,12,54,10,50,1,0,0,-29.7296,127.826,0,22.7879,0,22.7879,1,1,1,2825.15,2825.12
42,12,54,10,50,1,0,1,67.0308,163.419,3,17.034,1,34.472,2.02372,0,2,2825.22,2103.23
42,12,54,10,50,1,0,2,-33.8738,103.792,0,3.74159,0,3.74159,1,1,1,2825.15,2825.13
42,12,54,10,50,1,0,3,-49.6592,-16.4312,2,37.9568,2,37.9568,1,1,2,2825.22,2078.44
42,12,54,10,50,1,0,4,69.195,-63.3537,4,22.7465,6,50.6087,2.2249,0,3,2825.26,96.2876
42,12,54,10,50,1,0,5,-64.379,-102.976,2,68.7187,2,68.7187,1,1,2,2825.23,2078.44
42,12,54,10,50,1,0,6,-70.9367,165.358,0,57.0051,0,57.0051,1,1,1,2825.16,2825.13
42,12,54,10,50,1,0,7,85.0266,5.25864,4,2.36195,1,39.9414,16.9103,0,2,2825.23,2103.23
42,12,54,10,50,1,0,8,-26.4838,156.511,0,48.506,0,48.506,1,1,1,2825.16,2825.13
42,12,54,10,50,1,0,9,-15.9284,-67.416,2,27.9428,2,27.9428,1,1,2,2825.23,2078.44
42,12,54,10,50,1,0,10,-5.74625,-42.5476,2,11.4628,2,11.4628,1,1,3,2825.26,2078.47
42,12,54,10,50,1,0,11,-87.8819,-146.692,2,97.5938,2,97.5938,1,1,2,2825.23,2078.44
42,12,54,10,50,1,0,12,23.2264,-177.495,6,79.7332,6,79.7332,1,1,4,2825.28,96.3075
42,12,54,10,50,1,0,13,64.4327,-43.7384,4,24.1655,6,54.2698,2.24576,0,3,2825.26,96.2901
42,12,54,10,50,1,0,14,38.9313,82.3579,8,7.92538,1,19.4826,2.45826,0,2,2825.23,2103.24
42,12,54,10,50,1,0,15,-80.9255,-161.596,2,103.845,2,103.845,1,1,2,2825.23,2078.44
42,12,54,10,50,1,0,16,15.0917,152.211,1,63.6329,1,63.6329,1,1,2,2825.23,2103.24
42,12,54,10,50,1,0,17,-89.0885,142.436,0,61.9146,0,61.9146,1,1,1,2825.17,2825.14
42,12,54,10,50,1,0,18,38.0013,-97.4955,6,16.5803,6,16.5803,1,1,4,2825.28,96.3083
42,12,54,10,50,1,0,19,-26.9977,34.3927,0,58.882,0,58.882,1,1,1,2825.17,2825.15
42,12,54,10,50,1,0,20,9.57541,-2.75323,2,44.0152,2,44.0152,1,1,3,2825.26,2078.47
42,12,54,10,50,1,0,21,55.7081,57.2775,9,11.2589,1,19.8397,1.76213,0,2,2825.24,2103.24
42,12,54,10,50,1,0,22,-8.69769,101.47,0,21.9855,0,21.9855,1,1,1,2825.18,2825.15
42,12,54,10,50,1,0,23,-58.7319,109.637,0,28.6415,0,28.6415,1,1,1,2825.18,2825.15
42,12,54,10,50,1,0,24,38.9905,30.6793,9,33.5452,1,45.4467,1.35479,0,2,2825.24,2103.24
42,12,54,10,50,1,0,25,-68.8895,-113.512,2,76.2135,2,76.2135,1,1,2,2825.24,2078.45
42,12,54,10,50,1,0,26,84.0658,-133.543,7,14.5011,6,66.7163,4.60077,0,3,2825.26,96.2927
42,12,54,10,50,1,0,27,-40.1016,34.5844,0,55.3412,0,55.3412,1,1,1,2825.18,2825.16
42,12,54,10,50,1,0,28,-65.5187,-131.338,2,85.6768,2,85.6768,1,1,2,2825.24,2078.45
42,12,54,10,50,1,0,29,85.423,126.825,3,2.70818,1,30.3761,11.2164,0,2,2825.24,2103.25
42,12,54,10,50,1,0,30,65.51,-171.005,4,52.9,6,71.9414,1.35995,0,3,2825.27,96.2935
42,12,54,10,50,1,0,31,72.6144,-18.7965,4,12.0962,1,50.0295,4.13597,0,2,2825.24,2103.25
42,12,54,10,50,1,0,32,80.6028,147.052,3,2.6909,1,30.5772,11.3632,0,2,2825.24,2103.25
42,12,54,10,50,1,0,33,-28.1803,57.2082,0,38.6397,0,38.6397,1,1,1,2825.19,2825.16
42,12,54,10,50,1,0,34,-65.2219,69.644,0,40.5901,0,40.5901,1,1,1,2825.19,2825.17
42,12,54,10,50,1,0,35,-44.1996,68.7071,0,29.3223,0,29.3223,1,1,1,2825.19,2825.17
42,12,54,10,50,1,0,36,-56.5546,-156.983,6,101.056,6,101.056,1,1,3,2825.27,96.2944
42,12,54,10,50,1,0,37,-27.0077,49.4954,0,45.683,0,45.683,1,1,1,2825.2,2825.17
42,12,54,10,50,1,0,38,62.2433,8.52071,4,20.5589,1,43.0137,2.09221,0,2,2825.25,2103.25
42,12,54,10,50,1,0,39,-10.4337,22.4676,2,59.4333,2,59.4333,1,1,2,2825.25,2078.46
42,12,54,10,50,1,0,40,-70.4,21.3536,0,64.5792,0,64.5792,1,1,1,2825.2,2825.17
42,12,54,10,50,1,0,41,44.478,-152.668,6,55.9967,6,55.9967,1,1,4,2825.28,96.3092
42,12,54,10,50,1,0,42,33.9055,-171.247,6,71.6829,6,71.6829,1,1,4,2825.28,96.3102
42,12,54,10,50,1,0,43,30.958,116.773,1,31.1905,1,31.1905,1,1,2,2825.25,2103.25
42,12,54,10,50,1,0,44,-61.2925,52.7621,0,45.6371,0,45.6371,1,1,1,2825.21,2825.18
42,12,54,10,50,1,0,45,31.7994,-171.565,6,72.3336,6,72.3336,1,1,4,2825.28,96.311
42,12,54,10,50,1,0,46,30.8786,28.8275,8,39.3078,1,53.1086,1.3511,0,2,2825.25,2103.26
42,12,54,10,50,1,0,47,-5.18071,42.9627,8,58.6242,0,61.238,1.04459,0,1,2825.21,2825.18
42,12,54,10,50,1,0,48,-2.0604,113.278,0,30.7797,0,30.7797,1,1,1,2825.21,2825.18
42,12,54,10,50,1,0,49,-39.9145,45.4354,0,46.6633,0,46.6633,1,1,1,2825.21,2825.18
42,13,55,10,50,1,0,0,76.4034,64.3724,8,14.4716,1,58.0371,4.01041,0,2,2697.68,2659.08
42,13,55,10,50,1,0,1,-72.9153,124.413,9,2.65436,7,79.0319,29.7743,0,2,2697.69,1978.14
42,13,55,10,50,1,0,2,11.6386,104.853,7,22.2119,7,22.2119,1,1,3,2697.73,1978.19
42,13,55,10,50,1,0,3,-7.50504,-116.089,3,24.0724,0,48.1822,2.00155,0,1,2697.61,2697.59
42,13,55,10,50,1,0,4,0.952293,60.0945,7,25.878,7,25.878,1,1,3,2697.73,1978.19
42,13,55,10,50,1,0,5,52.4268,71.5729,8,41.1973,1,44.0266,1.06868,0,2,2697.69,2659.09
42,13,55,10,50,1,0,6,66.1405,-29.8584,8,15.7796,2,45.8727,2.90708,0,3,2697.73,2613.91
42,13,55,10,50,1,0,7,-38.8717,78.0545,7,39.4051,7,39.4051,1,1,3,2697.74,1978.19
42,13,55,10,50,1,0,8,6.97221,41.5707,1,18.8782,1,18.8782,1,1,2,2697.69,2659.09
42,13,55,10,50,1,0,9,75.0049,-67.4042,8,14.5362,2,27.525,1.89355,0,3,2697.74,2613.91
42,13,55,10,50,1,0,10,43.7506,-33.8447,8,38.8858,1,57.9753,1.49091,0,2,2697.69,2659.09
42,13,55,10,50,1,0,11,33.1193,100.898,7,36.2497,7,36.2497,1,1,3,2697.74,1978.2
42,13,55,10,50,1,0,12,38.9515,-114.112,4,17.6849,2,27.69,1.56574,0,2,2697.7,2613.87
42,13,55,10,50,1,0,13,3.42314,58.0182,7,28.1501,7,28.1501,1,1,3,2697.74,1978.2
42,13,55,10,50,1,0,14,30.8058,35.7833,1,9.34673,1,9.34673,1,1,2,2697.7,2659.1
42,13,55,10,50,1,0,15,2.0405,34.4183,1,20.924,1,20.924,1,1,2,2697.7,2659.1
42,13,55,10,50,1,0,16,-39.9222,38.2504,9,58.8771,7,59.8961,1.01731,0,3,2697.74,1978.2
42,13,55,10,50,1,0,17,-10.5841,123.433,7,38.7435,7,38.7435,1,1,3,2697.74,1978.2
42,13,55,10,50,1,0,18,-18.4484,143.822,9,58.3543,7,59.9626,1.02756,0,3,2697.74,1978.2
42,13,55,10,50,1,0,19,-86.3284,145.008,9,11.2023,0,88.9988,7.9447,0,1,2697.63,2697.61
42,13,55,10,50,1,0,20,11.9581,112.197,7,28.7913,7,28.7913,1,1,3,2697.74,1978.2
42,13,55,10,50,1,0,21,18.2903,-23.8027,5,30.119,1,51.2322,1.701,0,2,2697.7,2659.1
42,13,55,10,50,1,0,22,-48.8308,138.837,9,27.3582,7,68.4354,2.50146,0,3,2697.74,1978.2
42,13,55,10,50,1,0,23,-62.8741,96.2829,9,16.4928,7,63.3146,3.83892,0,2,2697.71,1978.16
42,13,55,10,50,1,0,24,0.203934,-155.738,4,52.9159,2,64.8574,1.22567,0,2,2697.71,2613.88
42,13,55,10,50,1,0,25,-75.5607,-92.0909,6,8.89057,0,21.4221,2.40953,0,1,2697.64,2697.62
42,13,55,10,50,1,0,26,-4.79154,95.1172,7,10.2575,7,10.2575,1,1,3,2697.75,1978.2
42,13,55,10,50,1,0,27,-85.5966,-111.68,6,4.78665,0,30.4584,6.36319,0,1,2697.64,2697.62
42,13,55,10,50,1,0,28,80.5025,15.6532,8,3.39402,2,50.8427,14.9801,0,3,2697.75,2613.92
42,13,55,10,50,1,0,29,63.169,42.6166,8,22.4501,1,41.4569,1.84663,0,2,2697.71,2659.11
42,13,55,10,50,1,0,30,-64.2818,-49.5809,6,19.7211,0,30.7417,1.55882,0,1,2697.65,2697.63
42,13,55,10,50,1,0,31,-51.4826,-28.4079,6,35.3139,0,47.5707,1.34708,0,1,2697.65,2697.63
42,13,55,10,50,1,0,32,84.3347,55.8666,8,9.2186,2,58.2829,6.32232,0,3,2697.75,2613.92
42,13,55,10,50,1,0,33,-42.4876,-48.2274,5,40.5973,0,41.2257,1.01548,0,1,2697.65,2697.63
42,13,55,10,50,1,0,34,9.84417,-77.6318,5,33.3467,0,70.725,2.1209,0,1,2697.65,2697.63
42,13,55,10,50,1,0,35,-41.6098,-136.395,0,23.3246,0,23.3246,1,1,1,2697.65,2697.63
42,13,55,10,50,1,0,36,-72.7175,133.361,9,3.45027,7,81.957,23.7538,0,2,2697.71,1978.17
42,13,55,10,50,1,0,37,9.90092,-63.0965,5,20.4634,0,77.0531,3.76541,0,1,2697.66,2697.63
42,13,55,10,50,1,0,38,46.099,74.0536,1,42.797,1,42.797,1,1,2,2697.71,2659.12
42,13,55,10,50,1,0,39,-73.4068,-87.3941,6,10.6227,0,20.2786,1.90899,0,1,2697.66,2697.64
42,13,55,10,50,1,0,40,49.1576,-117.935,4,10.5351,2,17.1072,1.62383,0,2,2697.72,2613.89
42,13,55,10,50,1,0,41,0.2575,-91.2679,3,34.625,0,57.3351,1.65589,0,1,2697.66,2697.64
42,13,55,10,50,1,0,42,78.5912,9.3219,8,2.91479,2,50.5064,17.3276,0,3,2697.75,2613.92
42,13,55,10,50,1,0,43,-11.474,138.187,7,53.1831,7,53.1831,1,1,3,2697.75,1978.21
42,13,55,10,50,1,0,44,-77.5125,-76.6099,6,5.95448,0,25.6162,4.302,0,1,2697.67,2697.64
42,13,55,10,50,1,0,45,0.401924,-103.588,3,31.0448,0,55.6943,1.794,0,1,2697.67,2697.64
42,13,55,10,50,1,0,46,26.9046,77.8387,7,28.206,7,28.206,1,1,3,2697.75,1978.21
42,13,55,10,50,1,0,47,24.0018,42.4787,1,10.9159,1,10.9159,1,1,2,2697.72,2659.12
42,13,55,10,50,1,0,48,-23.1473,143.029,9,53.5379,7,60.4378,1.12888,0,3,2697.75,1978.21
42,13,55,10,50,1,0,49,87.1256,153.394,8,18.9646,2,78.7448,4.15221,0,3,2697.75,2613.93
42,14,56,10,50,1,0,0,-0.986343,174.423,6,87.2973,4,98.3407,1.1265,0,3,1111.87,1032.36
42,14,56,10,50,1,0,1,-36.8786,-103.093,7,35.3169,0,47.6756,1.34994,0,1,1111.79,1111.74
42,14,56,10,50,1,0,2,53.2691,-83.5496,8,31.3324,3,61.2158,1.95375,0,2,1111.84,1044.04
42,14,56,10,50,1,0,3,-60.4718,-45.0428,2,22.5171,0,37.3799,1.66007,0,1,1111.79,1111.75
42,14,56,10,50,1,0,4,17.1387,-8.77826,3,18.4657,3,18.4657,1,1,2,1111.84,1044.04
42,14,56,10,50,1,0,5,-16.3414,53.0051,4,38.6238,4,38.6238,1,1,3,1111.87,1032.36
42,14,56,10,50,1,0,6,15.8186,121.534,4,43.4134,4,43.4134,1,1,3,1111.87,1032.37
42,14,56,10,50,1,0,7,-80.4925,133.107,0,44.7053,0,44.7053,1,1,1,1111.79,1111.75
42,14,56,10,50,1,0,8,-57.6263,88.4366,4,72.6912,4,72.6912,1,1,2,1111.84,1032.34
42,14,56,10,50,1,0,9,-24.6805,93.2076,4,42.2742,4,42.2742,1,1,3,1111.87,1032.37
42,14,56,10,50,1,0,10,-7.4748,-50.5179,1,17.1456,3,62.9318,3.67043,0,2,1111.84,1044.04
42,14,56,10,50,1,0,11,52.4279,-36.8111,9,25.5199,3,30.5459,1.19694,0,2,1111.85,1044.04
42,14,56,10,50,1,0,12,-50.4586,-78.9374,2,19.2826,0,39.2545,2.03575,0,1,1111.8,1111.76
42,14,56,10,50,1,0,13,17.4761,123.725,4,45.4356,4,45.4356,1,1,3,1111.88,1032.37
42,14,56,10,50,1,0,14,5.66034,-46.1136,1,22.1489,3,50.2199,2.26737,0,2,1111.85,1044.04
42,14,56,10,50,1,0,15,-26.4269,-170.652,0,57.2681,0,57.2681,1,1,1,1111.8,1111.76
42,14,56,10,50,1,0,16,-25.8455,53.3891,4,46.2592,4,46.2592,1,1,3,1111.88,1032.37
42,14,56,10,50,1,0,17,-46.8724,-125.153,0,34.3617,0,34.3617,1,1,1,1111.8,1111.76
42,14,56,10,50,1,0,18,74.9198,-34.6883,5,23.2774,3,44.2882,1.90263,0,2,1111.85,1044.05
42,14,56,10,50,1,0,19,4.9022,4.11696,3,30.4456,3,30.4456,1,1,2,1111.85,1044.05
42,14,56,10,50,1,0,20,68.2667,157.121,6,13.2886,4,81.1412,6.10609,0,3,1111.88,1032.37
42,14,56,10,50,1,0,21,-61.439,-11.8294,2,36.2566,0,45.7376,1.2615,0,1,1111.81,1111.76
42,14,56,10,50,1,0,22,49.3276,-103.863,8,29.3332,3,76.7332,2.61591,0,2,1111.85,1044.05
42,14,56,10,50,1,0,23,-29.3611,163.403,4,96.4465,4,96.4465,1,1,3,1111.88,1032.37
42,14,56,10,50,1,0,24,82.2868,71.9167,6,9.88226,3,61.4341,6.21661,0,2,1111.85,1044.05
42,14,56,10,50,1,0,25,38.3051,-30.3759,3,22.7176,3,22.7176,1,1,2,1111.85,1044.05
42,14,56,10,50,1,0,26,-79.3006,1.46603,0,24.6061,0,24.6061,1,1,1,1111.81,1111.77
42,14,56,10,50,1,0,27,56.4065,-79.5184,8,34.9898,3,58.148,1.66185,0,2,1111.85,1044.05
42,14,56,10,50,1,0,28,51.2643,-32.2347,9,22.8152,3,27.3521,1.19885,0,2,1111.86,1044.05
42,14,56,10,50,1,0,29,-67.8967,-66.1507,0,23.6392,0,23.6392,1,1,1,1111.81,1111.77
42,14,56,10,50,1,0,30,50.8258,-8.64713,9,7.8521,3,16.7413,2.13208,0,2,1111.86,1044.05
42,14,56,10,50,1,0,31,-28.4013,-130.039,7,33.8437,0,52.5278,1.55207,0,1,1111.82,1111.77
42,14,56,10,50,1,0,32,-67.629,29.4526,0,48.0122,0,48.0122,1,1,1,1111.82,1111.77
42,14,56,10,50,1,0,33,-37.5961,-165.419,0,45.0366,0,45.0366,1,1,1,1111.82,1111.77
42,14,56,10,50,1,0,34,87.3821,114.612,5,8.15101,4,76.9925,9.44577,0,3,1111.88,1032.37
42,14,56,10,50,1,0,35,9.34921,131.298,4,53.7523,4,53.7523,1,1,3,1111.88,1032.37
42,14,56,10,50,1,0,36,45.8669,75.8205,4,31.6443,4,31.6443,1,1,3,1111.88,1032.37
42,14,56,10,50,1,0,37,-30.2659,10.3889,1,44.7768,3,66.2346,1.47922,0,2,1111.86,1044.06
42,14,56,10,50,1,0,38,75.9788,60.746,6,15.1924,3,54.728,3.60233,0,2,1111.86,1044.06
42,14,56,10,50,1,0,39,-3.10423,136.531,4,62.1036,4,62.1036,1,1,3,1111.88,1032.37
42,14,56,10,50,1,0,40,-23.6687,-109.598,7,21.8126,0,59.8648,2.74451,0,1,1111.82,1111.78
42,14,56,10,50,1,0,41,-36.9223,-25.9386,2,24.3899,0,73.3548,3.00759,0,1,1111.82,1111.78
42,14,56,10,50,1,0,42,35.9339,-141.032,8,46.8259,3,113.062,2.41452,0,2,1111.86,1044.06
42,14,56,10,50,1,0,43,37.2715,-5.6035,3,3.60451,3,3.60451,1,1,2,1111.86,1044.06
42,14,56,10,50,1,0,44,3.36685,118.75,4,43.0338,4,43.0338,1,1,3,1111.88,1032.37
42,14,56,10,50,1,0,45,54.1229,-71.6146,8,34.8449,3,53.067,1.52295,0,2,1111.86,1044.06
42,14,56,10,50,1,0,46,-34.9487,-128.557,7,38.2638,0,46.064,1.20385,0,1,1111.83,1111.79
42,14,56,10,50,1,0,47,-10.827,-25.1555,1,8.88918,3,50.6593,5.69898,0,2,1111.86,1044.06
42,14,56,10,50,1,0,48,40.4479,83.1539,4,26.8538,4,26.8538,1,1,3,1111.88,1032.37
42,14,56,10,50,1,0,49,-5.28703,75.6599,4,19.5402,4,19.5402,1,1,3,1111.88,1032.37
42,15,57,10,50,1,0,0,-77.9966,-76.2527,3,34.2572,3,34.2572,1,1,3,3028.78,2031
42,15,57,10,50,1,0,1,-89.4926,-149.391,3,24.645,3,24.645,1,1,3,3028.79,2031
42,15,57,10,50,1,0,2,-85.586,-88.9676,3,24.5447,3,24.5447,1,1,3,3028.79,2031
42,15,57,10,50,1,0,3,-22.5451,24.7703,2,61.7229,3,76.1342,1.23348,0,2,3028.74,2030.95
42,15,57,10,50,1,0,4,34.9497,-75.135,1,19.473,1,19.473,1,1,2,3028.74,3012.03
42,15,57,10,50,1,0,5,4.14062,37.9136,2,37.8429,0,73.2549,1.93576,0,1,3028.66,3028.64
42,15,57,10,50,1,0,6,57.2063,-88.8247,1,16.9725,1,16.9725,1,1,2,3028.74,3012.03
42,15,57,10,50,1,0,7,59.7099,12.6802,8,5.7019,0,14.3501,2.51673,0,1,3028.67,3028.64
42,15,57,10,50,1,0,8,56.7948,139.039,7,39.2995,0,56.5844,1.43983,0,1,3028.67,3028.64
42,15,57,10,50,1,0,9,-31.4443,-108.276,9,26.9041,4,33.5954,1.24871,0,3,3028.79,2011.25
42,15,57,10,50,1,0,10,-56.839,120.22,3,24.0565,3,24.0565,1,1,2,3028.75,2030.96
42,15,57,10,50,1,0,11,-19.3185,9.05484,2,59.9155,4,76.7962,1.28174,0,3,3028.79,2011.25
42,15,57,10,50,1,0,12,44.7527,-45.7073,8,34.3651,1,38.6842,1.12568,0,2,3028.75,3012.04
42,15,57,10,50,1,0,13,-56.8389,20.7878,3,38.5204,3,38.5204,1,1,2,3028.75,2030.96
42,15,57,10,50,1,0,14,69.7512,54.7495,0,14.6889,0,14.6889,1,1,1,3028.68,3028.65
42,15,57,10,50,1,0,15,41.9858,163.509,7,64.1295,0,87.6536,1.36682,0,1,3028.68,3028.65
42,15,57,10,50,1,0,16,79.2484,84.9863,7,7.99743,0,18.2175,2.27792,0,1,3028.68,3028.66
42,15,57,10,50,1,0,17,-82.9407,167.325,3,9.62652,3,9.62652,1,1,2,3028.75,2030.96
42,15,57,10,50,1,0,18,88.0094,-30.9716,7,4.52515,0,15.3678,3.39608,0,1,3028.68,3028.66
42,15,57,10,50,1,0,19,6.0475,65.9181,2,52.0384,0,80.5092,1.54711,0,1,3028.68,3028.66
42,15,57,10,50,1,0,20,36.9467,-159.624,1,47.5878,1,47.5878,1,1,2,3028.75,3012.04
42,15,57,10,50,1,0,21,-38.0842,8.30588,3,64.8419,3,64.8419,1,1,2,3028.75,2030.97
42,15,57,10,50,1,0,22,-34.2242,-136.749,9,34.0516,4,58.2911,1.71185,0,3,3028.79,2011.25
42,15,57,10,50,1,0,23,-79.507,-134.859,3,42.1805,3,42.1805,1,1,3,3028.79,2031
42,15,57,10,50,1,0,24,-88.8545,-41.9026,3,16.4376,3,16.4376,1,1,3,3028.79,2031.01
42,15,57,10,50,1,0,25,-31.5676,-111.387,9,26.2893,4,36.2754,1.37985,0,3,3028.79,2011.26
42,15,57,10,50,1,0,26,-50.8415,78.2278,3,31.2934,3,31.2934,1,1,2,3028.76,2030.97
42,15,57,10,50,1,0,27,38.8339,167.822,7,69.632,0,94.3426,1.35487,0,1,3028.7,3028.67
42,15,57,10,50,1,0,28,-73.7397,143.99,3,11.0099,3,11.0099,1,1,2,3028.76,2030.97
42,15,57,10,50,1,0,29,4.3051,172.023,6,39.7363,3,99.9041,2.51418,0,2,3028.76,2030.97
42,15,57,10,50,1,0,30,9.36972,-87.4182,5,24.1385,1,33.6012,1.39202,0,2,3028.76,3012.05
42,15,57,10,50,1,0,31,77.7659,-2.76385,0,4.81052,0,4.81052,1,1,1,3028.7,3028.68
42,15,57,10,50,1,0,32,88.784,169.65,7,5.20366,0,28.1445,5.4086,0,1,3028.7,3028.68
42,15,57,10,50,1,0,33,-7.71957,173.587,6,31.1523,3,87.923,2.82236,0,2,3028.76,2030.98
42,15,57,10,50,1,0,34,-20.6606,176.656,6,26.1228,3,75.2394,2.88022,0,2,3028.76,2030.98
42,15,57,10,50,1,0,35,29.7525,-147.428,1,41.4715,1,41.4715,1,1,2,3028.77,3012.05
42,15,57,10,50,1,0,36,-81.4839,163.337,3,9.46906,3,9.46906,1,1,2,3028.77,2030.98
42,15,57,10,50,1,0,37,20.439,-51.4164,1,45.5155,1,45.5155,1,1,2,3028.77,3012.06
42,15,57,10,50,1,0,38,-76.706,61.8641,3,9.2089,3,9.2089,1,1,2,3028.77,2030.98
42,15,57,10,50,1,0,39,-3.13757,-151.121,9,34.3032,1,66.7774,1.94668,0,2,3028.77,3012.06
42,15,57,10,50,1,0,40,-80.0193,110.59,3,1.07203,3,1.07203,1,1,2,3028.77,2030.98
42,15,57,10,50,1,0,41,-41.254,-81.7216,4,21.7346,4,21.7346,1,1,3,3028.8,2011.26
42,15,57,10,50,1,0,42,4.40876,175.16,6,41.6147,3,101.354,2.43553,0,2,3028.77,2030.99
42,15,57,10,50,1,0,43,-46.9496,41.3381,3,43.5155,3,43.5155,1,1,2,3028.77,2030.99
42,15,57,10,50,1,0,44,69.575,94.711,7,18.5924,0,26.9787,1.45107,0,1,3028.72,3028.69
42,15,57,10,50,1,0,45,16.6804,-22.1107,8,44.7713,0,61.4936,1.3735,0,1,3028.72,3028.69
42,15,57,10,50,1,0,46,-86.3536,8.89279,3,12.7778,3,12.7778,1,1,2,3028.78,2030.99
42,15,57,10,50,1,0,47,77.5627,-175.139,7,33.4941,0,45.4913,1.35819,0,1,3028.72,3028.7
42,15,57,10,50,1,0,48,-0.728386,-40.3137,4,37.6983,4,37.6983,1,1,3,3028.8,2011.26
42,15,57,10,50,1,0,49,89.2238,137.222,7,4.08131,0,24.0445,5.89137,0,1,3028.72,3028.7
42,16,58,10,50,1,0,0,24.2142,-149.806,1,109.363,1,109.363,1,1,2,7003.37,5990.55
42,16,58,10,50,1,0,1,-54.639,162.249,4,14.952,4,14.952,1,1,2,7003.37,3997.25
42,16,58,10,50,1,0,2,43.9822,-100.471,3,73.3683,1,141.761,1.93218,0,2,7003.37,5990.55
42,16,58,10,50,1,0,3,-75.9833,-88.8688,5,12.5651,1,15.3927,1.22504,0,2,7003.37,5990.55
42,16,58,10,50,1,0,4,-40.8693,34.9095,6,35.5773,4,68.6152,1.92862,0,3,7003.4,3997.28
42,16,58,10,50,1,0,5,-67.2697,-165.781,1,17.1379,1,17.1379,1,1,2,7003.37,5990.55
42,16,58,10,50,1,0,6,6.23489,-123.349,1,96.1089,1,96.1089,1,1,2,7003.37,5990.55
42,16,58,10,50,1,0,7,-75.1512,-113.892,1,12.898,1,12.898,1,1,2,7003.38,5990.56
42,16,58,10,50,1,0,8,78.9071,177.796,0,32.2242,0,32.2242,1,1,1,7003.32,7003.29
42,16,58,10,50,1,0,9,47.8187,-134.932,3,84.0937,1,135.175,1.60744,0,2,7003.38,5990.56
42,16,58,10,50,1,0,10,66.9105,100.758,3,24.8479,0,35.9537,1.44695,0,1,7003.33,7003.29
42,16,58,10,50,1,0,11,-3.99981,-140.998,1,82.1545,1,82.1545,1,1,2,7003.38,5990.56
42,16,58,10,50,1,0,12,-46.531,160.752,4,18.284,4,18.284,1,1,2,7003.38,3997.26
42,16,58,10,50,1,0,13,39.6983,81.4287,2,20.9329,0,55.534,2.65295,0,1,7003.33,7003.29
42,16,58,10,50,1,0,14,39.8667,134.697,0,18.3578,0,18.3578,1,1,1,7003.33,7003.29
42,16,58,10,50,1,0,15,10.0952,-51.8381,6,67.8542,1,130.369,1.92131,0,2,7003.38,5990.56
42,16,58,10,50,1,0,16,82.4452,90.9122,3,15.0604,0,44.3703,2.94615,0,1,7003.33,7003.3
42,16,58,10,50,1,0,17,-34.7947,72.8547,8,40.478,4,49.1955,1.21536,0,2,7003.38,3997.26
42,16,58,10,50,1,0,18,85.2208,-41.556,3,16.9816,0,87.4095,5.14731,0,1,7003.33,7003.3
42,16,58,10,50,1,0,19,81.993,-91.297,3,26.3057,0,110.588,4.20394,0,1,7003.34,7003.3
42,16,58,10,50,1,0,20,86.6768,-150.553,3,32.6845,0,124.91,3.82169,0,1,7003.34,7003.3
42,16,58,10,50,1,0,21,-38.5388,5.82338,6,16.8897,4,89.8249,5.31833,0,3,7003.4,3997.28
42,16,58,10,50,1,0,22,-46.9511,-47.38,6,22.8148,1,61.0779,2.67712,0,2,7003.38,5990.56
42,16,58,10,50,1,0,23,35.9657,-116.088,3,91.7813,1,128.219,1.39701,0,2,7003.38,5990.56
42,16,58,10,50,1,0,24,-24.7919,-12.4311,6,22.6452,1,106.379,4.69764,0,2,7003.38,5990.56
42,16,58,10,50,1,0,25,-35.51,-95.7629,5,55.7888,1,59.7971,1.07185,0,2,7003.38,5990.56
42,16,58,10,50,1,0,26,-45.8363,100.98,9,19.5307,4,24.397,1.24916,0,2,7003.38,3997.27
42,16,58,10,50,1,0,27,-28.3803,-4.73473,6,20.335,1,104.694,5.14845,0,2,7003.39,5990.56
42,16,58,10,50,1,0,28,40.8661,-157.364,3,105.869,1,125.447,1.18493,0,2,7003.39,5990.57
42,16,58,10,50,1,0,29,-51.653,-18.5344,6,5.23156,1,63.6865,12.1735,0,2,7003.39,5990.57
42,16,58,10,50,1,0,30,78.6663,96.8843,3,16.5435,0,41.0342,2.48038,0,1,7003.35,7003.31
42,16,58,10,50,1,0,31,54.8138,142.223,0,11.7596,0,11.7596,1,1,1,7003.35,7003.31
42,16,58,10,50,1,0,32,3.89825,-139.962,1,90.2705,1,90.2705,1,1,2,7003.39,5990.57
42,16,58,10,50,1,0,33,17.5388,-1.76192,7,47.9013,0,137.397,2.86834,0,1,7003.35,7003.31
42,16,58,10,50,1,0,34,-0.758919,19.0636,7,21.8463,4,116.812,5.34698,0,2,7003.39,3997.27
42,16,58,10,50,1,0,35,43.4706,-8.16425,3,36.2935,0,115.781,3.19013,0,1,7003.35,7003.31
42,16,58,10,50,1,0,36,24.2551,-170.136,1,108.768,1,108.768,1,1,2,7003.39,5990.57
42,16,58,10,50,1,0,37,88.8296,134.608,3,21.52,0,41.7149,1.93842,0,1,7003.35,7003.31
42,16,58,10,50,1,0,38,-18.7582,69.5906,7,31.4151,4,64.7139,2.05997,0,2,7003.39,3997.27
42,16,58,10,50,1,0,39,-80.74,92.8996,5,16.4558,4,29.0226,1.76368,0,3,7003.4,3997.28
42,16,58,10,50,1,0,40,-61.4203,-52.5,5,26.0197,1,40.1462,1.54292,0,2,7003.39,5990.57
42,16,58,10,50,1,0,41,88.5683,-34.5132,3,17.4486,0,81.8705,4.69208,0,1,7003.35,7003.32
42,16,58,10,50,1,0,42,-65.7598,-59.624,5,21.7329,1,32.8154,1.50994,0,2,7003.39,5990.57
42,16,58,10,50,1,0,43,70.3761,130.213,0,26.4192,0,26.4192,1,1,1,7003.36,7003.32
42,16,58,10,50,1,0,44,-18.494,-142.554,1,67.3176,1,67.3176,1,1,2,7003.39,5990.57
42,16,58,10,50,1,0,45,-34.1609,-59.6554,6,37.1474,1,73.4421,1.97705,0,2,7003.39,5990.57
42,16,58,10,50,1,0,46,67.1652,-138.694,3,56.28,1,153.706,2.73109,0,2,7003.39,5990.57
42,16,58,10,50,1,0,47,-48.7162,-37.8732,6,16.1278,1,61.7386,3.82808,0,2,7003.39,5990.57
42,16,58,10,50,1,0,48,-49.3281,117.645,9,13.037,4,13.1464,1.00839,0,2,7003.4,3997.28
42,16,58,10,50,1,0,49,70.1824,79.826,3,15.9224,0,45.6987,2.87009,0,1,7003.36,7003.32
42,17,59,10,50,1,0,0,-51.6879,-38.4627,3,11.5775,1,23.3453,2.01644,0,2,2516.6,1520.9
42,17,59,10,50,1,0,1,73.3162,118.498,4,25.5066,4,25.5066,1,1,2,2516.61,156.038
42,17,59,10,50,1,0,2,86.3866,-104.53,4,4.52787,4,4.52787,1,1,3,2516.7,156.13
42,17,59,10,50,1,0,3,-36.5989,-15.9318,9,16.378,1,28.1955,1.72155,0,2,2516.61,1520.9
42,17,59,10,50,1,0,4,-22.2375,151.878,0,48.2694,0,48.2694,1,1,1,2516.56,2516.54
42,17,59,10,50,1,0,5,-44.8625,1.13618,9,18.1122,1,42.3837,2.34006,0,2,2516.61,1520.9
42,17,59,10,50,1,0,6,49.5127,31.0094,4,42.4465,4,42.4465,1,1,3,2516.7,156.131
42,17,59,10,50,1,0,7,66.2922,129.969,4,37.9876,4,37.9876,1,1,2,2516.61,156.041
42,17,59,10,50,1,0,8,-73.7997,-128.508,5,27.2261,1,66.3679,2.43766,0,2,2516.61,1520.9
42,17,59,10,50,1,0,9,-46.5169,-149.46,7,40.1949,1,81.2105,2.02042,0,2,2516.61,1520.9
42,17,59,10,50,1,0,10,19.4847,-83.008,1,59.9205,1,59.9205,1,1,2,2516.61,1520.9
42,17,59,10,50,1,0,11,18.4415,89.7468,0,92.1633,0,92.1633,1,1,1,2516.57,2516.55
42,17,59,10,50,1,0,12,51.7915,-155.987,8,21.6912,4,60.8177,2.80379,0,3,2516.7,156.131
42,17,59,10,50,1,0,13,58.459,-14.4529,4,30.6153,4,30.6153,1,1,3,2516.7,156.132
42,17,59,10,50,1,0,14,-70.0672,-116.681,5,30.4728,1,59.7051,1.95929,0,2,2516.61,1520.91
42,17,59,10,50,1,0,15,82.5196,-63.5101,4,7.54204,4,7.54204,1,1,3,2516.7,156.133
42,17,59,10,50,1,0,16,12.4282,131.672,0,79.7239,0,79.7239,1,1,1,2516.57,2516.55
42,17,59,10,50,1,0,17,-62.506,17.6296,6,5.34716,0,46.7793,8.74843,0,1,2516.57,2516.55
42,17,59,10,50,1,0,18,-76.4294,-18.2099,2,5.26967,0,46.3019,8.78649,0,1,2516.57,2516.55
42,17,59,10,50,1,0,19,-89.1511,-17.3338,5,4.33638,0,36.8651,8.50136,0,1,2516.57,2516.56
42,17,59,10,50,1,0,20,-23.1662,-88.0272,1,35.9452,1,35.9452,1,1,2,2516.62,1520.91
42,17,59,10,50,1,0,21,81.9012,-127.307,4,11.5333,4,11.5333,1,1,3,2516.7,156.134
42,17,59,10,50,1,0,22,61.4911,116.387,4,42.8186,4,42.8186,1,1,2,2516.62,156.048
42,17,59,10,50,1,0,23,-88.6689,155.383,5,9.03136,0,22.2711,2.46598,0,1,2516.58,2516.56
42,17,59,10,50,1,0,24,83.9393,-90.3716,4,6.98925,4,6.98925,1,1,3,2516.7,156.135
42,17,59,10,50,1,0,25,-87.0389,26.8479,5,2.49844,0,29.8987,11.967,0,1,2516.58,2516.56
42,17,59,10,50,1,0,26,3.31017,42.8053,9,52.0086,4,93.9238,1.80593,0,3,2516.7,156.136
42,17,59,10,50,1,0,27,-31.7027,-69.7966,1,18.3904,1,18.3904,1,1,2,2516.68,1520.97
42,17,59,10,50,1,0,28,33.4089,-126.487,8,31.9611,4,78.1341,2.44466,0,3,2516.71,156.137
42,17,59,10,50,1,0,29,47.8752,106.684,4,60.0865,4,60.0865,1,1,2,2516.68,156.112
42,17,59,10,50,1,0,30,-31.5841,80.7896,0,46.676,0,46.676,1,1,1,2516.58,2516.56
42,17,59,10,50,1,0,31,-68.4133,141.688,0,5.6266,0,5.6266,1,1,1,2516.58,2516.56
42,17,59,10,50,1,0,32,16.2306,-81.8386,1,56.5365,1,56.5365,1,1,2,2516.68,1520.97
42,17,59,10,50,1,0,33,-10.3411,59.6024,9,59.31,0,77.4975,1.30665,0,1,2516.58,2516.57
42,17,59,10,50,1,0,34,39.9757,-18.9843,4,49.1724,4,49.1724,1,1,3,2516.71,156.137
42,17,59,10,50,1,0,35,-68.8657,-146.381,5,38.1231,1,74.9488,1.96597,0,2,2516.68,1520.98
42,17,59,10,50,1,0,36,36.4943,-153.929,8,10.1284,4,83.3498,8.22932,0,3,2516.71,156.138
42,17,59,10,50,1,0,37,-46.844,15.9707,6,18.5358,1,53.5215,2.88747,0,2,2516.68,1520.98
42,17,59,10,50,1,0,38,71.2289,-91.0259,4,22.3308,4,22.3308,1,1,3,2516.71,156.139
42,17,59,10,50,1,0,39,-4.32327,130.336,0,62.9244,0,62.9244,1,1,1,2516.59,2516.57
42,17,59,10,50,1,0,40,-0.698753,-2.72423,9,26.1893,1,52.8545,2.01817,0,2,2516.69,1520.98
42,17,59,10,50,1,0,41,-11.4078,-174.777,7,22.2457,1,119.613,5.37688,0,2,2516.69,1520.98
42,17,59,10,50,1,0,42,-69.9595,93.7791,0,12.4977,0,12.4977,1,1,1,2516.59,2516.57
42,17,59,10,50,1,0,43,-32.2869,106.899,0,37.2797,0,37.2797,1,1,1,2516.59,2516.57
42,17,59,10,50,1,0,44,73.6459,-148.823,4,25.6393,4,25.6393,1,1,3,2516.71,156.14
42,17,59,10,50,1,0,45,16.7912,-95.8764,7,61.2912,1,66.0818,1.07816,0,2,2516.69,1520.98
42,17,59,10,50,1,0,46,55.9831,76.7559,4,42.5834,4,42.5834,1,1,2,2516.69,156.12
42,17,59,10,50,1,0,47,-67.0941,-35.5726,2,14.2433,1,38.4411,2.69889,0,2,2516.69,1520.98
42,17,59,10,50,1,0,48,87.4586,25.1296,4,1.97378,4,1.97378,1,1,3,2516.71,156.14
42,17,59,10,50,1,0,49,-77.9851,74.8688,5,12.3269,0,19.0033,1.54162,0,1,2516.6,2516.58
42,18,60,10,50,1,0,0,-38.9928,-108.153,2,47.8616,2,47.8616,1,1,3,122.53,94.7121
42,18,60,10,50,1,0,1,-70.62,-108.828,2,16.1693,2,16.1693,1,1,3,122.531,94.7127
42,18,60,10,50,1,0,2,-51.8222,-112.855,2,35.1926,2,35.1926,1,1,3,122.532,94.7134
42,18,60,10,50,1,0,3,0.529305,55.5082,9,7.89447,1,66.3442,8.40388,0,2,122.494,105.857
42,18,60,10,50,1,0,4,84.0036,-96.7961,0,3.47665,0,3.47665,1,1,1,122.445,122.409
42,18,60,10,50,1,0,5,66.6076,162.721,8,22.3577,7,43.3615,1.93944,0,2,122.495,34.9599
42,18,60,10,50,1,0,6,-0.705124,-177.026,3,63.5564,2,102.794,1.61738,0,2,122.496,94.6771
42,18,60,10,50,1,0,7,24.7767,5.2393,9,52.1801,7,57.3347,1.09879,0,2,122.496,34.9615
42,18,60,10,50,1,0,8,-48.058,-81.3553,2,39.2157,2,39.2157,1,1,3,122.532,94.7141
42,18,60,10,50,1,0,9,33.9118,11.9527,7,48.009,7,48.009,1,1,2,122.498,34.963
42,18,60,10,50,1,0,10,58.4527,80.5605,8,15.3736,7,32.7527,2.13045,0,2,122.499,34.9637
42,18,60,10,50,1,0,11,-51.7824,132.554,1,36.8829,1,36.8829,1,1,2,122.5,105.862
42,18,60,10,50,1,0,12,-37.4884,-119.732,2,50.1273,2,50.1273,1,1,3,122.533,94.7147
42,18,60,10,50,1,0,13,-17.1479,-128.46,3,43.1255,2,71.8491,1.66605,0,2,122.501,94.6826
42,18,60,10,50,1,0,14,85.407,162.31,0,15.7037,0,15.7037,1,1,1,122.454,122.419
42,18,60,10,50,1,0,15,54.2141,-87.1717,0,33.1536,0,33.1536,1,1,1,122.455,122.42
42,18,60,10,50,1,0,16,-62.9213,147.188,5,31.5484,1,35.2678,1.11789,0,2,122.502,105.865
42,18,60,10,50,1,0,17,-7.99986,-49.487,4,68.7657,2,85.5556,1.24416,0,2,122.503,94.6841
42,18,60,10,50,1,0,18,-72.8337,165.059,5,23.18,1,36.072,1.55617,0,2,122.503,105.866
42,18,60,10,50,1,0,19,-86.9894,-157.66,2,3.2517,2,3.2517,1,1,3,122.534,94.7153
42,18,60,10,50,1,0,20,-55.8686,139.236,1,36.84,1,36.84,1,1,2,122.505,105.868
42,18,60,10,50,1,0,21,-87.4696,66.8526,5,3.84244,2,8.51249,2.21539,0,3,122.534,94.7159
42,18,60,10,50,1,0,22,71.1051,54.6143,7,14.5064,7,14.5064,1,1,2,122.506,34.9714
42,18,60,10,50,1,0,23,-53.9541,-133.906,2,34.7595,2,34.7595,1,1,3,122.535,94.7165
42,18,60,10,50,1,0,24,76.6295,139.915,8,16.7399,7,24.1798,1.44443,0,2,122.508,34.9728
42,18,60,10,50,1,0,25,29.0234,90.1644,8,37.0335,7,68.5813,1.85187,0,3,122.536,35.0012
42,18,60,10,50,1,0,26,20.238,134.482,8,46.58,7,98.0567,2.10513,0,3,122.537,35.0019
42,18,60,10,50,1,0,27,21.359,145.499,8,49.2316,7,102.05,2.07285,0,3,122.537,35.0026
42,18,60,10,50,1,0,28,-82.6249,-171.578,2,7.87939,2,7.87939,1,1,3,122.538,94.7197
42,18,60,10,50,1,0,29,-81.4803,-174.436,2,9.35007,2,9.35007,1,1,3,122.539,94.7203
42,18,60,10,50,1,0,30,85.3663,125.467,7,12.9086,7,12.9086,1,1,2,122.512,34.9776
42,18,60,10,50,1,0,31,-40.8037,-135.11,2,48.5612,2,48.5612,1,1,3,122.54,94.7212
42,18,60,10,50,1,0,32,46.3278,82.3928,8,23.4541,7,46.6891,1.99066,0,2,122.514,34.9792
42,18,60,10,50,1,0,33,-2.29855,126.988,8,67.0712,1,80.3166,1.19748,0,2,122.515,105.878
42,18,60,10,50,1,0,34,33.7259,1.424,7,48.5937,7,48.5937,1,1,2,122.516,34.9808
42,18,60,10,50,1,0,35,74.664,135.715,8,14.5508,7,25.9104,1.78069,0,2,122.517,34.9817
42,18,60,10,50,1,0,36,-19.6698,154.389,1,79.0373,1,79.0373,1,1,2,122.517,105.88
42,18,60,10,50,1,0,37,11.2836,-77.1295,3,40.5623,0,76.2297,1.87932,0,1,122.473,122.438
42,18,60,10,50,1,0,38,14.5016,94.659,9,37.541,1,83.5016,2.22428,0,2,122.518,105.881
42,18,60,10,50,1,0,39,-15.5177,2.26215,4,25.0159,1,69.8872,2.79371,0,2,122.519,105.882
42,18,60,10,50,1,0,40,27.2872,-152.989,3,32.1126,0,70.5067,2.19561,0,1,122.475,122.44
42,18,60,10,50,1,0,41,-43.7867,-84.9496,2,43.2957,2,43.2957,1,1,3,122.54,94.7219
42,18,60,10,50,1,0,42,80.7467,135.145,7,18.4235,7,18.4235,1,1,2,122.52,34.9857
42,18,60,10,50,1,0,43,-59.7252,176.244,5,42.4945,1,50.9375,1.19868,0,2,122.521,105.884
42,18,60,10,50,1,0,44,71.7834,-102.411,0,15.9033,0,15.9033,1,1,1,122.478,122.443
42,18,60,10,50,1,0,45,-89.0961,134.299,5,7.03331,2,8.9444,1.27172,0,3,122.541,94.7225
42,18,60,10,50,1,0,46,-78.4718,-79.7997,2,8.57397,2,8.57397,1,1,3,122.542,94.7234
42,18,60,10,50,1,0,47,89.5947,115.712,0,5.77927,0,5.77927,1,1,1,122.481,122.445
42,18,60,10,50,1,0,48,-88.7035,-5.40775,2,4.28716,2,4.28716,1,1,3,122.543,94.7241
42,18,60,10,50,1,0,49,31.3501,70.0448,9,26.1603,7,59.4654,2.27311,0,3,122.543,35.0085
42,19,61,10,50,1,0,0,64.6842,-178.354,6,19.8086,0,28.3451,1.43095,0,1,157.86,156.999
42,19,61,10,50,1,0,1,55.6931,26.2552,1,25.6266,1,25.6266,1,1,2,157.933,134.799
42,19,61,10,50,1,0,2,79.7583,-120.841,6,2.84165,0,18.0648,6.35715,0,1,157.864,157.003
42,19,61,10,50,1,0,3,-50.8855,126.69,8,50.6461,8,50.6461,1,1,3,157.983,31.2797
42,19,61,10,50,1,0,4,10.3071,-161.993,0,63.6097,0,63.6097,1,1,1,157.867,157.006
42,19,61,10,50,1,0,5,88.0781,-35.8434,3,4.64146,1,9.41316,2.02806,0,2,157.936,134.801
42,19,61,10,50,1,0,6,-48.8766,155.322,8,62.1931,8,62.1931,1,1,3,157.984,31.2808
42,19,61,10,50,1,0,7,73.0179,-114.735,6,8.69977,0,11.2536,1.29355,0,1,157.871,157.01
42,19,61,10,50,1,0,8,-21.8556,144.911,8,94.5039,8,94.5039,1,1,3,157.985,31.2819
42,19,61,10,50,1,0,9,-62.9331,175.017,8,47.0604,8,47.0604,1,1,3,157.986,31.2833
42,19,61,10,50,1,0,10,6.74776,70.2972,4,24.6282,1,88.2906,3.58494,0,2,157.939,134.805
42,19,61,10,50,1,0,11,-30.6989,-6.49362,8,56.3586,8,56.3586,1,1,3,157.987,31.2843
42,19,61,10,50,1,0,12,56.671,-79.6164,9,16.4504,0,19.1859,1.16629,0,1,157.878,157.017
42,19,61,10,50,1,0,13,-3.95206,125.09,4,79.3186,8,106.859,1.34721,0,3,157.988,31.2854
42,19,61,10,50,1,0,14,63.5991,-101.638,0,6.73297,0,6.73297,1,1,1,157.882,157.02
42,19,61,10,50,1,0,15,-60.0088,76.5667,8,28.571,8,28.571,1,1,3,157.989,31.2865
42,19,61,10,50,1,0,16,-49.9959,171.369,8,65.8715,8,65.8715,1,1,3,157.99,31.2874
42,19,61,10,50,1,0,17,-38.589,-120.475,5,77.4458,8,84.0137,1.08481,0,2,157.944,31.2409
42,19,61,10,50,1,0,18,-64.7363,1.05089,8,20.5859,8,20.5859,1,1,3,157.991,31.2885
42,19,61,10,50,1,0,19,-86.8929,71.1415,8,4.43842,8,4.43842,1,1,3,157.993,31.2897
42,19,61,10,50,1,0,20,9.52877,-177.63,0,72.504,0,72.504,1,1,1,157.89,157.028
42,19,61,10,50,1,0,21,-72.3509,101.304,8,19.2147,8,19.2147,1,1,3,157.994,31.2907
42,19,61,10,50,1,0,22,78.8461,-178.666,6,7.74163,0,27.2184,3.51584,0,1,157.893,157.031
42,19,61,10,50,1,0,23,83.2846,-66.0191,2,6.46536,1,10.77,1.6658,0,2,157.948,134.813
42,19,61,10,50,1,0,24,73.1225,-139.297,6,6.90444,0,14.5033,2.10057,0,1,157.895,157.034
42,19,61,10,50,1,0,25,-35.5011,-20.2596,8,54.08,8,54.08,1,1,3,157.995,31.292
42,19,61,10,50,1,0,26,55.5001,47.6001,1,29.7495,1,29.7495,1,1,2,157.95,134.815
42,19,61,10,50,1,0,27,76.6234,44.3422,1,9.2405,1,9.2405,1,1,2,157.951,134.816
42,19,61,10,50,1,0,28,73.9918,-34.6573,2,8.21577,1,10.0498,1.22323,0,2,157.952,134.817
42,19,61,10,50,1,0,29,-5.28402,95.1819,4,52.4043,8,92.613,1.76728,0,3,157.997,31.2939
42,19,61,10,50,1,0,30,21.8522,49.4144,4,2.60648,1,65.1047,24.978,0,2,157.954,134.82
42,19,61,10,50,1,0,31,-4.12569,123.712,4,78.0816,8,106.009,1.35767,0,3,157.998,31.2952
42,19,61,10,50,1,0,32,20.3915,94.5706,4,43.2583,1,83.9963,1.94174,0,2,157.956,134.822
42,19,61,10,50,1,0,33,-88.3814,91.3103,8,5.98879,8,5.98879,1,1,3,157.999,31.2963
42,19,61,10,50,1,0,34,-42.1893,-170.549,8,98.4911,8,98.4911,1,1,2,157.959,31.2561
42,19,61,10,50,1,0,35,-8.77407,114.679,4,71.5752,8,96.6576,1.35043,0,3,158,31.2972
42,19,61,10,50,1,0,36,-84.0891,17.75,8,0.931325,8,0.931325,1,1,3,158.001,31.2984
42,19,61,10,50,1,0,37,17.9917,169.514,7,63.1752,1,126.46,2.00173,0,2,157.962,134.827
42,19,61,10,50,1,0,38,9.54202,22.5526,4,27.0542,1,71.5727,2.64554,0,2,157.963,134.828
42,19,61,10,50,1,0,39,-38.2525,-14.6711,8,50.0409,8,50.0409,1,1,3,158.002,31.2993
42,19,61,10,50,1,0,40,31.6278,32.4928,4,19.0097,1,50.9777,2.68168,0,2,157.964,134.83
42,19,61,10,50,1,0,41,72.5347,-5.74408,1,7.2834,1,7.2834,1,1,2,157.966,134.832
42,19,61,10,50,1,0,42,-49.9535,118.316,8,49.4148,8,49.4148,1,1,3,158.003,31.3007
42,19,61,10,50,1,0,43,-70.7009,-131.923,8,37.105,8,37.105,1,1,2,157.968,31.2656
42,19,61,10,50,1,0,44,-48.1706,28.0301,8,35.9589,8,35.9589,1,1,3,158.005,31.3017
42,19,61,10,50,1,0,45,71.6292,127.363,7,15.2909,1,32.1919,2.10529,0,2,157.97,134.836
42,19,61,10,50,1,0,46,-51.2777,-44.9929,8,42.6771,8,42.6771,1,1,2,157.971,31.2684
42,19,61,10,50,1,0,47,35.5378,118.228,7,55.388,1,76.3874,1.37913,0,2,157.972,134.838
42,19,61,10,50,1,0,48,-65.2112,74.3128,8,22.7044,8,22.7044,1,1,3,158.005,31.3026
42,19,61,10,50,1,0,49,14.7689,-34.8009,5,22.2159,1,69.4442,3.12588,0,2,157.974,134.839
42,20,62,10,50,1,0,0,-12.6248,-70.7278,4,30.5559,2,47.7651,1.56321,0,2,116.613,93.6427
42,20,62,10,50,1,0,1,-88.8513,159.039,9,130.139,0,168.475,1.29458,0,1,115.929,115.878
42,20,62,10,50,1,0,2,30.0234,-130.895,5,49.3896,5,49.3896,1,1,3,116.734,58.5465
42,20,62,10,50,1,0,3,-13.6403,-165.304,5,26.5477,5,26.5477,1,1,3,116.735,58.5474
42,20,62,10,50,1,0,4,25.3602,-50.3139,8,14.3846,0,72.0953,5.01199,0,1,115.934,115.883
42,20,62,10,50,1,0,5,17.639,-57.4414,8,20.2798,2,73.1992,3.60947,0,2,116.618,93.6479
42,20,62,10,50,1,0,6,81.1313,-56.9115,6,42.3523,0,65.0173,1.53515,0,1,115.937,115.886
42,20,62,10,50,1,0,7,-60.5849,-58.9581,4,56.1302,2,61.1334,1.08914,0,2,116.621,93.6499
42,20,62,10,50,1,0,8,1.60762,-173.315,5,9.35066,5,9.35066,1,1,3,116.736,58.5483
42,20,62,10,50,1,0,9,-72.2597,151.549,1,121.095,0,156.463,1.29206,0,1,115.942,115.89
42,20,62,10,50,1,0,10,-47.6956,54.226,9,64.3699,0,86.3435,1.34137,0,1,115.943,115.892
42,20,62,10,50,1,0,11,76.5001,-152.223,8,63.7405,5,69.8394,1.09568,0,3,116.736,58.5491
42,20,62,10,50,1,0,12,-32.5743,-48.7168,7,36.2734,2,64.7441,1.78489,0,2,116.624,93.6539
42,20,62,10,50,1,0,13,5.16736,-169.364,5,10.0345,5,10.0345,1,1,3,116.737,58.5501
42,20,62,10,50,1,0,14,36.3384,164.47,1,37.6248,0,106.53,2.83138,0,1,115.948,115.897
42,20,62,10,50,1,0,15,1.05308,-132.573,2,25.0186,2,25.0186,1,1,2,116.627,93.6563
42,20,62,10,50,1,0,16,-43.129,4.4035,9,32.2826,0,83.8998,2.59892,0,1,115.951,115.899
42,20,62,10,50,1,0,17,-76.767,153.789,1,125.923,0,160.004,1.27065,0,1,115.952,115.901
42,20,62,10,50,1,0,18,26.7545,-0.814545,0,29.9563,0,29.9563,1,1,1,115.953,115.902
42,20,62,10,50,1,0,19,84.2426,-75.7706,6,46.0375,0,72.4955,1.57471,0,1,115.954,115.903
42,20,62,10,50,1,0,20,64.4358,23.7632,6,16.9706,0,29.0699,1.71295,0,1,115.955,115.904
42,20,62,10,50,1,0,21,23.394,111.134,1,20.9524,0,69.4067,3.31259,0,1,115.956,115.905
42,20,62,10,50,1,0,22,73.4258,105.618,3,10.3317,0,56.486,5.46727,0,1,115.957,115.906
42,20,62,10,50,1,0,23,-63.912,-29.9331,9,53.6664,2,79.4087,1.47967,0,2,116.629,93.658
42,20,62,10,50,1,0,24,56.1517,-92.3433,8,29.3658,2,81.1153,2.76223,0,2,116.63,93.6591
42,20,62,10,50,1,0,25,-29.1923,-163.088,2,40.1257,2,40.1257,1,1,2,116.631,93.6607
42,20,62,10,50,1,0,26,70.9413,-85.3843,8,36.5378,0,78.5238,2.14911,0,1,115.962,115.91
42,20,62,10,50,1,0,27,-67.6554,-103.266,2,48.5316,2,48.5316,1,1,2,116.632,93.6619
42,20,62,10,50,1,0,28,22.9494,55.0238,0,23.4609,0,23.4609,1,1,1,115.963,115.912
42,20,62,10,50,1,0,29,-46.3148,-61.4244,4,46.2758,2,55.1211,1.19114,0,2,116.718,93.7473
42,20,62,10,50,1,0,30,19.7468,89.4765,1,33.1955,0,52.8526,1.59216,0,1,115.966,115.915
42,20,62,10,50,1,0,31,-6.99863,133.236,1,53.3868,0,106.501,1.99489,0,1,115.968,115.916
42,20,62,10,50,1,0,32,-43.06,12.4688,9,35.376,0,81.4889,2.30351,0,1,115.969,115.917
42,20,62,10,50,1,0,33,53.5122,147.389,1,22.6702,0,83.462,3.68157,0,1,115.969,115.918
42,20,62,10,50,1,0,34,-84.1729,95.5097,9,99.0853,0,133.12,1.34349,0,1,115.971,115.92
42,20,62,10,50,1,0,35,-54.1908,140.526,1,101.027,0,139.568,1.38149,0,1,115.972,115.921
42,20,62,10,50,1,0,36,-30.3636,118.406,1,74.2991,0,108.365,1.45849,0,1,115.973,115.922
42,20,62,10,50,1,0,37,35.83,-93.8755,8,28.2937,2,62.0446,2.19287,0,2,116.722,93.7511
42,20,62,10,50,1,0,38,22.0122,123.836,1,22.7945,0,81.046,3.5555,0,1,115.975,115.924
42,20,62,10,50,1,0,39,28.0957,-23.6722,8,30.8947,0,48.335,1.56451,0,1,115.976,115.925
42,20,62,10,50,1,0,40,-74.2537,177.807,1,132.245,0,175.944,1.33044,0,1,115.977,115.926
42,20,62,10,50,1,0,41,-3.38007,173.375,1,71.4538,0,140.758,1.96992,0,1,115.978,115.927
42,20,62,10,50,1,0,42,-43.7887,37.929,9,51.2203,0,79.8865,1.55966,0,1,115.979,115.928
42,20,62,10,50,1,0,43,-54.9453,138.321,1,101.258,0,138.322,1.36604,0,1,115.98,115.929
42,20,62,10,50,1,0,44,-43.5236,-22.5203,7,32.9758,2,85.6225,2.59652,0,2,116.723,93.752
42,20,62,10,50,1,0,45,-51.5515,132.446,1,96.8115,0,132.063,1.36413,0,1,116.576,116.525
42,20,62,10,50,1,0,46,-56.5219,62.8997,9,73.1196,0,97.1362,1.32846,0,1,116.581,116.53
42,20,62,10,50,1,0,47,42.8411,-19.1638,8,30.4566,0,40.5874,1.33263,0,1,116.583,116.532
42,20,62,10,50,1,0,48,-52.3157,12.7066,9,43.2545,0,90.4,2.08995,0,1,116.585,116.534
42,20,62,10,50,1,0,49,-25.8874,-92.9771,4,13.1675,2,25.2693,1.91906,0,2,116.723,93.7528
42,21,63,10,50,1,0,0,-0.403336,37.0936,1,16.3765,1,16.3765,1,1,2,119.741,105.817
42,21,63,10,50,1,0,1,37.5001,110.865,7,44.055,1,62.4464,1.41747,0,2,119.743,105.819
42,21,63,10,50,1,0,2,-19.7159,41.243,1,29.4344,1,29.4344,1,1,2,119.744,105.82
42,21,63,10,50,1,0,3,23.1424,-97.5772,0,78.9263,0,78.9263,1,1,1,119.624,119.591
42,21,63,10,50,1,0,4,41.7299,60.543,3,30.7561,1,34.7738,1.13063,0,2,119.745,105.821
42,21,63,10,50,1,0,5,-53.1146,-75.9254,9,62.8519,0,114.946,1.82884,0,1,119.627,119.594
42,21,63,10,50,1,0,6,30.8251,89.7927,5,35.251,1,42.9772,1.21918,0,2,119.746,105.822
42,21,63,10,50,1,0,7,77.6243,176.504,7,6.52178,1,115.315,17.6815,0,2,119.747,105.823
42,21,63,10,50,1,0,8,24.2768,52.6105,5,14.4645,1,16.3242,1.12857,0,2,119.748,105.824
42,21,63,10,50,1,0,9,8.48747,125.87,2,42.9523,2,42.9523,1,1,3,119.799,95.4417
42,21,63,10,50,1,0,10,-9.80113,-141.052,0,42.8514,0,42.8514,1,1,1,119.636,119.603
42,21,63,10,50,1,0,11,2.23553,67.2218,5,12.2441,1,16.9951,1.38802,0,2,119.751,105.827
42,21,63,10,50,1,0,12,59.0105,-21.5524,8,26.7488,1,79.2333,2.96213,0,2,119.752,105.828
42,21,63,10,50,1,0,13,17.0939,78.9739,5,20.6867,1,28.6151,1.38326,0,2,119.753,105.829
42,21,63,10,50,1,0,14,-83.2324,76.5343,9,15.8166,2,60.4949,3.82477,0,3,119.801,95.4433
42,21,63,10,50,1,0,15,-25.7705,12.7286,9,49.7516,1,50.8333,1.02174,0,2,119.755,105.831
42,21,63,10,50,1,0,16,-33.1861,-156.541,0,48.6995,0,48.6995,1,1,1,119.644,119.611
42,21,63,10,50,1,0,17,-28.2031,74.1961,6,18.7887,1,42.7222,2.27382,0,2,119.756,105.832
42,21,63,10,50,1,0,18,32.3511,169.879,7,46.5622,2,71.9963,1.54624,0,3,119.802,95.4446
42,21,63,10,50,1,0,19,78.3095,-31.8379,8,19.6356,1,92.7819,4.72519,0,2,119.758,105.834
42,21,63,10,50,1,0,20,25.2109,-129.61,0,49.2434,0,49.2434,1,1,1,119.651,119.618
42,21,63,10,50,1,0,21,36.1183,-67.928,3,70.2724,0,105.197,1.49699,0,1,119.652,119.619
42,21,63,10,50,1,0,22,70.0912,47.4854,8,4.20023,1,62.1462,14.7959,0,2,119.759,105.835
42,21,63,10,50,1,0,23,-35.7119,8.73587,9,41.4539,1,60.079,1.4493,0,2,119.76,105.836
42,21,63,10,50,1,0,24,-39.952,125.551,2,12.9575,2,12.9575,1,1,3,119.803,95.4459
42,21,63,10,50,1,0,25,-22.6969,80.4936,6,23.9196,1,42.2915,1.76807,0,2,119.762,105.838
42,21,63,10,50,1,0,26,82.2495,139.077,7,5.4499,1,96.733,17.7495,0,2,119.763,105.839
42,21,63,10,50,1,0,27,-16.1423,102.52,4,35.4707,2,36.8776,1.03966,0,3,119.804,95.4469
42,21,63,10,50,1,0,28,-31.2376,-178.097,0,41.5523,0,41.5523,1,1,1,119.662,119.629
42,21,63,10,50,1,0,29,0.746964,-48.9399,3,75.5554,1,100.086,1.32467,0,2,119.765,105.841
42,21,63,10,50,1,0,30,39.2188,129.953,7,38.8246,2,72.3283,1.86295,0,3,119.805,95.4479
42,21,63,10,50,1,0,31,71.8943,-167.935,0,62.1381,0,62.1381,1,1,1,119.666,119.633
42,21,63,10,50,1,0,32,76.7061,-92.6175,8,36.6091,0,91.2382,2.49223,0,1,119.668,119.635
42,21,63,10,50,1,0,33,43.1307,38.1145,3,14.0578,1,37.0428,2.63505,0,2,119.768,105.844
42,21,63,10,50,1,0,34,-51.3694,62.8804,6,11.654,2,59.4645,5.1025,0,3,119.807,95.449
42,21,63,10,50,1,0,35,-86.8617,127.683,9,24.4211,2,54.5753,2.23476,0,3,119.808,95.4501
42,21,63,10,50,1,0,36,56.635,78.5133,8,23.7817,1,53.8334,2.26365,0,2,119.772,105.848
42,21,63,10,50,1,0,37,-60.1226,73.4523,9,13.5064,2,52.8326,3.91167,0,3,119.809,95.4515
42,21,63,10,50,1,0,38,-27.0007,-11.6691,9,58.5618,1,71.1872,1.21559,0,2,119.775,105.851
42,21,63,10,50,1,0,39,-48.9059,46.0945,9,19.9978,1,57.1156,2.85609,0,2,119.776,105.852
42,21,63,10,50,1,0,40,-33.059,36.7944,6,35.1766,1,43.4027,1.23385,0,2,119.777,105.853
42,21,63,10,50,1,0,41,-26.7059,-81.619,9,97.6715,0,103.149,1.05608,0,1,119.68,119.647
42,21,63,10,50,1,0,42,-2.06417,94.3036,5,37.9118,1,44.2341,1.16676,0,2,119.778,105.854
42,21,63,10,50,1,0,43,-79.5494,113.397,9,20.451,2,49.0644,2.39912,0,3,119.81,95.4526
42,21,63,10,50,1,0,44,48.1034,22.3951,3,9.52566,1,47.4595,4.98228,0,2,119.782,105.858
42,21,63,10,50,1,0,45,-57.7717,-5.35571,9,27.008,1,83.4106,3.08837,0,2,119.784,105.86
42,21,63,10,50,1,0,46,-13.826,-151.755,0,36.307,0,36.307,1,1,1,119.725,119.692
42,21,63,10,50,1,0,47,3.35481,-54.2397,3,78.1766,1,104.999,1.3431,0,2,119.785,105.861
42,21,63,10,50,1,0,48,-32.1861,-87.0289,9,94.2368,0,99.7033,1.05801,0,1,119.728,119.695
42,21,63,10,50,1,0,49,81.9374,12.8889,8,12.624,1,78.7315,6.23665,0,2,119.787,105.863
42,22,64,10,50,1,0,0,14.1056,151.452,4,14.2844,0,28.5495,1.99865,0,1,137.665,137.634
42,22,64,10,50,1,0,1,76.2757,67.9794,1,37.2156,1,37.2156,1,1,2,137.724,126.892
42,22,64,10,50,1,0,2,-65.5662,-140.628,2,21.7465,2,21.7465,1,1,2,137.726,108.4
42,22,64,10,50,1,0,3,62.9887,-20.6289,8,52.5995,5,58.7365,1.11667,0,3,137.828,64.1548
42,22,64,10,50,1,0,4,61.801,-1.478,8,59.2968,5,67.4825,1.13804,0,3,137.829,64.1559
42,22,64,10,50,1,0,5,-28.4192,-85.272,9,14.8655,2,47.0906,3.16778,0,2,137.729,108.403
42,22,64,10,50,1,0,6,-15.3254,-110.664,2,38.4591,2,38.4591,1,1,2,137.729,108.403
42,22,64,10,50,1,0,7,-48.5361,61.7086,0,83.2963,0,83.2963,1,1,1,137.672,137.641
42,22,64,10,50,1,0,8,-35.5129,112.384,0,40.726,0,40.726,1,1,1,137.674,137.643
42,22,64,10,50,1,0,9,4.97277,117.863,3,14.129,0,38.157,2.70062,0,1,137.675,137.644
42,22,64,10,50,1,0,10,36.5874,-142.74,6,54.2099,5,77.2487,1.42499,0,4,137.848,64.1745
42,22,64,10,50,1,0,11,-61.7012,-52.5509,9,31.6738,2,56.0661,1.77011,0,2,137.731,108.405
42,22,64,10,50,1,0,12,-21.3149,29.7073,7,70.8371,5,97.2741,1.37321,0,2,137.733,64.0594
42,22,64,10,50,1,0,13,41.6949,166.675,1,21.4125,1,21.4125,1,1,2,137.734,126.902
42,22,64,10,50,1,0,14,81.2269,-160.578,6,71.8011,5,95.2746,1.32692,0,3,137.831,64.1574
42,22,64,10,50,1,0,15,-40.9495,10.6649,7,55.9072,5,88.7014,1.58658,0,3,137.832,64.1584
42,22,64,10,50,1,0,16,85.437,-109.348,6,60.5491,5,78.266,1.2926,0,3,137.833,64.159
42,22,64,10,50,1,0,17,-50.6778,-140.258,2,6.85793,2,6.85793,1,1,2,137.737,108.411
42,22,64,10,50,1,0,18,-34.9878,-155.378,2,14.5822,2,14.5822,1,1,2,137.738,108.412
42,22,64,10,50,1,0,19,9.55637,-126.374,6,47.4946,2,55.0251,1.15855,0,3,137.833,108.507
42,22,64,10,50,1,0,20,11.5719,142.274,4,7.27712,0,27.3782,3.76223,0,1,137.683,137.652
42,22,64,10,50,1,0,21,-15.8228,172.493,0,20.9606,0,20.9606,1,1,1,137.685,137.654
42,22,64,10,50,1,0,22,-74.1948,51.2821,9,83.4452,0,92.9725,1.11417,0,1,137.685,137.654
42,22,64,10,50,1,0,23,27.1007,-39.4153,8,14.443,5,24.5005,1.69637,0,4,137.849,64.1753
42,22,64,10,50,1,0,24,-8.16697,-115.853,2,41.9101,2,41.9101,1,1,2,137.806,108.48
42,22,64,10,50,1,0,25,-50.776,-123.159,2,13.5828,2,13.5828,1,1,2,137.807,108.481
42,22,64,10,50,1,0,26,-39.2965,-44.9544,9,20.5409,5,55.2907,2.69174,0,3,137.835,64.1612
42,22,64,10,50,1,0,27,2.14493,58.7771,3,69.851,0,93.011,1.33156,0,1,137.689,137.659
42,22,64,10,50,1,0,28,82.3764,-92.3202,6,55.703,5,71.7902,1.2888,0,3,137.835,64.1619
42,22,64,10,50,1,0,29,22.7259,147.207,4,19.3157,0,37.3379,1.93303,0,1,137.691,137.66
42,22,64,10,50,1,0,30,-36.4491,143.553,0,22.9713,0,22.9713,1,1,1,137.693,137.662
42,22,64,10,50,1,0,31,-11.0642,-82.0243,9,24.3763,5,32.2776,1.32414,0,3,137.836,64.1627
42,22,64,10,50,1,0,32,-72.8975,56.5159,9,86.5352,0,89.8429,1.03822,0,1,137.695,137.664
42,22,64,10,50,1,0,33,-21.1413,-35.7706,7,11.0391,5,43.1066,3.90491,0,3,137.837,64.1637
42,22,64,10,50,1,0,34,40.5688,156.83,1,23.5893,1,23.5893,1,1,2,137.811,126.979
42,22,64,10,50,1,0,35,8.92793,-75.7186,5,14.9412,5,14.9412,1,1,4,137.85,64.176
42,22,64,10,50,1,0,36,59.5522,166.21,1,3.66174,1,3.66174,1,1,2,137.812,126.981
42,22,64,10,50,1,0,37,-41.6129,150.715,0,27.176,0,27.176,1,1,1,137.701,137.67
42,22,64,10,50,1,0,38,18.7462,150.976,4,17.4377,0,33.1836,1.90298,0,1,137.702,137.671
42,22,64,10,50,1,0,39,-34.3502,-158.842,2,17.1882,2,17.1882,1,1,2,137.813,108.487
42,22,64,10,50,1,0,40,-72.4388,9.7476,9,62.7675,2,84.2665,1.34252,0,2,137.814,108.488
42,22,64,10,50,1,0,41,-51.0004,-43.4706,9,26.7431,2,65.9625,2.46653,0,2,137.814,108.488
42,22,64,10,50,1,0,42,72.3966,82.2891,1,33.8466,1,33.8466,1,1,2,137.815,126.983
42,22,64,10,50,1,0,43,-82.3468,129.546,0,69.3644,0,69.3644,1,1,1,137.707,137.676
42,22,64,10,50,1,0,44,84.9844,60.7582,1,36.7792,1,36.7792,1,1,2,137.816,126.984
42,22,64,10,50,1,0,45,48.3763,-82.9294,6,21.3747,5,39.3715,1.84197,0,4,137.85,64.1767
42,22,64,10,50,1,0,46,12.1554,-105.376,6,28.2942,5,43.0218,1.52052,0,4,137.851,64.1776
42,22,64,10,50,1,0,47,7.52313,58.5159,3,68.7891,0,94.7239,1.37702,0,1,137.711,137.68
42,22,64,10,50,1,0,48,65.5701,152.764,1,7.13314,1,7.13314,1,1,2,137.819,126.987
42,22,64,10,50,1,0,49,-78.6273,32.2778,9,73.9654,2,90.1016,1.21816,0,2,137.819,108.493
42,23,65,10,50,1,0,0,27.0233,-98.7449,2,33.3186,2,33.3186,1,1,2,143.228,113.297
42,23,65,10,50,1,0,1,-67.0162,-158.657,3,62.4523,0,64.497,1.03274,0,1,143.164,143.132
42,23,65,10,50,1,0,2,65.9028,32.4463,1,62.0682,1,62.0682,1,1,2,143.229,126.815
42,23,65,10,50,1,0,3,10.6174,-129.977,3,21.2871,2,68.0505,3.1968,0,2,143.23,113.299
42,23,65,10,50,1,0,4,78.7877,111.237,4,28.9696,1,51.4575,1.77626,0,2,143.231,126.817
42,23,65,10,50,1,0,5,-7.41453,-102.132,3,23.2577,0,50.0967,2.15398,0,1,143.169,143.137
42,23,65,10,50,1,0,6,-64.6124,-139.761,0,54.5142,0,54.5142,1,1,1,143.171,143.139
42,23,65,10,50,1,0,7,-89.2616,119.411,9,2.7226,9,2.7226,1,1,2,143.233,10.5641
42,23,65,10,50,1,0,8,-10.3544,-18.9095,7,38.7589,0,47.8119,1.23357,0,1,143.173,143.141
42,23,65,10,50,1,0,9,86.9565,-81.9487,8,44.0626,2,53.6363,1.21727,0,3,143.357,113.425
42,23,65,10,50,1,0,10,-13.7138,24.7314,0,80.4195,0,80.4195,1,1,1,143.177,143.145
42,23,65,10,50,1,0,11,-42.5316,171.545,9,44.5453,9,44.5453,1,1,3,143.358,10.6892
42,23,65,10,50,1,0,12,-18.1861,64.8653,1,59.8448,1,59.8448,1,1,2,143.236,126.822
42,23,65,10,50,1,0,13,-33.4019,-121.474,3,23.5076,0,49.3874,2.10091,0,1,143.18,143.149
42,23,65,10,50,1,0,14,56.2804,-60.9476,2,21.9623,2,21.9623,1,1,2,143.237,113.305
42,23,65,10,50,1,0,15,-65.7422,-13.3927,0,38.4724,0,38.4724,1,1,1,143.182,143.151
42,23,65,10,50,1,0,16,10.1537,-85.5168,2,33.1832,2,33.1832,1,1,2,143.238,113.307
42,23,65,10,50,1,0,17,3.97534,-27.8869,7,35.7873,2,43.5442,1.21675,0,2,143.239,113.308
42,23,65,10,50,1,0,18,63.4647,-150.814,8,19.1482,2,65.8844,3.44077,0,2,143.241,113.31
42,23,65,10,50,1,0,19,11.068,104.505,6,14.2488,1,16.4875,1.15711,0,2,143.242,126.828
42,23,65,10,50,1,0,20,70.2111,-172.693,8,30.9044,2,77.2368,2.49922,0,2,143.243,113.312
42,23,65,10,50,1,0,21,-88.8136,-168.803,9,12.2861,9,12.2861,1,1,2,143.244,10.5751
42,23,65,10,50,1,0,22,-66.2272,-176.15,3,68.73,0,74.3901,1.08235,0,1,143.19,143.158
42,23,65,10,50,1,0,23,65.3044,26.8367,2,64.5688,2,64.5688,1,1,3,143.359,113.428
42,23,65,10,50,1,0,24,-7.52991,124.522,6,17.9217,1,40.6647,2.26903,0,2,143.246,126.832
42,23,65,10,50,1,0,25,62.444,137.513,4,16.7961,1,42.3518,2.52153,0,2,143.247,126.833
42,23,65,10,50,1,0,26,-15.3734,-140.175,3,15.2216,0,74.7559,4.91119,0,1,143.194,143.162
42,23,65,10,50,1,0,27,64.5288,112.881,4,28.0295,1,37.5509,1.33969,0,2,143.248,126.834
42,23,65,10,50,1,0,28,52.3451,-117.746,8,10.579,2,45.0768,4.26098,0,2,143.249,113.317
42,23,65,10,50,1,0,29,85.7037,37.2509,4,48.1107,1,68.6787,1.42751,0,2,143.25,126.835
42,23,65,10,50,1,0,30,0.653084,-140.077,3,18.1303,2,82.641,4.55818,0,2,143.251,113.319
42,23,65,10,50,1,0,31,-78.0709,-158.386,9,43.3993,9,43.3993,1,1,2,143.251,10.5828
42,23,65,10,50,1,0,32,-22.7969,31.8088,0,80.6443,0,80.6443,1,1,1,143.2,143.168
42,23,65,10,50,1,0,33,-3.13668,-98.6643,3,27.5711,0,51.1043,1.85355,0,1,143.201,143.169
42,23,65,10,50,1,0,34,30.4972,-164.137,8,29.9973,2,87.2026,2.90701,0,2,143.252,113.321
42,23,65,10,50,1,0,35,-87.0797,21.4165,9,7.57937,9,7.57937,1,1,2,143.254,10.5853
42,23,65,10,50,1,0,36,-78.4152,-171.787,9,44.0293,9,44.0293,1,1,2,143.255,10.5867
42,23,65,10,50,1,0,37,16.307,-109.285,3,31.0547,2,47.2629,1.52193,0,2,143.257,113.326
42,23,65,10,50,1,0,38,-83.9684,-16.7772,9,14.9145,9,14.9145,1,1,2,143.258,10.5893
42,23,65,10,50,1,0,39,48.7759,-2.99661,2,45.7174,2,45.7174,1,1,3,143.361,113.429
42,23,65,10,50,1,0,40,-36.1277,42.4398,9,79.2191,9,79.2191,1,1,2,143.26,10.591
42,23,65,10,50,1,0,41,-22.742,76.9977,6,52.6383,1,56.8733,1.08046,0,2,143.261,126.847
42,23,65,10,50,1,0,42,41.1324,-96.4264,8,26.4472,2,28.8778,1.0919,0,2,143.262,113.33
42,23,65,10,50,1,0,43,4.93939,6.95483,7,68.0482,2,70.3813,1.03429,0,2,143.263,113.332
42,23,65,10,50,1,0,44,-17.0863,1.28621,7,57.344,0,58.8616,1.02647,0,1,143.212,143.18
42,23,65,10,50,1,0,45,-67.8971,147.134,9,19.8041,9,19.8041,1,1,3,143.362,10.6933
42,23,65,10,50,1,0,46,20.6046,-111.936,8,31.7111,2,47.2761,1.49084,0,2,143.265,113.334
42,23,65,10,50,1,0,47,84.3736,175.616,4,25.0265,1,69.6848,2.78443,0,2,143.338,126.924
42,23,65,10,50,1,0,48,49.9363,-17.5263,2,35.7911,2,35.7911,1,1,3,143.363,113.432
42,23,65,10,50,1,0,49,-51.5244,-19.1329,0,31.1397,0,31.1397,1,1,1,143.217,143.185
42,24,66,10,50,1,0,0,38.7272,6.43269,4,18.8732,4,18.8732,1,1,2,154.987,84.238
42,24,66,10,50,1,0,1,57.5121,-28.1598,6,23.6076,4,49.6792,2.10437,0,4,155.025,84.2768
42,24,66,10,50,1,0,2,-75.3031,20.1271,5,9.04389,0,24.1279,2.66787,0,1,154.934,154.901
42,24,66,10,50,1,0,3,46.5368,114.505,8,34.4478,4,80.8999,2.34848,0,2,154.988,84.2397
42,24,66,10,50,1,0,4,2.45468,39.8367,4,28.8825,4,28.8825,1,1,2,154.989,84.2407
42,24,66,10,50,1,0,5,10.0418,52.8755,4,34.5564,4,34.5564,1,1,2,154.99,84.2414
42,24,66,10,50,1,0,6,-26.3962,-177.005,1,37.2239,1,37.2239,1,1,2,154.991,142.684
42,24,66,10,50,1,0,7,45.0569,171.007,8,36.6919,4,126.761,3.45474,0,2,154.992,84.2429
42,24,66,10,50,1,0,8,-79.8646,-162.226,5,49.6516,1,72.6722,1.46364,0,2,154.993,142.686
42,24,66,10,50,1,0,9,-14.8178,67.5455,0,53.3776,0,53.3776,1,1,1,154.941,154.908
42,24,66,10,50,1,0,10,18.7285,2.90811,4,16.3933,4,16.3933,1,1,2,154.994,84.2448
42,24,66,10,50,1,0,11,-29.4849,18.2026,3,33.3193,4,53.1428,1.59496,0,2,154.994,84.2455
42,24,66,10,50,1,0,12,69.176,-94.0102,7,6.75767,2,67.4651,9.98348,0,3,155.016,132.125
42,24,66,10,50,1,0,13,61.0714,116.036,8,19.6597,4,80.4449,4.09187,0,2,154.996,84.2469
42,24,66,10,50,1,0,14,-66.7199,13.8375,5,15.1347,0,29.4845,1.94814,0,1,154.947,154.914
42,24,66,10,50,1,0,15,80.5406,124.015,8,3.41499,4,85.7174,25.1003,0,2,154.996,84.2478
42,24,66,10,50,1,0,16,-79.8649,96.1053,5,11.5078,0,14.083,1.22378,0,1,154.949,154.916
42,24,66,10,50,1,0,17,-42.0726,-130.336,1,35.3599,1,35.3599,1,1,2,154.998,142.691
42,24,66,10,50,1,0,18,-31.8838,-171.072,1,35.3623,1,35.3623,1,1,2,154.998,142.691
42,24,66,10,50,1,0,19,82.0846,121.142,8,4.5689,4,84.6662,18.531,0,2,154.999,84.2505
42,24,66,10,50,1,0,20,24.3825,4.25281,4,14.1144,4,14.1144,1,1,2,155,84.2513
42,24,66,10,50,1,0,21,-2.99139,175.973,8,86.4672,0,96.4545,1.1155,0,1,154.954,154.921
42,24,66,10,50,1,0,22,3.62374,-95.869,1,48.4039,1,48.4039,1,1,2,155.001,142.694
42,24,66,10,50,1,0,23,83.4897,27.5182,6,10.5857,4,60.0329,5.67113,0,3,155.017,84.2684
42,24,66,10,50,1,0,24,-39.0473,-42.6562,3,17.6752,0,83.5691,4.72805,0,1,154.956,154.924
42,24,66,10,50,1,0,25,-42.4681,139.362,0,38.4394,0,38.4394,1,1,1,154.958,154.925
42,24,66,10,50,1,0,26,70.1259,36.094,6,22.9492,4,47.8227,2.08385,0,2,155.002,84.2535
42,24,66,10,50,1,0,27,-11.2175,98.6039,0,55.4978,0,55.4978,1,1,1,154.96,154.927
42,24,66,10,50,1,0,28,61.0419,-80.2922,7,11.5591,2,73.1239,6.32608,0,3,155.018,132.126
42,24,66,10,50,1,0,29,17.32,168.644,8,64.3175,0,111.479,1.73326,0,1,154.961,154.929
42,24,66,10,50,1,0,30,56.7726,15.7212,6,32.278,4,33.2731,1.03083,0,2,155.004,84.2549
42,24,66,10,50,1,0,31,56.3292,133.815,8,22.6597,4,93.3629,4.12021,0,2,155.004,84.2558
42,24,66,10,50,1,0,32,-34.0867,-151.487,1,26.8044,1,26.8044,1,1,2,155.005,142.698
42,24,66,10,50,1,0,33,-88.2603,48.0589,5,14.557,0,23.9027,1.64201,0,1,154.965,154.932
42,24,66,10,50,1,0,34,-71.2792,167.649,0,29.6987,0,29.6987,1,1,1,154.966,154.933
42,24,66,10,50,1,0,35,-5.39969,86.2067,0,60.6246,0,60.6246,1,1,1,154.967,154.934
42,24,66,10,50,1,0,36,-4.0493,163.218,8,84.8217,0,87.7327,1.03432,0,1,154.968,154.935
42,24,66,10,50,1,0,37,41.0897,179.149,8,42.4039,4,135.822,3.20305,0,2,155.006,84.2573
42,24,66,10,50,1,0,38,-56.3256,69.1587,0,13.0783,0,13.0783,1,1,1,154.97,154.937
42,24,66,10,50,1,0,39,13.3335,-10.7458,4,30.6428,4,30.6428,1,1,2,155.007,84.258
42,24,66,10,50,1,0,40,-76.7488,121.731,0,15.3459,0,15.3459,1,1,1,154.971,154.939
42,24,66,10,50,1,0,41,-25.6917,166.754,0,68.4328,0,68.4328,1,1,1,154.972,154.939
42,24,66,10,50,1,0,42,-11.0876,106.182,0,56.8651,0,56.8651,1,1,1,154.973,154.94
42,24,66,10,50,1,0,43,42.6791,-80.0913,7,29.8789,2,72.8796,2.43916,0,3,155.019,132.127
42,24,66,10,50,1,0,44,-77.0553,-60.0017,5,28.8151,0,47.9614,1.66446,0,1,154.975,154.942
42,24,66,10,50,1,0,45,-45.7237,139.435,0,35.5685,0,35.5685,1,1,1,154.976,154.943
42,24,66,10,50,1,0,46,67.8597,-158.789,7,28.4422,2,46.0447,1.61888,0,3,155.019,132.128
42,24,66,10,50,1,0,47,46.625,-112.454,9,20.0617,2,48.3474,2.40994,0,3,155.02,132.129
42,24,66,10,50,1,0,48,-65.1378,96.7295,0,3.96809,0,3.96809,1,1,1,154.978,154.945
42,24,66,10,50,1,0,49,57.8025,-92.834,7,16.2834,2,64.5595,3.96475,0,3,155.021,132.129
42,25,67,10,50,1,0,0,49.3447,111.776,2,42.7795,2,42.7795,1,1,2,139.541,111.535
42,25,67,10,50,1,0,1,1.99654,-80.2508,9,23.0839,0,45.239,1.95976,0,1,139.482,139.447
42,25,67,10,50,1,0,2,53.4735,7.92285,4,76.1043,4,76.1043,1,1,3,139.581,87.5026
42,25,67,10,50,1,0,3,-9.06491,-1.34044,6,32.2216,4,48.8611,1.51641,0,3,139.582,87.5035
42,25,67,10,50,1,0,4,16.3035,-35.093,6,45.3305,4,88.1874,1.94543,0,2,139.544,87.4659
42,25,67,10,50,1,0,5,-62.8706,-151.459,3,25.5541,0,64.7156,2.53249,0,1,139.487,139.452
42,25,67,10,50,1,0,6,9.79848,-35.54,6,38.9744,4,86.7271,2.22523,0,2,139.545,87.4668
42,25,67,10,50,1,0,7,-0.126968,-141.966,0,16.7621,0,16.7621,1,1,1,139.489,139.454
42,25,67,10,50,1,0,8,-60.3842,55.8256,4,48.1943,4,48.1943,1,1,3,139.583,87.5043
42,25,67,10,50,1,0,9,-29.1372,34.0843,4,21.2189,4,21.2189,1,1,3,139.584,87.5052
42,25,67,10,50,1,0,10,-37.9489,-24.5022,1,7.65972,4,70.5411,9.20935,0,2,139.548,87.4694
42,25,67,10,50,1,0,11,71.4923,47.0143,2,72.1284,2,72.1284,1,1,2,139.549,111.542
42,25,67,10,50,1,0,12,63.5215,-78.4953,8,57.1981,8,57.1981,1,1,2,139.55,35.0096
42,25,67,10,50,1,0,13,66.8036,-12.8511,8,96.0313,8,96.0313,1,1,4,139.605,35.0647
42,25,67,10,50,1,0,14,-13.4252,-88.5669,7,8.6551,0,38.15,4.4078,0,1,139.497,139.462
42,25,67,10,50,1,0,15,43.5018,-108.161,8,29.0612,8,29.0612,1,1,2,139.551,35.0113
42,25,67,10,50,1,0,16,-78.3957,-89.0032,5,6.87802,0,81.2402,11.8116,0,1,139.499,139.464
42,25,67,10,50,1,0,17,-4.20598,130.156,2,37.8133,2,37.8133,1,1,2,139.552,111.546
42,25,67,10,50,1,0,18,49.4598,153.458,2,65.0895,2,65.0895,1,1,2,139.553,111.547
42,25,67,10,50,1,0,19,-25.5924,-48.4733,6,18.0685,0,78.2458,4.3305,0,1,139.502,139.467
42,25,67,10,50,1,0,20,-30.8174,3.07401,6,27.4864,4,45.7916,1.66597,0,3,139.585,87.507
42,25,67,10,50,1,0,21,-9.96601,137.962,2,47.2587,2,47.2587,1,1,2,139.555,111.549
42,25,67,10,50,1,0,22,73.767,159.814,2,80.871,2,80.871,1,1,2,139.556,111.55
42,25,67,10,50,1,0,23,87.9979,-153.234,8,69.4989,8,69.4989,1,1,2,139.557,35.0167
42,25,67,10,50,1,0,24,17.8198,-62.2787,9,42.8101,8,62.5403,1.46088,0,2,139.558,35.0177
42,25,67,10,50,1,0,25,30.425,139.742,2,47.3234,2,47.3234,1,1,2,139.558,111.552
42,25,67,10,50,1,0,26,46.6095,23.8346,4,63.6309,4,63.6309,1,1,3,139.586,87.5078
42,25,67,10,50,1,0,27,3.37805,40.2621,4,17.8403,4,17.8403,1,1,3,139.591,87.5126
42,25,67,10,50,1,0,28,62.6697,-39.6367,8,79.0581,8,79.0581,1,1,2,139.561,35.0209
42,25,67,10,50,1,0,29,-76.2945,-81.5112,5,4.20241,0,81.658,19.4312,0,1,139.514,139.479
42,25,67,10,50,1,0,30,25.8982,114.415,2,25.079,2,25.079,1,1,2,139.562,111.555
42,25,67,10,50,1,0,31,-4.83613,75.005,2,24.242,2,24.242,1,1,2,139.562,111.556
42,25,67,10,50,1,0,32,-77.2943,161.916,5,59.6535,2,102.86,1.7243,0,2,139.563,111.557
42,25,67,10,50,1,0,33,12.5803,124.331,2,29.2204,2,29.2204,1,1,2,139.564,111.558
42,25,67,10,50,1,0,34,67.687,153.976,2,74.6204,2,74.6204,1,1,2,139.565,111.559
42,25,67,10,50,1,0,35,-52.0711,-106.261,3,11.2762,0,52.836,4.68562,0,1,139.519,139.484
42,25,67,10,50,1,0,36,-11.4751,55.9258,4,7.56167,4,7.56167,1,1,3,139.592,87.5135
42,25,67,10,50,1,0,37,-74.1493,-55.4162,5,4.53945,0,90.7013,19.9807,0,1,139.521,139.486
42,25,67,10,50,1,0,38,17.8699,-152.303,8,22.7532,8,22.7532,1,1,2,139.567,35.0271
42,25,67,10,50,1,0,39,-14.3253,-108.621,7,15.8617,0,20.5914,1.29818,0,1,139.523,139.488
42,25,67,10,50,1,0,40,-17.2908,-147.801,0,26.9143,0,26.9143,1,1,1,139.524,139.489
42,25,67,10,50,1,0,41,-74.4394,-121.362,5,14.105,0,72.4729,5.1381,0,1,139.525,139.49
42,25,67,10,50,1,0,42,28.017,37.8773,4,41.8784,4,41.8784,1,1,3,139.593,87.5144
42,25,67,10,50,1,0,43,49.4498,1.3734,4,76.3332,4,76.3332,1,1,3,139.594,87.5152
42,25,67,10,50,1,0,44,89.1203,126.311,2,82.52,2,82.52,1,1,2,139.57,111.564
42,25,67,10,50,1,0,45,49.9311,50.0371,2,56.3136,2,56.3136,1,1,2,139.57,111.564
42,25,67,10,50,1,0,46,30.3626,-89.81,8,36.3664,8,36.3664,1,1,2,139.571,35.0314
42,25,67,10,50,1,0,47,-27.479,86.1368,2,37.6746,2,37.6746,1,1,2,139.572,111.566
42,25,67,10,50,1,0,48,-53.9471,150.203,2,81.3488,2,81.3488,1,1,2,139.573,111.567
42,25,67,10,50,1,0,49,15.234,-152.52,8,23.5272,8,23.5272,1,1,2,139.574,35.0344
42,26,68,10,50,1,0,0,66.7765,-129.851,0,10.4416,0,10.4416,1,1,1,134.075,133.944
42,26,68,10,50,1,0,1,43.2949,63.8791,8,59.4177,2,64.9134,1.09249,0,2,134.129,109.21
42,26,68,10,50,1,0,2,-79.8976,11.8587,3,5.28004,3,5.28004,1,1,2,134.13,88.7423
42,26,68,10,50,1,0,3,34.9748,-98.2606,1,24.937,0,46.1825,1.85197,0,1,134.079,133.948
42,26,68,10,50,1,0,4,39.7224,92.8739,2,61.5062,2,61.5062,1,1,2,134.131,109.212
42,26,68,10,50,1,0,5,55.6177,26.936,8,29.6126,2,56.7037,1.91485,0,2,134.132,109.213
42,26,68,10,50,1,0,6,59.5732,-46.6151,8,11.5726,0,51.0185,4.40855,0,1,134.081,133.951
42,26,68,10,50,1,0,7,58.2037,117.249,2,35.2626,2,35.2626,1,1,2,134.134,109.214
42,26,68,10,50,1,0,8,-24.3788,126.066,4,41.0685,3,88.7531,2.1611,0,3,134.171,88.7829
42,26,68,10,50,1,0,9,-24.3976,40.3729,4,40.8458,6,41.6056,1.0186,0,4,134.194,47.7246
42,26,68,10,50,1,0,10,14.5684,-6.79922,8,44.3768,6,58.3587,1.31507,0,3,134.173,47.7037
42,26,68,10,50,1,0,11,16.3537,121.673,4,72.2084,2,80.2745,1.11171,0,2,134.137,109.217
42,26,68,10,50,1,0,12,84.5511,-5.62971,2,11.1841,2,11.1841,1,1,2,134.137,109.218
42,26,68,10,50,1,0,13,-80.0516,101.377,3,12.3532,3,12.3532,1,1,3,134.173,88.7852
42,26,68,10,50,1,0,14,74.2627,-125.332,7,7.85405,0,14.6328,1.86309,0,1,134.089,133.958
42,26,68,10,50,1,0,15,43.7809,102.078,2,54.4851,2,54.4851,1,1,2,134.139,109.22
42,26,68,10,50,1,0,16,-37.5915,-5.84857,6,6.28209,6,6.28209,1,1,3,134.174,47.7051
42,26,68,10,50,1,0,17,-7.02126,-54.9783,1,39.8711,6,58.8297,1.4755,0,3,134.175,47.7059
42,26,68,10,50,1,0,18,-86.9949,-124.093,3,9.60564,3,9.60564,1,1,2,134.141,88.753
42,26,68,10,50,1,0,19,13.3805,85.4548,4,58.8599,2,95.2688,1.61857,0,2,134.142,109.223
42,26,68,10,50,1,0,20,74.3905,-42.0034,7,18.2147,2,34.8889,1.91542,0,2,134.143,109.223
42,26,68,10,50,1,0,21,-33.8046,87.9273,4,12.2171,3,63.6317,5.20843,0,3,134.176,88.7876
42,26,68,10,50,1,0,22,45.6907,-131.202,0,22.2545,0,22.2545,1,1,1,134.096,133.966
42,26,68,10,50,1,0,23,12.588,-137.376,1,45.8772,0,52.7482,1.14977,0,1,134.097,133.966
42,26,68,10,50,1,0,24,87.4321,156.381,2,1.74804,2,1.74804,1,1,2,134.144,109.225
42,26,68,10,50,1,0,25,41.4984,24.001,8,35.9379,2,80.0161,2.22651,0,2,134.145,109.226
42,26,68,10,50,1,0,26,-15.2092,-64.2958,1,37.1229,6,59.6671,1.60729,0,3,134.177,47.7076
42,26,68,10,50,1,0,27,-17.1629,-41.3161,6,41.6576,6,41.6576,1,1,3,134.177,47.7084
42,26,68,10,50,1,0,28,55.0373,-14.429,8,6.54487,2,68.344,10.4424,0,2,134.147,109.228
42,26,68,10,50,1,0,29,-59.9693,78.5999,4,14.7848,3,31.7813,2.14958,0,3,134.178,88.7898
42,26,68,10,50,1,0,30,20.1194,147.623,2,71.1236,2,71.1236,1,1,2,134.149,109.23
42,26,68,10,50,1,0,31,0.339127,145.056,5,72.9084,2,91.7253,1.25809,0,2,134.15,109.23
42,26,68,10,50,1,0,32,-19.1127,166.636,5,50.0571,2,108.554,2.16861,0,2,134.15,109.231
42,26,68,10,50,1,0,33,-44.9613,-32.2153,6,20.1446,6,20.1446,1,1,3,134.179,47.7099
42,26,68,10,50,1,0,34,-68.7286,116.839,9,16.7885,3,28.4614,1.69529,0,3,134.18,88.7915
42,26,68,10,50,1,0,35,-63.3803,-168.676,3,54.08,3,54.08,1,1,2,134.153,88.7644
42,26,68,10,50,1,0,36,-52.5825,-14.3697,6,11.193,6,11.193,1,1,3,134.18,47.7116
42,26,68,10,50,1,0,37,49.6256,166.217,2,39.639,2,39.639,1,1,2,134.154,109.235
42,26,68,10,50,1,0,38,17.2142,-55.5728,1,34.4476,6,78.8963,2.29033,0,2,134.155,47.686
42,26,68,10,50,1,0,39,-75.5798,29.2927,3,9.92774,3,9.92774,1,1,3,134.181,88.793
42,26,68,10,50,1,0,40,-39.5959,111.837,4,21.9931,3,64.3101,2.92411,0,3,134.182,88.7937
42,26,68,10,50,1,0,41,-63.3531,70.3899,4,19.3797,3,26.6517,1.37523,0,3,134.183,88.7944
42,26,68,10,50,1,0,42,-66.2292,18.968,3,18.9818,3,18.9818,1,1,2,134.158,88.7697
42,26,68,10,50,1,0,43,-75.4631,157.616,9,3.69672,3,26.0405,7.04423,0,3,134.183,88.7952
42,26,68,10,50,1,0,44,-87.7305,-90.8649,3,6.97607,3,6.97607,1,1,2,134.16,88.7713
42,26,68,10,50,1,0,45,28.108,44.7777,8,59.4094,6,86.6355,1.45828,0,3,134.184,47.7152
42,26,68,10,50,1,0,46,-61.6209,-123.106,3,45.7015,3,45.7015,1,1,2,134.161,88.7727
42,26,68,10,50,1,0,47,4.91673,18.5328,6,53.1253,6,53.1253,1,1,4,134.194,47.7254
42,26,68,10,50,1,0,48,-68.235,99.9109,9,22.6323,3,26.0319,1.15021,0,3,134.186,88.7974
42,26,68,10,50,1,0,49,83.1587,-93.9271,7,12.4532,2,19.3795,1.55619,0,2,134.163,109.244
42,27,69,10,50,1,0,0,-11.6095,-22.3427,4,76.1274,4,76.1274,1,1,3,144.543,82.8708
42,27,69,10,50,1,0,1,78.2782,14.0464,8,11.4197,7,39.0825,3.42237,0,2,144.508,41.4069
42,27,69,10,50,1,0,2,-39.7823,0.885086,4,53.3186,4,53.3186,1,1,3,144.544,82.8715
42,27,69,10,50,1,0,3,70.6481,149.182,2,21.3902,0,35.7692,1.67222,0,1,144.454,144.429
42,27,69,10,50,1,0,4,-35.6605,-159.185,9,17.0039,4,66.1503,3.89029,0,3,144.545,82.8722
42,27,69,10,50,1,0,5,74.7109,-175.461,7,19.3399,7,19.3399,1,1,3,144.546,41.4445
42,27,69,10,50,1,0,6,-82.6194,99.7117,4,23.7691,4,23.7691,1,1,3,144.546,82.8736
42,27,69,10,50,1,0,7,14.2483,167.896,0,24.2969,0,24.2969,1,1,1,144.457,144.433
42,27,69,10,50,1,0,8,-1.97061,167.246,0,40.4061,0,40.4061,1,1,1,144.459,144.435
42,27,69,10,50,1,0,9,53.315,13.9217,1,12.8962,7,65.8831,5.10874,0,2,144.512,41.4105
42,27,69,10,50,1,0,10,-40.1139,150.36,3,33.5311,3,33.5311,1,1,2,144.512,99.799
42,27,69,10,50,1,0,11,31.5028,-24.4278,1,46.5498,7,70.4706,1.51388,0,4,144.571,41.4694
42,27,69,10,50,1,0,12,81.4734,19.7613,8,7.65133,7,38.0822,4.97719,0,2,144.514,41.4125
42,27,69,10,50,1,0,13,18.9173,158.33,0,23.4539,0,23.4539,1,1,1,144.464,144.439
42,27,69,10,50,1,0,14,-46.6287,140.475,3,31.6842,3,31.6842,1,1,2,144.515,99.8014
42,27,69,10,50,1,0,15,-79.9275,63.5236,4,21.6555,4,21.6555,1,1,3,144.548,82.875
42,27,69,10,50,1,0,16,-30.9338,176.701,3,53.2062,3,53.2062,1,1,2,144.516,99.803
42,27,69,10,50,1,0,17,-51.215,38.5678,4,52.258,4,52.258,1,1,3,144.548,82.8756
42,27,69,10,50,1,0,18,-1.20674,-141.134,9,37.5753,7,72.2627,1.92314,0,4,144.571,41.4702
42,27,69,10,50,1,0,19,3.87479,106.265,3,27.4303,3,27.4303,1,1,2,144.518,99.805
42,27,69,10,50,1,0,20,-60.1595,-22.8286,4,25.628,4,25.628,1,1,3,144.55,82.8773
42,27,69,10,50,1,0,21,55.402,-105.558,7,14.1882,7,14.1882,1,1,3,144.551,41.4496
42,27,69,10,50,1,0,22,-51.5584,-40.6993,4,31.4092,4,31.4092,1,1,3,144.551,82.8788
42,27,69,10,50,1,0,23,-58.831,72.9419,3,51.9616,3,51.9616,1,1,2,144.521,99.8076
42,27,69,10,50,1,0,24,-26.7266,168.968,3,46.4086,3,46.4086,1,1,2,144.521,99.8082
42,27,69,10,50,1,0,25,-46.5682,46.319,4,60.9186,4,60.9186,1,1,3,144.552,82.8795
42,27,69,10,50,1,0,26,69.664,149.869,2,22.442,0,34.775,1.54955,0,1,144.477,144.452
42,27,69,10,50,1,0,27,-79.0544,122.275,4,32.8109,4,32.8109,1,1,3,144.553,82.8802
42,27,69,10,50,1,0,28,-5.18474,59.7257,3,59.5545,3,59.5545,1,1,2,144.524,99.8105
42,27,69,10,50,1,0,29,50.3025,76.3731,2,26.2649,0,71.135,2.70837,0,1,144.479,144.454
42,27,69,10,50,1,0,30,10.1004,120.75,3,30.7912,3,30.7912,1,1,2,144.525,99.8113
42,27,69,10,50,1,0,31,-20.0516,138.333,3,18.3861,3,18.3861,1,1,2,144.525,99.8122
42,27,69,10,50,1,0,32,58.7257,37.4669,1,9.03316,7,69.7969,7.72675,0,2,144.526,41.4249
42,27,69,10,50,1,0,33,-1.54951,-64.962,9,78.1421,4,79.5414,1.01791,0,3,144.554,82.881
42,27,69,10,50,1,0,34,38.1665,-175.349,7,45.8226,7,45.8226,1,1,3,144.554,41.4533
42,27,69,10,50,1,0,35,-69.3483,136.014,3,50.2324,3,50.2324,1,1,2,144.528,99.815
42,27,69,10,50,1,0,36,-9.08902,152.107,3,34.2583,3,34.2583,1,1,2,144.529,99.8156
42,27,69,10,50,1,0,37,-74.7719,58.7051,4,27.1463,4,27.1463,1,1,3,144.555,82.8824
42,27,69,10,50,1,0,38,-34.2959,-87.2058,9,41.2204,4,47.9474,1.1632,0,3,144.556,82.8831
42,27,69,10,50,1,0,39,-24.1765,57.9549,3,56.305,3,56.305,1,1,2,144.531,99.8177
42,27,69,10,50,1,0,40,-49.1188,38.5106,4,54.8905,4,54.8905,1,1,3,144.556,82.8838
42,27,69,10,50,1,0,41,-37.863,-138.91,9,0.995254,4,56.4261,56.6952,0,3,144.557,82.8845
42,27,69,10,50,1,0,42,4.18988,-53.8348,7,82.3016,7,82.3016,1,1,4,144.572,41.4709
42,27,69,10,50,1,0,43,81.6825,178.01,8,11.9081,0,43.8004,3.6782,0,1,144.492,144.467
42,27,69,10,50,1,0,44,-87.0546,83.9699,4,16.773,4,16.773,1,1,3,144.558,82.8857
42,27,69,10,50,1,0,45,37.1917,26.0917,1,27.9853,7,92.4108,3.30212,0,3,144.559,41.4579
42,27,69,10,50,1,0,46,12.36,-145.72,9,51.5643,7,59.9376,1.16239,0,4,144.573,41.4716
42,27,69,10,50,1,0,47,-7.78752,-37.8286,4,76.2778,4,76.2778,1,1,3,144.561,82.8879
42,27,69,10,50,1,0,48,35.8735,161.326,0,10.2994,0,10.2994,1,1,1,144.496,144.471
42,27,69,10,50,1,0,49,38.6047,-31.9199,1,43.5259,7,59.1037,1.3579,0,4,144.573,41.4723
42,28,70,10,50,1,0,0,-87.7003,88.4416,1,30.9978,1,30.9978,1,1,2,136.103,125.099
42,28,70,10,50,1,0,1,25.7885,149.819,0,14.5069,0,14.5069,1,1,1,136.057,136.018
42,28,70,10,50,1,0,2,2.30586,-4.23936,8,31.0997,7,122.988,3.95462,0,4,136.15,55.872
42,28,70,10,50,1,0,3,-70.2697,-138.598,3,25.0123,3,25.0123,1,1,3,136.132,103.83
42,28,70,10,50,1,0,4,72.3382,137.015,5,51.8796,0,59.8785,1.15418,0,1,136.061,136.021
42,28,70,10,50,1,0,5,6.71119,-10.0421,8,25.1535,7,114.292,4.54379,0,4,136.15,55.8727
42,28,70,10,50,1,0,6,50.1708,73.1427,5,38.2658,0,70.6875,1.84728,0,1,136.063,136.024
42,28,70,10,50,1,0,7,-25.1889,-129.48,3,20.5354,3,20.5354,1,1,3,136.134,103.832
42,28,70,10,50,1,0,8,24.7916,38.8798,6,15.5268,0,99.667,6.41901,0,1,136.065,136.026
42,28,70,10,50,1,0,9,-41.8022,178.17,2,24.7939,1,30.4007,1.22614,0,2,136.107,125.103
42,28,70,10,50,1,0,10,1.25867,144.625,0,11.4549,0,11.4549,1,1,1,136.068,136.029
42,28,70,10,50,1,0,11,53.2341,-156.473,7,18.8666,7,18.8666,1,1,3,136.135,55.857
42,28,70,10,50,1,0,12,-1.43775,61.3604,6,31.1505,0,82.7807,2.65744,0,1,136.07,136.03
42,28,70,10,50,1,0,13,-53.9359,-120.628,3,12.2355,3,12.2355,1,1,3,136.135,103.834
42,28,70,10,50,1,0,14,-67.5437,65.3752,1,33.5769,1,33.5769,1,1,2,136.109,125.105
42,28,70,10,50,1,0,15,-9.4108,-130.488,3,36.1051,3,36.1051,1,1,3,136.136,103.834
42,28,70,10,50,1,0,16,-13.0916,-147.245,3,34.2498,3,34.2498,1,1,3,136.137,103.836
42,28,70,10,50,1,0,17,-80.3345,158.429,1,21.1679,1,21.1679,1,1,2,136.111,125.107
42,28,70,10,50,1,0,18,14.258,-121.208,9,46.3099,7,53.7436,1.16052,0,4,136.151,55.8735
42,28,70,10,50,1,0,19,-80.0846,-6.80763,1,53.6702,1,53.6702,1,1,2,136.112,125.109
42,28,70,10,50,1,0,20,-82.0966,33.2532,1,40.8407,1,40.8407,1,1,2,136.113,125.109
42,28,70,10,50,1,0,21,81.5751,116.148,5,57.6558,7,67.6029,1.17253,0,2,136.114,55.8363
42,28,70,10,50,1,0,22,-36.802,-67.2276,9,34.9762,3,51.1446,1.46227,0,3,136.139,103.837
42,28,70,10,50,1,0,23,83.3344,155.979,5,65.5961,0,71.199,1.08542,0,1,136.077,136.037
42,28,70,10,50,1,0,24,75.8261,-96.9356,7,13.7154,7,13.7154,1,1,3,136.14,55.8622
42,28,70,10,50,1,0,25,77.0744,-25.8305,7,33.5761,7,33.5761,1,1,2,136.116,55.8385
42,28,70,10,50,1,0,26,-66.1554,80.6171,1,27.3412,1,27.3412,1,1,2,136.117,125.113
42,28,70,10,50,1,0,27,-1.15196,44.8138,6,16.9264,0,98.9837,5.84787,0,1,136.08,136.04
42,28,70,10,50,1,0,28,-19.0113,69.8242,6,47.5042,1,67.7451,1.42609,0,2,136.117,125.113
42,28,70,10,50,1,0,29,52.0929,6.88991,8,27.28,7,71.2981,2.61357,0,2,136.118,55.8405
42,28,70,10,50,1,0,30,-22.4003,-94.6357,9,24.8756,3,40.029,1.60916,0,3,136.141,103.839
42,28,70,10,50,1,0,31,28.2009,109.016,5,4.13674,0,35.7212,8.63509,0,1,136.083,136.043
42,28,70,10,50,1,0,32,-30.9402,75.7329,1,53.4576,1,53.4576,1,1,2,136.119,125.115
42,28,70,10,50,1,0,33,43.7224,146.636,0,31.2181,0,31.2181,1,1,1,136.085,136.046
42,28,70,10,50,1,0,34,67.2623,107.276,5,43.1535,0,61.2149,1.41854,0,1,136.086,136.046
42,28,70,10,50,1,0,35,-20.086,150.331,2,7.4253,0,33.4649,4.50687,0,1,136.087,136.047
42,28,70,10,50,1,0,36,-19.7356,-57.0216,9,26.4176,3,69.8629,2.64456,0,3,136.141,103.84
42,28,70,10,50,1,0,37,43.2398,66.9247,5,39.3856,0,74.1082,1.88161,0,1,136.088,136.049
42,28,70,10,50,1,0,38,27.8754,73.1485,5,31.8171,0,67.5766,2.12391,0,1,136.089,136.049
42,28,70,10,50,1,0,39,21.4519,27.4031,6,11.9938,0,111.18,9.26985,0,1,136.089,136.05
42,28,70,10,50,1,0,40,78.1065,17.0525,7,45.2311,7,45.2311,1,1,2,136.121,55.8429
42,28,70,10,50,1,0,41,-89.2137,-156.098,3,44.6555,3,44.6555,1,1,3,136.142,103.84
42,28,70,10,50,1,0,42,-41.1652,-0.731339,6,60.802,1,91.0138,1.49689,0,2,136.122,125.118
42,28,70,10,50,1,0,43,34.358,59.647,6,34.6216,0,79.7533,2.30357,0,1,136.092,136.052
42,28,70,10,50,1,0,44,-55.4535,-7.09816,6,75.4277,1,78.3536,1.03879,0,2,136.122,125.118
42,28,70,10,50,1,0,45,-56.7316,24.2923,1,60.4881,1,60.4881,1,1,2,136.123,125.119
42,28,70,10,50,1,0,46,39.133,122.939,5,19.5181,0,32.2222,1.65088,0,1,136.094,136.054
42,28,70,10,50,1,0,47,-23.3457,-163.614,3,32.8292,3,32.8292,1,1,3,136.143,103.841
42,28,70,10,50,1,0,48,9.33582,-139.247,3,54.9234,3,54.9234,1,1,3,136.144,103.842
42,28,70,10,50,1,0,49,81.5108,-26.8039,7,31.3247,7,31.3247,1,1,2,136.125,55.847
42,29,71,10,50,1,0,0,-76.5468,13.8016,9,54.6179,8,61.6003,1.12784,0,2,208.881,31.4308
42,29,71,10,50,1,0,1,-30.1988,98.8989,8,20.5008,8,20.5008,1,1,3,208.949,31.498
42,29,71,10,50,1,0,2,41.1886,-17.6359,5,16.677,5,16.677,1,1,3,208.95,72.8481
42,29,71,10,50,1,0,3,54.7528,106.028,2,30.7255,1,31.1983,1.01539,0,2,208.911,160.668
42,29,71,10,50,1,0,4,85.4521,63.3788,1,1.97447,1,1.97447,1,1,2,208.913,160.669
42,29,71,10,50,1,0,5,24.2013,-36.1479,5,18.756,5,18.756,1,1,2,208.913,72.8119
42,29,71,10,50,1,0,6,87.0116,35.8315,1,4.47791,1,4.47791,1,1,2,208.914,160.671
42,29,71,10,50,1,0,7,-71.4179,98.7752,9,25.8088,8,45.9995,1.78231,0,2,208.915,31.4649
42,29,71,10,50,1,0,8,-44.8594,74.5164,8,16.9468,8,16.9468,1,1,4,208.964,31.5131
42,29,71,10,50,1,0,9,34.419,147.063,3,15.9699,1,62.1876,3.89406,0,2,208.918,160.674
42,29,71,10,50,1,0,10,33.217,-61.9555,5,41.5199,5,41.5199,1,1,2,208.919,72.8173
42,29,71,10,50,1,0,11,-24.2468,-130.672,6,15.7299,0,58.9971,3.75063,0,1,208.825,208.795
42,29,71,10,50,1,0,12,-6.86772,-99.1963,0,30.1146,0,30.1146,1,1,1,208.827,208.796
42,29,71,10,50,1,0,13,-49.819,110.396,9,28.0905,8,34.8314,1.23997,0,3,208.952,31.501
42,29,71,10,50,1,0,14,78.1956,-40.3839,1,18.7066,1,18.7066,1,1,2,208.921,160.678
42,29,71,10,50,1,0,15,43.143,-176.702,7,27.0112,0,118.245,4.37763,0,1,208.831,208.8
42,29,71,10,50,1,0,16,76.7088,-154.112,7,12.1798,1,39.2936,3.22614,0,2,208.923,160.679
42,29,71,10,50,1,0,17,51.0983,55.795,2,1.52536,1,33.3033,21.8331,0,2,208.924,160.68
42,29,71,10,50,1,0,18,4.12629,31.7021,5,50.1521,5,50.1521,1,1,3,208.953,72.8512
42,29,71,10,50,1,0,19,-9.08847,-0.843231,5,36.7107,5,36.7107,1,1,2,208.925,72.824
42,29,71,10,50,1,0,20,-42.4595,-149.774,6,37.5955,0,76.6786,2.03957,0,1,208.837,208.806
42,29,71,10,50,1,0,21,71.5045,-90.8959,7,22.7397,1,37.2903,1.63988,0,2,208.926,160.683
42,29,71,10,50,1,0,22,33.0286,-179.827,7,37.5819,0,118.411,3.15074,0,1,208.839,208.809
42,29,71,10,50,1,0,23,-86.0604,156.338,9,25.6877,8,72.8911,2.83759,0,2,208.927,31.4768
42,29,71,10,50,1,0,24,37.3447,76.7172,2,21.7961,1,46.4,2.12882,0,2,208.929,160.685
42,29,71,10,50,1,0,25,61.7007,-38.8765,1,39.9585,1,39.9585,1,1,2,208.93,160.686
42,29,71,10,50,1,0,26,-82.6192,-105.092,0,73.103,0,73.103,1,1,1,208.845,208.814
42,29,71,10,50,1,0,27,5.22593,1.02623,5,25.1448,5,25.1448,1,1,2,208.931,72.8294
42,29,71,10,50,1,0,28,-12.1442,90.8139,8,21.3062,8,21.3062,1,1,3,208.954,31.503
42,29,71,10,50,1,0,29,-34.2891,-47.8972,0,28.5648,0,28.5648,1,1,1,208.848,208.818
42,29,71,10,50,1,0,30,-64.785,-162.292,6,61.3272,0,88.4366,1.44204,0,1,208.849,208.819
42,29,71,10,50,1,0,31,-22.2998,-156.152,6,27.2207,0,83.0539,3.05114,0,1,208.851,208.82
42,29,71,10,50,1,0,32,-68.2019,-122.403,6,60.1003,0,67.8152,1.12837,0,1,208.852,208.822
42,29,71,10,50,1,0,33,39.8213,51.8488,2,12.6836,1,45.0522,3.55201,0,2,208.933,160.689
42,29,71,10,50,1,0,34,44.6495,-118.534,7,26.6455,0,75.0258,2.8157,0,1,208.854,208.824
42,29,71,10,50,1,0,35,-64.4972,-175.62,6,66.1129,0,97.0348,1.46771,0,1,208.856,208.825
42,29,71,10,50,1,0,36,-44.1543,-165.986,6,46.978,0,90.0157,1.91612,0,1,208.857,208.826
42,29,71,10,50,1,0,37,-43.2579,157.748,9,17.1536,8,68.543,3.99585,0,3,208.955,31.5039
42,29,71,10,50,1,0,38,-82.9063,-78.6366,0,69.6553,0,69.6553,1,1,1,208.859,208.828
42,29,71,10,50,1,0,39,67.0434,88.8769,1,17.1278,1,17.1278,1,1,2,208.935,160.691
42,29,71,10,50,1,0,40,89.0403,77.4883,1,5.33235,1,5.33235,1,1,2,208.936,160.692
42,29,71,10,50,1,0,41,-64.9998,-167.158,6,63.1604,0,91.5617,1.44967,0,1,208.862,208.831
42,29,71,10,50,1,0,42,76.1981,60.4523,1,7.84386,1,7.84386,1,1,2,208.937,160.693
42,29,71,10,50,1,0,43,6.93427,-51.8923,0,26.881,0,26.881,1,1,1,208.864,208.833
42,29,71,10,50,1,0,44,-14.3669,125.29,3,41.2874,8,48.2992,1.16983,0,3,208.955,31.5049
42,29,71,10,50,1,0,45,40.1053,21.6962,2,25.7632,5,35.0806,1.36165,0,3,208.956,72.855
42,29,71,10,50,1,0,46,71.499,-144.389,7,7.0604,1,48.2935,6.84005,0,2,208.94,160.697
42,29,71,10,50,1,0,47,22.7719,-173.406,7,45.4505,0,109.88,2.41758,0,1,208.868,208.838
42,29,71,10,50,1,0,48,-43.396,-54.8136,0,32.491,0,32.491,1,1,1,208.87,208.839
42,29,71,10,50,1,0,49,29.2215,-177.493,7,40.429,0,115.339,2.85287,0,1,208.871,208.84
