seed,trial,trial_seed,num_pubs,num_subs,brake_limit,encrypted,sub_id,sub_lat,sub_lon,optimal_pub_id,optimal_dist,received_pub_id,received_dist,stretch,recall,num_received,latency_ms,latency_per_pub_ms
42,0,42,10,50,1000,0,0,86.7168,-101.214,1,63.6232,1,63.6232,1,1,2,145.005,126.481
42,0,42,10,50,1000,0,1,-8.20873,6.71545,1,54.2738,1,54.2738,1,1,2,145.007,126.483
42,0,42,10,50,1000,0,2,13.2915,19.8832,1,48.5146,1,48.5146,1,1,2,145.008,126.483
42,0,42,10,50,1000,0,3,41.1383,46.3946,9,47.2368,9,47.2368,1,1,3,145.296,11.6941
42,0,42,10,50,1000,0,4,53.3031,30.1377,1,45.9897,1,45.9897,1,1,2,145.01,126.485
42,0,42,10,50,1000,0,5,-40.542,118.655,5,25.3886,5,25.3886,1,1,3,145.298,79.0657
42,0,42,10,50,1000,0,6,74.4624,167.545,3,55.2627,3,55.2627,1,1,3,145.298,103.338
42,0,42,10,50,1000,0,7,-44.6247,-136.82,6,12.6427,6,12.6427,1,1,4,145.321,62.6405
42,0,42,10,50,1000,0,8,-51.2045,139.912,7,29.7058,7,29.7058,1,1,4,145.322,49.0206
42,0,42,10,50,1000,0,9,87.0422,6.18704,1,55.3077,1,55.3077,1,1,2,145.015,126.49
42,0,42,10,50,1000,0,10,74.4421,-54.5183,1,43.0174,1,43.0174,1,1,2,145.015,126.491
42,0,42,10,50,1000,0,11,-39.1379,-96.6861,2,14.5086,2,14.5086,1,1,2,145.016,113.908
42,0,42,10,50,1000,0,12,-2.82805,-39.8475,1,38.8805,1,38.8805,1,1,2,145.018,126.493
42,0,42,10,50,1000,0,13,88.5778,23.7459,1,59.6157,1,59.6157,1,1,2,145.019,126.494
42,0,42,10,50,1000,0,14,79.2484,20.4303,1,52.1558,1,52.1558,1,1,2,145.111,126.587
42,0,42,10,50,1000,0,15,-34.3383,151.93,5,50.1833,5,50.1833,1,1,3,145.301,79.0687
42,0,42,10,50,1000,0,16,49.6081,94.9059,3,38.0901,3,38.0901,1,1,3,145.302,103.342
42,0,42,10,50,1000,0,17,-10.6771,-54.2007,1,51.8334,1,51.8334,1,1,2,145.116,126.591
42,0,42,10,50,1000,0,18,-32.6055,-119.078,6,10.151,6,10.151,1,1,3,145.303,62.6219
42,0,42,10,50,1000,0,19,86.097,-138.605,1,75.5449,1,75.5449,1,1,2,145.118,126.593
42,0,42,10,50,1000,0,20,45.5301,-88.8902,1,48.0966,1,48.0966,1,1,2,145.118,126.594
42,0,42,10,50,1000,0,21,80.0252,59.985,1,66.0299,1,66.0299,1,1,2,145.257,126.732
42,0,42,10,50,1000,0,22,-50.6727,-109.199,2,12.1101,2,12.1101,1,1,2,145.259,114.151
42,0,42,10,50,1000,0,23,51.5826,-23.7544,1,17.5334,1,17.5334,1,1,2,145.26,126.735
42,0,42,10,50,1000,0,24,-74.6437,97.2496,7,3.98853,7,3.98853,1,1,2,145.26,48.9592
42,0,42,10,50,1000,0,25,81.2163,179.597,3,63.7995,3,63.7995,1,1,3,145.304,103.343
42,0,42,10,50,1000,0,26,-68.6344,-95.8432,2,16.0226,2,16.0226,1,1,2,145.262,114.154
42,0,42,10,50,1000,0,27,-48.5447,37.0752,8,28.1695,8,28.1695,1,1,4,145.323,22.3789
42,0,42,10,50,1000,0,28,22.1547,-99.9337,6,63.1167,6,63.1167,1,1,3,145.305,62.6245
42,0,42,10,50,1000,0,29,-59.5895,22.806,8,15.8025,8,15.8025,1,1,3,145.306,22.3619
42,0,42,10,50,1000,0,30,50.2483,-7.85559,1,21.7697,1,21.7697,1,1,2,145.265,126.741
42,0,42,10,50,1000,0,31,-2.63178,19.7129,1,58.8516,1,58.8516,1,1,2,145.266,126.741
42,0,42,10,50,1000,0,32,-46.4749,153.382,7,39.3912,7,39.3912,1,1,4,145.324,49.0225
42,0,42,10,50,1000,0,33,72.7561,21.8393,1,48.4955,1,48.4955,1,1,2,145.267,126.743
42,0,42,10,50,1000,0,34,-72.8476,137.706,7,13.8426,7,13.8426,1,1,2,145.268,48.967
42,0,42,10,50,1000,0,35,31.6172,125.365,3,8.56684,3,8.56684,1,1,3,145.308,103.347
42,0,42,10,50,1000,0,36,-65.592,43.2849,8,12.8027,8,12.8027,1,1,3,145.309,22.3648
42,0,42,10,50,1000,0,37,2.67494,-52.5295,1,39.3245,1,39.3245,1,1,2,145.272,126.747
42,0,42,10,50,1000,0,38,57.0429,-71.4849,1,37.9961,1,37.9961,1,1,2,145.273,126.748
42,0,42,10,50,1000,0,39,51.8581,144.798,3,29.3807,3,29.3807,1,1,3,145.31,103.35
42,0,42,10,50,1000,0,40,-77.1177,86.1488,7,6.67941,7,6.67941,1,1,2,145.275,48.9735
42,0,42,10,50,1000,0,41,72.1976,-111.504,1,62.7406,1,62.7406,1,1,2,145.276,126.751
42,0,42,10,50,1000,0,42,85.1528,-132.694,1,73.3081,1,73.3081,1,1,2,145.277,126.752
42,0,42,10,50,1000,0,43,52.7855,34.615,1,48.9328,1,48.9328,1,1,2,145.278,126.753
42,0,42,10,50,1000,0,44,-26.3139,166.392,3,62.0433,3,62.0433,1,1,2,145.279,103.318
42,0,42,10,50,1000,0,45,-61.2895,-132.131,2,24.4182,2,24.4182,1,1,2,145.28,114.172
42,0,42,10,50,1000,0,46,-10.7317,52.1574,9,41.8912,9,41.8912,1,1,5,145.345,11.7426
42,0,42,10,50,1000,0,47,33.7908,65.5869,9,30.0376,9,30.0376,1,1,4,145.325,11.7232
42,0,42,10,50,1000,0,48,12.7698,33.0939,9,53.2644,9,53.2644,1,1,3,145.313,11.7108
42,0,42,10,50,1000,0,49,-46.2869,59.8444,7,30.2504,7,30.2504,1,1,3,145.314,49.0128
42,1,43,10,50,1000,0,0,-81.2576,8.15625,7,17.9095,7,17.9095,1,1,3,126.925,36.5665
42,1,43,10,50,1000,0,1,-61.9798,137.927,2,14.1322,2,14.1322,1,1,3,126.926,105.469
42,1,43,10,50,1000,0,2,-35.5547,-168.047,3,55.0813,3,55.0813,1,1,2,126.186,77.9029
42,1,43,10,50,1000,0,3,-12.52,116.147,1,30.5435,1,30.5435,1,1,2,126.187,115.833
42,1,43,10,50,1000,0,4,69.7657,139.799,5,5.45736,5,5.45736,1,1,3,126.926,57.6666
42,1,43,10,50,1000,0,5,69.8343,-79.2949,8,23.494,8,23.494,1,1,4,126.956,23.7394
42,1,43,10,50,1000,0,6,-66.621,-43.2769,7,42.8264,7,42.8264,1,1,2,126.189,35.8308
42,1,43,10,50,1000,0,7,-85.9185,-83.312,7,32.4873,7,32.4873,1,1,3,126.928,36.57
42,1,43,10,50,1000,0,8,-27.2091,7.42296,4,56.1263,4,56.1263,1,1,3,126.929,67.9322
42,1,43,10,50,1000,0,9,-13.4045,163.284,9,34.1051,9,34.1051,1,1,4,126.956,12.9866
42,1,43,10,50,1000,0,10,-66.4982,-72.637,0,49.3963,0,49.3963,1,1,1,126.14,126.111
42,1,43,10,50,1000,0,11,68.006,126.007,5,10.2474,5,10.2474,1,1,3,126.93,57.6704
42,1,43,10,50,1000,0,12,-2.89001,170.066,9,46.6649,9,46.6649,1,1,4,126.957,12.9872
42,1,43,10,50,1000,0,13,12.6836,-91.6352,0,32.1274,0,32.1274,1,1,1,126.143,126.114
42,1,43,10,50,1000,0,14,-39.053,118.175,9,20.8216,9,20.8216,1,1,5,126.972,13.002
42,1,43,10,50,1000,0,15,-63.201,-60.6212,0,50.1043,0,50.1043,1,1,1,126.145,126.116
42,1,43,10,50,1000,0,16,-26.8341,-70.3615,0,22.1381,0,22.1381,1,1,1,126.145,126.117
42,1,43,10,50,1000,0,17,-51.347,55.2223,7,24.3875,7,24.3875,1,1,3,126.933,36.5749
42,1,43,10,50,1000,0,18,-29.2045,52.266,1,43.8277,1,43.8277,1,1,2,126.194,115.841
42,1,43,10,50,1000,0,19,-4.31524,-98.8775,0,16.1423,0,16.1423,1,1,1,126.149,126.121
42,1,43,10,50,1000,0,20,6.03239,-48.9619,8,44.4925,8,44.4925,1,1,2,126.195,22.9789
42,1,43,10,50,1000,0,21,0.913773,58.8228,4,26.0979,4,26.0979,1,1,3,126.934,67.9372
42,1,43,10,50,1000,0,22,43.8806,9.99059,4,35.5646,4,35.5646,1,1,3,126.935,67.9379
42,1,43,10,50,1000,0,23,77.7554,-146.657,6,42.0447,6,42.0447,1,1,3,126.935,47.2239
42,1,43,10,50,1000,0,24,-81.2932,-51.2982,7,30.2625,7,30.2625,1,1,3,126.936,36.578
42,1,43,10,50,1000,0,25,-81.6865,-115.583,7,43.638,7,43.638,1,1,2,126.864,36.5058
42,1,43,10,50,1000,0,26,28.0324,152.639,5,39.0537,5,39.0537,1,1,3,126.937,57.677
42,1,43,10,50,1000,0,27,-84.7881,-129.715,7,42.0172,7,42.0172,1,1,2,126.868,36.51
42,1,43,10,50,1000,0,28,71.3527,35.791,5,41.7071,5,41.7071,1,1,4,126.958,57.6984
42,1,43,10,50,1000,0,29,-20.6753,-115.401,0,21.0434,0,21.0434,1,1,1,126.158,126.129
42,1,43,10,50,1000,0,30,-13.0168,12.2475,4,41.961,4,41.961,1,1,3,126.938,67.9417
42,1,43,10,50,1000,0,31,1.98907,100.298,1,13.2986,1,13.2986,1,1,2,126.871,116.518
42,1,43,10,50,1000,0,32,60.943,81.2841,5,31.8998,5,31.8998,1,1,4,126.959,57.6992
42,1,43,10,50,1000,0,33,-12.2398,-116.523,3,13.7456,3,13.7456,1,1,2,126.873,78.5898
42,1,43,10,50,1000,0,34,-23.2249,146.89,9,20.4178,9,20.4178,1,1,4,126.96,12.9898
42,1,43,10,50,1000,0,35,-17.7003,145.615,9,25.8977,9,25.8977,1,1,4,126.96,12.9904
42,1,43,10,50,1000,0,36,-41.0359,146.427,9,2.70783,9,2.70783,1,1,4,126.961,12.991
42,1,43,10,50,1000,0,37,12.2189,-174.311,3,52.0865,3,52.0865,1,1,2,126.876,78.5929
42,1,43,10,50,1000,0,38,-11.7912,-0.0515137,4,50.037,4,50.037,1,1,3,126.942,67.9455
42,1,43,10,50,1000,0,39,-70.4838,-6.16891,7,26.9308,7,26.9308,1,1,3,126.943,36.585
42,1,43,10,50,1000,0,40,64.3251,-124.341,6,25.7667,6,25.7667,1,1,3,126.944,47.2326
42,1,43,10,50,1000,0,41,29.1241,4.71494,4,33.4701,4,33.4701,1,1,3,126.945,67.9481
42,1,43,10,50,1000,0,42,-75.8509,68.672,7,4.06611,7,4.06611,1,1,4,126.961,36.6033
42,1,43,10,50,1000,0,43,27.4998,171.004,5,41.4815,5,41.4815,1,1,3,126.946,57.6862
42,1,43,10,50,1000,0,44,-37.7685,-166.351,3,55.1278,3,55.1278,1,1,2,126.882,78.599
42,1,43,10,50,1000,0,45,-62.1985,78.4294,7,10.7801,7,10.7801,1,1,4,126.962,36.604
42,1,43,10,50,1000,0,46,12.9483,59.581,4,20.1205,4,20.1205,1,1,3,126.948,67.9513
42,1,43,10,50,1000,0,47,-0.636185,-32.2175,8,58.034,8,58.034,1,1,2,126.885,23.6684
42,1,43,10,50,1000,0,48,-19.5674,154.248,9,25.2259,9,25.2259,1,1,4,126.963,12.993
42,1,43,10,50,1000,0,49,15.6297,94.4153,1,18.4435,1,18.4435,1,1,2,126.886,116.533
42,2,44,10,50,1000,0,0,-68.9146,-64.3487,2,16.2565,2,16.2565,1,1,3,134.25,107.486
42,2,44,10,50,1000,0,1,64.522,90.0977,0,27.8968,0,27.8968,1,1,1,134.158,134.129
42,2,44,10,50,1000,0,2,-85.4848,4.38132,2,19.8528,2,19.8528,1,1,2,134.211,107.447
42,2,44,10,50,1000,0,3,-65.5038,3.4384,6,32.0849,6,32.0849,1,1,3,134.251,56.9477
42,2,44,10,50,1000,0,4,86.2687,-108.731,1,37.794,1,37.794,1,1,2,134.212,123.885
42,2,44,10,50,1000,0,5,88.8392,82.4427,3,30.7836,3,30.7836,1,1,2,134.213,92.9658
42,2,44,10,50,1000,0,6,63.4645,102.908,3,26.3449,3,26.3449,1,1,2,134.213,92.9665
42,2,44,10,50,1000,0,7,52.3669,153.129,3,12.9894,3,12.9894,1,1,2,134.214,92.9672
42,2,44,10,50,1000,0,8,85.1912,53.4013,3,35.5116,3,35.5116,1,1,2,134.215,92.9678
42,2,44,10,50,1000,0,9,67.943,-42.9234,1,58.9364,1,58.9364,1,1,2,134.216,123.888
42,2,44,10,50,1000,0,10,61.3555,-86.4684,1,39.7878,1,39.7878,1,1,2,134.217,123.889
42,2,44,10,50,1000,0,11,83.4998,165.194,3,19.178,3,19.178,1,1,2,134.217,92.9704
42,2,44,10,50,1000,0,12,89.5522,16.8438,3,41.5047,3,41.5047,1,1,2,134.218,92.971
42,2,44,10,50,1000,0,13,-65.6292,-21.2969,2,31.3954,2,31.3954,1,1,2,134.218,107.455
42,2,44,10,50,1000,0,14,-68.7368,29.489,6,20.3292,6,20.3292,1,1,3,134.251,56.9483
42,2,44,10,50,1000,0,15,1.12473,-95.3028,4,23.42,4,23.42,1,1,3,134.252,82.5788
42,2,44,10,50,1000,0,16,72.5701,-48.7066,1,53.9982,1,53.9982,1,1,2,134.221,123.894
42,2,44,10,50,1000,0,17,87.3975,154.171,3,23.1589,3,23.1589,1,1,2,134.222,92.9751
42,2,44,10,50,1000,0,18,67.8373,-136.213,1,18.5923,1,18.5923,1,1,2,134.223,123.895
42,2,44,10,50,1000,0,19,-11.1955,128.212,6,66.1899,6,66.1899,1,1,3,134.252,56.9497
42,2,44,10,50,1000,0,20,-32.472,-24.7125,5,50.0475,5,50.0475,1,1,3,134.253,72.2809
42,2,44,10,50,1000,0,21,15.3274,-118.015,7,1.56177,7,1.56177,1,1,4,134.277,40.0883
42,2,44,10,50,1000,0,22,-50.9023,-44.6115,2,39.6043,2,39.6043,1,1,2,134.226,107.462
42,2,44,10,50,1000,0,23,-72.4428,-111.422,2,4.46654,2,4.46654,1,1,3,134.254,107.491
42,2,44,10,50,1000,0,24,-85.6051,171,6,25.3579,6,25.3579,1,1,3,134.255,56.9519
42,2,44,10,50,1000,0,25,12.8273,131.501,3,57.0081,3,57.0081,1,1,2,134.228,92.9809
42,2,44,10,50,1000,0,26,-47.734,12.6542,5,30.1334,5,30.1334,1,1,3,134.255,72.2832
42,2,44,10,50,1000,0,27,58.3475,-96.3636,1,35.2326,1,35.2326,1,1,2,134.229,123.902
42,2,44,10,50,1000,0,28,-75.251,165.437,6,25.5131,6,25.5131,1,1,3,134.256,56.9531
42,2,44,10,50,1000,0,29,31.1698,-107.975,7,18.0232,7,18.0232,1,1,3,134.256,40.0677
42,2,44,10,50,1000,0,30,7.46281,-115.411,7,7.52895,7,7.52895,1,1,4,134.278,40.0889
42,2,44,10,50,1000,0,31,-11.6391,-19.9341,8,44.8138,8,44.8138,1,1,4,134.278,27.6079
42,2,44,10,50,1000,0,32,7.94118,-28.4832,8,57.1132,8,57.1132,1,1,3,134.258,27.5881
42,2,44,10,50,1000,0,33,-22.8818,-28.443,8,53.4128,8,53.4128,1,1,4,134.279,27.6086
42,2,44,10,50,1000,0,34,7.65208,111.845,0,62.6759,0,62.6759,1,1,1,134.189,134.16
42,2,44,10,50,1000,0,35,-40.1155,130.36,6,38.716,6,38.716,1,1,4,134.279,56.9767
42,2,44,10,50,1000,0,36,-46.4335,130.424,6,32.8037,6,32.8037,1,1,4,134.28,56.9772
42,2,44,10,50,1000,0,37,-83.8275,-14.6716,2,17.7849,2,17.7849,1,1,2,134.235,107.472
42,2,44,10,50,1000,0,38,-47.0938,-132.541,2,31.2523,2,31.2523,1,1,3,134.261,107.498
42,2,44,10,50,1000,0,39,26.9532,-85.3979,7,31.4005,7,31.4005,1,1,4,134.281,40.0918
42,2,44,10,50,1000,0,40,-70.7701,-100.439,2,6.99258,2,6.99258,1,1,3,134.262,107.499
42,2,44,10,50,1000,0,41,-66.9486,-57.0082,2,19.8935,2,19.8935,1,1,3,134.263,107.499
42,2,44,10,50,1000,0,42,46.1076,162.798,3,18.2262,3,18.2262,1,1,2,134.238,92.9915
42,2,44,10,50,1000,0,43,13.3141,121.713,3,60.2118,3,60.2118,1,1,2,134.239,92.992
42,2,44,10,50,1000,0,44,74.1173,-91.0322,1,36.8212,1,36.8212,1,1,2,134.239,123.912
42,2,44,10,50,1000,0,45,-83.1311,-16.8398,2,17.7219,2,17.7219,1,1,2,134.24,107.477
42,2,44,10,50,1000,0,46,-13.2216,-9.54054,8,34.6219,8,34.6219,1,1,3,134.263,27.5931
42,2,44,10,50,1000,0,47,71.6131,169.439,3,7.69867,3,7.69867,1,1,2,134.241,92.9946
42,2,44,10,50,1000,0,48,70.9881,-82.5374,1,39.9912,1,39.9912,1,1,2,134.242,123.915
42,2,44,10,50,1000,0,49,-19.5019,-22.7196,8,47.7009,8,47.7009,1,1,4,134.281,27.6108
42,3,45,10,50,1000,0,0,-55.178,-133.308,4,32.3901,4,32.3901,1,1,2,170.864,94.067
42,3,45,10,50,1000,0,1,-78.5569,-134.676,2,33.0962,2,33.0962,1,1,2,170.865,141.278
42,3,45,10,50,1000,0,2,-43.2168,-2.05261,7,42.0677,7,42.0677,1,1,5,171.613,39.0791
42,3,45,10,50,1000,0,3,63.1763,76.1299,3,25.0164,3,25.0164,1,1,3,171.564,108.182
42,3,45,10,50,1000,0,4,13.5496,-173.659,0,18.5566,0,18.5566,1,1,1,170.813,170.783
42,3,45,10,50,1000,0,5,21.132,-113.688,0,39.0936,0,39.0936,1,1,1,170.814,170.784
42,3,45,10,50,1000,0,6,-74.5081,-102.968,4,25.5678,4,25.5678,1,1,3,171.565,94.7681
42,3,45,10,50,1000,0,7,-77.8934,-146.255,2,36.1413,2,36.1413,1,1,2,170.867,141.281
42,3,45,10,50,1000,0,8,-67.6545,103.321,9,9.15054,9,9.15054,1,1,5,171.614,17.7315
42,3,45,10,50,1000,0,9,61.5318,-57.8343,6,59.5202,6,59.5202,1,1,2,170.869,55.3704
42,3,45,10,50,1000,0,10,-78.1432,-95.4746,4,27.7225,4,27.7225,1,1,3,171.566,94.7698
42,3,45,10,50,1000,0,11,15.6532,31.4287,3,56.5953,3,56.5953,1,1,3,171.572,108.19
42,3,45,10,50,1000,0,12,4.60692,59.2089,3,44.7191,3,44.7191,1,1,3,171.573,108.191
42,3,45,10,50,1000,0,13,-49.2989,-125.243,4,29.228,4,29.228,1,1,2,171.496,94.6992
42,3,45,10,50,1000,0,14,0.635361,-47.0789,6,28.3944,6,28.3944,1,1,4,171.598,56.0998
42,3,45,10,50,1000,0,15,68.6242,70.9148,3,31.0096,3,31.0096,1,1,3,171.575,108.193
42,3,45,10,50,1000,0,16,-0.19339,160.135,1,28.1469,1,28.1469,1,1,2,171.506,152.462
42,3,45,10,50,1000,0,17,58.1194,93.1796,3,18.7385,3,18.7385,1,1,3,171.575,108.193
42,3,45,10,50,1000,0,18,-10.959,62.5913,9,55.5653,9,55.5653,1,1,4,171.599,17.7165
42,3,45,10,50,1000,0,19,-5.34523,-174.819,0,31.5513,0,31.5513,1,1,1,170.828,170.799
42,3,45,10,50,1000,0,20,34.4663,-148.426,0,16.0915,0,16.0915,1,1,1,170.83,170.801
42,3,45,10,50,1000,0,21,-54.2535,99.9163,9,13.3841,9,13.3841,1,1,5,171.615,17.7325
42,3,45,10,50,1000,0,22,-35.697,-84.2938,4,15.9327,4,15.9327,1,1,2,171.514,94.7173
42,3,45,10,50,1000,0,23,66.8305,-26.7031,6,74.4157,6,74.4157,1,1,3,171.577,56.0791
42,3,45,10,50,1000,0,24,-80.4864,76.7246,7,7.02011,7,7.02011,1,1,4,171.6,39.0663
42,3,45,10,50,1000,0,25,47.7313,-137.259,0,31.9045,0,31.9045,1,1,1,170.835,170.805
42,3,45,10,50,1000,0,26,80.625,-53.231,6,78.4886,6,78.4886,1,1,3,171.579,56.0804
42,3,45,10,50,1000,0,27,37.0848,-9.5361,6,70.0091,6,70.0091,1,1,3,171.579,56.0809
42,3,45,10,50,1000,0,28,-87.0111,155.572,2,1.63648,2,1.63648,1,1,3,171.58,141.993
42,3,45,10,50,1000,0,29,22.6107,7.2486,3,72.3005,3,72.3005,1,1,3,171.581,108.199
42,3,45,10,50,1000,0,30,-35.7535,2.46976,7,48.3006,7,48.3006,1,1,5,171.616,39.0817
42,3,45,10,50,1000,0,31,-50.9183,108.106,9,19.1332,9,19.1332,1,1,5,171.617,17.7341
42,3,45,10,50,1000,0,32,-8.69781,-165.598,0,30.0839,0,30.0839,1,1,1,170.841,170.811
42,3,45,10,50,1000,0,33,10.6429,140.686,1,7.26265,1,7.26265,1,1,2,171.529,152.484
42,3,45,10,50,1000,0,34,38.4967,-169.405,0,22.5308,0,22.5308,1,1,1,170.842,170.813
42,3,45,10,50,1000,0,35,72.9338,-34.0739,3,76.258,3,76.258,1,1,2,171.53,108.148
42,3,45,10,50,1000,0,36,-68.9155,-142.639,4,36.0491,4,36.0491,1,1,3,171.583,94.7862
42,3,45,10,50,1000,0,37,-57.0788,-29.2251,4,30.0605,4,30.0605,1,1,3,171.583,94.7868
42,3,45,10,50,1000,0,38,-23.4666,-160.497,0,43.3781,0,43.3781,1,1,1,170.846,170.816
42,3,45,10,50,1000,0,39,62.0359,-27.906,6,70.4791,6,70.4791,1,1,3,171.584,56.0861
42,3,45,10,50,1000,0,40,48.114,39.5345,3,36.9181,3,36.9181,1,1,3,171.585,108.204
42,3,45,10,50,1000,0,41,7.41748,77.4781,3,33.9218,3,33.9218,1,1,3,171.586,108.204
42,3,45,10,50,1000,0,42,83.1517,-90.9954,0,75.1789,0,75.1789,1,1,1,170.849,170.82
42,3,45,10,50,1000,0,43,-56.029,172.281,2,33.437,2,33.437,1,1,3,171.587,142
42,3,45,10,50,1000,0,44,-57.7118,113.163,9,16.2507,9,16.2507,1,1,5,171.618,17.7349
42,3,45,10,50,1000,0,45,-0.235039,-6.93063,6,68.4692,6,68.4692,1,1,6,171.642,56.1433
42,3,45,10,50,1000,0,46,-32.1834,77.6933,9,32.2162,9,32.2162,1,1,5,171.619,17.7368
42,3,45,10,50,1000,0,47,-39.4122,98.2375,9,26.6676,9,26.6676,1,1,5,171.629,17.7464
42,3,45,10,50,1000,0,48,46.0477,122.461,8,23.2782,8,23.2782,1,1,4,171.607,28.3396
42,3,45,10,50,1000,0,49,29.462,-10.9111,6,66.7992,6,66.7992,1,1,3,171.591,56.0928
42,4,46,10,50,1000,0,0,-39.4845,160.252,6,40.8284,6,40.8284,1,1,4,135.969,65.5475
42,4,46,10,50,1000,0,1,-40.2155,-174.782,8,30.0996,8,30.0996,1,1,5,136.039,38.3466
42,4,46,10,50,1000,0,2,-89.3707,174.757,4,4.88782,4,4.88782,1,1,4,135.97,90.234
42,4,46,10,50,1000,0,3,-75.3735,-27.2269,3,11.493,3,11.493,1,1,2,135.62,100.263
42,4,46,10,50,1000,0,4,-57.3093,-52.0406,3,33.1635,3,33.1635,1,1,2,135.621,100.264
42,4,46,10,50,1000,0,5,45.8948,54.4718,9,55.0106,9,55.0106,1,1,4,135.971,17.7
42,4,46,10,50,1000,0,6,61.3679,-122.682,2,19.1309,2,19.1309,1,1,2,135.622,112.049
42,4,46,10,50,1000,0,7,-25.6629,103.374,6,24.68,6,24.68,1,1,3,135.944,65.5232
42,4,46,10,50,1000,0,8,-36.6682,-20.9331,0,34.4848,0,34.4848,1,1,1,135.412,135.391
42,4,46,10,50,1000,0,9,-29.6224,-63.2424,0,60.3704,0,60.3704,1,1,1,135.413,135.392
42,4,46,10,50,1000,0,10,-34.2086,-92.2618,8,38.3187,8,38.3187,1,1,4,135.971,38.2789
42,4,46,10,50,1000,0,11,-46.3232,85.8204,1,30.7185,1,30.7185,1,1,2,135.624,122.48
42,4,46,10,50,1000,0,12,-73.2611,-63.9754,7,21.0354,7,21.0354,1,1,3,135.947,52.7967
42,4,46,10,50,1000,0,13,61.9145,-32.8365,2,36.6189,2,36.6189,1,1,2,135.626,112.053
42,4,46,10,50,1000,0,14,-11.1347,68.131,1,8.47756,1,8.47756,1,1,2,135.626,122.483
42,4,46,10,50,1000,0,15,-34.4528,78.7616,1,17.6993,1,17.6993,1,1,2,135.627,122.483
42,4,46,10,50,1000,0,16,24.1916,30.6635,0,46.1807,0,46.1807,1,1,1,135.42,135.398
42,4,46,10,50,1000,0,17,41.9899,49.6418,9,61.3653,9,61.3653,1,1,4,135.972,17.7012
42,4,46,10,50,1000,0,18,12.7103,113.233,6,28.4841,6,28.4841,1,1,3,135.949,65.5282
42,4,46,10,50,1000,0,19,-78.7926,90.8018,4,8.52805,4,8.52805,1,1,4,135.972,90.2364
42,4,46,10,50,1000,0,20,-59.4039,114.204,4,26.1565,4,26.1565,1,1,4,135.973,90.2369
42,4,46,10,50,1000,0,21,-17.3632,-176.072,8,37.6397,8,37.6397,1,1,4,135.974,38.2813
42,4,46,10,50,1000,0,22,85.7613,93.9478,5,15.9561,5,15.9561,1,1,4,135.974,77.0686
42,4,46,10,50,1000,0,23,53.651,-81.8137,2,32.7997,2,32.7997,1,1,2,135.839,112.265
42,4,46,10,50,1000,0,24,-53.4927,-131.943,8,20.8538,8,20.8538,1,1,4,136.024,38.3316
42,4,46,10,50,1000,0,25,17.4719,4.59746,0,24.9204,0,24.9204,1,1,1,135.428,135.407
42,4,46,10,50,1000,0,26,-22.1023,122.298,6,9.78804,6,9.78804,1,1,3,135.954,65.5325
42,4,46,10,50,1000,0,27,-44.7911,-10.7266,3,33.1767,3,33.1767,1,1,2,135.841,100.484
42,4,46,10,50,1000,0,28,-60.8389,-145.753,7,14.891,7,14.891,1,1,3,135.954,52.8037
42,4,46,10,50,1000,0,29,68.2184,36.0528,5,37.9339,5,37.9339,1,1,3,135.955,77.0496
42,4,46,10,50,1000,0,30,51.189,-112.469,2,30.0722,2,30.0722,1,1,2,135.844,112.271
42,4,46,10,50,1000,0,31,-32.5928,-29.2388,0,35.3826,0,35.3826,1,1,1,135.434,135.412
42,4,46,10,50,1000,0,32,49.0974,-161.206,2,33.8402,2,33.8402,1,1,2,135.845,112.272
42,4,46,10,50,1000,0,33,-79.7985,-56.3846,3,16.9676,3,16.9676,1,1,2,135.845,100.488
42,4,46,10,50,1000,0,34,66.0134,-137.182,2,14.43,2,14.43,1,1,2,135.846,112.273
42,4,46,10,50,1000,0,35,-72.7914,-166.781,7,7.32506,7,7.32506,1,1,3,135.956,52.8051
42,4,46,10,50,1000,0,36,78.5112,-0.309113,2,24.0116,2,24.0116,1,1,2,135.848,112.274
42,4,46,10,50,1000,0,37,-81.4265,148.545,4,4.00618,4,4.00618,1,1,4,136.026,90.2898
42,4,46,10,50,1000,0,38,-43.1807,124.449,6,30.3209,6,30.3209,1,1,4,136.027,65.6056
42,4,46,10,50,1000,0,39,-56.6344,-13.3466,3,22.131,3,22.131,1,1,2,135.85,100.493
42,4,46,10,50,1000,0,40,86.2532,101.675,5,15.3903,5,15.3903,1,1,4,136.027,77.122
42,4,46,10,50,1000,0,41,85.6254,-51.6981,2,11.0218,2,11.0218,1,1,2,135.851,112.278
42,4,46,10,50,1000,0,42,21.9864,-98.3313,2,61.7557,2,61.7557,1,1,2,135.852,112.279
42,4,46,10,50,1000,0,43,58.7876,102.295,9,20.7958,9,20.7958,1,1,4,136.028,17.7575
42,4,46,10,50,1000,0,44,-32.0422,74.0121,1,14.8075,1,14.8075,1,1,2,135.853,122.709
42,4,46,10,50,1000,0,45,-20.8262,-141.706,8,12.7004,8,12.7004,1,1,4,136.029,38.3366
42,4,46,10,50,1000,0,46,70.7717,73.1621,5,23.9143,5,23.9143,1,1,4,136.029,77.1239
42,4,46,10,50,1000,0,47,4.52739,59.7383,1,26.0821,1,26.0821,1,1,2,135.855,122.711
42,4,46,10,50,1000,0,48,45.9781,29.4578,0,60.8595,0,60.8595,1,1,1,135.603,135.581
42,4,46,10,50,1000,0,49,-88.3231,43.9831,4,6.18975,4,6.18975,1,1,4,136.03,90.2941
42,5,47,10,50,1000,0,0,62.1345,86.923,0,27.7111,0,27.7111,1,1,1,144.885,144.854
42,5,47,10,50,1000,0,1,-5.30866,-44.5458,2,18.4223,2,18.4223,1,1,3,145.095,105.605
42,5,47,10,50,1000,0,2,40.2614,-16.494,6,22.8061,6,22.8061,1,1,4,145.118,50.7706
42,5,47,10,50,1000,0,3,50.369,39.1133,6,45.315,6,45.315,1,1,3,145.096,50.7487
42,5,47,10,50,1000,0,4,47.0865,56.1175,8,50.8719,8,50.8719,1,1,2,144.939,28.04
42,5,47,10,50,1000,0,5,-25.6329,31.4179,5,10.7613,5,10.7613,1,1,3,145.097,69.3233
42,5,47,10,50,1000,0,6,9.32664,22.2643,5,25.4236,5,25.4236,1,1,3,145.098,69.324
42,5,47,10,50,1000,0,7,19.9175,154.412,0,39.7819,0,39.7819,1,1,1,144.893,144.861
42,5,47,10,50,1000,0,8,74.9827,18.9791,3,17.5118,3,17.5118,1,1,2,144.941,91.7808
42,5,47,10,50,1000,0,9,-41.6726,-91.3305,2,38.4759,2,38.4759,1,1,3,145.098,105.608
42,5,47,10,50,1000,0,10,0.266472,65.442,5,41.0509,5,41.0509,1,1,2,144.943,69.1693
42,5,47,10,50,1000,0,11,57.9559,-62.4724,6,13.1446,6,13.1446,1,1,4,145.119,50.7713
42,5,47,10,50,1000,0,12,-76.0442,-40.4001,2,54.4837,2,54.4837,1,1,3,145.1,105.61
42,5,47,10,50,1000,0,13,-20.5155,-155.293,9,26.7464,9,26.7464,1,1,4,145.12,17.238
42,5,47,10,50,1000,0,14,-42.9529,150.424,4,15.1934,4,15.1934,1,1,2,144.946,80.1921
42,5,47,10,50,1000,0,15,-67.8965,-141.637,1,20.7732,1,20.7732,1,1,2,144.946,124.33
42,5,47,10,50,1000,0,16,28.6735,33.5896,5,44.7266,5,44.7266,1,1,3,145.101,69.3276
42,5,47,10,50,1000,0,17,-3.09136,-42.1302,2,21.4615,2,21.4615,1,1,3,145.102,105.612
42,5,47,10,50,1000,0,18,-81.4522,-85.4448,1,43.5565,1,43.5565,1,1,2,145.053,124.437
42,5,47,10,50,1000,0,19,88.4915,111.269,8,0.637297,8,0.637297,1,1,3,145.103,28.2036
42,5,47,10,50,1000,0,20,75.3363,-54.2826,3,4.30241,3,4.30241,1,1,2,145.055,91.8947
42,5,47,10,50,1000,0,21,-18.6568,-10.6741,5,36.3622,5,36.3622,1,1,4,145.121,69.3469
42,5,47,10,50,1000,0,22,73.9908,-177.478,3,27.9394,3,27.9394,1,1,3,145.104,91.9435
42,5,47,10,50,1000,0,23,-18.1312,117.947,4,41.6411,4,41.6411,1,1,2,145.058,80.3045
42,5,47,10,50,1000,0,24,10.7503,60.3923,5,42.3276,5,42.3276,1,1,2,145.059,69.2856
42,5,47,10,50,1000,0,25,-76.6918,-157.966,1,24.1542,1,24.1542,1,1,2,145.06,124.444
42,5,47,10,50,1000,0,26,-27.0828,142.528,4,17.039,4,17.039,1,1,2,145.061,80.3074
42,5,47,10,50,1000,0,27,-20.2194,-26.2541,2,24.3615,2,24.3615,1,1,3,145.105,105.615
42,5,47,10,50,1000,0,28,-38.9359,98.5301,4,52.4163,4,52.4163,1,1,2,145.063,80.3091
42,5,47,10,50,1000,0,29,-0.773323,16.2223,5,18.4118,5,18.4118,1,1,3,145.106,69.3318
42,5,47,10,50,1000,0,30,34.477,42.6603,5,52.3418,5,52.3418,1,1,3,145.106,69.3327
42,5,47,10,50,1000,0,31,27.2926,-53.6991,6,33.3773,6,33.3773,1,1,4,145.121,50.7736
42,5,47,10,50,1000,0,32,-51.8751,-131.597,1,24.3491,1,24.3491,1,1,2,145.067,124.45
42,5,47,10,50,1000,0,33,42.0853,-86.6546,6,35.4168,6,35.4168,1,1,5,145.139,50.7917
42,5,47,10,50,1000,0,34,-18.5211,81.1538,5,51.6206,5,51.6206,1,1,3,145.109,69.3348
42,5,47,10,50,1000,0,35,-77.693,-66.3696,1,50.0712,1,50.0712,1,1,2,145.07,124.454
42,5,47,10,50,1000,0,36,-76.5644,-12.6995,2,60.2476,2,60.2476,1,1,3,145.109,105.619
42,5,47,10,50,1000,0,37,51.4782,174.853,0,19.8437,0,19.8437,1,1,1,144.919,144.888
42,5,47,10,50,1000,0,38,-5.08899,-113.306,7,48.2434,7,48.2434,1,1,4,145.122,38.4921
42,5,47,10,50,1000,0,39,56.3999,-168.677,7,45.3364,7,45.3364,1,1,4,145.123,38.4929
42,5,47,10,50,1000,0,40,63.5431,139.416,0,5.14671,0,5.14671,1,1,1,144.921,144.89
42,5,47,10,50,1000,0,41,-73.3219,-107.079,1,35.2808,1,35.2808,1,1,2,145.074,124.458
42,5,47,10,50,1000,0,42,50.9722,-7.08257,6,19.1223,6,19.1223,1,1,4,145.124,50.7763
42,5,47,10,50,1000,0,43,23.3333,-155.927,7,11.7598,7,11.7598,1,1,3,145.112,38.4812
42,5,47,10,50,1000,0,44,-44.2762,-134.88,1,25.8023,1,25.8023,1,1,2,145.078,124.461
42,5,47,10,50,1000,0,45,20.1474,160.402,0,40.8779,0,40.8779,1,1,1,144.925,144.894
42,5,47,10,50,1000,0,46,43.8901,-85.1199,6,33.2089,6,33.2089,1,1,5,145.14,50.7925
42,5,47,10,50,1000,0,47,-36.6488,164.03,4,6.34503,4,6.34503,1,1,2,145.079,80.3253
42,5,47,10,50,1000,0,48,-18.3587,-169.127,9,25.5667,9,25.5667,1,1,4,145.125,17.2432
42,5,47,10,50,1000,0,49,-51.3123,106.24,4,46.5914,4,46.5914,1,1,2,145.081,80.3277
42,6,48,10,50,1000,0,0,-15.0686,-163.951,3,35.6387,3,35.6387,1,1,3,144.008,96.2273
42,6,48,10,50,1000,0,1,31.1046,88.5367,5,45.1875,5,45.1875,1,1,3,144.009,63.1258
42,6,48,10,50,1000,0,2,81.3423,-24.1603,2,31.4833,2,31.4833,1,1,2,143.971,113.895
42,6,48,10,50,1000,0,3,-2.16987,108.88,5,26.2234,5,26.2234,1,1,4,144.03,63.1475
42,6,48,10,50,1000,0,4,-26.3884,168.425,6,23.7229,6,23.7229,1,1,4,144.031,50.4517
42,6,48,10,50,1000,0,5,-5.13038,-166.585,4,29.3801,4,29.3801,1,1,3,144.01,82.9463
42,6,48,10,50,1000,0,6,-40.2117,-7.96741,8,41.556,8,41.556,1,1,3,144.011,26.4292
42,6,48,10,50,1000,0,7,-21.511,-148.516,3,20.3773,3,20.3773,1,1,3,144.012,96.2311
42,6,48,10,50,1000,0,8,-80.4966,65.9669,1,14.1024,1,14.1024,1,1,2,143.975,132.42
42,6,48,10,50,1000,0,9,-50.0878,67.4277,9,6.56803,9,6.56803,1,1,5,144.042,11.2464
42,6,48,10,50,1000,0,10,38.9213,51.8962,2,23.9639,2,23.9639,1,1,2,143.977,113.9
42,6,48,10,50,1000,0,11,-13.674,159.102,6,35.7318,6,35.7318,1,1,5,144.043,50.4637
42,6,48,10,50,1000,0,12,16.4339,-7.02908,2,48.113,2,48.113,1,1,2,143.978,113.902
42,6,48,10,50,1000,0,13,82.8738,94.8919,2,35.9859,2,35.9859,1,1,2,143.979,113.903
42,6,48,10,50,1000,0,14,-68.8985,-113.56,7,19.4749,7,19.4749,1,1,3,144.014,40.1554
42,6,48,10,50,1000,0,15,-3.75593,12.0657,2,61.1924,2,61.1924,1,1,2,143.98,113.904
42,6,48,10,50,1000,0,16,-48.7557,-125.303,3,14.064,3,14.064,1,1,3,144.014,96.2337
42,6,48,10,50,1000,0,17,-39.6988,-114.827,3,13.9801,3,13.9801,1,1,3,144.015,96.2343
42,6,48,10,50,1000,0,18,15.2685,96.2627,5,31.2469,5,31.2469,1,1,3,144.015,63.1327
42,6,48,10,50,1000,0,19,87.0265,157.76,2,51.8598,2,51.8598,1,1,2,143.983,113.906
42,6,48,10,50,1000,0,20,42.3439,-16.2078,2,31.3532,2,31.3532,1,1,2,143.983,113.907
42,6,48,10,50,1000,0,21,85.5874,-175.736,4,61.5328,4,61.5328,1,1,3,144.016,82.952
42,6,48,10,50,1000,0,22,77.9124,-51.8471,2,37.8934,2,37.8934,1,1,2,143.985,113.908
42,6,48,10,50,1000,0,23,-72.1256,174.832,6,23.7418,6,23.7418,1,1,3,144.017,50.4378
42,6,48,10,50,1000,0,24,-82.9401,-64.4269,1,5.94081,1,5.94081,1,1,2,143.986,132.431
42,6,48,10,50,1000,0,25,31.1297,91.9624,5,45.5832,5,45.5832,1,1,3,144.018,63.1349
42,6,48,10,50,1000,0,26,83.7347,-145.089,4,61.0467,4,61.0467,1,1,2,143.988,82.9234
42,6,48,10,50,1000,0,27,35.5322,20.3372,2,20.9404,2,20.9404,1,1,2,143.988,113.912
42,6,48,10,50,1000,0,28,13.9411,56.812,5,39.824,5,39.824,1,1,3,144.018,63.1356
42,6,48,10,50,1000,0,29,-32.3855,70.0851,9,18.1747,9,18.1747,1,1,4,144.033,11.2374
42,6,48,10,50,1000,0,30,61.6257,107.717,2,42.2221,2,42.2221,1,1,2,143.991,113.914
42,6,48,10,50,1000,0,31,-48.9246,-154.26,3,21.4531,3,21.4531,1,1,3,144.02,96.2391
42,6,48,10,50,1000,0,32,81.2072,2.75323,2,26.7577,2,26.7577,1,1,2,143.992,113.916
42,6,48,10,50,1000,0,33,-44.5434,12.9514,8,26.6982,8,26.6982,1,1,3,144.02,26.4383
42,6,48,10,50,1000,0,34,-40.4921,-95.0339,3,29.2899,3,29.2899,1,1,3,144.021,96.2404
42,6,48,10,50,1000,0,35,-4.64427,-176.296,4,29.9575,4,29.9575,1,1,3,144.022,82.9574
42,6,48,10,50,1000,0,36,34.3791,-18.1137,2,38.419,2,38.419,1,1,2,143.994,113.918
42,6,48,10,50,1000,0,37,-86.016,44.583,1,5.33803,1,5.33803,1,1,2,143.995,132.439
42,6,48,10,50,1000,0,38,55.0196,-136.283,4,39.381,4,39.381,1,1,2,143.996,82.9316
42,6,48,10,50,1000,0,39,19.7073,124.159,5,51.4381,5,51.4381,1,1,3,144.022,63.1395
42,6,48,10,50,1000,0,40,-10.355,-78.3261,0,44.4332,0,44.4332,1,1,1,143.953,143.928
42,6,48,10,50,1000,0,41,18.0608,-33.2406,0,35.463,0,35.463,1,1,1,143.954,143.929
42,6,48,10,50,1000,0,42,-21.7074,-72.8141,3,53.4735,3,53.4735,1,1,2,143.997,96.2166
42,6,48,10,50,1000,0,43,83.5483,164.467,2,55.0083,2,55.0083,1,1,2,143.998,113.921
42,6,48,10,50,1000,0,44,81.9989,-77.6744,2,45.6927,2,45.6927,1,1,2,143.998,113.922
42,6,48,10,50,1000,0,45,27.2763,107.249,5,46.6835,5,46.6835,1,1,3,144.023,63.1402
42,6,48,10,50,1000,0,46,-74.9786,136.703,6,28.0019,6,28.0019,1,1,3,144.024,50.4447
42,6,48,10,50,1000,0,47,66.4946,-167.543,4,42.2862,4,42.2862,1,1,2,144,82.9359
42,6,48,10,50,1000,0,48,-20.2717,-136.098,3,15.7306,3,15.7306,1,1,3,144.024,96.2439
42,6,48,10,50,1000,0,49,12.7044,58.4725,5,37.7727,5,37.7727,1,1,3,144.025,63.1425
42,7,49,10,50,1000,0,0,-2.60847,-54.3541,9,14.9687,9,14.9687,1,1,4,142.516,15.4092
42,7,49,10,50,1000,0,1,66.7742,40.6489,5,33.3359,5,33.3359,1,1,4,142.516,69.3995
42,7,49,10,50,1000,0,2,-57.2801,-33.4466,0,34.2265,0,34.2265,1,1,1,142.409,142.379
42,7,49,10,50,1000,0,3,-55.3792,-0.639359,0,45.0643,0,45.0643,1,1,1,142.41,142.38
42,7,49,10,50,1000,0,4,79.2694,98.9351,5,9.22339,5,9.22339,1,1,5,142.532,69.4148
42,7,49,10,50,1000,0,5,-74.2164,173.591,0,56.0402,0,56.0402,1,1,1,142.412,142.382
42,7,49,10,50,1000,0,6,89.0743,-37.2933,5,24.5684,5,24.5684,1,1,4,142.518,69.4007
42,7,49,10,50,1000,0,7,-63.8732,85.5427,0,57.0545,0,57.0545,1,1,1,142.414,142.384
42,7,49,10,50,1000,0,8,34.4963,111.093,8,35.6539,8,35.6539,1,1,4,142.518,31.1344
42,7,49,10,50,1000,0,9,29.598,-132.899,2,49.5343,2,49.5343,1,1,3,142.495,116.707
42,7,49,10,50,1000,0,10,-13.3193,33.6385,4,8.76501,4,8.76501,1,1,2,142.462,85.4622
42,7,49,10,50,1000,0,11,-84.91,-160.963,0,7.04632,0,7.04632,1,1,1,142.418,142.388
42,7,49,10,50,1000,0,12,16.0294,26.8683,4,31.0544,4,31.0544,1,1,3,142.496,85.4959
42,7,49,10,50,1000,0,13,-84.4334,-21.8866,0,9.20607,0,9.20607,1,1,1,142.42,142.39
42,7,49,10,50,1000,0,14,-4.80124,-18.5843,9,28.5031,9,28.5031,1,1,4,142.519,15.4125
42,7,49,10,50,1000,0,15,56.231,165.181,8,12.885,8,12.885,1,1,5,142.533,31.1486
42,7,49,10,50,1000,0,16,53.5308,66.0104,5,39.9048,5,39.9048,1,1,6,142.547,69.4305
42,7,49,10,50,1000,0,17,12.9148,172.501,7,4.58793,7,4.58793,1,1,5,142.534,43.1459
42,7,49,10,50,1000,0,18,-73.7181,95.071,0,41.3379,0,41.3379,1,1,1,142.425,142.395
42,7,49,10,50,1000,0,19,-4.06898,-168.897,1,54.2023,1,54.2023,1,1,2,142.466,131.718
42,7,49,10,50,1000,0,20,7.00307,23.4293,4,26.0129,4,26.0129,1,1,3,142.499,85.4993
42,7,49,10,50,1000,0,21,-87.6531,12.1548,0,11.0126,0,11.0126,1,1,1,142.429,142.399
42,7,49,10,50,1000,0,22,83.068,-123.053,2,45.1522,2,45.1522,1,1,3,142.5,116.712
42,7,49,10,50,1000,0,23,-41.1512,55.1286,4,32.3396,4,32.3396,1,1,2,142.469,85.469
42,7,49,10,50,1000,0,24,84.0199,156.894,5,7.16175,5,7.16175,1,1,5,142.535,69.4179
42,7,49,10,50,1000,0,25,51.1147,-38.5989,2,24.8967,2,24.8967,1,1,3,142.501,116.714
42,7,49,10,50,1000,0,26,5.26605,112.41,3,46.1876,3,46.1876,1,1,3,142.502,103.407
42,7,49,10,50,1000,0,27,-9.78086,-137.409,1,28.7977,1,28.7977,1,1,2,142.472,131.724
42,7,49,10,50,1000,0,28,-20.3611,-8.42851,9,35.9027,9,35.9027,1,1,3,142.502,15.3958
42,7,49,10,50,1000,0,29,10.3522,129.675,3,29.5294,3,29.5294,1,1,3,142.503,103.408
42,7,49,10,50,1000,0,30,76.4936,-46.8336,2,35.429,2,35.429,1,1,3,142.504,116.717
42,7,49,10,50,1000,0,31,57.428,80.0488,5,31.3402,5,31.3402,1,1,5,142.536,69.4188
42,7,49,10,50,1000,0,32,-80.4116,-39.3145,0,9.37647,0,9.37647,1,1,1,142.436,142.406
42,7,49,10,50,1000,0,33,36.2751,-128.259,2,42.4465,2,42.4465,1,1,3,142.505,116.718
42,7,49,10,50,1000,0,34,-62.1217,-115.588,0,20.8439,0,20.8439,1,1,1,142.438,142.408
42,7,49,10,50,1000,0,35,-58.5783,69.7627,4,52.7165,4,52.7165,1,1,2,142.476,85.4761
42,7,49,10,50,1000,0,36,43.9207,-112.463,2,27.9641,2,27.9641,1,1,3,142.506,116.719
42,7,49,10,50,1000,0,37,-49.0412,73.9775,4,46.9621,4,46.9621,1,1,2,142.477,85.4777
42,7,49,10,50,1000,0,38,-27.7578,-0.384903,4,43.6143,4,43.6143,1,1,2,142.478,85.4783
42,7,49,10,50,1000,0,39,-25.4469,-67.4759,9,23.0626,9,23.0626,1,1,3,142.507,15.4002
42,7,49,10,50,1000,0,40,-11.7456,-128.664,1,23.6647,1,23.6647,1,1,2,142.479,131.731
42,7,49,10,50,1000,0,41,36.9626,167.041,3,13.506,3,13.506,1,1,3,142.507,103.412
42,7,49,10,50,1000,0,42,81.8726,-125.636,2,44.9582,2,44.9582,1,1,3,142.508,116.721
42,7,49,10,50,1000,0,43,-75.1841,-56.977,0,11.1884,0,11.1884,1,1,1,142.444,142.414
42,7,49,10,50,1000,0,44,22.9675,50.3362,4,34.8495,4,34.8495,1,1,4,142.523,85.5238
42,7,49,10,50,1000,0,45,-53.6508,18.9222,4,47.0442,4,47.0442,1,1,2,142.482,85.4822
42,7,49,10,50,1000,0,46,-88.2487,-172.446,0,8.18125,0,8.18125,1,1,1,142.446,142.416
42,7,49,10,50,1000,0,47,-40.5145,-157.321,1,29.1987,1,29.1987,1,1,2,142.482,131.734
42,7,49,10,50,1000,0,48,-15.8801,171.521,7,24.2311,7,24.2311,1,1,4,142.524,43.1359
42,7,49,10,50,1000,0,49,-52.79,23.9963,4,44.629,4,44.629,1,1,2,142.484,85.4843
42,8,50,10,50,1000,0,0,7.2562,-133.055,4,58.7056,4,58.7056,1,1,4,134.494,79.6505
42,8,50,10,50,1000,0,1,-79.7569,166.941,7,6.08905,7,6.08905,1,1,3,134.458,41.3972
42,8,50,10,50,1000,0,2,-20.8753,131.649,1,57.41,1,57.41,1,1,2,134.417,123.475
42,8,50,10,50,1000,0,3,-21.8553,57.9894,8,25.9728,8,25.9728,1,1,5,134.516,31.1679
42,8,50,10,50,1000,0,4,1.34405,22.0895,5,14.6095,5,14.6095,1,1,3,134.459,69.3085
42,8,50,10,50,1000,0,5,29.6747,-35.3563,2,32.9218,2,32.9218,1,1,2,134.42,107.929
42,8,50,10,50,1000,0,6,-55.7995,96.824,7,34.8741,7,34.8741,1,1,3,134.46,41.3992
42,8,50,10,50,1000,0,7,-22.0248,130.13,1,56.7758,1,56.7758,1,1,2,134.421,123.479
42,8,50,10,50,1000,0,8,-40.2192,-38.4184,9,41.7383,9,41.7383,1,1,6,134.528,17.8321
42,8,50,10,50,1000,0,9,-76.1506,4.1145,9,2.80283,9,2.80283,1,1,4,134.496,17.7999
42,8,50,10,50,1000,0,10,15.2304,2.78647,2,15.6343,2,15.6343,1,1,2,134.423,107.933
42,8,50,10,50,1000,0,11,-79.3068,35.9052,9,8.81911,9,8.81911,1,1,5,134.518,17.8221
42,8,50,10,50,1000,0,12,8.25002,-149.678,4,66.7097,4,66.7097,1,1,4,134.497,79.6536
42,8,50,10,50,1000,0,13,3.88905,-156.134,4,66.3911,4,66.3911,1,1,4,134.498,79.6543
42,8,50,10,50,1000,0,14,41.7595,40.7686,0,29.3792,0,29.3792,1,1,1,134.376,134.347
42,8,50,10,50,1000,0,15,15.7567,-81.9687,4,69.3913,4,69.3913,1,1,3,134.465,79.6215
42,8,50,10,50,1000,0,16,43.8566,51.9996,0,27.2936,0,27.2936,1,1,1,134.378,134.349
42,8,50,10,50,1000,0,17,-47.5137,-134.037,4,15.4486,4,15.4486,1,1,5,134.519,79.6754
42,8,50,10,50,1000,0,18,1.82442,41.262,8,12.0655,8,12.0655,1,1,4,134.499,31.1503
42,8,50,10,50,1000,0,19,51.976,-173.663,0,106.746,0,106.746,1,1,1,134.38,134.352
42,8,50,10,50,1000,0,20,-58.3242,-16.6986,9,18.1429,9,18.1429,1,1,4,134.5,17.8039
42,8,50,10,50,1000,0,21,-14.5097,-48.2475,4,63.2495,4,63.2495,1,1,3,134.468,79.6248
42,8,50,10,50,1000,0,22,-49.9373,106.931,1,38.1244,1,38.1244,1,1,2,134.431,123.488
42,8,50,10,50,1000,0,23,-49.0586,-0.312988,9,24.7436,9,24.7436,1,1,6,134.529,17.8329
42,8,50,10,50,1000,0,24,-55.7437,-70.4185,4,26.4528,4,26.4528,1,1,4,134.501,79.6577
42,8,50,10,50,1000,0,25,-88.0992,98.9734,7,3.90167,7,3.90167,1,1,4,134.502,41.4409
42,8,50,10,50,1000,0,26,56.184,-154.812,0,90.7012,0,90.7012,1,1,1,134.387,134.359
42,8,50,10,50,1000,0,27,-22.5607,-51.1319,4,55.1317,4,55.1317,1,1,4,134.502,79.659
42,8,50,10,50,1000,0,28,-62.2452,142.657,1,14.4629,1,14.4629,1,1,2,134.434,123.492
42,8,50,10,50,1000,0,29,-13.6331,139.029,1,62.3574,1,62.3574,1,1,2,134.435,123.493
42,8,50,10,50,1000,0,30,1.71266,-175.753,4,77.3512,4,77.3512,1,1,4,134.503,79.6596
42,8,50,10,50,1000,0,31,-61.47,-88.8614,4,18.8483,4,18.8483,1,1,4,134.504,79.6604
42,8,50,10,50,1000,0,32,28.1233,-37.9675,2,35.5359,2,35.5359,1,1,2,134.437,107.947
42,8,50,10,50,1000,0,33,-21.4494,-120.104,4,27.2953,4,27.2953,1,1,4,134.504,79.661
42,8,50,10,50,1000,0,34,-88.3528,-118.947,3,1.33363,3,1.33363,1,1,3,134.474,93.0678
42,8,50,10,50,1000,0,35,-56.8837,-113.354,4,9.26143,4,9.26143,1,1,4,134.505,79.6618
42,8,50,10,50,1000,0,36,22.1774,37.2132,8,24.1815,8,24.1815,1,1,3,134.475,31.1266
42,8,50,10,50,1000,0,37,9.19926,124.48,8,71.0474,8,71.0474,1,1,2,134.441,31.0921
42,8,50,10,50,1000,0,38,-17.9279,100.281,8,51.4767,8,51.4767,1,1,3,134.476,31.1273
42,8,50,10,50,1000,0,39,-27.9164,32.6568,5,21.1549,5,21.1549,1,1,3,134.477,69.3259
42,8,50,10,50,1000,0,40,-75.0686,-52.0313,3,14.3956,3,14.3956,1,1,3,134.478,93.0716
42,8,50,10,50,1000,0,41,-24.1849,142.231,1,50.9793,1,50.9793,1,1,2,134.444,123.501
42,8,50,10,50,1000,0,42,-13.4217,86.5089,8,37.3395,8,37.3395,1,1,4,134.506,31.1572
42,8,50,10,50,1000,0,43,-44.4505,28.6663,9,31.0078,9,31.0078,1,1,6,134.53,17.8337
42,8,50,10,50,1000,0,44,24.5828,63.8326,8,23.3062,8,23.3062,1,1,2,134.446,31.0974
42,8,50,10,50,1000,0,45,-6.15257,-127.409,4,44.0341,4,44.0341,1,1,4,134.507,79.6637
42,8,50,10,50,1000,0,46,34.0399,44.7548,8,31.3907,8,31.3907,1,1,3,134.485,31.1367
42,8,50,10,50,1000,0,47,-18.1352,-55.6736,4,55.1485,4,55.1485,1,1,4,134.508,79.6646
42,8,50,10,50,1000,0,48,-86.6063,100.831,7,3.66002,7,3.66002,1,1,4,134.509,41.448
42,8,50,10,50,1000,0,49,2.11101,-169.918,4,73.6288,4,73.6288,1,1,4,134.509,79.666
42,9,51,10,50,1000,0,0,24.1433,166.047,8,18.1856,8,18.1856,1,1,4,137.945,32.2655
42,9,51,10,50,1000,0,1,-38.4667,129.722,2,40.4484,2,40.4484,1,1,3,137.912,115.97
42,9,51,10,50,1000,0,2,-63.8789,135.751,4,19.4185,4,19.4185,1,1,4,137.946,94.0515
42,9,51,10,50,1000,0,3,-68.6358,-38.2294,4,39.4853,4,39.4853,1,1,3,137.913,94.0185
42,9,51,10,50,1000,0,4,-65.036,148.097,4,20.3512,4,20.3512,1,1,4,137.947,94.0521
42,9,51,10,50,1000,0,5,-31.5302,143.737,7,37.2387,7,37.2387,1,1,4,137.947,42.5742
42,9,51,10,50,1000,0,6,82.8242,-93.7961,3,22.7073,3,22.7073,1,1,3,137.915,104.44
42,9,51,10,50,1000,0,7,36.8363,-153.313,0,12.1508,0,12.1508,1,1,1,137.824,137.795
42,9,51,10,50,1000,0,8,85.8893,33.3155,1,17.1675,1,17.1675,1,1,2,137.875,126.823
42,9,51,10,50,1000,0,9,-72.9197,-169.752,4,62.8458,4,62.8458,1,1,3,137.916,94.0212
42,9,51,10,50,1000,0,10,-21.2532,17.127,6,21.7455,6,21.7455,1,1,4,137.948,53.0607
42,9,51,10,50,1000,0,11,-44.7729,113.138,2,28.8843,2,28.8843,1,1,3,137.917,115.975
42,9,51,10,50,1000,0,12,-62.5564,101.867,2,9.58098,2,9.58098,1,1,3,137.918,115.976
42,9,51,10,50,1000,0,13,38.6409,134.175,8,16.0633,8,16.0633,1,1,4,137.949,32.2688
42,9,51,10,50,1000,0,14,38.3564,-172.088,0,11.1075,0,11.1075,1,1,1,137.831,137.802
42,9,51,10,50,1000,0,15,14.0002,-55.0007,5,50.0882,5,50.0882,1,1,2,137.879,83.4044
42,9,51,10,50,1000,0,16,86.9794,131.067,1,12.8006,1,12.8006,1,1,2,137.88,126.828
42,9,51,10,50,1000,0,17,-52.6395,-133.799,5,52.952,5,52.952,1,1,3,137.919,83.4443
42,9,51,10,50,1000,0,18,43.4092,-62.5505,5,62.9181,5,62.9181,1,1,3,137.92,83.4449
42,9,51,10,50,1000,0,19,3.98586,136.747,7,7.56921,7,7.56921,1,1,3,137.921,42.5477
42,9,51,10,50,1000,0,20,-47.2269,124.911,2,30.3512,2,30.3512,1,1,3,137.922,115.98
42,9,51,10,50,1000,0,21,50.2418,-108.805,0,35.6501,0,35.6501,1,1,1,137.837,137.808
42,9,51,10,50,1000,0,22,-74.4424,-5.84383,4,24.45,4,24.45,1,1,4,137.949,94.0547
42,9,51,10,50,1000,0,23,-41.0592,-157.106,5,61.3704,5,61.3704,1,1,2,137.885,83.4096
42,9,51,10,50,1000,0,24,-76.2642,-47.9577,4,30.6251,4,30.6251,1,1,3,137.923,94.0287
42,9,51,10,50,1000,0,25,-73.4291,-15.0348,4,27.6123,4,27.6123,1,1,3,137.924,94.0293
42,9,51,10,50,1000,0,26,74.5847,-56.4039,3,35.8103,3,35.8103,1,1,3,137.925,104.449
42,9,51,10,50,1000,0,27,-40.9486,-155.943,5,60.4379,5,60.4379,1,1,2,137.888,83.413
42,9,51,10,50,1000,0,28,-67.2685,175.385,4,23.8033,4,23.8033,1,1,4,137.95,94.0555
42,9,51,10,50,1000,0,29,79.1157,122.176,1,5.27527,1,5.27527,1,1,2,137.89,126.838
42,9,51,10,50,1000,0,30,-88.3519,6.2318,4,11.9925,4,11.9925,1,1,4,137.951,94.0562
42,9,51,10,50,1000,0,31,-56.4125,177.255,4,36.1212,4,36.1212,1,1,4,137.951,94.0569
42,9,51,10,50,1000,0,32,-21.3505,-38.104,5,60.9721,5,60.9721,1,1,3,137.927,83.4524
42,9,51,10,50,1000,0,33,-68.2719,-135.883,4,65.2848,4,65.2848,1,1,3,137.928,94.0337
42,9,51,10,50,1000,0,34,39.6728,51.428,1,47.215,1,47.215,1,1,2,137.893,126.841
42,9,51,10,50,1000,0,35,-89.5681,164.892,4,10.1811,4,10.1811,1,1,4,137.952,94.0576
42,9,51,10,50,1000,0,36,-1.83033,101.347,9,41.9826,9,41.9826,1,1,6,137.976,11.4408
42,9,51,10,50,1000,0,37,-61.9568,27.4546,2,25.0563,2,25.0563,1,1,3,137.93,115.989
42,9,51,10,50,1000,0,38,-42.2482,-26.0319,6,64.2077,6,64.2077,1,1,3,137.931,53.0436
42,9,51,10,50,1000,0,39,25.1743,-57.0247,5,54.0915,5,54.0915,1,1,2,137.897,83.4218
42,9,51,10,50,1000,0,40,53.0052,83.4904,1,24.5737,1,24.5737,1,1,2,137.898,126.846
42,9,51,10,50,1000,0,41,53.9702,75.1798,1,25.5747,1,25.5747,1,1,2,137.898,126.846
42,9,51,10,50,1000,0,42,-76.4568,-153.957,4,51.155,4,51.155,1,1,3,137.932,94.0372
42,9,51,10,50,1000,0,43,49.6181,-107.451,0,36.7142,0,36.7142,1,1,1,137.856,137.827
42,9,51,10,50,1000,0,44,-79.286,77.4677,4,4.85717,4,4.85717,1,1,4,137.954,94.0591
42,9,51,10,50,1000,0,45,-82.6374,-155.276,4,37.4941,4,37.4941,1,1,3,137.937,94.043
42,9,51,10,50,1000,0,46,-48.1503,-98.0999,5,39.6615,5,39.6615,1,1,4,137.954,83.4791
42,9,51,10,50,1000,0,47,-79.0103,40.9984,4,11.2308,4,11.2308,1,1,4,137.955,94.0603
42,9,51,10,50,1000,0,48,21.8981,-114.564,5,33.768,5,33.768,1,1,2,137.903,83.4278
42,9,51,10,50,1000,0,49,42.5579,-56.8583,5,65.5295,5,65.5295,1,1,3,137.94,83.4645
42,10,52,10,50,1000,0,0,34.6818,92.1363,6,36.2107,6,36.2107,1,1,3,114.635,46.7857
42,10,52,10,50,1000,0,1,-4.63147,-102.739,8,18.6814,8,18.6814,1,1,3,114.636,25.1159
42,10,52,10,50,1000,0,2,65.3744,-57.8611,3,22.2319,3,22.2319,1,1,2,114.543,81.3287
42,10,52,10,50,1000,0,3,55.4386,-152.893,9,45.3907,9,45.3907,1,1,4,114.66,12.2613
42,10,52,10,50,1000,0,4,-51.9336,72.1634,2,46.6876,2,46.6876,1,1,2,114.544,92.7298
42,10,52,10,50,1000,0,5,-13.7297,117.863,5,18.4311,5,18.4311,1,1,3,114.637,60.3406
42,10,52,10,50,1000,0,6,-61.7054,49.347,7,37.4257,7,37.4257,1,1,4,114.661,36.4896
42,10,52,10,50,1000,0,7,80.8848,-108.281,9,9.28816,9,9.28816,1,1,3,114.638,12.2394
42,10,52,10,50,1000,0,8,16.3323,69.9051,6,44.7664,6,44.7664,1,1,3,114.639,46.7897
42,10,52,10,50,1000,0,9,1.43433,-21.0624,0,20.1629,0,20.1629,1,1,1,114.498,114.465
42,10,52,10,50,1000,0,10,11.4195,166.284,5,36.2889,5,36.2889,1,1,4,114.661,60.3648
42,10,52,10,50,1000,0,11,-32.6293,-39.0785,7,55.2562,7,55.2562,1,1,2,114.55,36.3785
42,10,52,10,50,1000,0,12,19.6182,-60.1768,3,25.5356,3,25.5356,1,1,2,114.551,81.3362
42,10,52,10,50,1000,0,13,44.0618,179.904,4,33.7755,4,33.7755,1,1,3,114.641,71.125
42,10,52,10,50,1000,0,14,2.87094,85.4477,5,51.5238,5,51.5238,1,1,3,114.641,60.3445
42,10,52,10,50,1000,0,15,-26.317,-104.894,8,10.759,8,10.759,1,1,3,114.642,25.1219
42,10,52,10,50,1000,0,16,-1.208,118.103,5,19.0095,5,19.0095,1,1,4,114.662,60.3654
42,10,52,10,50,1000,0,17,-13.8167,-51.6672,0,50.0059,0,50.0059,1,1,1,114.506,114.474
42,10,52,10,50,1000,0,18,-59.879,-96.7561,1,23.6439,1,23.6439,1,1,2,114.603,104.096
42,10,52,10,50,1000,0,19,-12.2803,-43.6252,0,43.3712,0,43.3712,1,1,1,114.508,114.476
42,10,52,10,50,1000,0,20,77.7036,127.98,4,14.6615,4,14.6615,1,1,3,114.643,71.1276
42,10,52,10,50,1000,0,21,-52.8812,-148.004,1,7.40583,1,7.40583,1,1,2,114.606,104.099
42,10,52,10,50,1000,0,22,-1.33649,-123.993,8,20.7593,8,20.7593,1,1,3,114.644,25.1238
42,10,52,10,50,1000,0,23,-38.1423,-150.008,1,16.6818,1,16.6818,1,1,2,114.608,104.1
42,10,52,10,50,1000,0,24,62.9562,106.584,4,11.945,4,11.945,1,1,2,114.609,71.0935
42,10,52,10,50,1000,0,25,4.4646,-31.2487,0,22.4244,0,22.4244,1,1,1,114.513,114.481
42,10,52,10,50,1000,0,26,46.4338,123.671,4,17.536,4,17.536,1,1,2,114.61,71.0944
42,10,52,10,50,1000,0,27,54.8364,-47.8959,3,17.3645,3,17.3645,1,1,2,114.611,81.3963
42,10,52,10,50,1000,0,28,-58.253,17.7964,7,35.8612,7,35.8612,1,1,3,114.644,36.4731
42,10,52,10,50,1000,0,29,-23.9958,69.2358,5,65.843,5,65.843,1,1,3,114.645,60.3484
42,10,52,10,50,1000,0,30,-38.378,79.3743,5,59.915,5,59.915,1,1,3,114.646,60.3489
42,10,52,10,50,1000,0,31,72.1707,100.828,4,15.1863,4,15.1863,1,1,3,114.646,71.1308
42,10,52,10,50,1000,0,32,8.73869,-63.292,3,35.6781,3,35.6781,1,1,2,114.614,81.4
42,10,52,10,50,1000,0,33,-65.4195,77.7193,2,29.1744,2,29.1744,1,1,3,114.647,92.8324
42,10,52,10,50,1000,0,34,9.97592,24.6003,0,40.2299,0,40.2299,1,1,1,114.52,114.488
42,10,52,10,50,1000,0,35,-72.9529,-4.6409,7,16.6594,7,16.6594,1,1,4,114.663,36.4914
42,10,52,10,50,1000,0,36,-13.7098,-71.6683,8,41.061,8,41.061,1,1,3,114.648,25.1283
42,10,52,10,50,1000,0,37,13.6778,149.907,5,26.099,5,26.099,1,1,4,114.663,60.3667
42,10,52,10,50,1000,0,38,-7.83057,131.071,5,4.70903,5,4.70903,1,1,4,114.664,60.3675
42,10,52,10,50,1000,0,39,89.9495,-69.7488,9,1.30421,9,1.30421,1,1,4,114.665,12.2657
42,10,52,10,50,1000,0,40,28.8274,8.82819,0,23.5318,0,23.5318,1,1,1,114.525,114.493
42,10,52,10,50,1000,0,41,39.5013,-29.4776,0,22.1755,0,22.1755,1,1,1,114.526,114.494
42,10,52,10,50,1000,0,42,-23.7506,8.67534,0,50.7761,0,50.7761,1,1,1,114.527,114.495
42,10,52,10,50,1000,0,43,51.3132,15.9928,6,22.4759,6,22.4759,1,1,2,114.621,46.7714
42,10,52,10,50,1000,0,44,-76.7641,-125.365,7,14.6141,7,14.6141,1,1,3,114.651,36.4801
42,10,52,10,50,1000,0,45,-47.3857,-50.2842,7,40.085,7,40.085,1,1,3,114.652,36.4808
42,10,52,10,50,1000,0,46,67.0045,-130.43,9,27.1761,9,27.1761,1,1,3,114.653,12.254
42,10,52,10,50,1000,0,47,-64.7281,-28.5135,7,23.4684,7,23.4684,1,1,4,114.665,36.494
42,10,52,10,50,1000,0,48,-6.86105,-80.2952,8,35.29,8,35.29,1,1,4,114.666,25.1461
42,10,52,10,50,1000,0,49,-65.3971,-173.77,1,24.0429,1,24.0429,1,1,2,114.625,104.118
42,11,53,10,50,1000,0,0,49.756,25.4478,3,32.0362,3,32.0362,1,1,2,114.158,77.88
42,11,53,10,50,1000,0,1,34.4419,-144.148,5,51.2386,5,51.2386,1,1,4,114.465,57.5655
42,11,53,10,50,1000,0,2,-71.0488,-59.2647,9,35.3474,9,35.3474,1,1,4,114.466,11.8126
42,11,53,10,50,1000,0,3,-83.7736,-77.1598,9,42.1317,9,42.1317,1,1,4,114.467,11.8136
42,11,53,10,50,1000,0,4,-31.7248,-167.507,5,116.495,5,116.495,1,1,4,114.467,57.5678
42,11,53,10,50,1000,0,5,10.3469,-71.4764,1,52.1252,1,52.1252,1,1,2,114.164,103.443
42,11,53,10,50,1000,0,6,73.5844,-152.305,5,11.3381,5,11.3381,1,1,3,114.214,57.3144
42,11,53,10,50,1000,0,7,44.5502,140.393,4,25.3052,4,25.3052,1,1,2,114.165,67.5947
42,11,53,10,50,1000,0,8,-43.9886,-51.1253,9,41.2524,9,41.2524,1,1,3,114.215,11.5617
42,11,53,10,50,1000,0,9,-0.0247498,150.12,4,32.6078,4,32.6078,1,1,2,114.167,67.5965
42,11,53,10,50,1000,0,10,-32.8768,-10.6107,9,26.6403,9,26.6403,1,1,3,114.216,11.5625
42,11,53,10,50,1000,0,11,83.2318,-160.905,5,1.51544,5,1.51544,1,1,3,114.216,57.3168
42,11,53,10,50,1000,0,12,-57.9575,-8.72137,9,10.8089,9,10.8089,1,1,3,114.217,11.5639
42,11,53,10,50,1000,0,13,67.2319,-86.1905,2,20.4963,2,20.4963,1,1,2,114.17,88.9854
42,11,53,10,50,1000,0,14,-12.152,-155.458,5,97.0966,5,97.0966,1,1,4,114.468,57.5684
42,11,53,10,50,1000,0,15,51.9418,-104.792,2,34.8834,2,34.8834,1,1,3,114.219,89.0342
42,11,53,10,50,1000,0,16,24.995,-7.23253,1,24.5279,1,24.5279,1,1,2,114.173,103.452
42,11,53,10,50,1000,0,17,-34.4699,87.8925,7,45.3578,7,45.3578,1,1,4,114.469,34.5621
42,11,53,10,50,1000,0,18,56.7514,-56.4871,2,35.1808,2,35.1808,1,1,3,114.221,89.0358
42,11,53,10,50,1000,0,19,-84.6337,-129.947,8,52.5588,8,52.5588,1,1,3,114.222,22.605
42,11,53,10,50,1000,0,20,-21.9969,31.4264,9,36.9597,9,36.9597,1,1,4,114.469,11.8162
42,11,53,10,50,1000,0,21,-10.7117,-76.8251,1,59.0249,1,59.0249,1,1,2,114.177,103.457
42,11,53,10,50,1000,0,22,29.5607,-112.323,2,57.0789,2,57.0789,1,1,3,114.224,89.0388
42,11,53,10,50,1000,0,23,-58.216,151.144,8,17.719,8,17.719,1,1,5,114.487,22.8707
42,11,53,10,50,1000,0,24,8.27584,63.5185,3,25.9802,3,25.9802,1,1,3,114.226,77.9482
42,11,53,10,50,1000,0,25,60.6321,130.798,0,25.379,0,25.379,1,1,1,114.112,114.078
42,11,53,10,50,1000,0,26,-63.5461,107.728,8,23.116,8,23.116,1,1,5,114.488,22.8716
42,11,53,10,50,1000,0,27,74.9465,-63.0071,2,14.3981,2,14.3981,1,1,2,114.182,88.9968
42,11,53,10,50,1000,0,28,-40.4968,104.357,7,44.1491,7,44.1491,1,1,4,114.471,34.5648
42,11,53,10,50,1000,0,29,15.4012,74.7023,6,27.023,6,27.023,1,1,3,114.228,47.0063
42,11,53,10,50,1000,0,30,64.4494,-45.314,2,28.2884,2,28.2884,1,1,2,114.185,88.9999
42,11,53,10,50,1000,0,31,74.9551,-1.11119,2,21.7383,2,21.7383,1,1,2,114.185,89.0005
42,11,53,10,50,1000,0,32,63.7267,-99.0295,2,23.2785,2,23.2785,1,1,2,114.186,89.0017
42,11,53,10,50,1000,0,33,-46.6094,60.9562,9,33.2355,9,33.2355,1,1,5,114.489,11.836
42,11,53,10,50,1000,0,34,12.2417,-82.4861,1,63.0773,1,63.0773,1,1,2,114.188,103.468
42,11,53,10,50,1000,0,35,55.5046,160.489,4,26.7015,4,26.7015,1,1,2,114.189,67.6188
42,11,53,10,50,1000,0,36,64.4702,-90.4141,2,23.0226,2,23.0226,1,1,2,114.19,89.0054
42,11,53,10,50,1000,0,37,-48.1678,8.06178,9,6.90719,9,6.90719,1,1,3,114.451,11.7976
42,11,53,10,50,1000,0,38,-11.3686,-32.7676,1,19.9582,1,19.9582,1,1,2,114.192,103.471
42,11,53,10,50,1000,0,39,-10.397,173.815,4,40.3159,4,40.3159,1,1,2,114.193,67.622
42,11,53,10,50,1000,0,40,-74.6246,-79.5298,9,42.9301,9,42.9301,1,1,4,114.473,11.8196
42,11,53,10,50,1000,0,41,62.3063,-96.3413,2,24.8515,2,24.8515,1,1,2,114.194,89.0096
42,11,53,10,50,1000,0,42,-75.901,94.5056,8,17.4982,8,17.4982,1,1,5,114.49,22.8737
42,11,53,10,50,1000,0,43,10.3258,-52.7957,1,33.8256,1,33.8256,1,1,2,114.196,103.476
42,11,53,10,50,1000,0,44,9.43113,-128.546,2,77.6599,2,77.6599,1,1,3,114.454,89.2691
42,11,53,10,50,1000,0,45,-79.0467,-32.2389,9,29.2128,9,29.2128,1,1,4,114.474,11.8209
42,11,53,10,50,1000,0,46,3.06993,171.817,4,26.7068,4,26.7068,1,1,2,114.198,67.6275
42,11,53,10,50,1000,0,47,73.325,-46.4067,2,17.9477,2,17.9477,1,1,2,114.199,89.0145
42,11,53,10,50,1000,0,48,-53.6063,-126.569,9,79.7802,9,79.7802,1,1,3,114.456,11.8024
42,11,53,10,50,1000,0,49,-82.7253,97.2707,8,14.9582,8,14.9582,1,1,5,114.491,22.8745
42,12,54,10,50,1000,0,0,-29.7296,127.826,0,22.7879,0,22.7879,1,1,1,124.02,123.995
42,12,54,10,50,1000,0,1,67.0308,163.419,3,17.034,3,17.034,1,1,3,124.114,84.6262
42,12,54,10,50,1000,0,2,-33.8738,103.792,0,3.74159,0,3.74159,1,1,1,124.023,123.999
42,12,54,10,50,1000,0,3,-49.6592,-16.4312,2,37.9568,2,37.9568,1,1,2,124.087,95.8375
42,12,54,10,50,1000,0,4,69.195,-63.3537,4,22.7465,4,22.7465,1,1,4,124.166,74.4168
42,12,54,10,50,1000,0,5,-64.379,-102.976,2,68.7187,2,68.7187,1,1,2,124.088,95.8387
42,12,54,10,50,1000,0,6,-70.9367,165.358,0,57.0051,0,57.0051,1,1,1,124.029,124.005
42,12,54,10,50,1000,0,7,85.0266,5.25864,4,2.36195,4,2.36195,1,1,4,124.167,74.4175
42,12,54,10,50,1000,0,8,-26.4838,156.511,0,48.506,0,48.506,1,1,1,124.032,124.008
42,12,54,10,50,1000,0,9,-15.9284,-67.416,2,27.9428,2,27.9428,1,1,2,124.089,95.8403
42,12,54,10,50,1000,0,10,-5.74625,-42.5476,2,11.4628,2,11.4628,1,1,3,124.116,95.8669
42,12,54,10,50,1000,0,11,-87.8819,-146.692,2,97.5938,2,97.5938,1,1,2,124.091,95.8416
42,12,54,10,50,1000,0,12,23.2264,-177.495,6,79.7332,6,79.7332,1,1,5,124.189,50.8716
42,12,54,10,50,1000,0,13,64.4327,-43.7384,4,24.1655,4,24.1655,1,1,4,124.168,74.4192
42,12,54,10,50,1000,0,14,38.9313,82.3579,8,7.92538,8,7.92538,1,1,3,124.118,23.3873
42,12,54,10,50,1000,0,15,-80.9255,-161.596,2,103.845,2,103.845,1,1,2,124.093,95.8443
42,12,54,10,50,1000,0,16,15.0917,152.211,1,63.6329,1,63.6329,1,1,2,124.094,108.215
42,12,54,10,50,1000,0,17,-89.0885,142.436,0,61.9146,0,61.9146,1,1,1,124.043,124.019
42,12,54,10,50,1000,0,18,38.0013,-97.4955,6,16.5803,6,16.5803,1,1,5,124.19,50.8725
42,12,54,10,50,1000,0,19,-26.9977,34.3927,0,58.882,0,58.882,1,1,1,124.045,124.021
42,12,54,10,50,1000,0,20,9.57541,-2.75323,2,44.0152,2,44.0152,1,1,3,124.146,95.8974
42,12,54,10,50,1000,0,21,55.7081,57.2775,9,11.2589,9,11.2589,1,1,4,124.17,12.6445
42,12,54,10,50,1000,0,22,-8.69769,101.47,0,21.9855,0,21.9855,1,1,1,124.048,124.024
42,12,54,10,50,1000,0,23,-58.7319,109.637,0,28.6415,0,28.6415,1,1,1,124.049,124.025
42,12,54,10,50,1000,0,24,38.9905,30.6793,9,33.5452,9,33.5452,1,1,5,124.191,12.6657
42,12,54,10,50,1000,0,25,-68.8895,-113.512,2,76.2135,2,76.2135,1,1,2,124.098,95.8485
42,12,54,10,50,1000,0,26,84.0658,-133.543,7,14.5011,7,14.5011,1,1,5,124.192,39.4274
42,12,54,10,50,1000,0,27,-40.1016,34.5844,0,55.3412,0,55.3412,1,1,1,124.053,124.029
42,12,54,10,50,1000,0,28,-65.5187,-131.338,2,85.6768,2,85.6768,1,1,2,124.099,95.85
42,12,54,10,50,1000,0,29,85.423,126.825,3,2.70818,3,2.70818,1,1,3,124.15,84.6626
42,12,54,10,50,1000,0,30,65.51,-171.005,4,52.9,4,52.9,1,1,4,124.172,74.4227
42,12,54,10,50,1000,0,31,72.6144,-18.7965,4,12.0962,4,12.0962,1,1,4,124.173,74.4235
42,12,54,10,50,1000,0,32,80.6028,147.052,3,2.6909,3,2.6909,1,1,3,124.153,84.6649
42,12,54,10,50,1000,0,33,-28.1803,57.2082,0,38.6397,0,38.6397,1,1,1,124.059,124.035
42,12,54,10,50,1000,0,34,-65.2219,69.644,0,40.5901,0,40.5901,1,1,1,124.06,124.036
42,12,54,10,50,1000,0,35,-44.1996,68.7071,0,29.3223,0,29.3223,1,1,1,124.061,124.036
42,12,54,10,50,1000,0,36,-56.5546,-156.983,6,101.056,6,101.056,1,1,3,124.154,50.8358
42,12,54,10,50,1000,0,37,-27.0077,49.4954,0,45.683,0,45.683,1,1,1,124.062,124.038
42,12,54,10,50,1000,0,38,62.2433,8.52071,4,20.5589,4,20.5589,1,1,3,124.154,74.4053
42,12,54,10,50,1000,0,39,-10.4337,22.4676,2,59.4333,2,59.4333,1,1,2,124.103,95.8542
42,12,54,10,50,1000,0,40,-70.4,21.3536,0,64.5792,0,64.5792,1,1,1,124.065,124.041
42,12,54,10,50,1000,0,41,44.478,-152.668,6,55.9967,6,55.9967,1,1,5,124.193,50.875
42,12,54,10,50,1000,0,42,33.9055,-171.247,6,71.6829,6,71.6829,1,1,5,124.194,50.8759
42,12,54,10,50,1000,0,43,30.958,116.773,1,31.1905,1,31.1905,1,1,2,124.105,108.226
42,12,54,10,50,1000,0,44,-61.2925,52.7621,0,45.6371,0,45.6371,1,1,1,124.07,124.046
42,12,54,10,50,1000,0,45,31.7994,-171.565,6,72.3336,6,72.3336,1,1,5,124.194,50.8766
42,12,54,10,50,1000,0,46,30.8786,28.8275,8,39.3078,8,39.3078,1,1,4,124.176,23.445
42,12,54,10,50,1000,0,47,-5.18071,42.9627,8,58.6242,8,58.6242,1,1,2,124.107,23.3766
42,12,54,10,50,1000,0,48,-2.0604,113.278,0,30.7797,0,30.7797,1,1,1,124.074,124.05
42,12,54,10,50,1000,0,49,-39.9145,45.4354,0,46.6633,0,46.6633,1,1,1,124.075,124.051
42,13,55,10,50,1000,0,0,76.4034,64.3724,8,14.4716,8,14.4716,1,1,3,142.183,24.0913
42,13,55,10,50,1000,0,1,-72.9153,124.413,9,2.65436,9,2.65436,1,1,3,142.184,11.6557
42,13,55,10,50,1000,0,2,11.6386,104.853,7,22.2119,7,22.2119,1,1,3,142.185,34.7315
42,13,55,10,50,1000,0,3,-7.50504,-116.089,3,24.0724,3,24.0724,1,1,2,142.094,103.884
42,13,55,10,50,1000,0,4,0.952293,60.0945,7,25.878,7,25.878,1,1,3,142.186,34.7324
42,13,55,10,50,1000,0,5,52.4268,71.5729,8,41.1973,8,41.1973,1,1,3,142.187,24.095
42,13,55,10,50,1000,0,6,66.1405,-29.8584,8,15.7796,8,15.7796,1,1,4,142.214,24.1219
42,13,55,10,50,1000,0,7,-38.8717,78.0545,7,39.4051,7,39.4051,1,1,3,142.188,34.7344
42,13,55,10,50,1000,0,8,6.97221,41.5707,1,18.8782,1,18.8782,1,1,2,142.098,131.486
42,13,55,10,50,1000,0,9,75.0049,-67.4042,8,14.5362,8,14.5362,1,1,4,142.215,24.1229
42,13,55,10,50,1000,0,10,43.7506,-33.8447,8,38.8858,8,38.8858,1,1,4,142.215,24.1234
42,13,55,10,50,1000,0,11,33.1193,100.898,7,36.2497,7,36.2497,1,1,3,142.191,34.7368
42,13,55,10,50,1000,0,12,38.9515,-114.112,4,17.6849,4,17.6849,1,1,3,142.191,93.7202
42,13,55,10,50,1000,0,13,3.42314,58.0182,7,28.1501,7,28.1501,1,1,3,142.192,34.7382
42,13,55,10,50,1000,0,14,30.8058,35.7833,1,9.34673,1,9.34673,1,1,2,142.15,131.538
42,13,55,10,50,1000,0,15,2.0405,34.4183,1,20.924,1,20.924,1,1,2,142.152,131.54
42,13,55,10,50,1000,0,16,-39.9222,38.2504,9,58.8771,9,58.8771,1,1,4,142.216,11.6876
42,13,55,10,50,1000,0,17,-10.5841,123.433,7,38.7435,7,38.7435,1,1,3,142.194,34.7398
42,13,55,10,50,1000,0,18,-18.4484,143.822,9,58.3543,9,58.3543,1,1,4,142.217,11.6882
42,13,55,10,50,1000,0,19,-86.3284,145.008,9,11.2023,9,11.2023,1,1,3,142.195,11.6669
42,13,55,10,50,1000,0,20,11.9581,112.197,7,28.7913,7,28.7913,1,1,3,142.196,34.742
42,13,55,10,50,1000,0,21,18.2903,-23.8027,5,30.119,5,30.119,1,1,3,142.197,73.5025
42,13,55,10,50,1000,0,22,-48.8308,138.837,9,27.3582,9,27.3582,1,1,5,142.234,11.7058
42,13,55,10,50,1000,0,23,-62.8741,96.2829,9,16.4928,9,16.4928,1,1,3,142.198,11.6696
42,13,55,10,50,1000,0,24,0.203934,-155.738,4,52.9159,4,52.9159,1,1,4,142.218,93.7465
42,13,55,10,50,1000,0,25,-75.5607,-92.0909,6,8.89057,6,8.89057,1,1,2,142.16,48.3817
42,13,55,10,50,1000,0,26,-4.79154,95.1172,7,10.2575,7,10.2575,1,1,3,142.199,34.7456
42,13,55,10,50,1000,0,27,-85.5966,-111.68,6,4.78665,6,4.78665,1,1,2,142.161,48.3833
42,13,55,10,50,1000,0,28,80.5025,15.6532,8,3.39402,8,3.39402,1,1,4,142.218,24.1263
42,13,55,10,50,1000,0,29,63.169,42.6166,8,22.4501,8,22.4501,1,1,3,142.201,24.1087
42,13,55,10,50,1000,0,30,-64.2818,-49.5809,6,19.7211,6,19.7211,1,1,2,142.163,48.3853
42,13,55,10,50,1000,0,31,-51.4826,-28.4079,6,35.3139,6,35.3139,1,1,2,142.164,48.3859
42,13,55,10,50,1000,0,32,84.3347,55.8666,8,9.2186,8,9.2186,1,1,4,142.219,24.1269
42,13,55,10,50,1000,0,33,-42.4876,-48.2274,5,40.5973,5,40.5973,1,1,2,142.165,73.471
42,13,55,10,50,1000,0,34,9.84417,-77.6318,5,33.3467,5,33.3467,1,1,3,142.202,73.5077
42,13,55,10,50,1000,0,35,-41.6098,-136.395,0,23.3246,0,23.3246,1,1,1,142.073,142.051
42,13,55,10,50,1000,0,36,-72.7175,133.361,9,3.45027,9,3.45027,1,1,3,142.203,11.6742
42,13,55,10,50,1000,0,37,9.90092,-63.0965,5,20.4634,5,20.4634,1,1,3,142.203,73.5091
42,13,55,10,50,1000,0,38,46.099,74.0536,1,42.797,1,42.797,1,1,2,142.168,131.556
42,13,55,10,50,1000,0,39,-73.4068,-87.3941,6,10.6227,6,10.6227,1,1,2,142.168,48.3903
42,13,55,10,50,1000,0,40,49.1576,-117.935,4,10.5351,4,10.5351,1,1,3,142.204,93.7327
42,13,55,10,50,1000,0,41,0.2575,-91.2679,3,34.625,3,34.625,1,1,2,142.17,103.959
42,13,55,10,50,1000,0,42,78.5912,9.3219,8,2.91479,8,2.91479,1,1,4,142.219,24.1275
42,13,55,10,50,1000,0,43,-11.474,138.187,7,53.1831,7,53.1831,1,1,3,142.205,34.7513
42,13,55,10,50,1000,0,44,-77.5125,-76.6099,6,5.95448,6,5.95448,1,1,2,142.171,48.3935
42,13,55,10,50,1000,0,45,0.401924,-103.588,3,31.0448,3,31.0448,1,1,2,142.172,103.962
42,13,55,10,50,1000,0,46,26.9046,77.8387,7,28.206,7,28.206,1,1,3,142.206,34.752
42,13,55,10,50,1000,0,47,24.0018,42.4787,1,10.9159,1,10.9159,1,1,2,142.173,131.561
42,13,55,10,50,1000,0,48,-23.1473,143.029,9,53.5379,9,53.5379,1,1,4,142.22,11.6917
42,13,55,10,50,1000,0,49,87.1256,153.394,8,18.9646,8,18.9646,1,1,4,142.221,24.1287
42,14,56,10,50,1000,0,0,-0.986343,174.423,6,87.2973,6,87.2973,1,1,5,120.692,49.2198
42,14,56,10,50,1000,0,1,-36.8786,-103.093,7,35.3169,7,35.3169,1,1,3,120.641,38.4945
42,14,56,10,50,1000,0,2,53.2691,-83.5496,8,31.3324,8,31.3324,1,1,5,120.693,25.9303
42,14,56,10,50,1000,0,3,-60.4718,-45.0428,2,22.5171,2,22.5171,1,1,2,120.552,98.3623
42,14,56,10,50,1000,0,4,17.1387,-8.77826,3,18.4657,3,18.4657,1,1,3,120.643,87.053
42,14,56,10,50,1000,0,5,-16.3414,53.0051,4,38.6238,4,38.6238,1,1,4,120.672,76.0901
42,14,56,10,50,1000,0,6,15.8186,121.534,4,43.4134,4,43.4134,1,1,4,120.673,76.0907
42,14,56,10,50,1000,0,7,-80.4925,133.107,0,44.7053,0,44.7053,1,1,1,120.505,120.479
42,14,56,10,50,1000,0,8,-57.6263,88.4366,4,72.6912,4,72.6912,1,1,2,120.555,75.9728
42,14,56,10,50,1000,0,9,-24.6805,93.2076,4,42.2742,4,42.2742,1,1,4,120.673,76.0915
42,14,56,10,50,1000,0,10,-7.4748,-50.5179,1,17.1456,1,17.1456,1,1,2,120.556,108.762
42,14,56,10,50,1000,0,11,52.4279,-36.8111,9,25.5199,9,25.5199,1,1,4,120.674,12.0473
42,14,56,10,50,1000,0,12,-50.4586,-78.9374,2,19.2826,2,19.2826,1,1,2,120.557,98.3674
42,14,56,10,50,1000,0,13,17.4761,123.725,4,45.4356,4,45.4356,1,1,4,120.675,76.0927
42,14,56,10,50,1000,0,14,5.66034,-46.1136,1,22.1489,1,22.1489,1,1,2,120.559,108.764
42,14,56,10,50,1000,0,15,-26.4269,-170.652,0,57.2681,0,57.2681,1,1,1,120.513,120.487
42,14,56,10,50,1000,0,16,-25.8455,53.3891,4,46.2592,4,46.2592,1,1,4,120.675,76.0933
42,14,56,10,50,1000,0,17,-46.8724,-125.153,0,34.3617,0,34.3617,1,1,1,120.514,120.489
42,14,56,10,50,1000,0,18,74.9198,-34.6883,5,23.2774,5,23.2774,1,1,4,120.676,64.3228
42,14,56,10,50,1000,0,19,4.9022,4.11696,3,30.4456,3,30.4456,1,1,3,120.648,87.0587
42,14,56,10,50,1000,0,20,68.2667,157.121,6,13.2886,6,13.2886,1,1,6,120.708,49.2363
42,14,56,10,50,1000,0,21,-61.439,-11.8294,2,36.2566,2,36.2566,1,1,2,120.561,98.3715
42,14,56,10,50,1000,0,22,49.3276,-103.863,8,29.3332,8,29.3332,1,1,5,120.694,25.9319
42,14,56,10,50,1000,0,23,-29.3611,163.403,4,96.4465,4,96.4465,1,1,3,120.65,76.0685
42,14,56,10,50,1000,0,24,82.2868,71.9167,6,9.88226,6,9.88226,1,1,5,120.695,49.2229
42,14,56,10,50,1000,0,25,38.3051,-30.3759,3,22.7176,3,22.7176,1,1,3,120.652,87.0622
42,14,56,10,50,1000,0,26,-79.3006,1.46603,0,24.6061,0,24.6061,1,1,1,120.523,120.498
42,14,56,10,50,1000,0,27,56.4065,-79.5184,8,34.9898,8,34.9898,1,1,5,120.696,25.9333
42,14,56,10,50,1000,0,28,51.2643,-32.2347,9,22.8152,9,22.8152,1,1,4,120.679,12.0526
42,14,56,10,50,1000,0,29,-67.8967,-66.1507,0,23.6392,0,23.6392,1,1,1,120.525,120.5
42,14,56,10,50,1000,0,30,50.8258,-8.64713,9,7.8521,9,7.8521,1,1,4,120.68,12.0531
42,14,56,10,50,1000,0,31,-28.4013,-130.039,7,33.8437,7,33.8437,1,1,2,120.621,38.474
42,14,56,10,50,1000,0,32,-67.629,29.4526,0,48.0122,0,48.0122,1,1,1,120.528,120.503
42,14,56,10,50,1000,0,33,-37.5961,-165.419,0,45.0366,0,45.0366,1,1,1,120.529,120.503
42,14,56,10,50,1000,0,34,87.3821,114.612,5,8.15101,5,8.15101,1,1,5,120.697,64.3437
42,14,56,10,50,1000,0,35,9.34921,131.298,4,53.7523,4,53.7523,1,1,4,120.681,76.0992
42,14,56,10,50,1000,0,36,45.8669,75.8205,4,31.6443,4,31.6443,1,1,4,120.682,76.1
42,14,56,10,50,1000,0,37,-30.2659,10.3889,1,44.7768,1,44.7768,1,1,2,120.624,108.829
42,14,56,10,50,1000,0,38,75.9788,60.746,6,15.1924,6,15.1924,1,1,5,120.697,49.2253
42,14,56,10,50,1000,0,39,-3.10423,136.531,4,62.1036,4,62.1036,1,1,4,120.683,76.1012
42,14,56,10,50,1000,0,40,-23.6687,-109.598,7,21.8126,7,21.8126,1,1,3,120.658,38.5117
42,14,56,10,50,1000,0,41,-36.9223,-25.9386,2,24.3899,2,24.3899,1,1,3,120.659,98.4691
42,14,56,10,50,1000,0,42,35.9339,-141.032,8,46.8259,8,46.8259,1,1,6,120.709,25.9467
42,14,56,10,50,1000,0,43,37.2715,-5.6035,3,3.60451,3,3.60451,1,1,3,120.661,87.071
42,14,56,10,50,1000,0,44,3.36685,118.75,4,43.0338,4,43.0338,1,1,4,120.684,76.1025
42,14,56,10,50,1000,0,45,54.1229,-71.6146,8,34.8449,8,34.8449,1,1,5,120.699,25.9364
42,14,56,10,50,1000,0,46,-34.9487,-128.557,7,38.2638,7,38.2638,1,1,2,120.63,38.4828
42,14,56,10,50,1000,0,47,-10.827,-25.1555,1,8.88918,1,8.88918,1,1,2,120.63,108.836
42,14,56,10,50,1000,0,48,40.4479,83.1539,4,26.8538,4,26.8538,1,1,4,120.686,76.1037
42,14,56,10,50,1000,0,49,-5.28703,75.6599,4,19.5402,4,19.5402,1,1,4,120.686,76.1043
42,15,57,10,50,1000,0,0,-77.9966,-76.2527,3,34.2572,3,34.2572,1,1,3,156.252,120.999
42,15,57,10,50,1000,0,1,-89.4926,-149.391,3,24.645,3,24.645,1,1,3,156.253,121
42,15,57,10,50,1000,0,2,-85.586,-88.9676,3,24.5447,3,24.5447,1,1,3,156.253,121.001
42,15,57,10,50,1000,0,3,-22.5451,24.7703,2,61.7229,2,61.7229,1,1,2,155.435,131.526
42,15,57,10,50,1000,0,4,34.9497,-75.135,1,19.473,1,19.473,1,1,2,155.436,145.206
42,15,57,10,50,1000,0,5,4.14062,37.9136,2,37.8429,2,37.8429,1,1,2,155.437,131.528
42,15,57,10,50,1000,0,6,57.2063,-88.8247,1,16.9725,1,16.9725,1,1,2,155.438,145.208
42,15,57,10,50,1000,0,7,59.7099,12.6802,8,5.7019,8,5.7019,1,1,2,155.438,36.2747
42,15,57,10,50,1000,0,8,56.7948,139.039,7,39.2995,7,39.2995,1,1,2,155.439,55.5992
42,15,57,10,50,1000,0,9,-31.4443,-108.276,9,26.9041,9,26.9041,1,1,5,156.307,21.8265
42,15,57,10,50,1000,0,10,-56.839,120.22,3,24.0565,3,24.0565,1,1,3,156.255,121.003
42,15,57,10,50,1000,0,11,-19.3185,9.05484,2,59.9155,2,59.9155,1,1,2,155.441,131.532
42,15,57,10,50,1000,0,12,44.7527,-45.7073,8,34.3651,8,34.3651,1,1,3,156.256,37.0923
42,15,57,10,50,1000,0,13,-56.8389,20.7878,3,38.5204,3,38.5204,1,1,3,156.257,121.004
42,15,57,10,50,1000,0,14,69.7512,54.7495,0,14.6889,0,14.6889,1,1,1,155.393,155.366
42,15,57,10,50,1000,0,15,41.9858,163.509,7,64.1295,7,64.1295,1,1,3,156.257,56.4173
42,15,57,10,50,1000,0,16,79.2484,84.9863,7,7.99743,7,7.99743,1,1,2,155.444,55.6043
42,15,57,10,50,1000,0,17,-82.9407,167.325,3,9.62652,3,9.62652,1,1,3,156.258,121.006
42,15,57,10,50,1000,0,18,88.0094,-30.9716,7,4.52515,7,4.52515,1,1,2,155.446,55.6057
42,15,57,10,50,1000,0,19,6.0475,65.9181,2,52.0384,2,52.0384,1,1,2,155.447,131.538
42,15,57,10,50,1000,0,20,36.9467,-159.624,1,47.5878,1,47.5878,1,1,2,156.208,145.978
42,15,57,10,50,1000,0,21,-38.0842,8.30588,3,64.8419,3,64.8419,1,1,3,156.259,121.007
42,15,57,10,50,1000,0,22,-34.2242,-136.749,9,34.0516,9,34.0516,1,1,5,156.308,21.8275
42,15,57,10,50,1000,0,23,-79.507,-134.859,3,42.1805,3,42.1805,1,1,3,156.261,121.009
42,15,57,10,50,1000,0,24,-88.8545,-41.9026,3,16.4376,3,16.4376,1,1,3,156.262,121.01
42,15,57,10,50,1000,0,25,-31.5676,-111.387,9,26.2893,9,26.2893,1,1,5,156.309,21.8283
42,15,57,10,50,1000,0,26,-50.8415,78.2278,3,31.2934,3,31.2934,1,1,3,156.264,121.012
42,15,57,10,50,1000,0,27,38.8339,167.822,7,69.632,7,69.632,1,1,3,156.265,56.4252
42,15,57,10,50,1000,0,28,-73.7397,143.99,3,11.0099,3,11.0099,1,1,3,156.266,121.014
42,15,57,10,50,1000,0,29,4.3051,172.023,6,39.7363,6,39.7363,1,1,4,156.297,67.4728
42,15,57,10,50,1000,0,30,9.36972,-87.4182,5,24.1385,5,24.1385,1,1,3,156.268,93.6985
42,15,57,10,50,1000,0,31,77.7659,-2.76385,0,4.81052,0,4.81052,1,1,1,155.409,155.382
42,15,57,10,50,1000,0,32,88.784,169.65,7,5.20366,7,5.20366,1,1,2,156.222,56.3814
42,15,57,10,50,1000,0,33,-7.71957,173.587,6,31.1523,6,31.1523,1,1,4,156.298,67.4735
42,15,57,10,50,1000,0,34,-20.6606,176.656,6,26.1228,6,26.1228,1,1,4,156.299,67.4743
42,15,57,10,50,1000,0,35,29.7525,-147.428,1,41.4715,1,41.4715,1,1,2,156.225,145.995
42,15,57,10,50,1000,0,36,-81.4839,163.337,3,9.46906,3,9.46906,1,1,3,156.271,121.018
42,15,57,10,50,1000,0,37,20.439,-51.4164,1,45.5155,1,45.5155,1,1,2,156.227,145.997
42,15,57,10,50,1000,0,38,-76.706,61.8641,3,9.2089,3,9.2089,1,1,3,156.272,121.019
42,15,57,10,50,1000,0,39,-3.13757,-151.121,9,34.3032,9,34.3032,1,1,4,156.299,21.8186
42,15,57,10,50,1000,0,40,-80.0193,110.59,3,1.07203,3,1.07203,1,1,3,156.273,121.021
42,15,57,10,50,1000,0,41,-41.254,-81.7216,4,21.7346,4,21.7346,1,1,3,156.275,109.482
42,15,57,10,50,1000,0,42,4.40876,175.16,6,41.6147,6,41.6147,1,1,3,156.275,67.4511
42,15,57,10,50,1000,0,43,-46.9496,41.3381,3,43.5155,3,43.5155,1,1,3,156.276,121.024
42,15,57,10,50,1000,0,44,69.575,94.711,7,18.5924,7,18.5924,1,1,2,156.234,56.3937
42,15,57,10,50,1000,0,45,16.6804,-22.1107,8,44.7713,8,44.7713,1,1,3,156.277,37.1134
42,15,57,10,50,1000,0,46,-86.3536,8.89279,3,12.7778,3,12.7778,1,1,3,156.278,121.026
42,15,57,10,50,1000,0,47,77.5627,-175.139,7,33.4941,7,33.4941,1,1,2,156.237,56.3969
42,15,57,10,50,1000,0,48,-0.728386,-40.3137,4,37.6983,4,37.6983,1,1,3,156.279,109.486
42,15,57,10,50,1000,0,49,89.2238,137.222,7,4.08131,7,4.08131,1,1,2,156.239,56.3988
42,16,58,10,50,1000,0,0,24.2142,-149.806,1,109.363,1,109.363,1,1,2,136.046,118.7
42,16,58,10,50,1000,0,1,-54.639,162.249,4,14.952,4,14.952,1,1,3,136.101,69.4482
42,16,58,10,50,1000,0,2,43.9822,-100.471,3,73.3683,3,73.3683,1,1,3,136.102,82.1094
42,16,58,10,50,1000,0,3,-75.9833,-88.8688,5,12.5651,5,12.5651,1,1,3,136.103,58.8457
42,16,58,10,50,1000,0,4,-40.8693,34.9095,6,35.5773,6,35.5773,1,1,6,136.172,46.2234
42,16,58,10,50,1000,0,5,-67.2697,-165.781,1,17.1379,1,17.1379,1,1,2,136.052,118.705
42,16,58,10,50,1000,0,6,6.23489,-123.349,1,96.1089,1,96.1089,1,1,2,136.053,118.707
42,16,58,10,50,1000,0,7,-75.1512,-113.892,1,12.898,1,12.898,1,1,2,136.055,118.708
42,16,58,10,50,1000,0,8,78.9071,177.796,0,32.2242,0,32.2242,1,1,1,135.973,135.947
42,16,58,10,50,1000,0,9,47.8187,-134.932,3,84.0937,3,84.0937,1,1,3,136.105,82.1126
42,16,58,10,50,1000,0,10,66.9105,100.758,3,24.8479,3,24.8479,1,1,2,136.057,82.0639
42,16,58,10,50,1000,0,11,-3.99981,-140.998,1,82.1545,1,82.1545,1,1,2,136.058,118.712
42,16,58,10,50,1000,0,12,-46.531,160.752,4,18.284,4,18.284,1,1,3,136.106,69.4534
42,16,58,10,50,1000,0,13,39.6983,81.4287,2,20.9329,2,20.9329,1,1,2,136.061,99.7419
42,16,58,10,50,1000,0,14,39.8667,134.697,0,18.3578,0,18.3578,1,1,1,135.983,135.957
42,16,58,10,50,1000,0,15,10.0952,-51.8381,6,67.8542,6,67.8542,1,1,4,136.145,46.1966
42,16,58,10,50,1000,0,16,82.4452,90.9122,3,15.0604,3,15.0604,1,1,2,136.063,82.0699
42,16,58,10,50,1000,0,17,-34.7947,72.8547,8,40.478,8,40.478,1,1,5,136.162,22.9964
42,16,58,10,50,1000,0,18,85.2208,-41.556,3,16.9816,3,16.9816,1,1,2,136.065,82.0719
42,16,58,10,50,1000,0,19,81.993,-91.297,3,26.3057,3,26.3057,1,1,2,136.066,82.0728
42,16,58,10,50,1000,0,20,86.6768,-150.553,3,32.6845,3,32.6845,1,1,2,136.067,82.0741
42,16,58,10,50,1000,0,21,-38.5388,5.82338,6,16.8897,6,16.8897,1,1,5,136.163,46.215
42,16,58,10,50,1000,0,22,-46.9511,-47.38,6,22.8148,6,22.8148,1,1,4,136.147,46.1985
42,16,58,10,50,1000,0,23,35.9657,-116.088,3,91.7813,3,91.7813,1,1,3,136.111,82.118
42,16,58,10,50,1000,0,24,-24.7919,-12.4311,6,22.6452,6,22.6452,1,1,5,136.164,46.2161
42,16,58,10,50,1000,0,25,-35.51,-95.7629,5,55.7888,5,55.7888,1,1,3,136.113,58.8558
42,16,58,10,50,1000,0,26,-45.8363,100.98,9,19.5307,9,19.5307,1,1,4,136.148,11.2205
42,16,58,10,50,1000,0,27,-28.3803,-4.73473,6,20.335,6,20.335,1,1,4,136.149,46.2006
42,16,58,10,50,1000,0,28,40.8661,-157.364,3,105.869,3,105.869,1,1,3,136.116,82.1233
42,16,58,10,50,1000,0,29,-51.653,-18.5344,6,5.23156,6,5.23156,1,1,4,136.15,46.2014
42,16,58,10,50,1000,0,30,78.6663,96.8843,3,16.5435,3,16.5435,1,1,2,136.077,82.0842
42,16,58,10,50,1000,0,31,54.8138,142.223,0,11.7596,0,11.7596,1,1,1,136.008,135.982
42,16,58,10,50,1000,0,32,3.89825,-139.962,1,90.2705,1,90.2705,1,1,2,136.078,118.731
42,16,58,10,50,1000,0,33,17.5388,-1.76192,7,47.9013,7,47.9013,1,1,4,136.15,35.788
42,16,58,10,50,1000,0,34,-0.758919,19.0636,7,21.8463,7,21.8463,1,1,5,136.166,35.8033
42,16,58,10,50,1000,0,35,43.4706,-8.16425,3,36.2935,3,36.2935,1,1,3,136.12,82.1267
42,16,58,10,50,1000,0,36,24.2551,-170.136,1,108.768,1,108.768,1,1,2,136.081,118.735
42,16,58,10,50,1000,0,37,88.8296,134.608,3,21.52,3,21.52,1,1,2,136.082,82.0892
42,16,58,10,50,1000,0,38,-18.7582,69.5906,7,31.4151,7,31.4151,1,1,3,136.12,35.758
42,16,58,10,50,1000,0,39,-80.74,92.8996,5,16.4558,5,16.4558,1,1,4,136.152,58.8943
42,16,58,10,50,1000,0,40,-61.4203,-52.5,5,26.0197,5,26.0197,1,1,3,136.122,58.8648
42,16,58,10,50,1000,0,41,88.5683,-34.5132,3,17.4486,3,17.4486,1,1,2,136.085,82.0923
42,16,58,10,50,1000,0,42,-65.7598,-59.624,5,21.7329,5,21.7329,1,1,3,136.123,58.8657
42,16,58,10,50,1000,0,43,70.3761,130.213,0,26.4192,0,26.4192,1,1,1,136.024,135.998
42,16,58,10,50,1000,0,44,-18.494,-142.554,1,67.3176,1,67.3176,1,1,2,136.087,118.74
42,16,58,10,50,1000,0,45,-34.1609,-59.6554,6,37.1474,6,37.1474,1,1,4,136.152,46.2042
42,16,58,10,50,1000,0,46,67.1652,-138.694,3,56.28,3,56.28,1,1,3,136.126,82.1327
42,16,58,10,50,1000,0,47,-48.7162,-37.8732,6,16.1278,6,16.1278,1,1,4,136.153,46.2049
42,16,58,10,50,1000,0,48,-49.3281,117.645,9,13.037,9,13.037,1,1,4,136.154,11.2264
42,16,58,10,50,1000,0,49,70.1824,79.826,3,15.9224,3,15.9224,1,1,3,136.136,82.1431
42,17,59,10,50,1000,0,0,-51.6879,-38.4627,3,11.5775,3,11.5775,1,1,3,142.328,82.7839
42,17,59,10,50,1000,0,1,73.3162,118.498,4,25.5066,4,25.5066,1,1,2,142.293,70.2344
42,17,59,10,50,1000,0,2,86.3866,-104.53,4,4.52787,4,4.52787,1,1,3,142.329,70.2703
42,17,59,10,50,1000,0,3,-36.5989,-15.9318,9,16.378,9,16.378,1,1,4,142.356,11.4026
42,17,59,10,50,1000,0,4,-22.2375,151.878,0,48.2694,0,48.2694,1,1,1,142.243,142.141
42,17,59,10,50,1000,0,5,-44.8625,1.13618,9,18.1122,9,18.1122,1,1,5,142.369,11.416
42,17,59,10,50,1000,0,6,49.5127,31.0094,4,42.4465,4,42.4465,1,1,3,142.331,70.2723
42,17,59,10,50,1000,0,7,66.2922,129.969,4,37.9876,4,37.9876,1,1,2,142.296,70.2376
42,17,59,10,50,1000,0,8,-73.7997,-128.508,5,27.2261,5,27.2261,1,1,4,142.357,59.1081
42,17,59,10,50,1000,0,9,-46.5169,-149.46,7,40.1949,7,40.1949,1,1,6,142.384,37.4775
42,17,59,10,50,1000,0,10,19.4847,-83.008,1,59.9205,1,59.9205,1,1,2,142.299,116.191
42,17,59,10,50,1000,0,11,18.4415,89.7468,0,92.1633,0,92.1633,1,1,1,142.25,142.148
42,17,59,10,50,1000,0,12,51.7915,-155.987,8,21.6912,8,21.6912,1,1,5,142.37,22.8002
42,17,59,10,50,1000,0,13,58.459,-14.4529,4,30.6153,4,30.6153,1,1,3,142.333,70.2748
42,17,59,10,50,1000,0,14,-70.0672,-116.681,5,30.4728,5,30.4728,1,1,4,142.359,59.1102
42,17,59,10,50,1000,0,15,82.5196,-63.5101,4,7.54204,4,7.54204,1,1,3,142.335,70.2761
42,17,59,10,50,1000,0,16,12.4282,131.672,0,79.7239,0,79.7239,1,1,1,142.255,142.153
42,17,59,10,50,1000,0,17,-62.506,17.6296,6,5.34716,6,5.34716,1,1,3,142.335,47.6988
42,17,59,10,50,1000,0,18,-76.4294,-18.2099,2,5.26967,2,5.26967,1,1,2,142.303,100.749
42,17,59,10,50,1000,0,19,-89.1511,-17.3338,5,4.33638,5,4.33638,1,1,3,142.336,59.0871
42,17,59,10,50,1000,0,20,-23.1662,-88.0272,1,35.9452,1,35.9452,1,1,2,142.305,116.197
42,17,59,10,50,1000,0,21,81.9012,-127.307,4,11.5333,4,11.5333,1,1,3,142.337,70.278
42,17,59,10,50,1000,0,22,61.4911,116.387,4,42.8186,4,42.8186,1,1,2,142.306,70.2474
42,17,59,10,50,1000,0,23,-88.6689,155.383,5,9.03136,5,9.03136,1,1,2,142.307,59.0577
42,17,59,10,50,1000,0,24,83.9393,-90.3716,4,6.98925,4,6.98925,1,1,3,142.338,70.2789
42,17,59,10,50,1000,0,25,-87.0389,26.8479,5,2.49844,5,2.49844,1,1,3,142.338,59.0894
42,17,59,10,50,1000,0,26,3.31017,42.8053,9,52.0086,9,52.0086,1,1,5,142.371,11.4183
42,17,59,10,50,1000,0,27,-31.7027,-69.7966,1,18.3904,1,18.3904,1,1,2,142.309,116.202
42,17,59,10,50,1000,0,28,33.4089,-126.487,8,31.9611,8,31.9611,1,1,5,142.372,22.8018
42,17,59,10,50,1000,0,29,47.8752,106.684,4,60.0865,4,60.0865,1,1,2,142.311,70.2519
42,17,59,10,50,1000,0,30,-31.5841,80.7896,0,46.676,0,46.676,1,1,1,142.267,142.165
42,17,59,10,50,1000,0,31,-68.4133,141.688,0,5.6266,0,5.6266,1,1,1,142.268,142.166
42,17,59,10,50,1000,0,32,16.2306,-81.8386,1,56.5365,1,56.5365,1,1,2,142.311,116.204
42,17,59,10,50,1000,0,33,-10.3411,59.6024,9,59.31,9,59.31,1,1,4,142.361,11.4082
42,17,59,10,50,1000,0,34,39.9757,-18.9843,4,49.1724,4,49.1724,1,1,3,142.341,70.2826
42,17,59,10,50,1000,0,35,-68.8657,-146.381,5,38.1231,5,38.1231,1,1,4,142.362,59.113
42,17,59,10,50,1000,0,36,36.4943,-153.929,8,10.1284,8,10.1284,1,1,5,142.376,22.8059
42,17,59,10,50,1000,0,37,-46.844,15.9707,6,18.5358,6,18.5358,1,1,4,142.363,47.7266
42,17,59,10,50,1000,0,38,71.2289,-91.0259,4,22.3308,4,22.3308,1,1,3,142.344,70.2853
42,17,59,10,50,1000,0,39,-4.32327,130.336,0,62.9244,0,62.9244,1,1,1,142.275,142.173
42,17,59,10,50,1000,0,40,-0.698753,-2.72423,9,26.1893,9,26.1893,1,1,3,142.345,11.3916
42,17,59,10,50,1000,0,41,-11.4078,-174.777,7,22.2457,7,22.2457,1,1,3,142.345,37.439
42,17,59,10,50,1000,0,42,-69.9595,93.7791,0,12.4977,0,12.4977,1,1,1,142.278,142.176
42,17,59,10,50,1000,0,43,-32.2869,106.899,0,37.2797,0,37.2797,1,1,1,142.278,142.176
42,17,59,10,50,1000,0,44,73.6459,-148.823,4,25.6393,4,25.6393,1,1,3,142.346,70.2877
42,17,59,10,50,1000,0,45,16.7912,-95.8764,7,61.2912,7,61.2912,1,1,3,142.347,37.4408
42,17,59,10,50,1000,0,46,55.9831,76.7559,4,42.5834,4,42.5834,1,1,2,142.319,70.2606
42,17,59,10,50,1000,0,47,-67.0941,-35.5726,2,14.2433,2,14.2433,1,1,3,142.349,100.794
42,17,59,10,50,1000,0,48,87.4586,25.1296,4,1.97378,4,1.97378,1,1,3,142.349,70.2907
42,17,59,10,50,1000,0,49,-77.9851,74.8688,5,12.3269,5,12.3269,1,1,3,142.35,59.1009
42,18,60,10,50,1000,0,0,-38.9928,-108.153,2,47.8616,2,47.8616,1,1,3,129.505,108.542
42,18,60,10,50,1000,0,1,-70.62,-108.828,2,16.1693,2,16.1693,1,1,3,129.506,108.543
42,18,60,10,50,1000,0,2,-51.8222,-112.855,2,35.1926,2,35.1926,1,1,3,129.507,108.544
42,18,60,10,50,1000,0,3,0.529305,55.5082,9,7.89447,9,7.89447,1,1,4,129.539,10.8152
42,18,60,10,50,1000,0,4,84.0036,-96.7961,0,3.47665,0,3.47665,1,1,1,129.415,129.39
42,18,60,10,50,1000,0,5,66.6076,162.721,8,22.3577,8,22.3577,1,1,3,129.508,21.8672
42,18,60,10,50,1000,0,6,-0.705124,-177.026,3,63.5564,3,63.5564,1,1,3,129.509,95.0665
42,18,60,10,50,1000,0,7,24.7767,5.2393,9,52.1801,9,52.1801,1,1,4,129.54,10.8158
42,18,60,10,50,1000,0,8,-48.058,-81.3553,2,39.2157,2,39.2157,1,1,3,129.51,108.548
42,18,60,10,50,1000,0,9,33.9118,11.9527,7,48.009,7,48.009,1,1,3,129.511,32.8224
42,18,60,10,50,1000,0,10,58.4527,80.5605,8,15.3736,8,15.3736,1,1,3,129.512,21.8707
42,18,60,10,50,1000,0,11,-51.7824,132.554,1,36.8829,1,36.8829,1,1,2,129.472,118.879
42,18,60,10,50,1000,0,12,-37.4884,-119.732,2,50.1273,2,50.1273,1,1,3,129.512,108.55
42,18,60,10,50,1000,0,13,-17.1479,-128.46,3,43.1255,3,43.1255,1,1,3,129.513,95.0707
42,18,60,10,50,1000,0,14,85.407,162.31,0,15.7037,0,15.7037,1,1,1,129.425,129.4
42,18,60,10,50,1000,0,15,54.2141,-87.1717,0,33.1536,0,33.1536,1,1,1,129.426,129.401
42,18,60,10,50,1000,0,16,-62.9213,147.188,5,31.5484,5,31.5484,1,1,3,129.514,58.887
42,18,60,10,50,1000,0,17,-7.99986,-49.487,4,68.7657,4,68.7657,1,1,4,129.541,78.0387
42,18,60,10,50,1000,0,18,-72.8337,165.059,5,23.18,5,23.18,1,1,3,129.515,58.8885
42,18,60,10,50,1000,0,19,-86.9894,-157.66,2,3.2517,2,3.2517,1,1,3,129.516,108.553
42,18,60,10,50,1000,0,20,-55.8686,139.236,1,36.84,1,36.84,1,1,2,129.477,118.885
42,18,60,10,50,1000,0,21,-87.4696,66.8526,5,3.84244,5,3.84244,1,1,4,129.541,58.9148
42,18,60,10,50,1000,0,22,71.1051,54.6143,7,14.5064,7,14.5064,1,1,2,129.479,32.7904
42,18,60,10,50,1000,0,23,-53.9541,-133.906,2,34.7595,2,34.7595,1,1,3,129.517,108.555
42,18,60,10,50,1000,0,24,76.6295,139.915,8,16.7399,8,16.7399,1,1,3,129.518,21.8771
42,18,60,10,50,1000,0,25,29.0234,90.1644,8,37.0335,8,37.0335,1,1,4,129.542,21.9011
42,18,60,10,50,1000,0,26,20.238,134.482,8,46.58,8,46.58,1,1,4,129.543,21.9017
42,18,60,10,50,1000,0,27,21.359,145.499,8,49.2316,8,49.2316,1,1,4,129.543,21.9024
42,18,60,10,50,1000,0,28,-82.6249,-171.578,2,7.87939,2,7.87939,1,1,3,129.52,108.558
42,18,60,10,50,1000,0,29,-81.4803,-174.436,2,9.35007,2,9.35007,1,1,3,129.525,108.562
42,18,60,10,50,1000,0,30,85.3663,125.467,7,12.9086,7,12.9086,1,1,2,129.485,32.7961
42,18,60,10,50,1000,0,31,-40.8037,-135.11,2,48.5612,2,48.5612,1,1,3,129.526,108.563
42,18,60,10,50,1000,0,32,46.3278,82.3928,8,23.4541,8,23.4541,1,1,3,129.527,21.8857
42,18,60,10,50,1000,0,33,-2.29855,126.988,8,67.0712,8,67.0712,1,1,3,129.528,21.8867
42,18,60,10,50,1000,0,34,33.7259,1.424,7,48.5937,7,48.5937,1,1,2,129.488,32.7996
42,18,60,10,50,1000,0,35,74.664,135.715,8,14.5508,8,14.5508,1,1,3,129.528,21.8874
42,18,60,10,50,1000,0,36,-19.6698,154.389,1,79.0373,1,79.0373,1,1,2,129.489,118.897
42,18,60,10,50,1000,0,37,11.2836,-77.1295,3,40.5623,3,40.5623,1,1,2,129.49,95.0478
42,18,60,10,50,1000,0,38,14.5016,94.659,9,37.541,9,37.541,1,1,4,129.544,10.8198
42,18,60,10,50,1000,0,39,-15.5177,2.26215,4,25.0159,4,25.0159,1,1,3,129.53,78.0277
42,18,60,10,50,1000,0,40,27.2872,-152.989,3,32.1126,3,32.1126,1,1,2,129.492,95.0501
42,18,60,10,50,1000,0,41,-43.7867,-84.9496,2,43.2957,2,43.2957,1,1,3,129.53,108.568
42,18,60,10,50,1000,0,42,80.7467,135.145,7,18.4235,7,18.4235,1,1,2,129.494,32.8052
42,18,60,10,50,1000,0,43,-59.7252,176.244,5,42.4945,5,42.4945,1,1,3,129.531,58.9046
42,18,60,10,50,1000,0,44,71.7834,-102.411,0,15.9033,0,15.9033,1,1,1,129.451,129.426
42,18,60,10,50,1000,0,45,-89.0961,134.299,5,7.03331,5,7.03331,1,1,4,129.545,58.9182
42,18,60,10,50,1000,0,46,-78.4718,-79.7997,2,8.57397,2,8.57397,1,1,3,129.532,108.57
42,18,60,10,50,1000,0,47,89.5947,115.712,0,5.77927,0,5.77927,1,1,1,129.454,129.429
42,18,60,10,50,1000,0,48,-88.7035,-5.40775,2,4.28716,2,4.28716,1,1,3,129.533,108.571
42,18,60,10,50,1000,0,49,31.3501,70.0448,9,26.1603,9,26.1603,1,1,6,129.571,10.8465
42,19,61,10,50,1000,0,0,64.6842,-178.354,6,19.8086,6,19.8086,1,1,2,143.116,58.414
42,19,61,10,50,1000,0,1,55.6931,26.2552,1,25.6266,1,25.6266,1,1,2,143.117,128.429
42,19,61,10,50,1000,0,2,79.7583,-120.841,6,2.84165,6,2.84165,1,1,3,143.172,58.4707
42,19,61,10,50,1000,0,3,-50.8855,126.69,8,50.6461,8,50.6461,1,1,5,143.313,26.2974
42,19,61,10,50,1000,0,4,10.3071,-161.993,0,63.6097,0,63.6097,1,1,1,143.046,143.02
42,19,61,10,50,1000,0,5,88.0781,-35.8434,3,4.64146,3,4.64146,1,1,4,143.282,99.7469
42,19,61,10,50,1000,0,6,-48.8766,155.322,8,62.1931,8,62.1931,1,1,5,143.314,26.2987
42,19,61,10,50,1000,0,7,73.0179,-114.735,6,8.69977,6,8.69977,1,1,2,143.122,58.4204
42,19,61,10,50,1000,0,8,-21.8556,144.911,8,94.5039,8,94.5039,1,1,5,143.316,26.2999
42,19,61,10,50,1000,0,9,-62.9331,175.017,8,47.0604,8,47.0604,1,1,5,143.317,26.3012
42,19,61,10,50,1000,0,10,6.74776,70.2972,4,24.6282,4,24.6282,1,1,3,143.177,88.9823
42,19,61,10,50,1000,0,11,-30.6989,-6.49362,8,56.3586,8,56.3586,1,1,5,143.318,26.3023
42,19,61,10,50,1000,0,12,56.671,-79.6164,9,16.4504,9,16.4504,1,1,2,143.126,14.9856
42,19,61,10,50,1000,0,13,-3.95206,125.09,4,79.3186,4,79.3186,1,1,4,143.286,89.0908
42,19,61,10,50,1000,0,14,63.5991,-101.638,0,6.73297,0,6.73297,1,1,1,143.06,143.033
42,19,61,10,50,1000,0,15,-60.0088,76.5667,8,28.571,8,28.571,1,1,4,143.287,26.2712
42,19,61,10,50,1000,0,16,-49.9959,171.369,8,65.8715,8,65.8715,1,1,6,143.345,26.3297
42,19,61,10,50,1000,0,17,-38.589,-120.475,5,77.4458,5,77.4458,1,1,2,143.131,74.9123
42,19,61,10,50,1000,0,18,-64.7363,1.05089,8,20.5859,8,20.5859,1,1,5,143.32,26.3041
42,19,61,10,50,1000,0,19,-86.8929,71.1415,8,4.43842,8,4.43842,1,1,4,143.29,26.274
42,19,61,10,50,1000,0,20,9.52877,-177.63,0,72.504,0,72.504,1,1,1,143.068,143.042
42,19,61,10,50,1000,0,21,-72.3509,101.304,8,19.2147,8,19.2147,1,1,5,143.321,26.3051
42,19,61,10,50,1000,0,22,78.8461,-178.666,6,7.74163,6,7.74163,1,1,2,143.134,58.4328
42,19,61,10,50,1000,0,23,83.2846,-66.0191,2,6.46536,2,6.46536,1,1,3,143.185,116.381
42,19,61,10,50,1000,0,24,73.1225,-139.297,6,6.90444,6,6.90444,1,1,2,143.136,58.4349
42,19,61,10,50,1000,0,25,-35.5011,-20.2596,8,54.08,8,54.08,1,1,5,143.328,26.3126
42,19,61,10,50,1000,0,26,55.5001,47.6001,1,29.7495,1,29.7495,1,1,2,143.139,128.45
42,19,61,10,50,1000,0,27,76.6234,44.3422,1,9.2405,1,9.2405,1,1,2,143.14,128.451
42,19,61,10,50,1000,0,28,73.9918,-34.6573,2,8.21577,2,8.21577,1,1,3,143.187,116.383
42,19,61,10,50,1000,0,29,-5.28402,95.1819,4,52.4043,4,52.4043,1,1,4,143.292,89.0972
42,19,61,10,50,1000,0,30,21.8522,49.4144,4,2.60648,4,2.60648,1,1,3,143.189,88.9943
42,19,61,10,50,1000,0,31,-4.12569,123.712,4,78.0816,4,78.0816,1,1,4,143.293,89.098
42,19,61,10,50,1000,0,32,20.3915,94.5706,4,43.2583,4,43.2583,1,1,4,143.294,89.0989
42,19,61,10,50,1000,0,33,-88.3814,91.3103,8,5.98879,8,5.98879,1,1,4,143.295,26.2797
42,19,61,10,50,1000,0,34,-42.1893,-170.549,8,98.4911,8,98.4911,1,1,2,143.147,26.1313
42,19,61,10,50,1000,0,35,-8.77407,114.679,4,71.5752,4,71.5752,1,1,4,143.296,89.101
42,19,61,10,50,1000,0,36,-84.0891,17.75,8,0.931325,8,0.931325,1,1,4,143.297,26.2812
42,19,61,10,50,1000,0,37,17.9917,169.514,7,63.1752,7,63.1752,1,1,4,143.298,36.8965
42,19,61,10,50,1000,0,38,9.54202,22.5526,4,27.0542,4,27.0542,1,1,3,143.259,89.0642
42,19,61,10,50,1000,0,39,-38.2525,-14.6711,8,50.0409,8,50.0409,1,1,5,143.329,26.3136
42,19,61,10,50,1000,0,40,31.6278,32.4928,4,19.0097,4,19.0097,1,1,3,143.262,89.067
42,19,61,10,50,1000,0,41,72.5347,-5.74408,1,7.2834,1,7.2834,1,1,2,143.154,128.465
42,19,61,10,50,1000,0,42,-49.9535,118.316,8,49.4148,8,49.4148,1,1,5,143.33,26.3147
42,19,61,10,50,1000,0,43,-70.7009,-131.923,8,37.105,8,37.105,1,1,3,143.265,26.249
42,19,61,10,50,1000,0,44,-48.1706,28.0301,8,35.9589,8,35.9589,1,1,4,143.3,26.2849
42,19,61,10,50,1000,0,45,71.6292,127.363,7,15.2909,7,15.2909,1,1,4,143.302,36.9005
42,19,61,10,50,1000,0,46,-51.2777,-44.9929,8,42.6771,8,42.6771,1,1,4,143.302,26.2868
42,19,61,10,50,1000,0,47,35.5378,118.228,7,55.388,7,55.388,1,1,4,143.303,36.902
42,19,61,10,50,1000,0,48,-65.2112,74.3128,8,22.7044,8,22.7044,1,1,4,143.304,26.2885
42,19,61,10,50,1000,0,49,14.7689,-34.8009,5,22.2159,5,22.2159,1,1,4,143.305,75.0865
42,20,62,10,50,1000,0,0,-12.6248,-70.7278,4,30.5559,4,30.5559,1,1,3,144.952,82.7192
42,20,62,10,50,1000,0,1,-88.8513,159.039,9,130.139,9,130.139,1,1,4,144.984,16.7349
42,20,62,10,50,1000,0,2,30.0234,-130.895,5,49.3896,5,49.3896,1,1,3,144.953,72.2356
42,20,62,10,50,1000,0,3,-13.6403,-165.304,5,26.5477,5,26.5477,1,1,3,144.954,72.2362
42,20,62,10,50,1000,0,4,25.3602,-50.3139,8,14.3846,8,14.3846,1,1,4,144.984,31.2453
42,20,62,10,50,1000,0,5,17.639,-57.4414,8,20.2798,8,20.2798,1,1,5,144.999,31.2598
42,20,62,10,50,1000,0,6,81.1313,-56.9115,6,42.3523,6,42.3523,1,1,3,144.961,61.6827
42,20,62,10,50,1000,0,7,-60.5849,-58.9581,4,56.1302,4,56.1302,1,1,3,144.961,82.7285
42,20,62,10,50,1000,0,8,1.60762,-173.315,5,9.35066,5,9.35066,1,1,3,144.962,72.244
42,20,62,10,50,1000,0,9,-72.2597,151.549,1,121.095,1,121.095,1,1,2,144.915,133.361
42,20,62,10,50,1000,0,10,-47.6956,54.226,9,64.3699,9,64.3699,1,1,3,144.963,16.7143
42,20,62,10,50,1000,0,11,76.5001,-152.223,8,63.7405,8,63.7405,1,1,5,145,31.2607
42,20,62,10,50,1000,0,12,-32.5743,-48.7168,7,36.2734,7,36.2734,1,1,4,144.986,47.2342
42,20,62,10,50,1000,0,13,5.16736,-169.364,5,10.0345,5,10.0345,1,1,3,144.965,72.2471
42,20,62,10,50,1000,0,14,36.3384,164.47,1,37.6248,1,37.6248,1,1,2,144.919,133.365
42,20,62,10,50,1000,0,15,1.05308,-132.573,2,25.0186,2,25.0186,1,1,2,144.92,113.867
42,20,62,10,50,1000,0,16,-43.129,4.4035,9,32.2826,9,32.2826,1,1,3,144.966,16.7171
42,20,62,10,50,1000,0,17,-76.767,153.789,1,125.923,1,125.923,1,1,2,144.922,133.368
42,20,62,10,50,1000,0,18,26.7545,-0.814545,0,29.9563,0,29.9563,1,1,1,144.873,144.842
42,20,62,10,50,1000,0,19,84.2426,-75.7706,6,46.0375,6,46.0375,1,1,3,144.966,61.6886
42,20,62,10,50,1000,0,20,64.4358,23.7632,6,16.9706,6,16.9706,1,1,2,144.924,61.6458
42,20,62,10,50,1000,0,21,23.394,111.134,1,20.9524,1,20.9524,1,1,2,144.924,133.37
42,20,62,10,50,1000,0,22,73.4258,105.618,3,10.3317,3,10.3317,1,1,3,144.967,103.022
42,20,62,10,50,1000,0,23,-63.912,-29.9331,9,53.6664,9,53.6664,1,1,5,145.001,16.7519
42,20,62,10,50,1000,0,24,56.1517,-92.3433,8,29.3658,8,29.3658,1,1,4,144.988,31.2487
42,20,62,10,50,1000,0,25,-29.1923,-163.088,2,40.1257,2,40.1257,1,1,2,144.928,113.874
42,20,62,10,50,1000,0,26,70.9413,-85.3843,8,36.5378,8,36.5378,1,1,4,144.989,31.2495
42,20,62,10,50,1000,0,27,-67.6554,-103.266,2,48.5316,2,48.5316,1,1,2,144.929,113.875
42,20,62,10,50,1000,0,28,22.9494,55.0238,0,23.4609,0,23.4609,1,1,1,144.881,144.85
42,20,62,10,50,1000,0,29,-46.3148,-61.4244,4,46.2758,4,46.2758,1,1,3,144.97,82.7377
42,20,62,10,50,1000,0,30,19.7468,89.4765,1,33.1955,1,33.1955,1,1,2,144.931,133.376
42,20,62,10,50,1000,0,31,-6.99863,133.236,1,53.3868,1,53.3868,1,1,2,144.931,133.377
42,20,62,10,50,1000,0,32,-43.06,12.4688,9,35.376,9,35.376,1,1,3,144.971,16.7225
42,20,62,10,50,1000,0,33,53.5122,147.389,1,22.6702,1,22.6702,1,1,2,144.933,133.378
42,20,62,10,50,1000,0,34,-84.1729,95.5097,9,99.0853,9,99.0853,1,1,4,144.991,16.7428
42,20,62,10,50,1000,0,35,-54.1908,140.526,1,101.027,1,101.027,1,1,2,144.934,133.38
42,20,62,10,50,1000,0,36,-30.3636,118.406,1,74.2991,1,74.2991,1,1,2,144.935,133.38
42,20,62,10,50,1000,0,37,35.83,-93.8755,8,28.2937,8,28.2937,1,1,4,144.992,31.2532
42,20,62,10,50,1000,0,38,22.0122,123.836,1,22.7945,1,22.7945,1,1,2,144.936,133.382
42,20,62,10,50,1000,0,39,28.0957,-23.6722,8,30.8947,8,30.8947,1,1,3,144.973,31.2343
42,20,62,10,50,1000,0,40,-74.2537,177.807,1,132.245,1,132.245,1,1,2,144.938,133.384
42,20,62,10,50,1000,0,41,-3.38007,173.375,1,71.4538,1,71.4538,1,1,2,144.939,133.385
42,20,62,10,50,1000,0,42,-43.7887,37.929,9,51.2203,9,51.2203,1,1,3,144.974,16.7255
42,20,62,10,50,1000,0,43,-54.9453,138.321,1,101.258,1,101.258,1,1,2,144.94,133.386
42,20,62,10,50,1000,0,44,-43.5236,-22.5203,7,32.9758,7,32.9758,1,1,4,144.993,47.2411
42,20,62,10,50,1000,0,45,-51.5515,132.446,1,96.8115,1,96.8115,1,1,2,144.942,133.387
42,20,62,10,50,1000,0,46,-56.5219,62.8997,9,73.1196,9,73.1196,1,1,3,144.976,16.7273
42,20,62,10,50,1000,0,47,42.8411,-19.1638,8,30.4566,8,30.4566,1,1,2,144.943,31.2041
42,20,62,10,50,1000,0,48,-52.3157,12.7066,9,43.2545,9,43.2545,1,1,3,144.977,16.7281
42,20,62,10,50,1000,0,49,-25.8874,-92.9771,4,13.1675,4,13.1675,1,1,3,144.977,82.7447
42,21,63,10,50,1000,0,0,-0.403336,37.0936,1,16.3765,1,16.3765,1,1,2,139.405,126.485
42,21,63,10,50,1000,0,1,37.5001,110.865,7,44.055,7,44.055,1,1,4,139.505,43.339
42,21,63,10,50,1000,0,2,-19.7159,41.243,1,29.4344,1,29.4344,1,1,2,139.408,126.488
42,21,63,10,50,1000,0,3,23.1424,-97.5772,0,78.9263,0,78.9263,1,1,1,139.341,139.313
42,21,63,10,50,1000,0,4,41.7299,60.543,3,30.7561,3,30.7561,1,1,3,139.459,95.7672
42,21,63,10,50,1000,0,5,-53.1146,-75.9254,9,62.8519,9,62.8519,1,1,4,139.506,12.2335
42,21,63,10,50,1000,0,6,30.8251,89.7927,5,35.251,5,35.251,1,1,3,139.461,64.7432
42,21,63,10,50,1000,0,7,77.6243,176.504,7,6.52178,7,6.52178,1,1,4,139.507,43.3408
42,21,63,10,50,1000,0,8,24.2768,52.6105,5,14.4645,5,14.4645,1,1,3,139.462,64.745
42,21,63,10,50,1000,0,9,8.48747,125.87,2,42.9523,2,42.9523,1,1,3,139.463,108.298
42,21,63,10,50,1000,0,10,-9.80113,-141.052,0,42.8514,0,42.8514,1,1,1,139.35,139.322
42,21,63,10,50,1000,0,11,2.23553,67.2218,5,12.2441,5,12.2441,1,1,3,139.464,64.7467
42,21,63,10,50,1000,0,12,59.0105,-21.5524,8,26.7488,8,26.7488,1,1,4,139.508,32.028
42,21,63,10,50,1000,0,13,17.0939,78.9739,5,20.6867,5,20.6867,1,1,3,139.466,64.7485
42,21,63,10,50,1000,0,14,-83.2324,76.5343,9,15.8166,9,15.8166,1,1,5,139.536,12.2638
42,21,63,10,50,1000,0,15,-25.7705,12.7286,9,49.7516,9,49.7516,1,1,3,139.468,12.1951
42,21,63,10,50,1000,0,16,-33.1861,-156.541,0,48.6995,0,48.6995,1,1,1,139.358,139.329
42,21,63,10,50,1000,0,17,-28.2031,74.1961,6,18.7887,6,18.7887,1,1,4,139.509,54.2639
42,21,63,10,50,1000,0,18,32.3511,169.879,7,46.5622,7,46.5622,1,1,4,139.51,43.3439
42,21,63,10,50,1000,0,19,78.3095,-31.8379,8,19.6356,8,19.6356,1,1,5,139.538,32.0578
42,21,63,10,50,1000,0,20,25.2109,-129.61,0,49.2434,0,49.2434,1,1,1,139.363,139.335
42,21,63,10,50,1000,0,21,36.1183,-67.928,3,70.2724,3,70.2724,1,1,2,139.423,95.7315
42,21,63,10,50,1000,0,22,70.0912,47.4854,8,4.20023,8,4.20023,1,1,5,139.54,32.0601
42,21,63,10,50,1000,0,23,-35.7119,8.73587,9,41.4539,9,41.4539,1,1,4,139.512,12.2398
42,21,63,10,50,1000,0,24,-39.952,125.551,2,12.9575,2,12.9575,1,1,3,139.473,108.308
42,21,63,10,50,1000,0,25,-22.6969,80.4936,6,23.9196,6,23.9196,1,1,4,139.513,54.2681
42,21,63,10,50,1000,0,26,82.2495,139.077,7,5.4499,7,5.4499,1,1,4,139.514,43.3481
42,21,63,10,50,1000,0,27,-16.1423,102.52,4,35.4707,4,35.4707,1,1,4,139.515,85.0715
42,21,63,10,50,1000,0,28,-31.2376,-178.097,0,41.5523,0,41.5523,1,1,1,139.371,139.343
42,21,63,10,50,1000,0,29,0.746964,-48.9399,3,75.5554,3,75.5554,1,1,3,139.477,95.7852
42,21,63,10,50,1000,0,30,39.2188,129.953,7,38.8246,7,38.8246,1,1,5,139.541,43.3747
42,21,63,10,50,1000,0,31,71.8943,-167.935,0,62.1381,0,62.1381,1,1,1,139.375,139.346
42,21,63,10,50,1000,0,32,76.7061,-92.6175,8,36.6091,8,36.6091,1,1,4,139.517,32.0374
42,21,63,10,50,1000,0,33,43.1307,38.1145,3,14.0578,3,14.0578,1,1,3,139.479,95.7877
42,21,63,10,50,1000,0,34,-51.3694,62.8804,6,11.654,6,11.654,1,1,5,139.542,54.2969
42,21,63,10,50,1000,0,35,-86.8617,127.683,9,24.4211,9,24.4211,1,1,5,139.545,12.2726
42,21,63,10,50,1000,0,36,56.635,78.5133,8,23.7817,8,23.7817,1,1,5,139.546,32.0665
42,21,63,10,50,1000,0,37,-60.1226,73.4523,9,13.5064,9,13.5064,1,1,6,139.565,12.2919
42,21,63,10,50,1000,0,38,-27.0007,-11.6691,9,58.5618,9,58.5618,1,1,3,139.484,12.2114
42,21,63,10,50,1000,0,39,-48.9059,46.0945,9,19.9978,9,19.9978,1,1,5,139.548,12.2757
42,21,63,10,50,1000,0,40,-33.059,36.7944,6,35.1766,6,35.1766,1,1,3,139.486,54.2403
42,21,63,10,50,1000,0,41,-26.7059,-81.619,9,97.6715,9,97.6715,1,1,2,139.441,12.1686
42,21,63,10,50,1000,0,42,-2.06417,94.3036,5,37.9118,5,37.9118,1,1,3,139.486,64.7691
42,21,63,10,50,1000,0,43,-79.5494,113.397,9,20.451,9,20.451,1,1,5,139.55,12.277
42,21,63,10,50,1000,0,44,48.1034,22.3951,3,9.52566,3,9.52566,1,1,3,139.494,95.8022
42,21,63,10,50,1000,0,45,-57.7717,-5.35571,9,27.008,9,27.008,1,1,5,139.551,12.278
42,21,63,10,50,1000,0,46,-13.826,-151.755,0,36.307,0,36.307,1,1,1,139.392,139.364
42,21,63,10,50,1000,0,47,3.35481,-54.2397,3,78.1766,3,78.1766,1,1,3,139.496,95.8038
42,21,63,10,50,1000,0,48,-32.1861,-87.0289,9,94.2368,9,94.2368,1,1,2,139.447,12.174
42,21,63,10,50,1000,0,49,81.9374,12.8889,8,12.624,8,12.624,1,1,5,139.552,32.0721
42,22,64,10,50,1000,0,0,14.1056,151.452,4,14.2844,4,14.2844,1,1,3,151.529,79.3377
42,22,64,10,50,1000,0,1,76.2757,67.9794,1,37.2156,1,37.2156,1,1,2,151.493,133.93
42,22,64,10,50,1000,0,2,-65.5662,-140.628,2,21.7465,2,21.7465,1,1,2,151.494,119.646
42,22,64,10,50,1000,0,3,62.9887,-20.6289,8,52.5995,8,52.5995,1,1,5,151.573,24.123
42,22,64,10,50,1000,0,4,61.801,-1.478,8,59.2968,8,59.2968,1,1,5,151.574,24.1238
42,22,64,10,50,1000,0,5,-28.4192,-85.272,9,14.8655,9,14.8655,1,1,4,151.553,13.3927
42,22,64,10,50,1000,0,6,-15.3254,-110.664,2,38.4591,2,38.4591,1,1,2,151.497,119.648
42,22,64,10,50,1000,0,7,-48.5361,61.7086,0,83.2963,0,83.2963,1,1,1,151.447,151.423
42,22,64,10,50,1000,0,8,-35.5129,112.384,0,40.726,0,40.726,1,1,1,151.448,151.424
42,22,64,10,50,1000,0,9,4.97277,117.863,3,14.129,3,14.129,1,1,2,151.497,92.8339
42,22,64,10,50,1000,0,10,36.5874,-142.74,6,54.2099,6,54.2099,1,1,5,151.574,51.6457
42,22,64,10,50,1000,0,11,-61.7012,-52.5509,9,31.6738,9,31.6738,1,1,4,151.555,13.3939
42,22,64,10,50,1000,0,12,-21.3149,29.7073,7,70.8371,7,70.8371,1,1,4,151.555,38.5342
42,22,64,10,50,1000,0,13,41.6949,166.675,1,21.4125,1,21.4125,1,1,2,151.5,133.937
42,22,64,10,50,1000,0,14,81.2269,-160.578,6,71.8011,6,71.8011,1,1,4,151.556,51.627
42,22,64,10,50,1000,0,15,-40.9495,10.6649,7,55.9072,7,55.9072,1,1,4,151.556,38.5354
42,22,64,10,50,1000,0,16,85.437,-109.348,6,60.5491,6,60.5491,1,1,4,151.56,51.6313
42,22,64,10,50,1000,0,17,-50.6778,-140.258,2,6.85793,2,6.85793,1,1,2,151.503,119.655
42,22,64,10,50,1000,0,18,-34.9878,-155.378,2,14.5822,2,14.5822,1,1,2,151.504,119.655
42,22,64,10,50,1000,0,19,9.55637,-126.374,6,47.4946,6,47.4946,1,1,4,151.561,51.6321
42,22,64,10,50,1000,0,20,11.5719,142.274,4,7.27712,4,7.27712,1,1,3,151.536,79.345
42,22,64,10,50,1000,0,21,-15.8228,172.493,0,20.9606,0,20.9606,1,1,1,151.459,151.434
42,22,64,10,50,1000,0,22,-74.1948,51.2821,9,83.4452,9,83.4452,1,1,3,151.537,13.3761
42,22,64,10,50,1000,0,23,27.1007,-39.4153,8,14.443,8,14.443,1,1,5,151.575,24.1252
42,22,64,10,50,1000,0,24,-8.16697,-115.853,2,41.9101,2,41.9101,1,1,2,151.507,119.658
42,22,64,10,50,1000,0,25,-50.776,-123.159,2,13.5828,2,13.5828,1,1,2,151.507,119.659
42,22,64,10,50,1000,0,26,-39.2965,-44.9544,9,20.5409,9,20.5409,1,1,5,151.576,13.4151
42,22,64,10,50,1000,0,27,2.14493,58.7771,3,69.851,3,69.851,1,1,2,151.509,92.8455
42,22,64,10,50,1000,0,28,82.3764,-92.3202,6,55.703,6,55.703,1,1,4,151.563,51.6341
42,22,64,10,50,1000,0,29,22.7259,147.207,4,19.3157,4,19.3157,1,1,3,151.54,79.3485
42,22,64,10,50,1000,0,30,-36.4491,143.553,0,22.9713,0,22.9713,1,1,1,151.467,151.442
42,22,64,10,50,1000,0,31,-11.0642,-82.0243,9,24.3763,9,24.3763,1,1,4,151.563,13.4027
42,22,64,10,50,1000,0,32,-72.8975,56.5159,9,86.5352,9,86.5352,1,1,2,151.512,13.3513
42,22,64,10,50,1000,0,33,-21.1413,-35.7706,7,11.0391,7,11.0391,1,1,4,151.564,38.543
42,22,64,10,50,1000,0,34,40.5688,156.83,1,23.5893,1,23.5893,1,1,2,151.513,133.95
42,22,64,10,50,1000,0,35,8.92793,-75.7186,5,14.9412,5,14.9412,1,1,4,151.565,69.0427
42,22,64,10,50,1000,0,36,59.5522,166.21,1,3.66174,1,3.66174,1,1,2,151.515,133.952
42,22,64,10,50,1000,0,37,-41.6129,150.715,0,27.176,0,27.176,1,1,1,151.473,151.448
42,22,64,10,50,1000,0,38,18.7462,150.976,4,17.4377,4,17.4377,1,1,3,151.543,79.3515
42,22,64,10,50,1000,0,39,-34.3502,-158.842,2,17.1882,2,17.1882,1,1,2,151.516,119.668
42,22,64,10,50,1000,0,40,-72.4388,9.7476,9,62.7675,9,62.7675,1,1,4,151.565,13.4048
42,22,64,10,50,1000,0,41,-51.0004,-43.4706,9,26.7431,9,26.7431,1,1,4,151.566,13.4053
42,22,64,10,50,1000,0,42,72.3966,82.2891,1,33.8466,1,33.8466,1,1,2,151.518,133.955
42,22,64,10,50,1000,0,43,-82.3468,129.546,0,69.3644,0,69.3644,1,1,1,151.478,151.453
42,22,64,10,50,1000,0,44,84.9844,60.7582,1,36.7792,1,36.7792,1,1,2,151.519,133.956
42,22,64,10,50,1000,0,45,48.3763,-82.9294,6,21.3747,6,21.3747,1,1,5,151.577,51.6479
42,22,64,10,50,1000,0,46,12.1554,-105.376,6,28.2942,6,28.2942,1,1,5,151.577,51.6487
42,22,64,10,50,1000,0,47,7.52313,58.5159,3,68.7891,3,68.7891,1,1,2,151.521,92.8575
42,22,64,10,50,1000,0,48,65.5701,152.764,1,7.13314,1,7.13314,1,1,2,151.522,133.958
42,22,64,10,50,1000,0,49,-78.6273,32.2778,9,73.9654,9,73.9654,1,1,4,151.568,13.407
42,23,65,10,50,1000,0,0,27.0233,-98.7449,2,33.3186,2,33.3186,1,1,2,137.376,110.291
42,23,65,10,50,1000,0,1,-67.0162,-158.657,3,62.4523,3,62.4523,1,1,2,137.377,97.3133
42,23,65,10,50,1000,0,2,65.9028,32.4463,1,62.0682,1,62.0682,1,1,2,137.378,122.041
42,23,65,10,50,1000,0,3,10.6174,-129.977,3,21.2871,3,21.2871,1,1,3,137.419,97.3548
42,23,65,10,50,1000,0,4,78.7877,111.237,4,28.9696,4,28.9696,1,1,3,137.42,86.1361
42,23,65,10,50,1000,0,5,-7.41453,-102.132,3,23.2577,3,23.2577,1,1,2,137.38,97.316
42,23,65,10,50,1000,0,6,-64.6124,-139.761,0,54.5142,0,54.5142,1,1,1,137.318,137.282
42,23,65,10,50,1000,0,7,-89.2616,119.411,9,2.7226,9,2.7226,1,1,2,137.381,12.351
42,23,65,10,50,1000,0,8,-10.3544,-18.9095,7,38.7589,7,38.7589,1,1,2,137.381,36.7244
42,23,65,10,50,1000,0,9,86.9565,-81.9487,8,44.0626,8,44.0626,1,1,4,137.45,25.4865
42,23,65,10,50,1000,0,10,-13.7138,24.7314,0,80.4195,0,80.4195,1,1,1,137.323,137.287
42,23,65,10,50,1000,0,11,-42.5316,171.545,9,44.5453,9,44.5453,1,1,4,137.451,12.4217
42,23,65,10,50,1000,0,12,-18.1861,64.8653,1,59.8448,1,59.8448,1,1,2,137.383,122.047
42,23,65,10,50,1000,0,13,-33.4019,-121.474,3,23.5076,3,23.5076,1,1,2,137.384,97.3207
42,23,65,10,50,1000,0,14,56.2804,-60.9476,2,21.9623,2,21.9623,1,1,2,137.385,110.301
42,23,65,10,50,1000,0,15,-65.7422,-13.3927,0,38.4724,0,38.4724,1,1,1,137.33,137.294
42,23,65,10,50,1000,0,16,10.1537,-85.5168,2,33.1832,2,33.1832,1,1,2,137.386,110.301
42,23,65,10,50,1000,0,17,3.97534,-27.8869,7,35.7873,7,35.7873,1,1,3,137.422,36.7651
42,23,65,10,50,1000,0,18,63.4647,-150.814,8,19.1482,8,19.1482,1,1,3,137.423,25.4588
42,23,65,10,50,1000,0,19,11.068,104.505,6,14.2488,6,14.2488,1,1,3,137.424,57.5369
42,23,65,10,50,1000,0,20,70.2111,-172.693,8,30.9044,8,30.9044,1,1,3,137.425,25.461
42,23,65,10,50,1000,0,21,-88.8136,-168.803,9,12.2861,9,12.2861,1,1,2,137.39,12.3604
42,23,65,10,50,1000,0,22,-66.2272,-176.15,3,68.73,3,68.73,1,1,2,137.391,97.3271
42,23,65,10,50,1000,0,23,65.3044,26.8367,2,64.5688,2,64.5688,1,1,3,137.426,110.341
42,23,65,10,50,1000,0,24,-7.52991,124.522,6,17.9217,6,17.9217,1,1,3,137.427,57.5394
42,23,65,10,50,1000,0,25,62.444,137.513,4,16.7961,4,16.7961,1,1,3,137.428,86.1441
42,23,65,10,50,1000,0,26,-15.3734,-140.175,3,15.2216,3,15.2216,1,1,2,137.394,97.3303
42,23,65,10,50,1000,0,27,64.5288,112.881,4,28.0295,4,28.0295,1,1,3,137.428,86.1448
42,23,65,10,50,1000,0,28,52.3451,-117.746,8,10.579,8,10.579,1,1,3,137.429,25.465
42,23,65,10,50,1000,0,29,85.7037,37.2509,4,48.1107,4,48.1107,1,1,3,137.43,86.1465
42,23,65,10,50,1000,0,30,0.653084,-140.077,3,18.1303,3,18.1303,1,1,3,137.431,97.3673
42,23,65,10,50,1000,0,31,-78.0709,-158.386,9,43.3993,9,43.3993,1,1,2,137.398,12.368
42,23,65,10,50,1000,0,32,-22.7969,31.8088,0,80.6443,0,80.6443,1,1,1,137.348,137.312
42,23,65,10,50,1000,0,33,-3.13668,-98.6643,3,27.5711,3,27.5711,1,1,2,137.398,97.3348
42,23,65,10,50,1000,0,34,30.4972,-164.137,8,29.9973,8,29.9973,1,1,4,137.452,25.488
42,23,65,10,50,1000,0,35,-87.0797,21.4165,9,7.57937,9,7.57937,1,1,2,137.4,12.3706
42,23,65,10,50,1000,0,36,-78.4152,-171.787,9,44.0293,9,44.0293,1,1,2,137.401,12.3713
42,23,65,10,50,1000,0,37,16.307,-109.285,3,31.0547,3,31.0547,1,1,3,137.432,97.3688
42,23,65,10,50,1000,0,38,-83.9684,-16.7772,9,14.9145,9,14.9145,1,1,2,137.402,12.3729
42,23,65,10,50,1000,0,39,48.7759,-2.99661,2,45.7174,2,45.7174,1,1,3,137.433,110.349
42,23,65,10,50,1000,0,40,-36.1277,42.4398,9,79.2191,9,79.2191,1,1,2,137.404,12.3745
42,23,65,10,50,1000,0,41,-22.742,76.9977,6,52.6383,6,52.6383,1,1,3,137.434,57.5469
42,23,65,10,50,1000,0,42,41.1324,-96.4264,8,26.4472,8,26.4472,1,1,3,137.435,25.4708
42,23,65,10,50,1000,0,43,4.93939,6.95483,7,68.0482,7,68.0482,1,1,3,137.436,36.7788
42,23,65,10,50,1000,0,44,-17.0863,1.28621,7,57.344,7,57.344,1,1,2,137.407,36.7503
42,23,65,10,50,1000,0,45,-67.8971,147.134,9,19.8041,9,19.8041,1,1,5,137.469,12.4389
42,23,65,10,50,1000,0,46,20.6046,-111.936,8,31.7111,8,31.7111,1,1,4,137.454,25.4897
42,23,65,10,50,1000,0,47,84.3736,175.616,4,25.0265,4,25.0265,1,1,3,137.438,86.1547
42,23,65,10,50,1000,0,48,49.9363,-17.5263,2,35.7911,2,35.7911,1,1,3,137.439,110.354
42,23,65,10,50,1000,0,49,-51.5244,-19.1329,0,31.1397,0,31.1397,1,1,1,137.365,137.329
42,24,66,10,50,1000,0,0,38.7272,6.43269,4,18.8732,4,18.8732,1,1,3,130.77,73.9668
42,24,66,10,50,1000,0,1,57.5121,-28.1598,6,23.6076,6,23.6076,1,1,6,135.825,56.8932
42,24,66,10,50,1000,0,2,-75.3031,20.1271,5,9.04389,5,9.04389,1,1,2,130.74,62.7373
42,24,66,10,50,1000,0,3,46.5368,114.505,8,34.4478,8,34.4478,1,1,4,135.793,27.0249
42,24,66,10,50,1000,0,4,2.45468,39.8367,4,28.8825,4,28.8825,1,1,3,130.772,73.9687
42,24,66,10,50,1000,0,5,10.0418,52.8755,4,34.5564,4,34.5564,1,1,2,130.742,73.9387
42,24,66,10,50,1000,0,6,-26.3962,-177.005,1,37.2239,1,37.2239,1,1,2,130.742,118.391
42,24,66,10,50,1000,0,7,45.0569,171.007,8,36.6919,8,36.6919,1,1,4,135.794,27.0259
42,24,66,10,50,1000,0,8,-79.8646,-162.226,5,49.6516,5,49.6516,1,1,3,130.773,62.7704
42,24,66,10,50,1000,0,9,-14.8178,67.5455,0,53.3776,0,53.3776,1,1,1,130.694,130.666
42,24,66,10,50,1000,0,10,18.7285,2.90811,4,16.3933,4,16.3933,1,1,3,135.727,78.924
42,24,66,10,50,1000,0,11,-29.4849,18.2026,3,33.3193,3,33.3193,1,1,2,130.745,86.0243
42,24,66,10,50,1000,0,12,69.176,-94.0102,7,6.75767,7,6.75767,1,1,5,135.814,42.1428
42,24,66,10,50,1000,0,13,61.0714,116.036,8,19.6597,8,19.6597,1,1,4,135.796,27.028
42,24,66,10,50,1000,0,14,-66.7199,13.8375,5,15.1347,5,15.1347,1,1,2,130.747,62.744
42,24,66,10,50,1000,0,15,80.5406,124.015,8,3.41499,8,3.41499,1,1,4,135.797,27.0286
42,24,66,10,50,1000,0,16,-79.8649,96.1053,5,11.5078,5,11.5078,1,1,2,130.748,62.7451
42,24,66,10,50,1000,0,17,-42.0726,-130.336,1,35.3599,1,35.3599,1,1,2,130.749,118.397
42,24,66,10,50,1000,0,18,-31.8838,-171.072,1,35.3623,1,35.3623,1,1,2,130.749,118.397
42,24,66,10,50,1000,0,19,82.0846,121.142,8,4.5689,8,4.5689,1,1,4,135.798,27.0294
42,24,66,10,50,1000,0,20,24.3825,4.25281,4,14.1144,4,14.1144,1,1,3,135.746,78.9427
42,24,66,10,50,1000,0,21,-2.99139,175.973,8,86.4672,8,86.4672,1,1,2,130.751,21.9832
42,24,66,10,50,1000,0,22,3.62374,-95.869,1,48.4039,1,48.4039,1,1,2,130.752,118.4
42,24,66,10,50,1000,0,23,83.4897,27.5182,6,10.5857,6,10.5857,1,1,5,135.816,56.8838
42,24,66,10,50,1000,0,24,-39.0473,-42.6562,3,17.6752,3,17.6752,1,1,2,130.753,86.0327
42,24,66,10,50,1000,0,25,-42.4681,139.362,0,38.4394,0,38.4394,1,1,1,130.709,130.682
42,24,66,10,50,1000,0,26,70.1259,36.094,6,22.9492,6,22.9492,1,1,4,135.799,56.867
42,24,66,10,50,1000,0,27,-11.2175,98.6039,0,55.4978,0,55.4978,1,1,1,130.711,130.684
42,24,66,10,50,1000,0,28,61.0419,-80.2922,7,11.5591,7,11.5591,1,1,5,135.817,42.1461
42,24,66,10,50,1000,0,29,17.32,168.644,8,64.3175,8,64.3175,1,1,2,130.756,21.9873
42,24,66,10,50,1000,0,30,56.7726,15.7212,6,32.278,6,32.278,1,1,4,135.801,56.8685
42,24,66,10,50,1000,0,31,56.3292,133.815,8,22.6597,8,22.6597,1,1,4,135.801,27.0331
42,24,66,10,50,1000,0,32,-34.0867,-151.487,1,26.8044,1,26.8044,1,1,2,130.757,118.406
42,24,66,10,50,1000,0,33,-88.2603,48.0589,5,14.557,5,14.557,1,1,2,130.758,62.7553
42,24,66,10,50,1000,0,34,-71.2792,167.649,0,29.6987,0,29.6987,1,1,1,130.717,130.69
42,24,66,10,50,1000,0,35,-5.39969,86.2067,0,60.6246,0,60.6246,1,1,1,130.718,130.691
42,24,66,10,50,1000,0,36,-4.0493,163.218,8,84.8217,8,84.8217,1,1,2,130.759,21.9906
42,24,66,10,50,1000,0,37,41.0897,179.149,8,42.4039,8,42.4039,1,1,4,135.802,27.0341
42,24,66,10,50,1000,0,38,-56.3256,69.1587,0,13.0783,0,13.0783,1,1,1,130.721,130.693
42,24,66,10,50,1000,0,39,13.3335,-10.7458,4,30.6428,4,30.6428,1,1,3,135.76,78.9566
42,24,66,10,50,1000,0,40,-76.7488,121.731,0,15.3459,0,15.3459,1,1,1,130.722,130.695
42,24,66,10,50,1000,0,41,-25.6917,166.754,0,68.4328,0,68.4328,1,1,1,130.723,130.696
42,24,66,10,50,1000,0,42,-11.0876,106.182,0,56.8651,0,56.8651,1,1,1,130.724,130.697
42,24,66,10,50,1000,0,43,42.6791,-80.0913,7,29.8789,7,29.8789,1,1,5,135.818,42.147
42,24,66,10,50,1000,0,44,-77.0553,-60.0017,5,28.8151,5,28.8151,1,1,3,135.763,67.7604
42,24,66,10,50,1000,0,45,-45.7237,139.435,0,35.5685,0,35.5685,1,1,1,130.726,130.699
42,24,66,10,50,1000,0,46,67.8597,-158.789,7,28.4422,7,28.4422,1,1,5,135.819,42.1478
42,24,66,10,50,1000,0,47,46.625,-112.454,9,20.0617,9,20.0617,1,1,6,135.826,16.5784
42,24,66,10,50,1000,0,48,-65.1378,96.7295,0,3.96809,0,3.96809,1,1,1,130.729,130.701
42,24,66,10,50,1000,0,49,57.8025,-92.834,7,16.2834,7,16.2834,1,1,5,135.821,42.1494
42,25,67,10,50,1000,0,0,49.3447,111.776,2,42.7795,2,42.7795,1,1,3,145.994,123.438
42,25,67,10,50,1000,0,1,1.99654,-80.2508,9,23.0839,9,23.0839,1,1,3,145.995,12.7554
42,25,67,10,50,1000,0,2,53.4735,7.92285,4,76.1043,4,76.1043,1,1,4,146.031,102.022
42,25,67,10,50,1000,0,3,-9.06491,-1.34044,6,32.2216,6,32.2216,1,1,3,145.997,71.8562
42,25,67,10,50,1000,0,4,16.3035,-35.093,6,45.3305,6,45.3305,1,1,3,145.997,71.8568
42,25,67,10,50,1000,0,5,-62.8706,-151.459,3,25.5541,3,25.5541,1,1,2,145.955,112.526
42,25,67,10,50,1000,0,6,9.79848,-35.54,6,38.9744,6,38.9744,1,1,3,145.998,71.8576
42,25,67,10,50,1000,0,7,-0.126968,-141.966,0,16.7621,0,16.7621,1,1,1,145.905,145.873
42,25,67,10,50,1000,0,8,-60.3842,55.8256,4,48.1943,4,48.1943,1,1,3,145.999,101.99
42,25,67,10,50,1000,0,9,-29.1372,34.0843,4,21.2189,4,21.2189,1,1,3,145.999,101.991
42,25,67,10,50,1000,0,10,-37.9489,-24.5022,1,7.65972,1,7.65972,1,1,2,145.958,134.333
42,25,67,10,50,1000,0,11,71.4923,47.0143,2,72.1284,2,72.1284,1,1,3,146,123.444
42,25,67,10,50,1000,0,12,63.5215,-78.4953,8,57.1981,8,57.1981,1,1,2,145.96,41.1663
42,25,67,10,50,1000,0,13,66.8036,-12.8511,8,96.0313,8,96.0313,1,1,5,146.051,41.2577
42,25,67,10,50,1000,0,14,-13.4252,-88.5669,7,8.6551,7,8.6551,1,1,2,145.961,52.5638
42,25,67,10,50,1000,0,15,43.5018,-108.161,8,29.0612,8,29.0612,1,1,2,145.962,41.1684
42,25,67,10,50,1000,0,16,-78.3957,-89.0032,5,6.87802,5,6.87802,1,1,4,146.032,82.7704
42,25,67,10,50,1000,0,17,-4.20598,130.156,2,37.8133,2,37.8133,1,1,3,146.006,123.45
42,25,67,10,50,1000,0,18,49.4598,153.458,2,65.0895,2,65.0895,1,1,3,146.007,123.45
42,25,67,10,50,1000,0,19,-25.5924,-48.4733,6,18.0685,6,18.0685,1,1,3,146.007,71.8671
42,25,67,10,50,1000,0,20,-30.8174,3.07401,6,27.4864,6,27.4864,1,1,3,146.008,71.8676
42,25,67,10,50,1000,0,21,-9.96601,137.962,2,47.2587,2,47.2587,1,1,3,146.009,123.452
42,25,67,10,50,1000,0,22,73.767,159.814,2,80.871,2,80.871,1,1,3,146.01,123.453
42,25,67,10,50,1000,0,23,87.9979,-153.234,8,69.4989,8,69.4989,1,1,2,145.968,41.1742
42,25,67,10,50,1000,0,24,17.8198,-62.2787,9,42.8101,9,42.8101,1,1,4,146.033,12.7928
42,25,67,10,50,1000,0,25,30.425,139.742,2,47.3234,2,47.3234,1,1,3,146.011,123.455
42,25,67,10,50,1000,0,26,46.6095,23.8346,4,63.6309,4,63.6309,1,1,4,146.033,102.025
42,25,67,10,50,1000,0,27,3.37805,40.2621,4,17.8403,4,17.8403,1,1,4,146.036,102.028
42,25,67,10,50,1000,0,28,62.6697,-39.6367,8,79.0581,8,79.0581,1,1,3,146.013,41.2195
42,25,67,10,50,1000,0,29,-76.2945,-81.5112,5,4.20241,5,4.20241,1,1,4,146.037,82.7756
42,25,67,10,50,1000,0,30,25.8982,114.415,2,25.079,2,25.079,1,1,3,146.015,123.459
42,25,67,10,50,1000,0,31,-4.83613,75.005,2,24.242,2,24.242,1,1,3,146.015,123.459
42,25,67,10,50,1000,0,32,-77.2943,161.916,5,59.6535,5,59.6535,1,1,4,146.038,82.7763
42,25,67,10,50,1000,0,33,12.5803,124.331,2,29.2204,2,29.2204,1,1,3,146.017,123.461
42,25,67,10,50,1000,0,34,67.687,153.976,2,74.6204,2,74.6204,1,1,3,146.018,123.461
42,25,67,10,50,1000,0,35,-52.0711,-106.261,3,11.2762,3,11.2762,1,1,3,146.018,112.589
42,25,67,10,50,1000,0,36,-11.4751,55.9258,4,7.56167,4,7.56167,1,1,4,146.038,102.03
42,25,67,10,50,1000,0,37,-74.1493,-55.4162,5,4.53945,5,4.53945,1,1,4,146.039,82.7776
42,25,67,10,50,1000,0,38,17.8699,-152.303,8,22.7532,8,22.7532,1,1,2,145.979,41.1852
42,25,67,10,50,1000,0,39,-14.3253,-108.621,7,15.8617,7,15.8617,1,1,2,145.98,52.5824
42,25,67,10,50,1000,0,40,-17.2908,-147.801,0,26.9143,0,26.9143,1,1,1,145.935,145.903
42,25,67,10,50,1000,0,41,-74.4394,-121.362,5,14.105,5,14.105,1,1,4,146.04,82.7782
42,25,67,10,50,1000,0,42,28.017,37.8773,4,41.8784,4,41.8784,1,1,4,146.04,102.032
42,25,67,10,50,1000,0,43,49.4498,1.3734,4,76.3332,4,76.3332,1,1,4,146.041,102.033
42,25,67,10,50,1000,0,44,89.1203,126.311,2,82.52,2,82.52,1,1,3,146.022,123.466
42,25,67,10,50,1000,0,45,49.9311,50.0371,2,56.3136,2,56.3136,1,1,3,146.023,123.467
42,25,67,10,50,1000,0,46,30.3626,-89.81,8,36.3664,8,36.3664,1,1,2,145.984,41.1902
42,25,67,10,50,1000,0,47,-27.479,86.1368,2,37.6746,2,37.6746,1,1,3,146.024,123.468
42,25,67,10,50,1000,0,48,-53.9471,150.203,2,81.3488,2,81.3488,1,1,3,146.025,123.468
42,25,67,10,50,1000,0,49,15.234,-152.52,8,23.5272,8,23.5272,1,1,2,145.986,41.1923
42,26,68,10,50,1000,0,0,66.7765,-129.851,0,10.4416,0,10.4416,1,1,1,151.598,151.568
42,26,68,10,50,1000,0,1,43.2949,63.8791,8,59.4177,8,59.4177,1,1,3,151.694,34.8142
42,26,68,10,50,1000,0,2,-79.8976,11.8587,3,5.28004,3,5.28004,1,1,3,151.695,104.139
42,26,68,10,50,1000,0,3,34.9748,-98.2606,1,24.937,1,24.937,1,1,2,151.654,135.94
42,26,68,10,50,1000,0,4,39.7224,92.8739,2,61.5062,2,61.5062,1,1,2,151.654,123.377
42,26,68,10,50,1000,0,5,55.6177,26.936,8,29.6126,8,29.6126,1,1,3,151.696,34.8155
42,26,68,10,50,1000,0,6,59.5732,-46.6151,8,11.5726,8,11.5726,1,1,3,151.696,34.8162
42,26,68,10,50,1000,0,7,58.2037,117.249,2,35.2626,2,35.2626,1,1,2,151.656,123.379
42,26,68,10,50,1000,0,8,-24.3788,126.066,4,41.0685,4,41.0685,1,1,5,151.75,82.8827
42,26,68,10,50,1000,0,9,-24.3976,40.3729,4,40.8458,4,40.8458,1,1,4,151.73,82.8635
42,26,68,10,50,1000,0,10,14.5684,-6.79922,8,44.3768,8,44.3768,1,1,4,151.731,34.8509
42,26,68,10,50,1000,0,11,16.3537,121.673,4,72.2084,4,72.2084,1,1,4,151.732,82.8647
42,26,68,10,50,1000,0,12,84.5511,-5.62971,2,11.1841,2,11.1841,1,1,2,151.66,123.383
42,26,68,10,50,1000,0,13,-80.0516,101.377,3,12.3532,3,12.3532,1,1,3,151.7,104.143
42,26,68,10,50,1000,0,14,74.2627,-125.332,7,7.85405,7,7.85405,1,1,2,151.662,46.0173
42,26,68,10,50,1000,0,15,43.7809,102.078,2,54.4851,2,54.4851,1,1,2,151.662,123.385
42,26,68,10,50,1000,0,16,-37.5915,-5.84857,6,6.28209,6,6.28209,1,1,4,151.732,61.9738
42,26,68,10,50,1000,0,17,-7.02126,-54.9783,1,39.8711,1,39.8711,1,1,2,151.664,135.95
42,26,68,10,50,1000,0,18,-86.9949,-124.093,3,9.60564,3,9.60564,1,1,3,151.702,104.145
42,26,68,10,50,1000,0,19,13.3805,85.4548,4,58.8599,4,58.8599,1,1,4,151.733,82.866
42,26,68,10,50,1000,0,20,74.3905,-42.0034,7,18.2147,7,18.2147,1,1,3,151.703,46.0589
42,26,68,10,50,1000,0,21,-33.8046,87.9273,4,12.2171,4,12.2171,1,1,5,151.751,82.8836
42,26,68,10,50,1000,0,22,45.6907,-131.202,0,22.2545,0,22.2545,1,1,1,151.62,151.591
42,26,68,10,50,1000,0,23,12.588,-137.376,1,45.8772,1,45.8772,1,1,2,151.668,135.954
42,26,68,10,50,1000,0,24,87.4321,156.381,2,1.74804,2,1.74804,1,1,2,151.668,123.391
42,26,68,10,50,1000,0,25,41.4984,24.001,8,35.9379,8,35.9379,1,1,5,151.751,34.8711
42,26,68,10,50,1000,0,26,-15.2092,-64.2958,1,37.1229,1,37.1229,1,1,2,151.67,135.956
42,26,68,10,50,1000,0,27,-17.1629,-41.3161,6,41.6576,6,41.6576,1,1,3,151.705,61.9468
42,26,68,10,50,1000,0,28,55.0373,-14.429,8,6.54487,8,6.54487,1,1,4,151.735,34.8548
42,26,68,10,50,1000,0,29,-59.9693,78.5999,4,14.7848,4,14.7848,1,1,4,151.736,82.8687
42,26,68,10,50,1000,0,30,20.1194,147.623,2,71.1236,2,71.1236,1,1,2,151.673,123.396
42,26,68,10,50,1000,0,31,0.339127,145.056,5,72.9084,5,72.9084,1,1,5,151.752,72.6369
42,26,68,10,50,1000,0,32,-19.1127,166.636,5,50.0571,5,50.0571,1,1,5,151.753,72.6376
42,26,68,10,50,1000,0,33,-44.9613,-32.2153,6,20.1446,6,20.1446,1,1,4,151.737,61.9789
42,26,68,10,50,1000,0,34,-68.7286,116.839,9,16.7885,9,16.7885,1,1,6,151.772,17.0101
42,26,68,10,50,1000,0,35,-63.3803,-168.676,3,54.08,3,54.08,1,1,3,151.711,104.154
42,26,68,10,50,1000,0,36,-52.5825,-14.3697,6,11.193,6,11.193,1,1,4,151.739,61.9804
42,26,68,10,50,1000,0,37,49.6256,166.217,2,39.639,2,39.639,1,1,2,151.678,123.401
42,26,68,10,50,1000,0,38,17.2142,-55.5728,1,34.4476,1,34.4476,1,1,2,151.679,135.965
42,26,68,10,50,1000,0,39,-75.5798,29.2927,3,9.92774,3,9.92774,1,1,3,151.712,104.155
42,26,68,10,50,1000,0,40,-39.5959,111.837,4,21.9931,4,21.9931,1,1,5,151.757,82.8902
42,26,68,10,50,1000,0,41,-63.3531,70.3899,4,19.3797,4,19.3797,1,1,4,151.74,82.8732
42,26,68,10,50,1000,0,42,-66.2292,18.968,3,18.9818,3,18.9818,1,1,3,151.714,104.158
42,26,68,10,50,1000,0,43,-75.4631,157.616,9,3.69672,9,3.69672,1,1,6,151.773,17.011
42,26,68,10,50,1000,0,44,-87.7305,-90.8649,3,6.97607,3,6.97607,1,1,3,151.72,104.163
42,26,68,10,50,1000,0,45,28.108,44.7777,8,59.4094,8,59.4094,1,1,5,151.76,34.8795
42,26,68,10,50,1000,0,46,-61.6209,-123.106,3,45.7015,3,45.7015,1,1,3,151.721,104.164
42,26,68,10,50,1000,0,47,4.91673,18.5328,6,53.1253,6,53.1253,1,1,5,151.76,62.0019
42,26,68,10,50,1000,0,48,-68.235,99.9109,9,22.6323,9,22.6323,1,1,6,151.773,17.0117
42,26,68,10,50,1000,0,49,83.1587,-93.9271,7,12.4532,7,12.4532,1,1,3,151.723,46.0786
42,27,69,10,50,1000,0,0,-11.6095,-22.3427,4,76.1274,4,76.1274,1,1,3,141.666,82.5611
42,27,69,10,50,1000,0,1,78.2782,14.0464,8,11.4197,8,11.4197,1,1,3,141.667,22.6929
42,27,69,10,50,1000,0,2,-39.7823,0.885086,4,53.3186,4,53.3186,1,1,4,141.696,82.5905
42,27,69,10,50,1000,0,3,70.6481,149.182,2,21.3902,2,21.3902,1,1,2,141.627,103.55
42,27,69,10,50,1000,0,4,-35.6605,-159.185,9,17.0039,9,17.0039,1,1,6,141.727,12.2366
42,27,69,10,50,1000,0,5,74.7109,-175.461,7,19.3399,7,19.3399,1,1,4,141.701,48.372
42,27,69,10,50,1000,0,6,-82.6194,99.7117,4,23.7691,4,23.7691,1,1,3,141.67,82.5649
42,27,69,10,50,1000,0,7,14.2483,167.896,0,24.2969,0,24.2969,1,1,1,141.579,141.546
42,27,69,10,50,1000,0,8,-1.97061,167.246,0,40.4061,0,40.4061,1,1,1,141.58,141.547
42,27,69,10,50,1000,0,9,53.315,13.9217,1,12.8962,1,12.8962,1,1,2,141.631,121.745
42,27,69,10,50,1000,0,10,-40.1139,150.36,3,33.5311,3,33.5311,1,1,2,141.631,93.2645
42,27,69,10,50,1000,0,11,31.5028,-24.4278,1,46.5498,1,46.5498,1,1,2,141.632,121.747
42,27,69,10,50,1000,0,12,81.4734,19.7613,8,7.65133,8,7.65133,1,1,4,141.701,22.7269
42,27,69,10,50,1000,0,13,18.9173,158.33,0,23.4539,0,23.4539,1,1,1,141.585,141.552
42,27,69,10,50,1000,0,14,-46.6287,140.475,3,31.6842,3,31.6842,1,1,2,141.634,93.2667
42,27,69,10,50,1000,0,15,-79.9275,63.5236,4,21.6555,4,21.6555,1,1,4,141.702,82.5967
42,27,69,10,50,1000,0,16,-30.9338,176.701,3,53.2062,3,53.2062,1,1,2,141.635,93.2683
42,27,69,10,50,1000,0,17,-51.215,38.5678,4,52.258,4,52.258,1,1,4,141.703,82.5974
42,27,69,10,50,1000,0,18,-1.20674,-141.134,9,37.5753,9,37.5753,1,1,6,141.728,12.2374
42,27,69,10,50,1000,0,19,3.87479,106.265,3,27.4303,3,27.4303,1,1,2,141.637,93.2702
42,27,69,10,50,1000,0,20,-60.1595,-22.8286,4,25.628,4,25.628,1,1,4,141.704,82.5986
42,27,69,10,50,1000,0,21,55.402,-105.558,7,14.1882,7,14.1882,1,1,3,141.674,48.3456
42,27,69,10,50,1000,0,22,-51.5584,-40.6993,4,31.4092,4,31.4092,1,1,4,141.705,82.5994
42,27,69,10,50,1000,0,23,-58.831,72.9419,3,51.9616,3,51.9616,1,1,3,141.676,93.309
42,27,69,10,50,1000,0,24,-26.7266,168.968,3,46.4086,3,46.4086,1,1,2,141.641,93.2738
42,27,69,10,50,1000,0,25,-46.5682,46.319,4,60.9186,4,60.9186,1,1,4,141.705,82.6001
42,27,69,10,50,1000,0,26,69.664,149.869,2,22.442,2,22.442,1,1,2,141.642,103.564
42,27,69,10,50,1000,0,27,-79.0544,122.275,4,32.8109,4,32.8109,1,1,3,141.677,82.5721
42,27,69,10,50,1000,0,28,-5.18474,59.7257,3,59.5545,3,59.5545,1,1,3,141.678,93.3112
42,27,69,10,50,1000,0,29,50.3025,76.3731,2,26.2649,2,26.2649,1,1,3,141.679,103.601
42,27,69,10,50,1000,0,30,10.1004,120.75,3,30.7912,3,30.7912,1,1,2,141.646,93.279
42,27,69,10,50,1000,0,31,-20.0516,138.333,3,18.3861,3,18.3861,1,1,2,141.647,93.2798
42,27,69,10,50,1000,0,32,58.7257,37.4669,1,9.03316,1,9.03316,1,1,2,141.648,121.763
42,27,69,10,50,1000,0,33,-1.54951,-64.962,9,78.1421,9,78.1421,1,1,4,141.706,12.2157
42,27,69,10,50,1000,0,34,38.1665,-175.349,7,45.8226,7,45.8226,1,1,5,141.718,48.3894
42,27,69,10,50,1000,0,35,-69.3483,136.014,3,50.2324,3,50.2324,1,1,2,141.65,93.2829
42,27,69,10,50,1000,0,36,-9.08902,152.107,3,34.2583,3,34.2583,1,1,2,141.65,93.2836
42,27,69,10,50,1000,0,37,-74.7719,58.7051,4,27.1463,4,27.1463,1,1,4,141.707,82.6022
42,27,69,10,50,1000,0,38,-34.2959,-87.2058,9,41.2204,9,41.2204,1,1,5,141.72,12.2298
42,27,69,10,50,1000,0,39,-24.1765,57.9549,3,56.305,3,56.305,1,1,3,141.683,93.3161
42,27,69,10,50,1000,0,40,-49.1188,38.5106,4,54.8905,4,54.8905,1,1,4,141.709,82.6034
42,27,69,10,50,1000,0,41,-37.863,-138.91,9,0.995254,9,0.995254,1,1,6,141.729,12.2382
42,27,69,10,50,1000,0,42,4.18988,-53.8348,7,82.3016,7,82.3016,1,1,4,141.71,48.3814
42,27,69,10,50,1000,0,43,81.6825,178.01,8,11.9081,8,11.9081,1,1,3,141.686,22.7118
42,27,69,10,50,1000,0,44,-87.0546,83.9699,4,16.773,4,16.773,1,1,3,141.687,82.5817
42,27,69,10,50,1000,0,45,37.1917,26.0917,1,27.9853,1,27.9853,1,1,2,141.657,121.772
42,27,69,10,50,1000,0,46,12.36,-145.72,9,51.5643,9,51.5643,1,1,7,141.744,12.2535
42,27,69,10,50,1000,0,47,-7.78752,-37.8286,4,76.2778,4,76.2778,1,1,3,141.689,82.5835
42,27,69,10,50,1000,0,48,35.8735,161.326,0,10.2994,0,10.2994,1,1,1,141.615,141.582
42,27,69,10,50,1000,0,49,38.6047,-31.9199,1,43.5259,1,43.5259,1,1,2,141.659,121.774
42,28,70,10,50,1000,0,0,-87.7003,88.4416,1,30.9978,1,30.9978,1,1,2,138.42,122.044
42,28,70,10,50,1000,0,1,25.7885,149.819,0,14.5069,0,14.5069,1,1,1,137.958,137.93
42,28,70,10,50,1000,0,2,2.30586,-4.23936,8,31.0997,8,31.0997,1,1,6,138.541,25.0514
42,28,70,10,50,1000,0,3,-70.2697,-138.598,3,25.0123,3,25.0123,1,1,3,138.479,97.1966
42,28,70,10,50,1000,0,4,72.3382,137.015,5,51.8796,5,51.8796,1,1,2,138.424,65.6315
42,28,70,10,50,1000,0,5,6.71119,-10.0421,8,25.1535,8,25.1535,1,1,6,138.542,25.0524
42,28,70,10,50,1000,0,6,50.1708,73.1427,5,38.2658,5,38.2658,1,1,2,138.426,65.6337
42,28,70,10,50,1000,0,7,-25.1889,-129.48,3,20.5354,3,20.5354,1,1,3,138.48,97.1983
42,28,70,10,50,1000,0,8,24.7916,38.8798,6,15.5268,6,15.5268,1,1,3,138.481,50.6482
42,28,70,10,50,1000,0,9,-41.8022,178.17,2,24.7939,2,24.7939,1,1,3,138.482,109.119
42,28,70,10,50,1000,0,10,1.25867,144.625,0,11.4549,0,11.4549,1,1,1,137.966,137.939
42,28,70,10,50,1000,0,11,53.2341,-156.473,7,18.8666,7,18.8666,1,1,3,138.483,39.8176
42,28,70,10,50,1000,0,12,-1.43775,61.3604,6,31.1505,6,31.1505,1,1,3,138.484,50.6508
42,28,70,10,50,1000,0,13,-53.9359,-120.628,3,12.2355,3,12.2355,1,1,3,138.485,97.2026
42,28,70,10,50,1000,0,14,-67.5437,65.3752,1,33.5769,1,33.5769,1,1,2,138.433,122.057
42,28,70,10,50,1000,0,15,-9.4108,-130.488,3,36.1051,3,36.1051,1,1,3,138.485,97.2034
42,28,70,10,50,1000,0,16,-13.0916,-147.245,3,34.2498,3,34.2498,1,1,3,138.487,97.2046
42,28,70,10,50,1000,0,17,-80.3345,158.429,1,21.1679,1,21.1679,1,1,2,138.437,122.061
42,28,70,10,50,1000,0,18,14.258,-121.208,9,46.3099,9,46.3099,1,1,5,138.535,11.2491
42,28,70,10,50,1000,0,19,-80.0846,-6.80763,1,53.6702,1,53.6702,1,1,2,138.439,122.064
42,28,70,10,50,1000,0,20,-82.0966,33.2532,1,40.8407,1,40.8407,1,1,2,138.441,122.065
42,28,70,10,50,1000,0,21,81.5751,116.148,5,57.6558,5,57.6558,1,1,2,138.442,65.6499
42,28,70,10,50,1000,0,22,-36.802,-67.2276,9,34.9762,9,34.9762,1,1,4,138.52,11.2343
42,28,70,10,50,1000,0,23,83.3344,155.979,5,65.5961,5,65.5961,1,1,2,138.444,65.6522
42,28,70,10,50,1000,0,24,75.8261,-96.9356,7,13.7154,7,13.7154,1,1,4,138.521,39.8556
42,28,70,10,50,1000,0,25,77.0744,-25.8305,7,33.5761,7,33.5761,1,1,4,138.522,39.8563
42,28,70,10,50,1000,0,26,-66.1554,80.6171,1,27.3412,1,27.3412,1,1,2,138.448,122.072
42,28,70,10,50,1000,0,27,-1.15196,44.8138,6,16.9264,6,16.9264,1,1,3,138.491,50.6584
42,28,70,10,50,1000,0,28,-19.0113,69.8242,6,47.5042,6,47.5042,1,1,4,138.522,50.6895
42,28,70,10,50,1000,0,29,52.0929,6.88991,8,27.28,8,27.28,1,1,4,138.523,25.0343
42,28,70,10,50,1000,0,30,-22.4003,-94.6357,9,24.8756,9,24.8756,1,1,4,138.524,11.2386
42,28,70,10,50,1000,0,31,28.2009,109.016,5,4.13674,5,4.13674,1,1,2,138.453,65.6605
42,28,70,10,50,1000,0,32,-30.9402,75.7329,1,53.4576,1,53.4576,1,1,2,138.454,122.078
42,28,70,10,50,1000,0,33,43.7224,146.636,0,31.2181,0,31.2181,1,1,1,138.216,138.189
42,28,70,10,50,1000,0,34,67.2623,107.276,5,43.1535,5,43.1535,1,1,2,138.455,65.6623
42,28,70,10,50,1000,0,35,-20.086,150.331,2,7.4253,2,7.4253,1,1,2,138.456,109.092
42,28,70,10,50,1000,0,36,-19.7356,-57.0216,9,26.4176,9,26.4176,1,1,5,138.536,11.2501
42,28,70,10,50,1000,0,37,43.2398,66.9247,5,39.3856,5,39.3856,1,1,2,138.458,65.6653
42,28,70,10,50,1000,0,38,27.8754,73.1485,5,31.8171,5,31.8171,1,1,2,138.458,65.6661
42,28,70,10,50,1000,0,39,21.4519,27.4031,6,11.9938,6,11.9938,1,1,3,138.496,50.6635
42,28,70,10,50,1000,0,40,78.1065,17.0525,7,45.2311,7,45.2311,1,1,4,138.526,39.8606
42,28,70,10,50,1000,0,41,-89.2137,-156.098,3,44.6555,3,44.6555,1,1,3,138.498,97.2164
42,28,70,10,50,1000,0,42,-41.1652,-0.731339,6,60.802,6,60.802,1,1,3,138.499,50.6666
42,28,70,10,50,1000,0,43,34.358,59.647,6,34.6216,6,34.6216,1,1,3,138.501,50.6679
42,28,70,10,50,1000,0,44,-55.4535,-7.09816,6,75.4277,6,75.4277,1,1,3,138.502,50.6688
42,28,70,10,50,1000,0,45,-56.7316,24.2923,1,60.4881,1,60.4881,1,1,2,138.465,122.089
42,28,70,10,50,1000,0,46,39.133,122.939,5,19.5181,5,19.5181,1,1,2,138.465,65.6729
42,28,70,10,50,1000,0,47,-23.3457,-163.614,3,32.8292,3,32.8292,1,1,3,138.502,97.2204
42,28,70,10,50,1000,0,48,9.33582,-139.247,3,54.9234,3,54.9234,1,1,3,138.503,97.2213
42,28,70,10,50,1000,0,49,81.5108,-26.8039,7,31.3247,7,31.3247,1,1,4,138.527,39.8615
42,29,71,10,50,1000,0,0,-76.5468,13.8016,9,54.6179,9,54.6179,1,1,3,143.181,19.7576
42,29,71,10,50,1000,0,1,-30.1988,98.8989,8,20.5008,8,20.5008,1,1,5,143.221,34.9716
42,29,71,10,50,1000,0,2,41.1886,-17.6359,5,16.677,5,16.677,1,1,4,143.206,79.5324
42,29,71,10,50,1000,0,3,54.7528,106.028,2,30.7255,2,30.7255,1,1,3,143.184,112.075
42,29,71,10,50,1000,0,4,85.4521,63.3788,1,1.97447,1,1.97447,1,1,2,143.146,124.918
42,29,71,10,50,1000,0,5,24.2013,-36.1479,5,18.756,5,18.756,1,1,2,143.147,79.4732
42,29,71,10,50,1000,0,6,87.0116,35.8315,1,4.47791,1,4.47791,1,1,2,143.147,124.919
42,29,71,10,50,1000,0,7,-71.4179,98.7752,9,25.8088,9,25.8088,1,1,5,143.222,19.7981
42,29,71,10,50,1000,0,8,-44.8594,74.5164,8,16.9468,8,16.9468,1,1,5,143.223,34.9734
42,29,71,10,50,1000,0,9,34.419,147.063,3,15.9699,3,15.9699,1,1,3,143.186,101.466
42,29,71,10,50,1000,0,10,33.217,-61.9555,5,41.5199,5,41.5199,1,1,2,143.15,79.477
42,29,71,10,50,1000,0,11,-24.2468,-130.672,6,15.7299,6,15.7299,1,1,2,143.151,63.3663
42,29,71,10,50,1000,0,12,-6.86772,-99.1963,0,30.1146,0,30.1146,1,1,1,143.099,143.07
42,29,71,10,50,1000,0,13,-49.819,110.396,9,28.0905,9,28.0905,1,1,6,143.233,19.809
42,29,71,10,50,1000,0,14,78.1956,-40.3839,1,18.7066,1,18.7066,1,1,2,143.153,124.924
42,29,71,10,50,1000,0,15,43.143,-176.702,7,27.0112,7,27.0112,1,1,3,143.187,53.0675
42,29,71,10,50,1000,0,16,76.7088,-154.112,7,12.1798,7,12.1798,1,1,3,143.188,53.0681
42,29,71,10,50,1000,0,17,51.0983,55.795,2,1.52536,2,1.52536,1,1,3,143.189,112.079
42,29,71,10,50,1000,0,18,4.12629,31.7021,5,50.1521,5,50.1521,1,1,4,143.209,79.5354
42,29,71,10,50,1000,0,19,-9.08847,-0.843231,5,36.7107,5,36.7107,1,1,2,143.156,79.4827
42,29,71,10,50,1000,0,20,-42.4595,-149.774,6,37.5955,6,37.5955,1,1,2,143.157,63.372
42,29,71,10,50,1000,0,21,71.5045,-90.8959,7,22.7397,7,22.7397,1,1,3,143.19,53.0705
42,29,71,10,50,1000,0,22,33.0286,-179.827,7,37.5819,7,37.5819,1,1,3,143.191,53.0714
42,29,71,10,50,1000,0,23,-86.0604,156.338,9,25.6877,9,25.6877,1,1,4,143.209,19.7854
42,29,71,10,50,1000,0,24,37.3447,76.7172,2,21.7961,2,21.7961,1,1,3,143.192,112.083
42,29,71,10,50,1000,0,25,61.7007,-38.8765,1,39.9585,1,39.9585,1,1,2,143.16,124.932
42,29,71,10,50,1000,0,26,-82.6192,-105.092,0,73.103,0,73.103,1,1,1,143.112,143.083
42,29,71,10,50,1000,0,27,5.22593,1.02623,5,25.1448,5,25.1448,1,1,3,143.193,79.5198
42,29,71,10,50,1000,0,28,-12.1442,90.8139,8,21.3062,8,21.3062,1,1,5,143.224,34.9748
42,29,71,10,50,1000,0,29,-34.2891,-47.8972,0,28.5648,0,28.5648,1,1,1,143.116,143.087
42,29,71,10,50,1000,0,30,-64.785,-162.292,6,61.3272,6,61.3272,1,1,2,143.163,63.3779
42,29,71,10,50,1000,0,31,-22.2998,-156.152,6,27.2207,6,27.2207,1,1,2,143.163,63.3785
42,29,71,10,50,1000,0,32,-68.2019,-122.403,6,60.1003,6,60.1003,1,1,2,143.164,63.3794
42,29,71,10,50,1000,0,33,39.8213,51.8488,2,12.6836,2,12.6836,1,1,3,143.195,112.085
42,29,71,10,50,1000,0,34,44.6495,-118.534,7,26.6455,7,26.6455,1,1,3,143.195,53.0757
42,29,71,10,50,1000,0,35,-64.4972,-175.62,6,66.1129,6,66.1129,1,1,2,143.167,63.3819
42,29,71,10,50,1000,0,36,-44.1543,-165.986,6,46.978,6,46.978,1,1,2,143.168,63.3827
42,29,71,10,50,1000,0,37,-43.2579,157.748,9,17.1536,9,17.1536,1,1,5,143.225,19.8012
42,29,71,10,50,1000,0,38,-82.9063,-78.6366,0,69.6553,0,69.6553,1,1,1,143.124,143.095
42,29,71,10,50,1000,0,39,67.0434,88.8769,1,17.1278,1,17.1278,1,1,2,143.169,124.941
42,29,71,10,50,1000,0,40,89.0403,77.4883,1,5.33235,1,5.33235,1,1,2,143.17,124.942
42,29,71,10,50,1000,0,41,-64.9998,-167.158,6,63.1604,6,63.1604,1,1,2,143.171,63.3859
42,29,71,10,50,1000,0,42,76.1981,60.4523,1,7.84386,1,7.84386,1,1,2,143.171,124.943
42,29,71,10,50,1000,0,43,6.93427,-51.8923,0,26.881,0,26.881,1,1,1,143.129,143.099
42,29,71,10,50,1000,0,44,-14.3669,125.29,3,41.2874,3,41.2874,1,1,4,143.215,101.495
42,29,71,10,50,1000,0,45,40.1053,21.6962,2,25.7632,2,25.7632,1,1,3,143.197,112.088
42,29,71,10,50,1000,0,46,71.499,-144.389,7,7.0604,7,7.0604,1,1,3,143.198,53.0784
42,29,71,10,50,1000,0,47,22.7719,-173.406,7,45.4505,7,45.4505,1,1,3,143.199,53.079
42,29,71,10,50,1000,0,48,-43.396,-54.8136,0,32.491,0,32.491,1,1,1,143.133,143.103
42,29,71,10,50,1000,0,49,29.2215,-177.493,7,40.429,7,40.429,1,1,3,143.2,53.0799
