seed,trial,trial_seed,num_pubs,num_subs,brake_limit,encrypted,sub_id,sub_lat,sub_lon,optimal_pub_id,optimal_dist,received_pub_id,received_dist,stretch,recall,num_received,latency_ms,latency_per_pub_ms
42,0,42,10,200,4,0,0,86.7168,-101.214,1,63.6232,1,63.6232,1,1,2,115.316,101.893
42,0,42,10,200,4,0,1,-8.20873,6.71545,1,54.2738,1,54.2738,1,1,2,115.317,101.894
42,0,42,10,200,4,0,2,13.2915,19.8832,1,48.5146,1,48.5146,1,1,2,115.318,101.894
42,0,42,10,200,4,0,3,41.1383,46.3946,9,47.2368,9,47.2368,1,1,3,115.64,11.9308
42,0,42,10,200,4,0,4,53.3031,30.1377,1,45.9897,1,45.9897,1,1,2,115.319,101.895
42,0,42,10,200,4,0,5,-40.542,118.655,5,25.3886,5,25.3886,1,1,3,115.64,55.8358
42,0,42,10,200,4,0,6,74.4624,167.545,3,55.2627,3,55.2627,1,1,3,115.641,80.4642
42,0,42,10,200,4,0,7,-44.6247,-136.82,6,12.6427,6,12.6427,1,1,4,115.784,45.5961
42,0,42,10,200,4,0,8,-51.2045,139.912,7,29.7058,7,29.7058,1,1,4,115.784,34.5789
42,0,42,10,200,4,0,9,87.0422,6.18704,1,55.3077,1,55.3077,1,1,2,115.322,101.898
42,0,42,10,200,4,0,10,74.4421,-54.5183,1,43.0174,1,43.0174,1,1,2,115.322,101.899
42,0,42,10,200,4,0,11,-39.1379,-96.6861,2,14.5086,2,14.5086,1,1,2,115.323,90.8149
42,0,42,10,200,4,0,12,-2.82805,-39.8475,1,38.8805,1,38.8805,1,1,2,115.323,101.9
42,0,42,10,200,4,0,13,88.5778,23.7459,1,59.6157,1,59.6157,1,1,2,115.324,101.9
42,0,42,10,200,4,0,14,79.2484,20.4303,1,52.1558,1,52.1558,1,1,2,115.325,101.901
42,0,42,10,200,4,0,15,-34.3383,151.93,5,50.1833,5,50.1833,1,1,3,115.642,55.838
42,0,42,10,200,4,0,16,49.6081,94.9059,3,38.0901,3,38.0901,1,1,3,115.643,80.4664
42,0,42,10,200,4,0,17,-10.6771,-54.2007,1,51.8334,1,51.8334,1,1,2,115.326,101.903
42,0,42,10,200,4,0,18,-32.6055,-119.078,6,10.151,6,10.151,1,1,3,115.643,45.4556
42,0,42,10,200,4,0,19,86.097,-138.605,1,75.5449,1,75.5449,1,1,2,115.328,101.904
42,0,42,10,200,4,0,20,45.5301,-88.8902,1,48.0966,1,48.0966,1,1,2,115.328,101.904
42,0,42,10,200,4,0,21,80.0252,59.985,1,66.0299,1,66.0299,1,1,2,115.329,101.905
42,0,42,10,200,4,0,22,-50.6727,-109.199,2,12.1101,2,12.1101,1,1,2,115.329,90.8212
42,0,42,10,200,4,0,23,51.5826,-23.7544,1,17.5334,1,17.5334,1,1,2,115.33,101.906
42,0,42,10,200,4,0,24,-74.6437,97.2496,7,3.98853,7,3.98853,1,1,2,115.33,34.125
42,0,42,10,200,4,0,25,81.2163,179.597,3,63.7995,3,63.7995,1,1,3,115.644,80.4674
42,0,42,10,200,4,0,26,-68.6344,-95.8432,2,16.0226,2,16.0226,1,1,2,115.332,90.8236
42,0,42,10,200,4,0,27,-48.5447,37.0752,8,28.1695,8,28.1695,1,1,4,115.785,23.1567
42,0,42,10,200,4,0,28,22.1547,-99.9337,6,63.1167,6,63.1167,1,1,3,115.645,45.4573
42,0,42,10,200,4,0,29,-59.5895,22.806,8,15.8025,8,15.8025,1,1,3,115.646,23.0175
42,0,42,10,200,4,0,30,50.2483,-7.85559,1,21.7697,1,21.7697,1,1,2,115.334,101.91
42,0,42,10,200,4,0,31,-2.63178,19.7129,1,58.8516,1,58.8516,1,1,2,115.334,101.911
42,0,42,10,200,4,0,32,-46.4749,153.382,7,39.3912,7,39.3912,1,1,4,115.785,34.5801
42,0,42,10,200,4,0,33,72.7561,21.8393,1,48.4955,1,48.4955,1,1,2,115.335,101.912
42,0,42,10,200,4,0,34,-72.8476,137.706,7,13.8426,7,13.8426,1,1,2,115.337,34.1312
42,0,42,10,200,4,0,35,31.6172,125.365,3,8.56684,3,8.56684,1,1,3,115.647,80.4703
42,0,42,10,200,4,0,36,-65.592,43.2849,8,12.8027,8,12.8027,1,1,3,115.647,23.0192
42,0,42,10,200,4,0,37,2.67494,-52.5295,1,39.3245,1,39.3245,1,1,2,115.338,101.914
42,0,42,10,200,4,0,38,57.0429,-71.4849,1,37.9961,1,37.9961,1,1,2,115.339,101.915
42,0,42,10,200,4,0,39,51.8581,144.798,3,29.3807,3,29.3807,1,1,3,115.648,80.4715
42,0,42,10,200,4,0,40,-77.1177,86.1488,7,6.67941,7,6.67941,1,1,2,115.34,34.1342
42,0,42,10,200,4,0,41,72.1976,-111.504,1,62.7406,1,62.7406,1,1,2,115.34,101.917
42,0,42,10,200,4,0,42,85.1528,-132.694,1,73.3081,1,73.3081,1,1,2,115.341,101.917
42,0,42,10,200,4,0,43,52.7855,34.615,1,48.9328,1,48.9328,1,1,2,115.341,101.918
42,0,42,10,200,4,0,44,-26.3139,166.392,3,62.0433,3,62.0433,1,1,2,115.342,80.1654
42,0,42,10,200,4,0,45,-61.2895,-132.131,2,24.4182,2,24.4182,1,1,2,115.342,90.8344
42,0,42,10,200,4,0,46,-10.7317,52.1574,9,41.8912,9,41.8912,1,1,5,115.843,12.1344
42,0,42,10,200,4,0,47,33.7908,65.5869,9,30.0376,9,30.0376,1,1,4,115.786,12.0778
42,0,42,10,200,4,0,48,12.7698,33.0939,9,53.2644,9,53.2644,1,1,3,115.65,11.9409
42,0,42,10,200,4,0,49,-46.2869,59.8444,7,30.2504,7,30.2504,1,1,3,115.65,34.4449
42,0,42,10,200,4,0,50,-4.60001,150.661,3,35.0725,3,35.0725,1,1,2,115.345,80.1687
42,0,42,10,200,4,0,51,2.60466,39.6159,9,48.4411,9,48.4411,1,1,4,115.787,12.0783
42,0,42,10,200,4,0,52,6.97273,-169.441,4,42.7024,4,42.7024,1,1,3,115.651,66.2597
42,0,42,10,200,4,0,53,83.5432,-51.9687,1,50.7712,1,50.7712,1,1,2,115.347,101.923
42,0,42,10,200,4,0,54,-30.4628,90.8026,5,7.45916,5,7.45916,1,1,3,115.652,55.8475
42,0,42,10,200,4,0,55,-43.5851,-35.161,2,37.6637,2,37.6637,1,1,2,115.348,90.8399
42,0,42,10,200,4,0,56,-1.52432,-122.775,6,32.2659,6,32.2659,1,1,4,115.787,45.5998
42,0,42,10,200,4,0,57,16.6675,-12.743,1,22.332,1,22.332,1,1,2,115.349,101.925
42,0,42,10,200,4,0,58,-37.7346,-41.094,2,37.5519,2,37.5519,1,1,2,115.35,90.8416
42,0,42,10,200,4,0,59,-79.064,51.9029,8,8.34326,8,8.34326,1,1,3,115.653,23.0248
42,0,42,10,200,4,0,60,-27.3509,-100.707,2,26.8137,2,26.8137,1,1,2,115.351,90.8427
42,0,42,10,200,4,0,61,49.8858,103.835,3,33.2392,3,33.2392,1,1,3,115.654,80.4771
42,0,42,10,200,4,0,62,65.7252,-12.6467,1,32.9051,1,32.9051,1,1,2,115.352,101.928
42,0,42,10,200,4,0,63,-5.28918,-23.0099,1,39.8861,1,39.8861,1,1,2,115.352,101.929
42,0,42,10,200,4,0,64,-79.7764,76.8478,7,9.97361,7,9.97361,1,1,2,115.353,34.1475
42,0,42,10,200,4,0,65,-71.5827,11.2472,8,4.23104,8,4.23104,1,1,2,115.353,22.7252
42,0,42,10,200,4,0,66,23.7542,42.0438,9,45.0396,9,45.0396,1,1,3,115.654,11.9453
42,0,42,10,200,4,0,67,-64.5685,-118.546,2,18.8995,2,18.8995,1,1,2,115.354,90.8465
42,0,42,10,200,4,0,68,26.3015,-142.05,6,60.0828,6,60.0828,1,1,5,115.844,45.6563
42,0,42,10,200,4,0,69,4.74258,171.677,3,44.1532,3,44.1532,1,1,3,115.655,80.4787
42,0,42,10,200,4,0,70,64.3761,102.315,3,44.7191,3,44.7191,1,1,3,115.656,80.4792
42,0,42,10,200,4,0,71,-21.7418,-54.2965,2,42.1128,2,42.1128,1,1,3,115.656,91.1483
42,0,42,10,200,4,0,72,79.7699,169.851,3,60.1359,3,60.1359,1,1,3,115.657,80.4804
42,0,42,10,200,4,0,73,56.4802,-95.9294,1,52.6584,1,52.6584,1,1,2,115.358,101.934
42,0,42,10,200,4,0,74,-25.6214,134.832,5,35.6492,5,35.6492,1,1,3,115.657,55.853
42,0,42,10,200,4,0,75,67.9867,74.0555,9,57.2987,9,57.2987,1,1,4,115.788,12.0797
42,0,42,10,200,4,0,76,-72.9373,55.7451,8,10.5038,8,10.5038,1,1,3,115.658,23.0303
42,0,42,10,200,4,0,77,-1.05487,165.576,3,42.5363,3,42.5363,1,1,2,115.359,80.183
42,0,42,10,200,4,0,78,-68.4508,167.312,7,25.6939,7,25.6939,1,1,2,115.36,34.1547
42,0,42,10,200,4,0,79,-18.7171,-116.454,6,19.3084,6,19.3084,1,1,3,115.659,45.4713
42,0,42,10,200,4,0,80,32.0798,-0.599747,1,22.9576,1,22.9576,1,1,2,115.548,102.125
42,0,42,10,200,4,0,81,37.3964,-68.3319,1,32.9107,1,32.9107,1,1,2,115.551,102.127
42,0,42,10,200,4,0,82,-69.278,125.656,7,10.9686,7,10.9686,1,1,2,115.552,34.3465
42,0,42,10,200,4,0,83,-3.43906,94.0471,9,16.3994,9,16.3994,1,1,5,115.845,12.136
42,0,42,10,200,4,0,84,81.8027,-177.393,1,92.2491,1,92.2491,1,1,2,115.553,102.13
42,0,42,10,200,4,0,85,42.8622,112.358,3,23.9203,3,23.9203,1,1,3,115.66,80.4836
42,0,42,10,200,4,0,86,52.461,-137.759,1,81.8701,1,81.8701,1,1,2,115.554,102.131
42,0,42,10,200,4,0,87,-60.9695,84.4618,7,10.5383,7,10.5383,1,1,3,115.661,34.4553
42,0,42,10,200,4,0,88,-73.954,171.021,7,23.5892,7,23.5892,1,1,2,115.556,34.3503
42,0,42,10,200,4,0,89,84.2662,-19.1507,1,50.1514,1,50.1514,1,1,2,115.556,102.133
42,0,42,10,200,4,0,90,62.9269,124.506,3,38.6239,3,38.6239,1,1,3,115.661,80.4847
42,0,42,10,200,4,0,91,-62.5476,159.979,7,27.4605,7,27.4605,1,1,3,115.662,34.4563
42,0,42,10,200,4,0,92,0.125473,52.7951,9,36.4641,9,36.4641,1,1,5,115.845,12.1365
42,0,42,10,200,4,0,93,72.7774,43.3494,1,57.2004,1,57.2004,1,1,2,115.559,102.135
42,0,42,10,200,4,0,94,20.0535,-71.8794,1,41.6359,1,41.6359,1,1,2,115.559,102.136
42,0,42,10,200,4,0,95,53.4475,-75.7333,1,39.4275,1,39.4275,1,1,2,115.56,102.136
42,0,42,10,200,4,0,96,53.7604,1.68779,1,28.8222,1,28.8222,1,1,2,115.56,102.137
42,0,42,10,200,4,0,97,17.9674,148.965,3,18.0828,3,18.0828,1,1,3,115.663,80.4862
42,0,42,10,200,4,0,98,-26.3282,-150.943,6,18.3986,6,18.3986,1,1,4,115.79,45.6026
42,0,42,10,200,4,0,99,31.506,-69.0508,1,34.657,1,34.657,1,1,2,115.562,102.139
42,0,42,10,200,4,0,100,-74.1682,-31.2636,0,11.3322,0,11.3322,1,1,1,115.216,115.191
42,0,42,10,200,4,0,101,-68.3466,136.586,7,15.1209,7,15.1209,1,1,2,115.563,34.3574
42,0,42,10,200,4,0,102,5.48862,-78.6323,1,55.7317,1,55.7317,1,1,2,115.563,102.14
42,0,42,10,200,4,0,103,20.5237,43.0693,9,43.6801,9,43.6801,1,1,3,115.734,12.025
42,0,42,10,200,4,0,104,-43.8054,29.5798,8,32.0041,8,32.0041,1,1,3,115.736,23.1082
42,0,42,10,200,4,0,105,-78.0407,-141.757,0,13.9175,0,13.9175,1,1,1,115.219,115.194
42,0,42,10,200,4,0,106,-12.9572,-101.177,6,33.9886,6,33.9886,1,1,3,115.737,45.5495
42,0,42,10,200,4,0,107,-80.889,154.337,7,17.9209,7,17.9209,1,1,2,115.565,34.3601
42,0,42,10,200,4,0,108,65.8092,163.777,3,47.291,3,47.291,1,1,3,115.738,80.5614
42,0,42,10,200,4,0,109,8.84301,-8.27457,1,31.3371,1,31.3371,1,1,2,115.567,102.143
42,0,42,10,200,4,0,110,-44.0513,-55.419,2,24.5408,2,24.5408,1,1,2,115.567,91.0594
42,0,42,10,200,4,0,111,47.996,-160.582,4,84.3399,4,84.3399,1,1,3,115.738,66.3469
42,0,42,10,200,4,0,112,63.1344,-48.0732,1,31.7428,1,31.7428,1,1,2,115.568,102.145
42,0,42,10,200,4,0,113,84.1916,-106.387,1,64.0131,1,64.0131,1,1,2,115.569,102.145
42,0,42,10,200,4,0,114,-9.50831,51.3952,9,41.9027,9,41.9027,1,1,5,115.846,12.1372
42,0,42,10,200,4,0,115,2.28083,12.647,1,50.085,1,50.085,1,1,2,115.57,102.147
42,0,42,10,200,4,0,116,-79.9342,47.8683,8,7.84686,8,7.84686,1,1,3,115.74,23.1117
42,0,42,10,200,4,0,117,-15.3837,31.1089,8,60.5833,8,60.5833,1,1,4,115.791,23.1632
42,0,42,10,200,4,0,118,74.618,-169.72,1,91.7471,1,91.7471,1,1,2,115.572,102.148
42,0,42,10,200,4,0,119,-52.9109,-118.375,2,17.1472,2,17.1472,1,1,2,115.572,91.0644
42,0,42,10,200,4,0,120,19.9299,-81.9033,1,50.1671,1,50.1671,1,1,2,115.573,102.149
42,0,42,10,200,4,0,121,-40.0659,-166.054,4,5.86933,4,5.86933,1,1,3,115.741,66.3495
42,0,42,10,200,4,0,122,-1.53992,-61.9098,1,48.4751,1,48.4751,1,1,2,115.574,102.151
42,0,42,10,200,4,0,123,84.1411,-51.4614,1,51.2636,1,51.2636,1,1,2,115.575,102.151
42,0,42,10,200,4,0,124,-39.0664,5.96826,8,36.8481,8,36.8481,1,1,2,115.577,22.949
42,0,42,10,200,4,0,125,60.132,13.7646,1,38.3068,1,38.3068,1,1,2,115.578,102.154
42,0,42,10,200,4,0,126,65.2746,36.2562,1,51.7105,1,51.7105,1,1,2,115.578,102.155
42,0,42,10,200,4,0,127,16.5914,76.8181,9,11.5508,9,11.5508,1,1,5,115.847,12.1379
42,0,42,10,200,4,0,128,84.0915,21.5661,1,55.8508,1,55.8508,1,1,2,115.58,102.156
42,0,42,10,200,4,0,129,75.2153,-30.8336,1,40.9358,1,40.9358,1,1,2,115.58,102.157
42,0,42,10,200,4,0,130,-53.5194,-25.0077,8,28.7227,8,28.7227,1,1,2,115.581,22.9525
42,0,42,10,200,4,0,131,80.9067,-86.9071,1,56.3007,1,56.3007,1,1,2,115.581,102.158
42,0,42,10,200,4,0,132,-78.5697,-48.954,0,5.7168,0,5.7168,1,1,1,115.241,115.215
42,0,42,10,200,4,0,133,62.1009,172.097,3,48.0136,3,48.0136,1,1,3,115.742,80.5659
42,0,42,10,200,4,0,134,-19.337,-161.62,4,18.3689,4,18.3689,1,1,3,115.743,66.3512
42,0,42,10,200,4,0,135,-63.1391,-178.814,4,27.9007,4,27.9007,1,1,2,115.583,66.1917
42,0,42,10,200,4,0,136,-31.7617,-26.41,8,51.0211,8,51.0211,1,1,3,115.743,23.1153
42,0,42,10,200,4,0,137,-82.4342,113.397,7,12.4977,7,12.4977,1,1,2,115.584,34.3791
42,0,42,10,200,4,0,138,45.8401,-176.586,4,81.7299,4,81.7299,1,1,3,115.744,66.3524
42,0,42,10,200,4,0,139,-59.0323,-166.453,4,23.5351,4,23.5351,1,1,2,115.586,66.1939
42,0,42,10,200,4,0,140,4.691,-177.8,4,40.9169,4,40.9169,1,1,3,115.745,66.3529
42,0,42,10,200,4,0,141,13.656,-40.0687,1,23.4581,1,23.4581,1,1,2,115.587,102.163
42,0,42,10,200,4,0,142,19.2278,-119.505,6,53.2802,6,53.2802,1,1,5,115.847,45.6595
42,0,42,10,200,4,0,143,-71.6253,26.6386,8,4.36693,8,4.36693,1,1,3,115.746,23.1176
42,0,42,10,200,4,0,144,41.0304,-172.82,4,76.7533,4,76.7533,1,1,3,115.746,66.3547
42,0,42,10,200,4,0,145,87.9025,155.022,3,64.7247,3,64.7247,1,1,3,115.747,80.5707
42,0,42,10,200,4,0,146,-8.91389,157.618,3,42.6881,3,42.6881,1,1,2,115.59,80.4131
42,0,42,10,200,4,0,147,-55.9425,5.03284,8,20.1213,8,20.1213,1,1,2,115.59,22.962
42,0,42,10,200,4,0,148,-35.6678,-167.683,4,2.7165,4,2.7165,1,1,3,115.748,66.3561
42,0,42,10,200,4,0,149,-1.43524,69.9904,9,21.8575,9,21.8575,1,1,5,115.848,12.1391
42,0,42,10,200,4,0,150,-74.6516,50.8514,8,8.45183,8,8.45183,1,1,3,115.75,23.1221
42,0,42,10,200,4,0,151,35.5882,-32.8266,1,4.23045,1,4.23045,1,1,2,115.593,102.169
42,0,42,10,200,4,0,152,-77.7793,86.3078,7,7.28514,7,7.28514,1,1,2,115.593,34.3877
42,0,42,10,200,4,0,153,-49.7149,116.122,7,23.7952,7,23.7952,1,1,4,115.793,34.5881
42,0,42,10,200,4,0,154,44.8608,-37.4944,1,12.878,1,12.878,1,1,2,115.594,102.17
42,0,42,10,200,4,0,155,64.8345,-80.8964,1,45.9596,1,45.9596,1,1,2,115.595,102.171
42,0,42,10,200,4,0,156,-17.6474,-23.019,1,52.1863,1,52.1863,1,1,2,115.595,102.172
42,0,42,10,200,4,0,157,29.5174,-176.839,4,65.4771,4,65.4771,1,1,4,115.794,66.4024
42,0,42,10,200,4,0,158,18.7379,95.7842,9,10.6371,9,10.6371,1,1,4,115.795,12.0858
42,0,42,10,200,4,0,159,14.8997,-60.4633,1,35.4004,1,35.4004,1,1,2,115.597,102.173
42,0,42,10,200,4,0,160,51.4821,25.6043,1,42.7934,1,42.7934,1,1,2,115.597,102.174
42,0,42,10,200,4,0,161,-42.7206,-94.8636,2,10.6741,2,10.6741,1,1,2,115.598,91.0899
42,0,42,10,200,4,0,162,1.61134,-17.3261,1,34.2163,1,34.2163,1,1,2,115.599,102.175
42,0,42,10,200,4,0,163,45.0846,111.887,3,25.7697,3,25.7697,1,1,3,115.755,80.5788
42,0,42,10,200,4,0,164,-2.50463,-92.7013,6,47.524,6,47.524,1,1,4,115.814,45.6267
42,0,42,10,200,4,0,165,0.938698,25.6875,1,61.014,1,61.014,1,1,2,115.6,102.176
42,0,42,10,200,4,0,166,69.075,-106.946,1,60.0725,1,60.0725,1,1,2,115.601,102.177
42,0,42,10,200,4,0,167,86.4304,162.592,3,64.4007,3,64.4007,1,1,3,115.756,80.5799
42,0,42,10,200,4,0,168,79.6808,-106.569,1,62.4013,1,62.4013,1,1,2,115.602,102.178
42,0,42,10,200,4,0,169,49.3566,69.0831,9,40.9474,9,40.9474,1,1,4,115.815,12.1067
42,0,42,10,200,4,0,170,17.9683,48.3823,9,38.4195,9,38.4195,1,1,4,115.816,12.1072
42,0,42,10,200,4,0,171,84.0934,-179.358,1,92.1449,1,92.1449,1,1,2,115.603,102.18
42,0,42,10,200,4,0,172,-77.3184,47.2216,8,7.12708,8,7.12708,1,1,3,115.758,23.13
42,0,42,10,200,4,0,173,-88.0988,62.8391,0,9.51336,0,9.51336,1,1,1,115.27,115.244
42,0,42,10,200,4,0,174,-18.4971,33.6019,8,57.7507,8,57.7507,1,1,4,115.817,23.1887
42,0,42,10,200,4,0,175,-88.8121,-114.03,0,5.86772,0,5.86772,1,1,1,115.271,115.246
42,0,42,10,200,4,0,176,-60.3969,-83.0652,2,8.42452,2,8.42452,1,1,2,115.605,91.0971
42,0,42,10,200,4,0,177,-14.4468,62.4289,5,32.7511,5,32.7511,1,1,4,115.817,56.0131
42,0,42,10,200,4,0,178,39.8043,-118.724,1,72.6827,1,72.6827,1,1,2,115.606,102.183
42,0,42,10,200,4,0,179,-2.84203,-105.401,6,38.6911,6,38.6911,1,1,4,115.818,45.6303
42,0,42,10,200,4,0,180,-15.7129,176.193,3,60.5179,3,60.5179,1,1,2,115.607,80.4309
42,0,42,10,200,4,0,181,50.1434,-73.2756,1,37.1378,1,37.1378,1,1,2,115.608,102.184
42,0,42,10,200,4,0,182,-55.3765,93.1477,7,15.4126,7,15.4126,1,1,3,115.761,34.5553
42,0,42,10,200,4,0,183,-45.342,-131.391,6,12.5584,6,12.5584,1,1,3,115.761,45.5735
42,0,42,10,200,4,0,184,83.2894,-171.971,1,89.2614,1,89.2614,1,1,2,115.61,102.186
42,0,42,10,200,4,0,185,58.8459,22.5153,1,42.4595,1,42.4595,1,1,2,115.61,102.187
42,0,42,10,200,4,0,186,28.2057,105.879,3,22.7082,3,22.7082,1,1,3,115.762,80.5853
42,0,42,10,200,4,0,187,11.5785,81.7747,9,5.68436,9,5.68436,1,1,5,115.849,12.1399
42,0,42,10,200,4,0,188,-13.4499,26.9595,8,62.1549,8,62.1549,1,1,4,115.819,23.1909
42,0,42,10,200,4,0,189,-17.6931,116.106,5,20.3082,5,20.3082,1,1,3,115.763,55.9591
42,0,42,10,200,4,0,190,-59.7193,-33.0103,8,25.0729,8,25.0729,1,1,2,115.613,22.9849
42,0,42,10,200,4,0,191,-88.962,-60.2324,0,4.98698,0,4.98698,1,1,1,115.283,115.258
42,0,42,10,200,4,0,192,31.9622,-26.8177,1,2.5222,1,2.5222,1,1,2,115.614,102.19
42,0,42,10,200,4,0,193,-88.9017,-36.4669,0,5.16056,0,5.16056,1,1,1,115.284,115.259
42,0,42,10,200,4,0,194,17.2289,-3.48749,1,27.8462,1,27.8462,1,1,2,115.614,102.191
42,0,42,10,200,4,0,195,19.0663,-176.968,4,55.0828,4,55.0828,1,1,4,115.82,66.428
42,0,42,10,200,4,0,196,-3.64707,-41.5806,1,40.1874,1,40.1874,1,1,2,115.615,102.192
42,0,42,10,200,4,0,197,-35.1217,61.9529,5,31.1113,5,31.1113,1,1,2,115.616,55.8117
42,0,42,10,200,4,0,198,-64.2164,19.0725,8,11.0854,8,11.0854,1,1,3,115.765,23.1364
42,0,42,10,200,4,0,199,55.2808,-141.854,1,83.5326,1,83.5326,1,1,2,115.617,102.194
42,1,43,10,200,4,0,0,-81.2576,8.15625,7,17.9095,7,17.9095,1,1,3,108.156,32.7365
42,1,43,10,200,4,0,1,-61.9798,137.927,2,14.1322,2,14.1322,1,1,3,108.157,87.3856
42,1,43,10,200,4,0,2,-35.5547,-168.047,3,55.0813,3,55.0813,1,1,2,107.961,76.1613
42,1,43,10,200,4,0,3,-12.52,116.147,1,30.5435,1,30.5435,1,1,2,107.962,97.6437
42,1,43,10,200,4,0,4,69.7657,139.799,5,5.45736,5,5.45736,1,1,3,108.158,55.3734
42,1,43,10,200,4,0,5,69.8343,-79.2949,8,23.494,8,23.494,1,1,4,108.284,21.7552
42,1,43,10,200,4,0,6,-66.621,-43.2769,7,42.8264,7,42.8264,1,1,2,107.964,32.5444
42,1,43,10,200,4,0,7,-85.9185,-83.312,7,32.4873,7,32.4873,1,1,3,108.159,32.739
42,1,43,10,200,4,0,8,-27.2091,7.42296,4,56.1263,4,56.1263,1,1,3,108.159,65.9891
42,1,43,10,200,4,0,9,-13.4045,163.284,9,34.1051,9,34.1051,1,1,4,108.285,11.4238
42,1,43,10,200,4,0,10,-66.4982,-72.637,0,49.3963,0,49.3963,1,1,1,107.552,107.521
42,1,43,10,200,4,0,11,68.006,126.007,5,10.2474,5,10.2474,1,1,3,108.16,55.3759
42,1,43,10,200,4,0,12,-2.89001,170.066,9,46.6649,9,46.6649,1,1,4,108.285,11.4243
42,1,43,10,200,4,0,13,12.6836,-91.6352,0,32.1274,0,32.1274,1,1,1,107.554,107.523
42,1,43,10,200,4,0,14,-39.053,118.175,9,20.8216,9,20.8216,1,1,5,108.329,11.4681
42,1,43,10,200,4,0,15,-63.201,-60.6212,0,50.1043,0,50.1043,1,1,1,107.556,107.524
42,1,43,10,200,4,0,16,-26.8341,-70.3615,0,22.1381,0,22.1381,1,1,1,107.556,107.525
42,1,43,10,200,4,0,17,-51.347,55.2223,7,24.3875,7,24.3875,1,1,3,108.162,32.742
42,1,43,10,200,4,0,18,-29.2045,52.266,1,43.8277,1,43.8277,1,1,2,107.97,97.6512
42,1,43,10,200,4,0,19,-4.31524,-98.8775,0,16.1423,0,16.1423,1,1,1,107.558,107.527
42,1,43,10,200,4,0,20,6.03239,-48.9619,8,44.4925,8,44.4925,1,1,2,107.971,21.4415
42,1,43,10,200,4,0,21,0.913773,58.8228,4,26.0979,4,26.0979,1,1,3,108.163,65.9923
42,1,43,10,200,4,0,22,43.8806,9.99059,4,35.5646,4,35.5646,1,1,3,108.163,65.9929
42,1,43,10,200,4,0,23,77.7554,-146.657,6,42.0447,6,42.0447,1,1,3,108.164,44.0792
42,1,43,10,200,4,0,24,-81.2932,-51.2982,7,30.2625,7,30.2625,1,1,3,108.164,32.7443
42,1,43,10,200,4,0,25,-81.6865,-115.583,7,43.638,7,43.638,1,1,2,107.976,32.5566
42,1,43,10,200,4,0,26,28.0324,152.639,5,39.0537,5,39.0537,1,1,3,108.165,55.3804
42,1,43,10,200,4,0,27,-84.7881,-129.715,7,42.0172,7,42.0172,1,1,2,107.981,32.5607
42,1,43,10,200,4,0,28,71.3527,35.791,5,41.7071,5,41.7071,1,1,4,108.287,55.5024
42,1,43,10,200,4,0,29,-20.6753,-115.401,0,21.0434,0,21.0434,1,1,1,107.566,107.534
42,1,43,10,200,4,0,30,-13.0168,12.2475,4,41.961,4,41.961,1,1,3,108.166,65.9956
42,1,43,10,200,4,0,31,1.98907,100.298,1,13.2986,1,13.2986,1,1,2,107.984,97.6652
42,1,43,10,200,4,0,32,60.943,81.2841,5,31.8998,5,31.8998,1,1,4,108.287,55.5029
42,1,43,10,200,4,0,33,-12.2398,-116.523,3,13.7456,3,13.7456,1,1,2,107.985,76.1851
42,1,43,10,200,4,0,34,-23.2249,146.89,9,20.4178,9,20.4178,1,1,4,108.288,11.4266
42,1,43,10,200,4,0,35,-17.7003,145.615,9,25.8977,9,25.8977,1,1,4,108.288,11.4271
42,1,43,10,200,4,0,36,-41.0359,146.427,9,2.70783,9,2.70783,1,1,4,108.289,11.4275
42,1,43,10,200,4,0,37,12.2189,-174.311,3,52.0865,3,52.0865,1,1,2,107.988,76.1877
42,1,43,10,200,4,0,38,-11.7912,-0.0515137,4,50.037,4,50.037,1,1,3,108.168,65.9982
42,1,43,10,200,4,0,39,-70.4838,-6.16891,7,26.9308,7,26.9308,1,1,3,108.169,32.7492
42,1,43,10,200,4,0,40,64.3251,-124.341,6,25.7667,6,25.7667,1,1,3,108.17,44.0852
42,1,43,10,200,4,0,41,29.1241,4.71494,4,33.4701,4,33.4701,1,1,3,108.17,65.9999
42,1,43,10,200,4,0,42,-75.8509,68.672,7,4.06611,7,4.06611,1,1,4,108.289,32.8694
42,1,43,10,200,4,0,43,27.4998,171.004,5,41.4815,5,41.4815,1,1,3,108.171,55.3867
42,1,43,10,200,4,0,44,-37.7685,-166.351,3,55.1278,3,55.1278,1,1,2,107.992,76.1922
42,1,43,10,200,4,0,45,-62.1985,78.4294,7,10.7801,7,10.7801,1,1,4,108.291,32.8708
42,1,43,10,200,4,0,46,12.9483,59.581,4,20.1205,4,20.1205,1,1,3,108.172,66.0019
42,1,43,10,200,4,0,47,-0.636185,-32.2175,8,58.034,8,58.034,1,1,2,107.994,21.465
42,1,43,10,200,4,0,48,-19.5674,154.248,9,25.2259,9,25.2259,1,1,4,108.291,11.43
42,1,43,10,200,4,0,49,15.6297,94.4153,1,18.4435,1,18.4435,1,1,2,107.995,97.6769
42,1,43,10,200,4,0,50,60.5691,175.859,5,12.1062,5,12.1062,1,1,3,108.173,55.389
42,1,43,10,200,4,0,51,30.0151,-140.934,6,24.7242,6,24.7242,1,1,3,108.174,44.0894
42,1,43,10,200,4,0,52,71.1429,-95.5321,8,27.8696,8,27.8696,1,1,4,108.292,21.7624
42,1,43,10,200,4,0,53,-67.6222,-61.2966,7,47.7215,7,47.7215,1,1,2,107.998,32.5782
42,1,43,10,200,4,0,54,42.2082,-96.2121,6,13.089,6,13.089,1,1,3,108.175,44.0904
42,1,43,10,200,4,0,55,56.2673,33.0666,4,37.7709,4,37.7709,1,1,3,108.175,66.0052
42,1,43,10,200,4,0,56,-20.2764,-9.21719,4,62.5445,4,62.5445,1,1,2,108,65.8295
42,1,43,10,200,4,0,57,-71.1092,-12.2545,7,28.3097,7,28.3097,1,1,3,108.176,32.7561
42,1,43,10,200,4,0,58,-60.2726,92.7812,7,13.7714,7,13.7714,1,1,4,108.292,32.8723
42,1,43,10,200,4,0,59,-10.6254,-16.0822,4,62.8592,4,62.8592,1,1,2,108.002,65.8313
42,1,43,10,200,4,0,60,53.2151,34.352,4,34.6233,4,34.6233,1,1,3,108.177,66.007
42,1,43,10,200,4,0,61,-58.8264,-47.6732,0,52.8419,0,52.8419,1,1,1,107.588,107.557
42,1,43,10,200,4,0,62,-43.0335,61.0749,7,31.4681,7,31.4681,1,1,3,108.178,32.7581
42,1,43,10,200,4,0,63,50.0547,54.7983,4,33.6323,4,33.6323,1,1,3,108.178,66.0082
42,1,43,10,200,4,0,64,17.6615,-48.6312,8,33.7257,8,33.7257,1,1,2,108.004,21.4749
42,1,43,10,200,4,0,65,-15.3932,-23.5389,0,66.4421,0,66.4421,1,1,1,107.662,107.63
42,1,43,10,200,4,0,66,-26.3861,-150.756,3,37.15,3,37.15,1,1,2,108.005,76.2045
42,1,43,10,200,4,0,67,7.76367,-90.4864,0,27.2954,0,27.2954,1,1,1,107.663,107.632
42,1,43,10,200,4,0,68,-33.1442,60.2829,1,40.9414,1,40.9414,1,1,2,108.005,97.6868
42,1,43,10,200,4,0,69,14.1085,-161.872,3,40.7578,3,40.7578,1,1,2,108.006,76.2058
42,1,43,10,200,4,0,70,72.0354,-39.2484,8,28.9477,8,28.9477,1,1,6,108.352,21.8231
42,1,43,10,200,4,0,71,25.5973,-76.4819,8,22.4941,8,22.4941,1,1,3,108.179,21.6502
42,1,43,10,200,4,0,72,65.7672,88.9762,5,25.53,5,25.53,1,1,4,108.293,55.5088
42,1,43,10,200,4,0,73,45.6318,-169.011,6,41.6003,6,41.6003,1,1,3,108.181,44.0963
42,1,43,10,200,4,0,74,0.8787,-109.987,3,13.5673,3,13.5673,1,1,2,108.009,76.2084
42,1,43,10,200,4,0,75,-2.54646,-71.8123,0,26.8102,0,26.8102,1,1,1,107.67,107.638
42,1,43,10,200,4,0,76,52.1824,57.2543,4,36.3032,4,36.3032,1,1,3,108.181,66.0111
42,1,43,10,200,4,0,77,30.2573,-161.702,6,40.8944,6,40.8944,1,1,3,108.182,44.0973
42,1,43,10,200,4,0,78,-30.8354,-19.3761,0,67.6662,0,67.6662,1,1,1,107.671,107.64
42,1,43,10,200,4,0,79,36.5481,153.652,5,30.5433,5,30.5433,1,1,3,108.182,55.3979
42,1,43,10,200,4,0,80,55.9963,-137.69,6,23.3345,6,23.3345,1,1,3,108.183,44.0984
42,1,43,10,200,4,0,81,-24.9433,-120.78,3,24.7159,3,24.7159,1,1,2,108.011,76.2112
42,1,43,10,200,4,0,82,-54.2233,145.641,9,10.6308,9,10.6308,1,1,4,108.294,11.4325
42,1,43,10,200,4,0,83,-15.633,5.26511,4,48.6392,4,48.6392,1,1,3,108.184,66.0136
42,1,43,10,200,4,0,84,12.9618,176.951,5,57.2146,5,57.2146,1,1,4,108.294,55.5098
42,1,43,10,200,4,0,85,11.6966,-10.0055,4,48.3668,4,48.3668,1,1,2,108.014,65.8438
42,1,43,10,200,4,0,86,-21.1487,-105.412,0,11.7335,0,11.7335,1,1,1,107.678,107.646
42,1,43,10,200,4,0,87,46.7563,-90.7629,8,15.4346,8,15.4346,1,1,4,108.295,21.7655
42,1,43,10,200,4,0,88,81.782,4.77626,5,42.3352,5,42.3352,1,1,4,108.295,55.5109
42,1,43,10,200,4,0,89,-39.8868,-14.6786,7,61.6332,7,61.6332,1,1,2,108.016,32.596
42,1,43,10,200,4,0,90,37.3945,95.1334,1,39.5471,1,39.5471,1,1,2,108.017,97.6984
42,1,43,10,200,4,0,91,46.7545,-0.84613,4,43.969,4,43.969,1,1,3,108.186,66.0158
42,1,43,10,200,4,0,92,-13.8061,-25.9764,0,64.5102,0,64.5102,1,1,1,107.682,107.651
42,1,43,10,200,4,0,93,8.72589,90.717,1,10.7047,1,10.7047,1,1,2,108.018,97.6996
42,1,43,10,200,4,0,94,67.3237,-89.452,8,23.3026,8,23.3026,1,1,4,108.296,21.7664
42,1,43,10,200,4,0,95,32.1847,66.6402,4,27.8229,4,27.8229,1,1,3,108.187,66.0169
42,1,43,10,200,4,0,96,-23.5712,-165.517,3,47.2021,3,47.2021,1,1,2,108.02,76.2197
42,1,43,10,200,4,0,97,62.9303,24.4112,4,45.5465,4,45.5465,1,1,3,108.188,66.0174
42,1,43,10,200,4,0,98,80.0618,-85.4054,8,33.8696,8,33.8696,1,1,5,108.331,21.8013
42,1,43,10,200,4,0,99,-75.1619,6.0472,7,20.2438,7,20.2438,1,1,3,108.189,32.7688
42,1,43,10,200,4,0,100,-44.2272,53.0694,7,31.8425,7,31.8425,1,1,3,108.191,32.7711
42,1,43,10,200,4,0,101,88.0209,49.2484,5,30.589,5,30.589,1,1,4,108.297,55.5123
42,1,43,10,200,4,0,102,63.8286,89.5544,5,26.4419,5,26.4419,1,1,4,108.297,55.5128
42,1,43,10,200,4,0,103,69.2427,111.221,5,15.5882,5,15.5882,1,1,4,108.298,55.5133
42,1,43,10,200,4,0,104,-42.8347,-121.288,0,33.6645,0,33.6645,1,1,1,107.69,107.659
42,1,43,10,200,4,0,105,-41.7287,169.12,9,17.6641,9,17.6641,1,1,4,108.298,11.4369
42,1,43,10,200,4,0,106,76.9226,-169.948,6,47.9142,6,47.9142,1,1,3,108.194,44.1093
42,1,43,10,200,4,0,107,-5.86324,-53.767,0,40.6472,0,40.6472,1,1,1,107.692,107.661
42,1,43,10,200,4,0,108,-7.96233,-174.275,3,51.2094,3,51.2094,1,1,2,108.03,76.2294
42,1,43,10,200,4,0,109,-71.525,-61.2772,7,42.9025,7,42.9025,1,1,2,108.03,32.6103
42,1,43,10,200,4,0,110,-41.8634,101.319,9,32.3041,9,32.3041,1,1,4,108.299,11.4374
42,1,43,10,200,4,0,111,-87.3185,49.131,7,15.2501,7,15.2501,1,1,4,108.299,32.8792
42,1,43,10,200,4,0,112,57.9011,131.224,5,13.5279,5,13.5279,1,1,3,108.195,55.4109
42,1,43,10,200,4,0,113,-53.2289,95.9256,7,21.1184,7,21.1184,1,1,4,108.3,32.8798
42,1,43,10,200,4,0,114,-67.0909,-76.7816,0,49.1265,0,49.1265,1,1,1,107.697,107.666
42,1,43,10,200,4,0,115,-39.0136,-42.6362,0,48.1623,0,48.1623,1,1,1,107.698,107.666
42,1,43,10,200,4,0,116,78.1439,-81.9854,8,31.7148,8,31.7148,1,1,5,108.331,21.802
42,1,43,10,200,4,0,117,-86.6939,103.945,7,14.391,7,14.391,1,1,4,108.301,32.8808
42,1,43,10,200,4,0,118,-86.2155,145.098,7,17.7862,7,17.7862,1,1,4,108.301,32.8814
42,1,43,10,200,4,0,119,17.5831,-78.1005,8,30.6593,8,30.6593,1,1,3,108.198,21.6687
42,1,43,10,200,4,0,120,-78.0953,131.709,7,14.0444,7,14.0444,1,1,4,108.302,32.882
42,1,43,10,200,4,0,121,-44.4904,177.655,2,21.1621,2,21.1621,1,1,3,108.199,87.4276
42,1,43,10,200,4,0,122,70.8803,79.2927,5,26.6089,5,26.6089,1,1,4,108.302,55.5181
42,1,43,10,200,4,0,123,-28.0561,-54.164,0,36.6231,0,36.6231,1,1,1,107.703,107.672
42,1,43,10,200,4,0,124,42.509,-19.1622,8,35.0799,8,35.0799,1,1,3,108.2,21.671
42,1,43,10,200,4,0,125,32.2794,-178.709,6,53.6061,6,53.6061,1,1,3,108.201,44.1164
42,1,43,10,200,4,0,126,-48.9214,69.9218,7,24.4843,7,24.4843,1,1,3,108.201,32.7816
42,1,43,10,200,4,0,127,25.2111,-162.041,6,43.7078,6,43.7078,1,1,3,108.202,44.1176
42,1,43,10,200,4,0,128,10.5727,123.964,1,38.333,1,38.333,1,1,2,108.039,97.7204
42,1,43,10,200,4,0,129,56.9425,66.9634,5,41.5039,5,41.5039,1,1,4,108.303,55.5186
42,1,43,10,200,4,0,130,-66.4086,-144.142,0,60.0781,0,60.0781,1,1,1,107.708,107.677
42,1,43,10,200,4,0,131,-77.8364,-156.529,7,59.641,7,59.641,1,1,2,108.04,32.6203
42,1,43,10,200,4,0,132,-23.0638,-149.061,3,33.7869,3,33.7869,1,1,2,108.041,76.2406
42,1,43,10,200,4,0,133,63.7078,-38.5587,8,23.6571,8,23.6571,1,1,5,108.332,21.8026
42,1,43,10,200,4,0,134,88.0185,-17.418,5,42.2281,5,42.2281,1,1,5,108.332,55.5481
42,1,43,10,200,4,0,135,31.6704,-160.153,6,39.0247,6,39.0247,1,1,3,108.204,44.1197
42,1,43,10,200,4,0,136,-32.8546,154.36,9,12.9144,9,12.9144,1,1,4,108.304,11.4432
42,1,43,10,200,4,0,137,-81.2493,-103.948,7,41.7185,7,41.7185,1,1,2,108.044,32.6236
42,1,43,10,200,4,0,138,26.8263,-38.6109,8,31.1131,8,31.1131,1,1,3,108.205,21.6761
42,1,43,10,200,4,0,139,10.9438,-41.3294,8,43.0857,8,43.0857,1,1,2,108.045,21.5152
42,1,43,10,200,4,0,140,61.1135,-93.5536,8,20.4628,8,20.4628,1,1,4,108.305,21.7756
42,1,43,10,200,4,0,141,-20.0191,-155.616,3,37.2208,3,37.2208,1,1,2,108.045,76.2453
42,1,43,10,200,4,0,142,78.1841,-169.616,6,48.4775,6,48.4775,1,1,3,108.206,44.1219
42,1,43,10,200,4,0,143,-68.8283,-2.48643,7,27.0999,7,27.0999,1,1,3,108.207,32.787
42,1,43,10,200,4,0,144,67.1742,156.228,5,1.36324,5,1.36324,1,1,3,108.207,55.4231
42,1,43,10,200,4,0,145,-57.7615,-178.469,3,74.8497,3,74.8497,1,1,2,108.048,76.2475
42,1,43,10,200,4,0,146,-83.9569,-91.1958,7,35.8312,7,35.8312,1,1,2,108.048,32.6284
42,1,43,10,200,4,0,147,-77.4991,-34.0413,7,29.2515,7,29.2515,1,1,3,108.208,32.7882
42,1,43,10,200,4,0,148,-30.1282,152.417,9,14.643,9,14.643,1,1,4,108.305,11.4442
42,1,43,10,200,4,0,149,53.7,-64.2193,8,7.09073,8,7.09073,1,1,4,108.306,21.7766
42,1,43,10,200,4,0,150,-22.5004,-9.25917,4,63.9754,4,63.9754,1,1,2,108.05,65.8801
42,1,43,10,200,4,0,151,-22.1863,69.2902,1,27.2993,1,27.2993,1,1,2,108.051,97.7323
42,1,43,10,200,4,0,152,-17.4496,-26.8713,0,62.8059,0,62.8059,1,1,1,107.725,107.694
42,1,43,10,200,4,0,153,72.6709,-161.247,6,42.6679,6,42.6679,1,1,3,108.21,44.1252
42,1,43,10,200,4,0,154,57.2589,-12.7706,8,35.4763,8,35.4763,1,1,4,108.306,21.7771
42,1,43,10,200,4,0,155,-11.2879,56.7447,1,32.0623,1,32.0623,1,1,2,108.053,97.734
42,1,43,10,200,4,0,156,36.8379,117.386,5,37.2719,5,37.2719,1,1,3,108.211,55.4263
42,1,43,10,200,4,0,157,40.5644,50.044,4,23.5386,4,23.5386,1,1,3,108.211,66.0409
42,1,43,10,200,4,0,158,63.885,123.472,5,12.5538,5,12.5538,1,1,3,108.212,55.4273
42,1,43,10,200,4,0,159,-66.2212,82.1185,7,6.81969,7,6.81969,1,1,4,108.307,32.887
42,1,43,10,200,4,0,160,49.8504,-67.9654,8,2.78139,8,2.78139,1,1,4,108.307,21.7782
42,1,43,10,200,4,0,161,41.8248,111.787,5,34.7073,5,34.7073,1,1,3,108.213,55.4287
42,1,43,10,200,4,0,162,10.4194,108.651,1,24.2456,1,24.2456,1,1,2,108.057,97.7383
42,1,43,10,200,4,0,163,-51.1271,140.582,9,8.16361,9,8.16361,1,1,4,108.308,11.4467
42,1,43,10,200,4,0,164,40.5343,-174.854,6,47.2725,6,47.2725,1,1,3,108.214,44.1296
42,1,43,10,200,4,0,165,-51.8184,-143.932,0,52.5519,0,52.5519,1,1,1,107.735,107.704
42,1,43,10,200,4,0,166,-2.05672,31.9906,4,22.2152,4,22.2152,1,1,3,108.215,66.0443
42,1,43,10,200,4,0,167,52.6791,140.987,5,15.5649,5,15.5649,1,1,3,108.215,55.4307
42,1,43,10,200,4,0,168,-87.4404,70.6999,7,14.5424,7,14.5424,1,1,4,108.308,32.8886
42,1,43,10,200,4,0,169,79.8704,119.637,5,15.8744,5,15.8744,1,1,4,108.309,55.5246
42,1,43,10,200,4,0,170,-61.0354,-42.835,7,49.2076,7,49.2076,1,1,2,108.064,32.6438
42,1,43,10,200,4,0,171,-1.80912,131.605,9,43.6371,9,43.6371,1,1,3,108.217,11.3554
42,1,43,10,200,4,0,172,-52.7245,-102.489,0,34.1756,0,34.1756,1,1,1,107.74,107.709
42,1,43,10,200,4,0,173,0.824532,-157.679,3,34.2025,3,34.2025,1,1,2,108.065,76.2646
42,1,43,10,200,4,0,174,-79.5085,49.2067,7,9.70324,7,9.70324,1,1,4,108.31,32.8896
42,1,43,10,200,4,0,175,52.2198,120.684,5,21.98,5,21.98,1,1,3,108.218,55.4333
42,1,43,10,200,4,0,176,80.6206,8.08911,5,42.4398,5,42.4398,1,1,4,108.31,55.5257
42,1,43,10,200,4,0,177,26.2354,2.08008,4,35.4136,4,35.4136,1,1,3,108.255,66.0851
42,1,43,10,200,4,0,178,-31.6298,130.216,9,16.8728,9,16.8728,1,1,4,108.311,11.4494
42,1,43,10,200,4,0,179,-18.6687,-162.191,3,42.3215,3,42.3215,1,1,2,108.068,76.2682
42,1,43,10,200,4,0,180,67.6811,39.0258,5,43.7294,5,43.7294,1,1,4,108.311,55.5267
42,1,43,10,200,4,0,181,-63.0615,-48.7512,7,48.9695,7,48.9695,1,1,2,108.07,32.6497
42,1,43,10,200,4,0,182,-54.4918,159.235,2,11.6036,2,11.6036,1,1,3,108.257,87.4856
42,1,43,10,200,4,0,183,-43.8819,-103.864,0,26.1461,0,26.1461,1,1,1,107.748,107.716
42,1,43,10,200,4,0,184,24.9675,-108.023,6,15.1655,6,15.1655,1,1,3,108.258,44.1733
42,1,43,10,200,4,0,185,-82.1137,107.864,7,11.0162,7,11.0162,1,1,4,108.312,32.8917
42,1,43,10,200,4,0,186,14.571,12.1544,4,26.6144,4,26.6144,1,1,3,108.259,66.0885
42,1,43,10,200,4,0,187,29.7347,103.693,1,34.9538,1,34.9538,1,1,2,108.072,97.7538
42,1,43,10,200,4,0,188,44.8325,-118.882,6,6.81994,6,6.81994,1,1,3,108.259,44.1749
42,1,43,10,200,4,0,189,63.007,110.648,5,18.2154,5,18.2154,1,1,3,108.26,55.4754
42,1,43,10,200,4,0,190,55.1625,50.4536,4,37.3352,4,37.3352,1,1,3,108.26,66.0901
42,1,43,10,200,4,0,191,25.6658,91.5663,1,27.4343,1,27.4343,1,1,2,108.075,97.756
42,1,43,10,200,4,0,192,-60.7286,-76.1975,0,43.2793,0,43.2793,1,1,1,107.755,107.723
42,1,43,10,200,4,0,193,-43.1768,-4.71689,7,53.522,7,53.522,1,1,3,108.261,32.8411
42,1,43,10,200,4,0,194,-62.9905,56.309,7,13.2035,7,13.2035,1,1,4,108.312,32.8922
42,1,43,10,200,4,0,195,6.54608,-170.619,3,47.559,3,47.559,1,1,2,108.076,76.2762
42,1,43,10,200,4,0,196,-42.3326,66.9692,7,31.3493,7,31.3493,1,1,3,108.263,32.8427
42,1,43,10,200,4,0,197,-19.685,-13.6489,4,65.7135,4,65.7135,1,1,2,108.125,65.9548
42,1,43,10,200,4,0,198,23.1021,52.8661,4,13.1132,4,13.1132,1,1,3,108.263,66.0931
42,1,43,10,200,4,0,199,31.2434,-83.8607,8,19.9635,8,19.9635,1,1,4,108.313,21.7834
42,2,44,10,200,4,0,0,-68.9146,-64.3487,2,16.2565,2,16.2565,1,1,3,112.038,90.3488
42,2,44,10,200,4,0,1,64.522,90.0977,0,27.8968,0,27.8968,1,1,1,111.607,111.585
42,2,44,10,200,4,0,2,-85.4848,4.38132,2,19.8528,2,19.8528,1,1,2,111.873,90.184
42,2,44,10,200,4,0,3,-65.5038,3.4384,6,32.0849,6,32.0849,1,1,3,112.038,47.2053
42,2,44,10,200,4,0,4,86.2687,-108.731,1,37.794,1,37.794,1,1,2,111.874,101.183
42,2,44,10,200,4,0,5,88.8392,82.4427,3,30.7836,3,30.7836,1,1,2,111.875,78.9389
42,2,44,10,200,4,0,6,63.4645,102.908,3,26.3449,3,26.3449,1,1,2,111.875,78.9395
42,2,44,10,200,4,0,7,52.3669,153.129,3,12.9894,3,12.9894,1,1,2,111.876,78.94
42,2,44,10,200,4,0,8,85.1912,53.4013,3,35.5116,3,35.5116,1,1,2,111.876,78.9405
42,2,44,10,200,4,0,9,67.943,-42.9234,1,58.9364,1,58.9364,1,1,2,111.877,101.185
42,2,44,10,200,4,0,10,61.3555,-86.4684,1,39.7878,1,39.7878,1,1,2,111.877,101.186
42,2,44,10,200,4,0,11,83.4998,165.194,3,19.178,3,19.178,1,1,2,111.878,78.942
42,2,44,10,200,4,0,12,89.5522,16.8438,3,41.5047,3,41.5047,1,1,2,111.878,78.9425
42,2,44,10,200,4,0,13,-65.6292,-21.2969,2,31.3954,2,31.3954,1,1,2,111.879,90.19
42,2,44,10,200,4,0,14,-68.7368,29.489,6,20.3292,6,20.3292,1,1,3,112.039,47.2058
42,2,44,10,200,4,0,15,1.12473,-95.3028,4,23.42,4,23.42,1,1,3,112.039,68.4535
42,2,44,10,200,4,0,16,72.5701,-48.7066,1,53.9982,1,53.9982,1,1,2,111.881,101.189
42,2,44,10,200,4,0,17,87.3975,154.171,3,23.1589,3,23.1589,1,1,2,111.881,78.9454
42,2,44,10,200,4,0,18,67.8373,-136.213,1,18.5923,1,18.5923,1,1,2,111.882,101.19
42,2,44,10,200,4,0,19,-11.1955,128.212,6,66.1899,6,66.1899,1,1,3,112.04,47.207
42,2,44,10,200,4,0,20,-32.472,-24.7125,5,50.0475,5,50.0475,1,1,3,112.04,57.5185
42,2,44,10,200,4,0,21,15.3274,-118.015,7,1.56177,7,1.56177,1,1,4,112.186,35.7854
42,2,44,10,200,4,0,22,-50.9023,-44.6115,2,39.6043,2,39.6043,1,1,2,111.884,90.1953
42,2,44,10,200,4,0,23,-72.4428,-111.422,2,4.46654,2,4.46654,1,1,3,112.042,90.3528
42,2,44,10,200,4,0,24,-85.6051,171,6,25.3579,6,25.3579,1,1,3,112.042,47.2092
42,2,44,10,200,4,0,25,12.8273,131.501,3,57.0081,3,57.0081,1,1,2,111.886,78.95
42,2,44,10,200,4,0,26,-47.734,12.6542,5,30.1334,5,30.1334,1,1,3,112.043,57.5208
42,2,44,10,200,4,0,27,58.3475,-96.3636,1,35.2326,1,35.2326,1,1,2,111.887,101.195
42,2,44,10,200,4,0,28,-75.251,165.437,6,25.5131,6,25.5131,1,1,3,112.043,47.2102
42,2,44,10,200,4,0,29,31.1698,-107.975,7,18.0232,7,18.0232,1,1,3,112.044,35.6428
42,2,44,10,200,4,0,30,7.46281,-115.411,7,7.52895,7,7.52895,1,1,4,112.187,35.7861
42,2,44,10,200,4,0,31,-11.6391,-19.9341,8,44.8138,8,44.8138,1,1,4,112.188,25.4708
42,2,44,10,200,4,0,32,7.94118,-28.4832,8,57.1132,8,57.1132,1,1,3,112.046,25.3287
42,2,44,10,200,4,0,33,-22.8818,-28.443,8,53.4128,8,53.4128,1,1,4,112.188,25.4713
42,2,44,10,200,4,0,34,7.65208,111.845,0,62.6759,0,62.6759,1,1,1,111.632,111.61
42,2,44,10,200,4,0,35,-40.1155,130.36,6,38.716,6,38.716,1,1,4,112.189,47.3558
42,2,44,10,200,4,0,36,-46.4335,130.424,6,32.8037,6,32.8037,1,1,4,112.189,47.3563
42,2,44,10,200,4,0,37,-83.8275,-14.6716,2,17.7849,2,17.7849,1,1,2,111.892,90.2028
42,2,44,10,200,4,0,38,-47.0938,-132.541,2,31.2523,2,31.2523,1,1,3,112.048,90.3589
42,2,44,10,200,4,0,39,26.9532,-85.3979,7,31.4005,7,31.4005,1,1,4,112.19,35.7888
42,2,44,10,200,4,0,40,-70.7701,-100.439,2,6.99258,2,6.99258,1,1,3,112.049,90.3603
42,2,44,10,200,4,0,41,-66.9486,-57.0082,2,19.8935,2,19.8935,1,1,3,112.05,90.3609
42,2,44,10,200,4,0,42,46.1076,162.798,3,18.2262,3,18.2262,1,1,2,111.895,78.9589
42,2,44,10,200,4,0,43,13.3141,121.713,3,60.2118,3,60.2118,1,1,2,111.895,78.9594
42,2,44,10,200,4,0,44,74.1173,-91.0322,1,36.8212,1,36.8212,1,1,2,111.896,101.204
42,2,44,10,200,4,0,45,-83.1311,-16.8398,2,17.7219,2,17.7219,1,1,2,111.896,90.2075
42,2,44,10,200,4,0,46,-13.2216,-9.54054,8,34.6219,8,34.6219,1,1,3,112.05,25.3333
42,2,44,10,200,4,0,47,71.6131,169.439,3,7.69867,3,7.69867,1,1,2,111.897,78.9618
42,2,44,10,200,4,0,48,70.9881,-82.5374,1,39.9912,1,39.9912,1,1,2,111.898,101.207
42,2,44,10,200,4,0,49,-19.5019,-22.7196,8,47.7009,8,47.7009,1,1,4,112.19,25.4734
42,2,44,10,200,4,0,50,-75.346,60.7653,6,10.0913,6,10.0913,1,1,3,112.051,47.2183
42,2,44,10,200,4,0,51,-36.1798,-63.559,4,46.5078,4,46.5078,1,1,4,112.191,68.6049
42,2,44,10,200,4,0,52,5.59452,-60.0145,4,55.1284,4,55.1284,1,1,4,112.191,68.6056
42,2,44,10,200,4,0,53,50.8847,97.0014,0,28.3339,0,28.3339,1,1,1,111.645,111.622
42,2,44,10,200,4,0,54,-6.2775,-24.3243,8,49.646,8,49.646,1,1,4,112.192,25.4751
42,2,44,10,200,4,0,55,-84.1983,25.9048,6,20.8093,6,20.8093,1,1,3,112.053,47.2205
42,2,44,10,200,4,0,56,27.6183,-122.294,7,13.8138,7,13.8138,1,1,3,112.054,35.6532
42,2,44,10,200,4,0,57,74.4483,-32.5483,0,53.3903,0,53.3903,1,1,1,111.648,111.626
42,2,44,10,200,4,0,58,-69.7479,-4.47507,2,31.8205,2,31.8205,1,1,2,111.902,90.2137
42,2,44,10,200,4,0,59,-45.4176,-171.261,9,38.1242,9,38.1242,1,1,4,112.193,14.4447
42,2,44,10,200,4,0,60,42.2464,-77.0974,7,44.0556,7,44.0556,1,1,3,112.058,35.6569
42,2,44,10,200,4,0,61,-4.05047,-121.95,4,16.7786,4,16.7786,1,1,3,112.062,68.4757
42,2,44,10,200,4,0,62,46.681,-44.8748,7,69.1997,7,69.1997,1,1,2,111.905,35.5039
42,2,44,10,200,4,0,63,-66.2557,55.3382,6,11.8345,6,11.8345,1,1,4,112.193,47.3601
42,2,44,10,200,4,0,64,26.2939,8.48486,8,40.2718,8,40.2718,1,1,2,111.906,25.1893
42,2,44,10,200,4,0,65,-73.6907,81.8958,6,5.07231,6,5.07231,1,1,3,112.063,47.2297
42,2,44,10,200,4,0,66,-55.3749,-39.7409,2,36.4734,2,36.4734,1,1,2,111.907,90.2186
42,2,44,10,200,4,0,67,-80.8316,80.4391,6,12.1481,6,12.1481,1,1,3,112.063,47.2302
42,2,44,10,200,4,0,68,40.1223,120.106,3,35.6184,3,35.6184,1,1,2,111.908,78.9727
42,2,44,10,200,4,0,69,-1.27975,-112.31,4,15.4562,4,15.4562,1,1,3,112.064,68.4779
42,2,44,10,200,4,0,70,-42.1091,9.04393,5,27.4609,5,27.4609,1,1,3,112.064,57.5424
42,2,44,10,200,4,0,71,46.7973,151.018,3,18.7506,3,18.7506,1,1,2,111.91,78.9743
42,2,44,10,200,4,0,72,33.3751,62.4912,0,12.7314,0,12.7314,1,1,1,111.755,111.733
42,2,44,10,200,4,0,73,-30.765,107.254,6,40.4926,6,40.4926,1,1,3,112.065,47.2319
42,2,44,10,200,4,0,74,-60.9919,27.6349,6,25.7969,6,25.7969,1,1,4,112.194,47.3606
42,2,44,10,200,4,0,75,57.9966,142.509,3,11.6412,3,11.6412,1,1,2,111.95,79.0141
42,2,44,10,200,4,0,76,65.2687,-72.1077,1,45.9396,1,45.9396,1,1,2,111.952,101.261
42,2,44,10,200,4,0,77,-79.7208,43.8995,6,15.7575,6,15.7575,1,1,3,112.066,47.233
42,2,44,10,200,4,0,78,31.5087,-111.953,7,17.0944,7,17.0944,1,1,3,112.067,35.6655
42,2,44,10,200,4,0,79,-40.3811,-64.3948,2,44.2831,2,44.2831,1,1,3,112.067,90.3783
42,2,44,10,200,4,0,80,38.266,-48.1436,7,65.3907,7,65.3907,1,1,2,111.955,35.5536
42,2,44,10,200,4,0,81,-81.2495,145.782,6,19.9685,6,19.9685,1,1,3,112.068,47.2347
42,2,44,10,200,4,0,82,46.0578,-144.162,1,10.9961,1,10.9961,1,1,2,111.956,101.264
42,2,44,10,200,4,0,83,23.1106,-7.63979,8,46.968,8,46.968,1,1,2,111.956,25.2394
42,2,44,10,200,4,0,84,77.9719,-136.338,1,26.8844,1,26.8844,1,1,2,111.957,101.265
42,2,44,10,200,4,0,85,30.025,-108.274,7,16.8881,7,16.8881,1,1,3,112.068,35.6672
42,2,44,10,200,4,0,86,26.3528,-26.3555,8,63.1718,8,63.1718,1,1,2,111.958,25.241
42,2,44,10,200,4,0,87,-68.628,-60.5442,2,17.4832,2,17.4832,1,1,3,112.069,90.3801
42,2,44,10,200,4,0,88,-71.9322,-18.7861,2,25.6685,2,25.6685,1,1,2,111.959,90.2702
42,2,44,10,200,4,0,89,-66.6449,-85.8481,2,13.221,2,13.221,1,1,3,112.07,90.3809
42,2,44,10,200,4,0,90,-85.5756,162.704,6,24.0064,6,24.0064,1,1,3,112.07,47.2372
42,2,44,10,200,4,0,91,-61.6696,139.386,6,23.6477,6,23.6477,1,1,3,112.071,47.2377
42,2,44,10,200,4,0,92,-44.7021,-102.781,4,28.8622,4,28.8622,1,1,4,112.194,68.6083
42,2,44,10,200,4,0,93,1.64286,153.613,3,63.1582,3,63.1582,1,1,2,111.962,79.0261
42,2,44,10,200,4,0,94,-17.3669,102.523,6,52.8626,6,52.8626,1,1,3,112.072,47.2389
42,2,44,10,200,4,0,95,-45.3908,-138.202,2,33.858,2,33.858,1,1,3,112.073,90.3839
42,2,44,10,200,4,0,96,-62.8101,-73.2805,2,19.5243,2,19.5243,1,1,3,112.074,90.3848
42,2,44,10,200,4,0,97,-86.2099,146.495,6,21.8829,6,21.8829,1,1,3,112.074,47.2411
42,2,44,10,200,4,0,98,-18.7214,53.8013,5,22.5794,5,22.5794,1,1,2,111.965,57.4427
42,2,44,10,200,4,0,99,-20.5722,-61.499,4,46.7829,4,46.7829,1,1,4,112.195,68.6089
42,2,44,10,200,4,0,100,48.7315,-161.094,1,4.43657,1,4.43657,1,1,2,111.966,101.274
42,2,44,10,200,4,0,101,5.1133,-29.8313,8,57.5347,8,57.5347,1,1,4,112.195,25.4784
42,2,44,10,200,4,0,102,-3.725,52.9705,8,27.85,8,27.85,1,1,3,112.076,25.3588
42,2,44,10,200,4,0,103,44.8123,28.6857,0,19.1137,0,19.1137,1,1,1,111.775,111.753
42,2,44,10,200,4,0,104,-72.9078,136.335,6,17.175,6,17.175,1,1,3,112.076,47.2434
42,2,44,10,200,4,0,105,61.4188,-136.967,1,14.3184,1,14.3184,1,1,2,111.968,101.276
42,2,44,10,200,4,0,106,59.5191,179.498,3,9.23337,3,9.23337,1,1,2,111.968,79.0327
42,2,44,10,200,4,0,107,-88.7903,-150.366,2,12.7905,2,12.7905,1,1,3,112.077,90.3882
42,2,44,10,200,4,0,108,-51.6413,5.70522,5,36.1655,5,36.1655,1,1,3,112.078,57.5557
42,2,44,10,200,4,0,109,-88.3763,41.9836,6,21.4363,6,21.4363,1,1,3,112.078,47.2452
42,2,44,10,200,4,0,110,-35.8857,-87.5341,4,28.3031,4,28.3031,1,1,4,112.196,68.61
42,2,44,10,200,4,0,111,41.8909,-17.3915,0,53.147,0,53.147,1,1,1,111.78,111.758
42,2,44,10,200,4,0,112,9.59267,91.3618,0,47.5109,0,47.5109,1,1,1,111.781,111.758
42,2,44,10,200,4,0,113,-25.4481,161.743,6,67.5567,6,67.5567,1,1,3,112.079,47.2463
42,2,44,10,200,4,0,114,-17.4184,87.9594,6,51.3695,6,51.3695,1,1,3,112.08,47.2468
42,2,44,10,200,4,0,115,-39.8782,-117.374,4,23.9597,4,23.9597,1,1,4,112.197,68.6107
42,2,44,10,200,4,0,116,53.4325,110.47,3,29.137,3,29.137,1,1,2,111.973,79.0373
42,2,44,10,200,4,0,117,16.3975,-80.585,7,34.5678,7,34.5678,1,1,4,112.197,35.7961
42,2,44,10,200,4,0,118,-8.27967,-57.5806,4,52.5292,4,52.5292,1,1,4,112.198,68.6118
42,2,44,10,200,4,0,119,64.0503,17.6251,0,29.1982,0,29.1982,1,1,1,111.786,111.763
42,2,44,10,200,4,0,120,-50.6229,70.9382,6,19.5817,6,19.5817,1,1,4,112.198,47.3653
42,2,44,10,200,4,0,121,30.3292,-162.207,1,22.5391,1,22.5391,1,1,2,111.975,101.284
42,2,44,10,200,4,0,122,35.2183,63.0778,0,11.2678,0,11.2678,1,1,1,111.788,111.765
42,2,44,10,200,4,0,123,-66.2867,147.154,6,23.6731,6,23.6731,1,1,3,112.083,47.2496
42,2,44,10,200,4,0,124,-55.6085,-129.326,2,22.3403,2,22.3403,1,1,3,112.083,90.3944
42,2,44,10,200,4,0,125,4.56875,-2.9883,8,32.2207,8,32.2207,1,1,3,112.084,25.3668
42,2,44,10,200,4,0,126,-18.4301,-87.0808,4,22.5816,4,22.5816,1,1,4,112.201,68.6148
42,2,44,10,200,4,0,127,79.8101,162.325,3,15.4769,3,15.4769,1,1,2,111.978,79.0421
42,2,44,10,200,4,0,128,-87.8595,-71.2759,2,12.2489,2,12.2489,1,1,3,112.085,90.3962
42,2,44,10,200,4,0,129,72.0339,-30.5558,0,52.5688,0,52.5688,1,1,1,111.793,111.771
42,2,44,10,200,4,0,130,-81.6582,-115.689,2,4.79469,2,4.79469,1,1,3,112.086,90.3968
42,2,44,10,200,4,0,131,16.0352,123.548,3,56.8329,3,56.8329,1,1,2,111.979,79.0437
42,2,44,10,200,4,0,132,87.3907,-115.135,1,37.7007,1,37.7007,1,1,2,111.98,101.289
42,2,44,10,200,4,0,133,-68.5183,-21.7779,2,28.2446,2,28.2446,1,1,2,111.981,90.2919
42,2,44,10,200,4,0,134,3.6424,171.064,3,61.081,3,61.081,1,1,2,111.981,79.0455
42,2,44,10,200,4,0,135,87.9236,86.039,3,29.9126,3,29.9126,1,1,2,111.982,79.046
42,2,44,10,200,4,0,136,31.0012,56.5055,0,13.9674,0,13.9674,1,1,1,111.798,111.776
42,2,44,10,200,4,0,137,51.9158,-47.5612,1,67.4148,1,67.4148,1,1,2,111.982,101.291
42,2,44,10,200,4,0,138,-30.2083,151.258,6,57.5078,6,57.5078,1,1,3,112.086,47.2531
42,2,44,10,200,4,0,139,-40.2036,8.36639,5,26.5639,5,26.5639,1,1,3,112.087,57.5647
42,2,44,10,200,4,0,140,-79.034,108.73,6,12.1181,6,12.1181,1,1,3,112.087,47.2541
42,2,44,10,200,4,0,141,-87.311,-14.9281,2,16.9732,2,16.9732,1,1,2,111.985,90.2959
42,2,44,10,200,4,0,142,-79.1753,164.998,6,24.2845,6,24.2845,1,1,3,112.088,47.2547
42,2,44,10,200,4,0,143,-16.3014,-154.07,9,7.06788,9,7.06788,1,1,5,112.252,14.5044
42,2,44,10,200,4,0,144,-43.1388,-68.5352,2,40.2868,2,40.2868,1,1,3,112.089,90.4001
42,2,44,10,200,4,0,145,-2.31265,-69.5942,4,42.9964,4,42.9964,1,1,4,112.202,68.616
42,2,44,10,200,4,0,146,-2.11194,-152.555,9,8.45623,9,8.45623,1,1,5,112.253,14.5053
42,2,44,10,200,4,0,147,-63.0228,-9.44241,2,37.95,2,37.95,1,1,2,111.988,90.2994
42,2,44,10,200,4,0,148,-43.8447,-83.0823,2,36.1179,2,36.1179,1,1,3,112.091,90.4019
42,2,44,10,200,4,0,149,74.3899,99.5953,3,24.428,3,24.428,1,1,2,111.989,79.0537
42,2,44,10,200,4,0,150,-46.0091,144.627,6,39.1245,6,39.1245,1,1,5,112.254,47.4208
42,2,44,10,200,4,0,151,2.81718,149.984,3,62.4302,3,62.4302,1,1,2,111.99,79.0547
42,2,44,10,200,4,0,152,10.5662,-70.5341,7,44.9986,7,44.9986,1,1,4,112.204,35.8026
42,2,44,10,200,4,0,153,-38.7885,140.716,6,44.2741,6,44.2741,1,1,4,112.204,47.3712
42,2,44,10,200,4,0,154,-49.638,22.0158,5,29.1814,5,29.1814,1,1,3,112.093,57.5708
42,2,44,10,200,4,0,155,-15.4589,-77.3439,4,32.0678,4,32.0678,1,1,4,112.205,68.6188
42,2,44,10,200,4,0,156,-24.627,-25.5397,8,50.9593,8,50.9593,1,1,4,112.205,25.4883
42,2,44,10,200,4,0,157,43.864,-27.6045,0,59.4921,0,59.4921,1,1,1,111.814,111.791
42,2,44,10,200,4,0,158,-20.2707,-124.875,4,13.9325,4,13.9325,1,1,4,112.207,68.6209
42,2,44,10,200,4,0,159,-0.837036,53.1809,8,28.9282,8,28.9282,1,1,3,112.095,25.3781
42,2,44,10,200,4,0,160,-6.705,173.701,3,71.683,3,71.683,1,1,2,111.994,79.0588
42,2,44,10,200,4,0,161,81.7934,162.366,3,17.46,3,17.46,1,1,2,111.995,79.0593
42,2,44,10,200,4,0,162,-79.4271,-142.459,2,6.63975,2,6.63975,1,1,3,112.097,90.4084
42,2,44,10,200,4,0,163,-13.5381,-66.5437,4,42.7368,4,42.7368,1,1,4,112.207,68.6215
42,2,44,10,200,4,0,164,-22.7706,-58.2966,4,49.7014,4,49.7014,1,1,4,112.208,68.622
42,2,44,10,200,4,0,165,-73.4742,42.4407,6,14.7347,6,14.7347,1,1,3,112.1,47.2672
42,2,44,10,200,4,0,166,-46.8348,38.686,5,26.6662,5,26.6662,1,1,3,112.101,57.5789
42,2,44,10,200,4,0,167,6.21243,107.463,0,60.6953,0,60.6953,1,1,1,111.821,111.798
42,2,44,10,200,4,0,168,74.0759,114.848,3,19.6014,3,19.6014,1,1,2,111.998,79.0628
42,2,44,10,200,4,0,169,34.0893,-131.124,7,23.3581,7,23.3581,1,1,3,112.101,35.7004
42,2,44,10,200,4,0,170,-21.5682,-142.739,9,17.8072,9,17.8072,1,1,5,112.254,14.5066
42,2,44,10,200,4,0,171,-14.234,87.6096,6,54.5457,6,54.5457,1,1,3,112.14,47.3072
42,2,44,10,200,4,0,172,5.86057,-120.74,7,9.99469,7,9.99469,1,1,4,112.209,35.808
42,2,44,10,200,4,0,173,-59.9975,151.18,6,29.6925,6,29.6925,1,1,3,112.144,47.3107
42,2,44,10,200,4,0,174,-32.8074,58.331,5,27.8573,5,27.8573,1,1,2,112.002,57.48
42,2,44,10,200,4,0,175,12.1803,100.975,0,51.5551,0,51.5551,1,1,1,111.827,111.805
42,2,44,10,200,4,0,176,26.0158,7.94739,8,40.2519,8,40.2519,1,1,2,112.003,25.2856
42,2,44,10,200,4,0,177,41.6707,73.1774,0,13.1616,0,13.1616,1,1,1,111.829,111.806
42,2,44,10,200,4,0,178,22.7442,-123.735,7,10.4255,7,10.4255,1,1,3,112.145,35.7437
42,2,44,10,200,4,0,179,-86.6831,179.947,6,26.9101,6,26.9101,1,1,3,112.145,47.3125
42,2,44,10,200,4,0,180,-1.01576,-140.315,9,18.231,9,18.231,1,1,5,112.255,14.5072
42,2,44,10,200,4,0,181,21.194,84.2988,0,33.7696,0,33.7696,1,1,1,111.831,111.809
42,2,44,10,200,4,0,182,39.1857,-125.187,7,25.48,7,25.48,1,1,3,112.147,35.7462
42,2,44,10,200,4,0,183,5.8808,46.5232,8,26.3122,8,26.3122,1,1,3,112.148,25.4312
42,2,44,10,200,4,0,184,84.8303,-100.06,1,38.4121,1,38.4121,1,1,2,112.006,101.315
42,2,44,10,200,4,0,185,47.6996,-53.4757,7,63.0027,7,63.0027,1,1,3,112.149,35.748
42,2,44,10,200,4,0,186,-31.3995,-113.069,4,14.9057,4,14.9057,1,1,4,112.21,68.6245
42,2,44,10,200,4,0,187,-72.9331,128.922,6,14.8235,6,14.8235,1,1,3,112.151,47.3179
42,2,44,10,200,4,0,188,-26.9044,-85.8611,4,25.2332,4,25.2332,1,1,4,112.211,68.6251
42,2,44,10,200,4,0,189,50.0509,60.5766,0,6.08455,0,6.08455,1,1,1,111.836,111.814
42,2,44,10,200,4,0,190,76.235,-55.5375,1,50.0332,1,50.0332,1,1,2,112.009,101.317
42,2,44,10,200,4,0,191,-9.22409,24.5016,8,1.51948,8,1.51948,1,1,3,112.153,25.4358
42,2,44,10,200,4,0,192,66.205,-115.107,1,25.5874,1,25.5874,1,1,2,112.01,101.318
42,2,44,10,200,4,0,193,-41.1605,-2.10164,5,33.9145,5,33.9145,1,1,3,112.154,57.6316
42,2,44,10,200,4,0,194,-29.4209,-75.6872,4,34.6498,4,34.6498,1,1,4,112.212,68.6257
42,2,44,10,200,4,0,195,-1.07718,119.127,6,73.0598,6,73.0598,1,1,2,112.011,47.1784
42,2,44,10,200,4,0,196,-18.0009,-139.766,9,18.2407,9,18.2407,1,1,5,112.256,14.5079
42,2,44,10,200,4,0,197,11.7128,-137.631,7,20.8568,7,20.8568,1,1,4,112.213,35.8118
42,2,44,10,200,4,0,198,-42.4768,-144.813,9,34.475,9,34.475,1,1,4,112.213,14.4655
42,2,44,10,200,4,0,199,44.4464,-95.293,7,34.7795,7,34.7795,1,1,3,112.158,35.7566
42,3,45,10,200,4,0,0,-55.178,-133.308,4,32.3901,4,32.3901,1,1,2,110.728,68.2615
42,3,45,10,200,4,0,1,-78.5569,-134.676,2,33.0962,2,33.0962,1,1,2,110.768,90.1169
42,3,45,10,200,4,0,2,-43.2168,-2.05261,7,42.0677,7,42.0677,1,1,5,111.14,34.4855
42,3,45,10,200,4,0,3,63.1763,76.1299,3,25.0164,3,25.0164,1,1,3,110.957,79.9657
42,3,45,10,200,4,0,4,13.5496,-173.659,0,18.5566,0,18.5566,1,1,1,110.509,110.48
42,3,45,10,200,4,0,5,21.132,-113.688,0,39.0936,0,39.0936,1,1,1,110.51,110.48
42,3,45,10,200,4,0,6,-74.5081,-102.968,4,25.5678,4,25.5678,1,1,3,110.957,68.4907
42,3,45,10,200,4,0,7,-77.8934,-146.255,2,36.1413,2,36.1413,1,1,2,110.773,90.1218
42,3,45,10,200,4,0,8,-67.6545,103.321,9,9.15054,9,9.15054,1,1,5,111.141,12.6474
42,3,45,10,200,4,0,9,61.5318,-57.8343,6,59.5202,6,59.5202,1,1,2,110.775,46.5585
42,3,45,10,200,4,0,10,-78.1432,-95.4746,4,27.7225,4,27.7225,1,1,3,110.959,68.4919
42,3,45,10,200,4,0,11,15.6532,31.4287,3,56.5953,3,56.5953,1,1,3,110.959,79.968
42,3,45,10,200,4,0,12,4.60692,59.2089,3,44.7191,3,44.7191,1,1,3,110.96,79.9685
42,3,45,10,200,4,0,13,-49.2989,-125.243,4,29.228,4,29.228,1,1,2,110.778,68.3118
42,3,45,10,200,4,0,14,0.635361,-47.0789,6,28.3944,6,28.3944,1,1,4,111.098,46.882
42,3,45,10,200,4,0,15,68.6242,70.9148,3,31.0096,3,31.0096,1,1,3,110.961,79.9699
42,3,45,10,200,4,0,16,-0.19339,160.135,1,28.1469,1,28.1469,1,1,2,110.781,100.289
42,3,45,10,200,4,0,17,58.1194,93.1796,3,18.7385,3,18.7385,1,1,3,110.962,79.9704
42,3,45,10,200,4,0,18,-10.959,62.5913,9,55.5653,9,55.5653,1,1,4,111.099,12.6058
42,3,45,10,200,4,0,19,-5.34523,-174.819,0,31.5513,0,31.5513,1,1,1,110.521,110.491
42,3,45,10,200,4,0,20,34.4663,-148.426,0,16.0915,0,16.0915,1,1,1,110.522,110.492
42,3,45,10,200,4,0,21,-54.2535,99.9163,9,13.3841,9,13.3841,1,1,5,111.141,12.6481
42,3,45,10,200,4,0,22,-35.697,-84.2938,4,15.9327,4,15.9327,1,1,2,110.785,68.3179
42,3,45,10,200,4,0,23,66.8305,-26.7031,6,74.4157,6,74.4157,1,1,3,110.963,46.7468
42,3,45,10,200,4,0,24,-80.4864,76.7246,7,7.02011,7,7.02011,1,1,4,111.1,34.4458
42,3,45,10,200,4,0,25,47.7313,-137.259,0,31.9045,0,31.9045,1,1,1,110.525,110.496
42,3,45,10,200,4,0,26,80.625,-53.231,6,78.4886,6,78.4886,1,1,3,110.964,46.7478
42,3,45,10,200,4,0,27,37.0848,-9.5361,6,70.0091,6,70.0091,1,1,3,110.965,46.7484
42,3,45,10,200,4,0,28,-87.0111,155.572,2,1.63648,2,1.63648,1,1,3,110.965,90.3139
42,3,45,10,200,4,0,29,22.6107,7.2486,3,72.3005,3,72.3005,1,1,3,110.966,79.9748
42,3,45,10,200,4,0,30,-35.7535,2.46976,7,48.3006,7,48.3006,1,1,5,111.142,34.4878
42,3,45,10,200,4,0,31,-50.9183,108.106,9,19.1332,9,19.1332,1,1,5,111.143,12.6496
42,3,45,10,200,4,0,32,-8.69781,-165.598,0,30.0839,0,30.0839,1,1,1,110.53,110.501
42,3,45,10,200,4,0,33,10.6429,140.686,1,7.26265,1,7.26265,1,1,2,110.792,100.3
42,3,45,10,200,4,0,34,38.4967,-169.405,0,22.5308,0,22.5308,1,1,1,110.532,110.502
42,3,45,10,200,4,0,35,72.9338,-34.0739,3,76.258,3,76.258,1,1,2,110.793,79.8021
42,3,45,10,200,4,0,36,-68.9155,-142.639,4,36.0491,4,36.0491,1,1,3,110.968,68.5011
42,3,45,10,200,4,0,37,-57.0788,-29.2251,4,30.0605,4,30.0605,1,1,3,110.968,68.5017
42,3,45,10,200,4,0,38,-23.4666,-160.497,0,43.3781,0,43.3781,1,1,1,110.535,110.505
42,3,45,10,200,4,0,39,62.0359,-27.906,6,70.4791,6,70.4791,1,1,3,110.969,46.7525
42,3,45,10,200,4,0,40,48.114,39.5345,3,36.9181,3,36.9181,1,1,3,110.97,79.9784
42,3,45,10,200,4,0,41,7.41748,77.4781,3,33.9218,3,33.9218,1,1,3,110.97,79.979
42,3,45,10,200,4,0,42,83.1517,-90.9954,0,75.1789,0,75.1789,1,1,1,110.538,110.508
42,3,45,10,200,4,0,43,-56.029,172.281,2,33.437,2,33.437,1,1,3,110.971,90.3192
42,3,45,10,200,4,0,44,-57.7118,113.163,9,16.2507,9,16.2507,1,1,5,111.144,12.6504
42,3,45,10,200,4,0,45,-0.235039,-6.93063,6,68.4692,6,68.4692,1,1,6,111.182,46.966
42,3,45,10,200,4,0,46,-32.1834,77.6933,9,32.2162,9,32.2162,1,1,5,111.145,12.6517
42,3,45,10,200,4,0,47,-39.4122,98.2375,9,26.6676,9,26.6676,1,1,5,111.146,12.6524
42,3,45,10,200,4,0,48,46.0477,122.461,8,23.2782,8,23.2782,1,1,4,111.104,23.2661
42,3,45,10,200,4,0,49,29.462,-10.9111,6,66.7992,6,66.7992,1,1,3,110.975,46.7581
42,3,45,10,200,4,0,50,66.5283,24.7915,3,47.2523,3,47.2523,1,1,3,110.975,79.984
42,3,45,10,200,4,0,51,67.5075,175.226,1,57.192,1,57.192,1,1,2,110.805,100.313
42,3,45,10,200,4,0,52,31.0761,-159.143,0,11.969,0,11.969,1,1,1,110.545,110.515
42,3,45,10,200,4,0,53,-16.9998,-164.781,0,37.799,0,37.799,1,1,1,110.546,110.516
42,3,45,10,200,4,0,54,-69.8196,-89.9278,4,19.2386,4,19.2386,1,1,3,110.976,68.509
42,3,45,10,200,4,0,55,-6.34353,136.589,1,23.7636,1,23.7636,1,1,2,110.806,100.314
42,3,45,10,200,4,0,56,64.8033,-177.852,0,48.1707,0,48.1707,1,1,1,110.548,110.518
42,3,45,10,200,4,0,57,17.0335,115.91,8,8.14777,8,8.14777,1,1,3,110.976,23.1388
42,3,45,10,200,4,0,58,-44.4238,102.009,9,22.8523,9,22.8523,1,1,5,111.147,12.6534
42,3,45,10,200,4,0,59,54.0957,-24.2711,6,67.2131,6,67.2131,1,1,3,110.977,46.761
42,3,45,10,200,4,0,60,17.5862,-72.2786,6,14.0484,6,14.0484,1,1,4,111.105,46.8883
42,3,45,10,200,4,0,61,74.3991,150.806,3,48.343,3,48.343,1,1,3,110.979,79.9875
42,3,45,10,200,4,0,62,-87.2926,-110.026,2,9.28579,2,9.28579,1,1,2,110.811,90.1597
42,3,45,10,200,4,0,63,34.5216,97.5101,3,8.25095,3,8.25095,1,1,3,110.979,79.9881
42,3,45,10,200,4,0,64,-83.7825,-52.0329,2,14.0874,2,14.0874,1,1,2,110.812,90.1611
42,3,45,10,200,4,0,65,-46.7005,145.492,9,39.7858,9,39.7858,1,1,4,111.106,12.6123
42,3,45,10,200,4,0,66,76.3793,-138.386,0,57.8979,0,57.8979,1,1,1,110.609,110.58
42,3,45,10,200,4,0,67,70.3586,34.9108,3,43.8741,3,43.8741,1,1,3,110.98,79.9892
42,3,45,10,200,4,0,68,-58.7643,-73.2825,4,8.33235,4,8.33235,1,1,3,110.981,68.5142
42,3,45,10,200,4,0,69,25.0648,-77.1678,6,21.2833,6,21.2833,1,1,3,110.981,46.7649
42,3,45,10,200,4,0,70,8.39488,-142.557,0,16.7318,0,16.7318,1,1,1,110.612,110.583
42,3,45,10,200,4,0,71,-60.2894,-33.6036,4,27.4034,4,27.4034,1,1,3,110.982,68.5154
42,3,45,10,200,4,0,72,-70.2048,93.4882,9,7.32793,9,7.32793,1,1,5,111.147,12.6542
42,3,45,10,200,4,0,73,-48.8467,-49.257,4,19.6359,4,19.6359,1,1,3,110.983,68.5167
42,3,45,10,200,4,0,74,7.7486,-169.502,0,18.1516,0,18.1516,1,1,1,110.616,110.586
42,3,45,10,200,4,0,75,53.2359,-129.33,0,39.6179,0,39.6179,1,1,1,110.616,110.587
42,3,45,10,200,4,0,76,-30.8903,75.2701,9,33.7043,9,33.7043,1,1,5,111.148,12.6549
42,3,45,10,200,4,0,77,-79.2624,-56.3659,7,22.9601,7,22.9601,1,1,3,110.984,34.3302
42,3,45,10,200,4,0,78,72.622,90.5184,3,33.0747,3,33.0747,1,1,3,110.985,79.994
42,3,45,10,200,4,0,79,-69.4279,157.679,2,19.2862,2,19.2862,1,1,3,110.986,90.3342
42,3,45,10,200,4,0,80,-70.7573,-52.2567,4,23.5745,4,23.5745,1,1,3,110.986,68.5196
42,3,45,10,200,4,0,81,61.5853,-168.756,0,43.1942,0,43.1942,1,1,1,110.621,110.591
42,3,45,10,200,4,0,82,-5.32133,83.8877,3,45.1745,3,45.1745,1,1,3,110.987,79.9957
42,3,45,10,200,4,0,83,23.0774,51.8287,3,36.018,3,36.018,1,1,3,110.987,79.9963
42,3,45,10,200,4,0,84,-84.6974,-83.7156,2,14.0451,2,14.0451,1,1,2,110.824,90.1727
42,3,45,10,200,4,0,85,77.3305,27.395,3,49.7731,3,49.7731,1,1,3,110.988,79.9969
42,3,45,10,200,4,0,86,-23.1365,-145.918,0,43.7718,0,43.7718,1,1,1,110.624,110.594
42,3,45,10,200,4,0,87,86.8957,-6.68245,3,64.1218,3,64.1218,1,1,2,110.826,79.8345
42,3,45,10,200,4,0,88,63.7851,-103.902,0,58.5488,0,58.5488,1,1,1,110.626,110.596
42,3,45,10,200,4,0,89,62.0303,-36.9325,6,66.4937,6,66.4937,1,1,3,110.988,46.772
42,3,45,10,200,4,0,90,-46.702,50.5324,9,25.214,9,25.214,1,1,5,111.149,12.6556
42,3,45,10,200,4,0,91,6.86856,24.8155,3,67.6959,3,67.6959,1,1,3,110.99,79.9987
42,3,45,10,200,4,0,92,-27.0987,35.2123,9,49.7094,9,49.7094,1,1,6,111.184,12.6912
42,3,45,10,200,4,0,93,74.2248,-88.9536,0,70.9973,0,70.9973,1,1,1,110.63,110.6
42,3,45,10,200,4,0,94,-27.1346,-170.406,0,49.0938,0,49.0938,1,1,1,110.631,110.601
42,3,45,10,200,4,0,95,-55.6373,-15.7838,7,33.7757,7,33.7757,1,1,4,111.108,34.4538
42,3,45,10,200,4,0,96,-21.3314,-168.104,0,42.8757,0,42.8757,1,1,1,110.632,110.602
42,3,45,10,200,4,0,97,-2.2699,126.695,1,22.5765,1,22.5765,1,1,2,110.83,100.337
42,3,45,10,200,4,0,98,47.8918,-138.385,0,31.6106,0,31.6106,1,1,1,110.633,110.604
42,3,45,10,200,4,0,99,-0.738335,106.389,8,28.0962,8,28.0962,1,1,3,110.993,23.1555
42,3,45,10,200,4,0,100,-21.0503,-26.8157,4,52.2459,4,52.2459,1,1,3,110.994,68.527
42,3,45,10,200,4,0,101,-23.108,91.6265,9,41.6599,9,41.6599,1,1,5,111.15,12.6568
42,3,45,10,200,4,0,102,3.63321,-52.4246,6,22.8392,6,22.8392,1,1,4,111.111,46.8941
42,3,45,10,200,4,0,103,-47.528,-45.1633,4,22.7265,4,22.7265,1,1,3,110.995,68.5288
42,3,45,10,200,4,0,104,11.8367,-150.995,0,8.83167,0,8.83167,1,1,1,110.637,110.608
42,3,45,10,200,4,0,105,48.9521,110.27,3,17.7062,3,17.7062,1,1,3,110.996,80.0049
42,3,45,10,200,4,0,106,39.7685,-68.3587,6,36.4865,6,36.4865,1,1,3,110.997,46.7801
42,3,45,10,200,4,0,107,-22.4575,-154.66,0,42.0696,0,42.0696,1,1,1,110.639,110.609
42,3,45,10,200,4,0,108,73.4268,-76.4653,6,69.5751,6,69.5751,1,1,2,110.834,46.6176
42,3,45,10,200,4,0,109,-31.807,-87.4156,5,12.9172,5,12.9172,1,1,3,110.997,58.2395
42,3,45,10,200,4,0,110,-33.4357,5.11137,7,49.8651,7,49.8651,1,1,5,111.151,34.4963
42,3,45,10,200,4,0,111,38.4003,70.466,3,14.7015,3,14.7015,1,1,3,110.998,80.0072
42,3,45,10,200,4,0,112,8.50368,-107.739,5,32.4615,5,32.4615,1,1,2,110.837,58.0789
42,3,45,10,200,4,0,113,8.58028,-67.2089,6,9.33741,6,9.33741,1,1,4,111.112,46.8952
42,3,45,10,200,4,0,114,-33.0621,-164.316,0,53.4146,0,53.4146,1,1,1,110.643,110.614
42,3,45,10,200,4,0,115,-70.41,71.7752,9,7.42467,9,7.42467,1,1,5,111.151,12.6581
42,3,45,10,200,4,0,116,-5.56589,-7.03603,6,68.9153,6,68.9153,1,1,6,111.185,46.9686
42,3,45,10,200,4,0,117,-8.29915,176.135,1,45.9592,1,45.9592,1,1,2,110.839,100.347
42,3,45,10,200,4,0,118,60.2697,68.3457,3,24.7296,3,24.7296,1,1,3,111.001,80.0097
42,3,45,10,200,4,0,119,-24.5143,-35.7872,4,43.7204,4,43.7204,1,1,3,111.002,68.5348
42,3,45,10,200,4,0,120,48.6752,-131.124,0,35.3168,0,35.3168,1,1,1,110.647,110.618
42,3,45,10,200,4,0,121,-52.7589,-3.11269,7,32.6866,7,32.6866,1,1,5,111.152,34.4982
42,3,45,10,200,4,0,122,-9.74155,29.5673,7,67.9716,7,67.9716,1,1,5,111.153,34.4989
42,3,45,10,200,4,0,123,11.1134,-52.6295,6,23.6304,6,23.6304,1,1,4,111.114,46.8978
42,3,45,10,200,4,0,124,66.551,138.613,3,40.0844,3,40.0844,1,1,3,111.004,80.0127
42,3,45,10,200,4,0,125,19.9774,-113.769,0,39.1334,0,39.1334,1,1,1,110.651,110.621
42,3,45,10,200,4,0,126,-18.1379,-63.2446,6,25.0432,6,25.0432,1,1,4,111.115,46.8983
42,3,45,10,200,4,0,127,68.3483,160.732,3,50.9429,3,50.9429,1,1,3,111.005,80.0138
42,3,45,10,200,4,0,128,4.50807,-26.1428,6,49.0422,6,49.0422,1,1,5,111.154,46.9373
42,3,45,10,200,4,0,129,-43.2387,122.892,9,31.813,9,31.813,1,1,4,111.116,12.6227
42,3,45,10,200,4,0,130,-5.22943,-47.2974,6,29.4492,6,29.4492,1,1,4,111.116,46.9
42,3,45,10,200,4,0,131,7.33353,158.409,1,22.4127,1,22.4127,1,1,2,110.846,100.354
42,3,45,10,200,4,0,132,62.8333,178.069,1,54.8581,1,54.8581,1,1,2,110.847,100.355
42,3,45,10,200,4,0,133,77.272,66.2059,3,39.6133,3,39.6133,1,1,3,111.007,80.016
42,3,45,10,200,4,0,134,33.2073,-74.4846,6,29.3602,6,29.3602,1,1,3,111.008,46.7912
42,3,45,10,200,4,0,135,-74.7906,-16.2351,7,16.7146,7,16.7146,1,1,3,111.008,34.354
42,3,45,10,200,4,0,136,-12.8045,-75.0989,5,16.4689,5,16.4689,1,1,3,111.009,58.2512
42,3,45,10,200,4,0,137,80.3261,134.908,3,46.7315,3,46.7315,1,1,3,111.009,80.0183
42,3,45,10,200,4,0,138,67.2342,2.879,3,58.5069,3,58.5069,1,1,3,111.01,80.0188
42,3,45,10,200,4,0,139,-48.8608,87.5704,9,15.6326,9,15.6326,1,1,5,111.157,12.6637
42,3,45,10,200,4,0,140,-19.2541,122.233,1,39.847,1,39.847,1,1,2,110.852,100.36
42,3,45,10,200,4,0,141,76.9006,105.216,3,38.2731,3,38.2731,1,1,3,111.05,80.0585
42,3,45,10,200,4,0,142,-60.5056,110.498,9,13.5135,9,13.5135,1,1,5,111.158,12.6644
42,3,45,10,200,4,0,143,42.9737,68.0049,3,16.3822,3,16.3822,1,1,3,111.053,80.0615
42,3,45,10,200,4,0,144,-47.8225,179.47,2,42.47,2,42.47,1,1,3,111.053,90.4019
42,3,45,10,200,4,0,145,5.44838,73.8961,3,36.9624,3,36.9624,1,1,3,111.054,80.0628
42,3,45,10,200,4,0,146,-23.9137,-154.436,0,43.5298,0,43.5298,1,1,1,110.665,110.635
42,3,45,10,200,4,0,147,26.1527,-102.161,6,34.1999,6,34.1999,1,1,3,111.055,46.8381
42,3,45,10,200,4,0,148,-78.1837,26.8495,7,5.58059,7,5.58059,1,1,4,111.118,34.4638
42,3,45,10,200,4,0,149,72.0226,90.0471,3,32.4712,3,32.4712,1,1,3,111.056,80.0646
42,3,45,10,200,4,0,150,66.1825,174.464,1,55.898,1,55.898,1,1,2,110.857,100.365
42,3,45,10,200,4,0,151,-53.094,-73.2441,4,4.31044,4,4.31044,1,1,3,111.057,68.5898
42,3,45,10,200,4,0,152,-40.3175,-125.536,4,33.844,4,33.844,1,1,2,110.858,68.3912
42,3,45,10,200,4,0,153,-59.1681,-126.167,4,27.7132,4,27.7132,1,1,3,111.057,68.5905
42,3,45,10,200,4,0,154,28.6716,-36.0578,6,45.1191,6,45.1191,1,1,5,111.158,46.9418
42,3,45,10,200,4,0,155,70.7019,-161.165,0,51.2594,0,51.2594,1,1,1,110.67,110.641
42,3,45,10,200,4,0,156,-46.9123,115.205,9,25.3432,9,25.3432,1,1,5,111.159,12.6658
42,3,45,10,200,4,0,157,62.0255,-34.8358,6,67.3599,6,67.3599,1,1,3,111.059,46.8427
42,3,45,10,200,4,0,158,22.8513,29.9983,3,53.4177,3,53.4177,1,1,3,111.06,80.0687
42,3,45,10,200,4,0,159,-73.4155,130.058,2,15.4504,2,15.4504,1,1,3,111.06,90.4088
42,3,45,10,200,4,0,160,14.7342,44.0659,3,47.3034,3,47.3034,1,1,3,111.061,80.0698
42,3,45,10,200,4,0,161,11.9769,161.641,1,23.5926,1,23.5926,1,1,2,110.863,100.37
42,3,45,10,200,4,0,162,34.8148,-103.741,6,40.963,6,40.963,1,1,2,110.863,46.6468
42,3,45,10,200,4,0,163,-60.2599,93.2623,9,6.40301,9,6.40301,1,1,5,111.16,12.6665
42,3,45,10,200,4,0,164,51.5544,-156.475,0,31.961,0,31.961,1,1,1,110.676,110.647
42,3,45,10,200,4,0,165,1.65473,55.4738,3,49.3962,3,49.3962,1,1,3,111.062,80.0709
42,3,45,10,200,4,0,166,-81.0054,77.1215,7,7.32988,7,7.32988,1,1,4,111.12,34.4659
42,3,45,10,200,4,0,167,81.1148,-62.6458,6,77.8199,6,77.8199,1,1,2,110.908,46.6912
42,3,45,10,200,4,0,168,65.7928,-136.107,0,48.3049,0,48.3049,1,1,1,110.679,110.649
42,3,45,10,200,4,0,169,-4.40624,8.92892,7,78.1963,7,78.1963,1,1,6,111.186,34.5314
42,3,45,10,200,4,0,170,3.91779,-47.4087,6,27.8387,6,27.8387,1,1,4,111.121,46.9048
42,3,45,10,200,4,0,171,13.882,94.0111,3,26.0119,3,26.0119,1,1,3,111.064,80.0733
42,3,45,10,200,4,0,172,-56.1019,-28.1852,4,30.8376,4,30.8376,1,1,3,111.065,68.5983
42,3,45,10,200,4,0,173,-60.4123,113.499,9,14.9013,9,14.9013,1,1,5,111.161,12.6678
42,3,45,10,200,4,0,174,-89.0934,-87.6556,2,4.72002,2,4.72002,1,1,2,110.914,90.2621
42,3,45,10,200,4,0,175,31.7782,31.2814,3,47.7881,3,47.7881,1,1,3,111.066,80.0751
42,3,45,10,200,4,0,176,68.2052,-92.4898,6,65.8301,6,65.8301,1,1,2,110.915,46.6982
42,3,45,10,200,4,0,177,6.46117,26.04,3,66.9899,3,66.9899,1,1,3,111.067,80.0756
42,3,45,10,200,4,0,178,-8.11524,72.4025,3,50.3738,3,50.3738,1,1,3,111.067,80.0762
42,3,45,10,200,4,0,179,-30.3489,-93.1217,5,11.2685,5,11.2685,1,1,3,111.068,58.3101
42,3,45,10,200,4,0,180,47.9639,122.612,8,25.196,8,25.196,1,1,4,111.122,23.2849
42,3,45,10,200,4,0,181,71.176,113.917,3,34.5745,3,34.5745,1,1,3,111.069,80.0778
42,3,45,10,200,4,0,182,9.86662,124.582,8,13.1299,8,13.1299,1,1,3,111.069,23.2319
42,3,45,10,200,4,0,183,-64.3645,-28.6811,7,29.0849,7,29.0849,1,1,4,111.123,34.4687
42,3,45,10,200,4,0,184,84.2376,42.4586,3,49.8389,3,49.8389,1,1,3,111.071,80.0796
42,3,45,10,200,4,0,185,80.1239,-3.68927,3,61.8841,3,61.8841,1,1,3,111.071,80.0801
42,3,45,10,200,4,0,186,87.5249,8.01176,3,60.1144,3,60.1144,1,1,3,111.072,80.0806
42,3,45,10,200,4,0,187,-44.8391,-117.154,4,25.9077,4,25.9077,1,1,2,110.921,68.4547
42,3,45,10,200,4,0,188,79.9133,-30.5028,3,72.6371,3,72.6371,1,1,2,110.922,79.9308
42,3,45,10,200,4,0,189,88.1724,161.64,3,58.1267,3,58.1267,1,1,3,111.072,80.0813
42,3,45,10,200,4,0,190,30.9208,59.9013,3,25.5313,3,25.5313,1,1,3,111.073,80.0818
42,3,45,10,200,4,0,191,6.46054,18.2519,3,73.3087,3,73.3087,1,1,3,111.073,80.0823
42,3,45,10,200,4,0,192,73.7057,-154.157,0,54.1057,0,54.1057,1,1,1,110.694,110.664
42,3,45,10,200,4,0,193,-67.8541,-48.819,4,22.7731,4,22.7731,1,1,3,111.074,68.6075
42,3,45,10,200,4,0,194,49.1229,-16.4058,6,69.4873,6,69.4873,1,1,3,111.075,46.8584
42,3,45,10,200,4,0,195,19.0297,14.1736,3,68.6758,3,68.6758,1,1,3,111.075,80.0842
42,3,45,10,200,4,0,196,-36.897,0.411407,7,47.7727,7,47.7727,1,1,5,111.162,34.5074
42,3,45,10,200,4,0,197,-25.9548,125.939,1,44.9505,1,44.9505,1,1,2,110.926,100.434
42,3,45,10,200,4,0,198,-27.5034,-0.638474,7,57.7694,7,57.7694,1,1,5,111.162,34.508
42,3,45,10,200,4,0,199,-41.371,-66.5318,4,13.3942,4,13.3942,1,1,3,111.077,68.6104
42,4,46,10,200,4,0,0,-39.4845,160.252,6,40.8284,6,40.8284,1,1,4,117.47,51.6089
42,4,46,10,200,4,0,1,-40.2155,-174.782,8,30.0996,8,30.0996,1,1,5,117.515,28.8608
42,4,46,10,200,4,0,2,-89.3707,174.757,4,4.88782,4,4.88782,1,1,4,117.471,72.1142
42,4,46,10,200,4,0,3,-75.3735,-27.2269,3,11.493,3,11.493,1,1,2,117.192,82.3744
42,4,46,10,200,4,0,4,-57.3093,-52.0406,3,33.1635,3,33.1635,1,1,2,117.193,82.3751
42,4,46,10,200,4,0,5,45.8948,54.4718,9,55.0106,9,55.0106,1,1,4,117.471,18.4784
42,4,46,10,200,4,0,6,61.3679,-122.682,2,19.1309,2,19.1309,1,1,2,117.194,93.5364
42,4,46,10,200,4,0,7,-25.6629,103.374,6,24.68,6,24.68,1,1,3,117.336,51.4746
42,4,46,10,200,4,0,8,-36.6682,-20.9331,0,34.4848,0,34.4848,1,1,1,116.927,116.896
42,4,46,10,200,4,0,9,-29.6224,-63.2424,0,60.3704,0,60.3704,1,1,1,116.928,116.897
42,4,46,10,200,4,0,10,-34.2086,-92.2618,8,38.3187,8,38.3187,1,1,4,117.472,28.8175
42,4,46,10,200,4,0,11,-46.3232,85.8204,1,30.7185,1,30.7185,1,1,2,117.197,104.58
42,4,46,10,200,4,0,12,-73.2611,-63.9754,7,21.0354,7,21.0354,1,1,3,117.337,39.7367
42,4,46,10,200,4,0,13,61.9145,-32.8365,2,36.6189,2,36.6189,1,1,2,117.198,93.5399
42,4,46,10,200,4,0,14,-11.1347,68.131,1,8.47756,1,8.47756,1,1,2,117.199,104.582
42,4,46,10,200,4,0,15,-34.4528,78.7616,1,17.6993,1,17.6993,1,1,2,117.2,104.583
42,4,46,10,200,4,0,16,24.1916,30.6635,0,46.1807,0,46.1807,1,1,1,116.935,116.904
42,4,46,10,200,4,0,17,41.9899,49.6418,9,61.3653,9,61.3653,1,1,4,117.472,18.4795
42,4,46,10,200,4,0,18,12.7103,113.233,6,28.4841,6,28.4841,1,1,3,117.338,51.4768
42,4,46,10,200,4,0,19,-78.7926,90.8018,4,8.52805,4,8.52805,1,1,4,117.473,72.1162
42,4,46,10,200,4,0,20,-59.4039,114.204,4,26.1565,4,26.1565,1,1,4,117.473,72.1167
42,4,46,10,200,4,0,21,-17.3632,-176.072,8,37.6397,8,37.6397,1,1,4,117.474,28.8196
42,4,46,10,200,4,0,22,85.7613,93.9478,5,15.9561,5,15.9561,1,1,4,117.476,61.78
42,4,46,10,200,4,0,23,53.651,-81.8137,2,32.7997,2,32.7997,1,1,2,117.205,93.5465
42,4,46,10,200,4,0,24,-53.4927,-131.943,8,20.8538,8,20.8538,1,1,4,117.476,28.8219
42,4,46,10,200,4,0,25,17.4719,4.59746,0,24.9204,0,24.9204,1,1,1,116.959,116.928
42,4,46,10,200,4,0,26,-22.1023,122.298,6,9.78804,6,9.78804,1,1,3,117.343,51.4818
42,4,46,10,200,4,0,27,-44.7911,-10.7266,3,33.1767,3,33.1767,1,1,2,117.207,82.3887
42,4,46,10,200,4,0,28,-60.8389,-145.753,7,14.891,7,14.891,1,1,3,117.344,39.7437
42,4,46,10,200,4,0,29,68.2184,36.0528,5,37.9339,5,37.9339,1,1,3,117.344,61.6486
42,4,46,10,200,4,0,30,51.189,-112.469,2,30.0722,2,30.0722,1,1,2,117.21,93.5516
42,4,46,10,200,4,0,31,-32.5928,-29.2388,0,35.3826,0,35.3826,1,1,1,116.965,116.934
42,4,46,10,200,4,0,32,49.0974,-161.206,2,33.8402,2,33.8402,1,1,2,117.211,93.5525
42,4,46,10,200,4,0,33,-79.7985,-56.3846,3,16.9676,3,16.9676,1,1,2,117.211,82.3933
42,4,46,10,200,4,0,34,66.0134,-137.182,2,14.43,2,14.43,1,1,2,117.212,93.5539
42,4,46,10,200,4,0,35,-72.7914,-166.781,7,7.32506,7,7.32506,1,1,3,117.387,39.7866
42,4,46,10,200,4,0,36,78.5112,-0.309113,2,24.0116,2,24.0116,1,1,2,117.213,93.5553
42,4,46,10,200,4,0,37,-81.4265,148.545,4,4.00618,4,4.00618,1,1,4,117.477,72.1201
42,4,46,10,200,4,0,38,-43.1807,124.449,6,30.3209,6,30.3209,1,1,4,117.477,51.6164
42,4,46,10,200,4,0,39,-56.6344,-13.3466,3,22.131,3,22.131,1,1,2,117.216,82.3977
42,4,46,10,200,4,0,40,86.2532,101.675,5,15.3903,5,15.3903,1,1,4,117.478,61.7823
42,4,46,10,200,4,0,41,85.6254,-51.6981,2,11.0218,2,11.0218,1,1,2,117.217,93.559
42,4,46,10,200,4,0,42,21.9864,-98.3313,2,61.7557,2,61.7557,1,1,2,117.218,93.5597
42,4,46,10,200,4,0,43,58.7876,102.295,9,20.7958,9,20.7958,1,1,4,117.479,18.4855
42,4,46,10,200,4,0,44,-32.0422,74.0121,1,14.8075,1,14.8075,1,1,2,117.219,104.602
42,4,46,10,200,4,0,45,-20.8262,-141.706,8,12.7004,8,12.7004,1,1,4,117.479,28.8248
42,4,46,10,200,4,0,46,70.7717,73.1621,5,23.9143,5,23.9143,1,1,4,117.48,61.7841
42,4,46,10,200,4,0,47,4.52739,59.7383,1,26.0821,1,26.0821,1,1,2,117.221,104.605
42,4,46,10,200,4,0,48,45.9781,29.4578,0,60.8595,0,60.8595,1,1,1,116.977,116.946
42,4,46,10,200,4,0,49,-88.3231,43.9831,4,6.18975,4,6.18975,1,1,4,117.48,72.1236
42,4,46,10,200,4,0,50,36.1378,-142.229,2,44.5996,2,44.5996,1,1,2,117.223,93.565
42,4,46,10,200,4,0,51,28.6011,49.2979,1,52.1071,1,52.1071,1,1,2,117.224,104.607
42,4,46,10,200,4,0,52,18.7309,74.3492,1,35.9669,1,35.9669,1,1,2,117.224,104.608
42,4,46,10,200,4,0,53,8.92147,131.1,6,22.4513,6,22.4513,1,1,3,117.395,51.5343
42,4,46,10,200,4,0,54,9.39921,84.5742,1,28.5743,1,28.5743,1,1,2,117.226,104.609
42,4,46,10,200,4,0,55,-31.1231,11.3048,0,30.0857,0,30.0857,1,1,1,116.983,116.952
42,4,46,10,200,4,0,56,3.12469,-70.9953,0,66.3155,0,66.3155,1,1,1,116.984,116.953
42,4,46,10,200,4,0,57,69.8034,-129.778,2,10.5181,2,10.5181,1,1,2,117.227,93.5687
42,4,46,10,200,4,0,58,5.33666,77.182,1,22.7661,1,22.7661,1,1,2,117.227,104.611
42,4,46,10,200,4,0,59,76.2585,126.589,5,6.84799,5,6.84799,1,1,4,117.481,61.7852
42,4,46,10,200,4,0,60,-14.4029,-69.1353,0,63.5873,0,63.5873,1,1,1,116.987,116.956
42,4,46,10,200,4,0,61,82.4413,-67.2624,2,9.73519,2,9.73519,1,1,2,117.229,93.5711
42,4,46,10,200,4,0,62,-87.9866,-6.06271,4,9.05613,4,9.05613,1,1,3,117.397,72.0405
42,4,46,10,200,4,0,63,86.238,95.983,5,15.9635,5,15.9635,1,1,4,117.481,61.7858
42,4,46,10,200,4,0,64,-78.3025,175.83,4,9.16535,4,9.16535,1,1,4,117.482,72.1252
42,4,46,10,200,4,0,65,-20.017,95.6707,1,20.5332,1,20.5332,1,1,2,117.232,104.615
42,4,46,10,200,4,0,66,-73.1997,-162.832,7,6.11218,7,6.11218,1,1,3,117.399,39.7995
42,4,46,10,200,4,0,67,-17.5157,71.0624,1,3.00962,1,3.00962,1,1,2,117.233,104.617
42,4,46,10,200,4,0,68,45.7588,162.812,9,19.8023,9,19.8023,1,1,4,117.482,18.4894
42,4,46,10,200,4,0,69,11.0815,-69.6841,0,66.4725,0,66.4725,1,1,1,117.049,117.018
42,4,46,10,200,4,0,70,33.6929,139.917,9,28.5849,9,28.5849,1,1,4,117.483,18.4901
42,4,46,10,200,4,0,71,60.8104,-106.365,2,21.1166,2,21.1166,1,1,2,117.235,93.5774
42,4,46,10,200,4,0,72,-55.5393,81.2275,3,33.013,3,33.013,1,1,3,117.402,82.5841
42,4,46,10,200,4,0,73,-28.0713,79.5948,1,11.9238,1,11.9238,1,1,2,117.237,104.62
42,4,46,10,200,4,0,74,-10.7952,-83.6256,8,55.4089,8,55.4089,1,1,3,117.403,28.7484
42,4,46,10,200,4,0,75,13.0919,129.604,6,26.2589,6,26.2589,1,1,4,117.484,51.6227
42,4,46,10,200,4,0,76,13.6196,11.0662,0,25.0567,0,25.0567,1,1,1,117.056,117.024
42,4,46,10,200,4,0,77,-58.8293,31.2659,3,16.8836,3,16.8836,1,1,3,117.407,82.5889
42,4,46,10,200,4,0,78,-87.4983,-125.183,7,12.0869,7,12.0869,1,1,4,117.484,39.8842
42,4,46,10,200,4,0,79,-26.3755,-151.601,8,13.3952,8,13.3952,1,1,4,117.485,28.8304
42,4,46,10,200,4,0,80,-64.6765,87.215,4,23.4935,4,23.4935,1,1,4,117.485,72.1286
42,4,46,10,200,4,0,81,62.0346,-95.7524,2,21.474,2,21.474,1,1,2,117.242,93.5843
42,4,46,10,200,4,0,82,52.1917,-90.9621,2,32.3512,2,32.3512,1,1,2,117.243,93.5851
42,4,46,10,200,4,0,83,77.655,15.9008,2,28.123,2,28.123,1,1,2,117.244,93.5859
42,4,46,10,200,4,0,84,-54.0752,-2.52696,3,22.4377,3,22.4377,1,1,2,117.245,82.4267
42,4,46,10,200,4,0,85,63.1084,139.235,9,2.36153,9,2.36153,1,1,5,117.516,18.5231
42,4,46,10,200,4,0,86,-21.3051,67.8375,1,7.2566,1,7.2566,1,1,2,117.246,104.63
42,4,46,10,200,4,0,87,-73.5647,26.3113,3,2.73105,3,2.73105,1,1,3,117.41,82.5922
42,4,46,10,200,4,0,88,-15.4675,-23.2721,0,20.3781,0,20.3781,1,1,1,117.066,117.035
42,4,46,10,200,4,0,89,-37.047,127.475,6,24.2169,6,24.2169,1,1,4,117.488,51.6271
42,4,46,10,200,4,0,90,36.5512,132.09,9,26.7367,9,26.7367,1,1,4,117.489,18.4957
42,4,46,10,200,4,0,91,38.5392,-79.6586,2,49.176,2,49.176,1,1,2,117.249,93.5912
42,4,46,10,200,4,0,92,-18.422,139.42,6,14.2906,6,14.2906,1,1,3,117.412,51.551
42,4,46,10,200,4,0,93,65.8037,-31.8405,2,32.2415,2,32.2415,1,1,2,117.251,93.5927
42,4,46,10,200,4,0,94,-82.8815,-101.144,7,10.4828,7,10.4828,1,1,3,117.413,39.8126
42,4,46,10,200,4,0,95,-1.72098,-115.116,8,38.4344,8,38.4344,1,1,4,117.489,28.8348
42,4,46,10,200,4,0,96,83.0357,-59.3727,2,10.6695,2,10.6695,1,1,2,117.253,93.5949
42,4,46,10,200,4,0,97,-15.4342,90.4546,1,15.7,1,15.7,1,1,2,117.254,104.637
42,4,46,10,200,4,0,98,14.8326,-55.5583,0,54.1131,0,54.1131,1,1,1,117.074,117.043
42,4,46,10,200,4,0,99,-36.8223,101.515,1,31.2338,1,31.2338,1,1,2,117.254,104.638
42,4,46,10,200,4,0,100,60.9574,-127.428,2,19.3912,2,19.3912,1,1,2,117.255,93.5971
42,4,46,10,200,4,0,101,30.3751,-100.695,2,52.7693,2,52.7693,1,1,2,117.256,93.5978
42,4,46,10,200,4,0,102,60.2048,93.6207,9,24.3321,9,24.3321,1,1,5,117.517,18.5236
42,4,46,10,200,4,0,103,52.808,-90.5254,2,31.8057,2,31.8057,1,1,2,117.257,93.5992
42,4,46,10,200,4,0,104,-54.8257,-148.478,7,21.0152,7,21.0152,1,1,3,117.414,39.8143
42,4,46,10,200,4,0,105,-71.5254,143.451,4,13.6113,4,13.6113,1,1,4,117.49,72.1335
42,4,46,10,200,4,0,106,81.8059,114.027,5,11.4156,5,11.4156,1,1,4,117.491,61.7953
42,4,46,10,200,4,0,107,-58.1038,-53.2323,3,32.7819,3,32.7819,1,1,2,117.26,82.4419
42,4,46,10,200,4,0,108,36.7236,-164.6,2,47.0614,2,47.0614,1,1,2,117.261,93.6026
42,4,46,10,200,4,0,109,47.4636,87.6841,9,35.5887,9,35.5887,1,1,4,117.491,18.4985
42,4,46,10,200,4,0,110,-42.872,-88.5148,8,40.404,8,40.404,1,1,4,117.492,28.8376
42,4,46,10,200,4,0,111,76.2841,-99.6726,2,7.46619,2,7.46619,1,1,2,117.263,93.6049
42,4,46,10,200,4,0,112,16.0563,-58.3002,0,57.0597,0,57.0597,1,1,1,117.086,117.055
42,4,46,10,200,4,0,113,85.391,-118.222,2,5.30242,2,5.30242,1,1,2,117.264,93.6063
42,4,46,10,200,4,0,114,33.0708,-82.8625,2,54.0469,2,54.0469,1,1,2,117.265,93.6074
42,4,46,10,200,4,0,115,81.6463,8.05632,2,21.781,2,21.781,1,1,2,117.266,93.6084
42,4,46,10,200,4,0,116,-15.1452,44.0427,1,29.0388,1,29.0388,1,1,2,117.267,104.651
42,4,46,10,200,4,0,117,43.6805,-89.8808,2,41.3378,2,41.3378,1,1,2,117.268,93.6105
42,4,46,10,200,4,0,118,-21.1683,12.9769,0,23.6772,0,23.6772,1,1,1,117.091,117.059
42,4,46,10,200,4,0,119,-0.203094,28.0121,0,33.608,0,33.608,1,1,1,117.091,117.06
42,4,46,10,200,4,0,120,22.2494,36.543,0,49.747,0,49.747,1,1,1,117.092,117.061
42,4,46,10,200,4,0,121,-4.26845,28.1106,0,33.2354,0,33.2354,1,1,1,117.093,117.062
42,4,46,10,200,4,0,122,-14.7148,55.2555,1,18.3887,1,18.3887,1,1,2,117.27,104.653
42,4,46,10,200,4,0,123,77.4392,-135.982,2,3.05776,2,3.05776,1,1,2,117.271,93.6126
42,4,46,10,200,4,0,124,35.3276,69.8055,1,52.7424,1,52.7424,1,1,2,117.271,104.655
42,4,46,10,200,4,0,125,65.8509,164.911,5,9.1166,5,9.1166,1,1,4,117.493,61.797
42,4,46,10,200,4,0,126,80.6454,104.27,5,12.5959,5,12.5959,1,1,4,117.493,61.7976
42,4,46,10,200,4,0,127,-57.3806,13.4033,3,17.4974,3,17.4974,1,1,2,117.273,82.4552
42,4,46,10,200,4,0,128,-67.0152,-123.979,7,10.3935,7,10.3935,1,1,3,117.418,39.8185
42,4,46,10,200,4,0,129,37.5905,112.111,9,31.9969,9,31.9969,1,1,4,117.494,18.5007
42,4,46,10,200,4,0,130,-13.4209,58.4737,1,15.6414,1,15.6414,1,1,2,117.278,104.661
42,4,46,10,200,4,0,131,-29.9162,122.868,6,17.2436,6,17.2436,1,1,3,117.423,51.5615
42,4,46,10,200,4,0,132,-38.7418,-152.471,8,12.7638,8,12.7638,1,1,5,117.517,28.8629
42,4,46,10,200,4,0,133,-73.5065,60.1799,3,11.7573,3,11.7573,1,1,3,117.424,82.6058
42,4,46,10,200,4,0,134,20.2527,32.5809,0,45.457,0,45.457,1,1,1,117.105,117.074
42,4,46,10,200,4,0,135,-45.904,-94.9957,8,35.7453,8,35.7453,1,1,4,117.495,28.8403
42,4,46,10,200,4,0,136,-55.4381,79.6551,3,32.5793,3,32.5793,1,1,3,117.425,82.6069
42,4,46,10,200,4,0,137,56.5574,39.6943,5,49.7941,5,49.7941,1,1,3,117.426,61.7299
42,4,46,10,200,4,0,138,-22.5447,87.9933,1,14.013,1,14.013,1,1,2,117.282,104.665
42,4,46,10,200,4,0,139,41.856,-154.434,2,40.1446,2,40.1446,1,1,2,117.283,93.6245
42,4,46,10,200,4,0,140,-11.1006,35.4137,1,38.1058,1,38.1058,1,1,2,117.283,104.667
42,4,46,10,200,4,0,141,-84.7614,-40.9104,3,14.3553,3,14.3553,1,1,2,117.284,82.4657
42,4,46,10,200,4,0,142,-20.1582,-104.284,8,33.0578,8,33.0578,1,1,3,117.426,28.7717
42,4,46,10,200,4,0,143,76.2464,5.65332,2,27.9796,2,27.9796,1,1,2,117.285,93.6268
42,4,46,10,200,4,0,144,-24.1316,47.674,1,25.7586,1,25.7586,1,1,2,117.285,104.669
42,4,46,10,200,4,0,145,-31.1177,104.895,6,26.5725,6,26.5725,1,1,3,117.427,51.5657
42,4,46,10,200,4,0,146,-36.9262,57.9321,1,24.4452,1,24.4452,1,1,2,117.286,104.67
42,4,46,10,200,4,0,147,23.8815,28.6641,0,44.4921,0,44.4921,1,1,1,117.117,117.085
42,4,46,10,200,4,0,148,42.7303,80.75,9,43.1334,9,43.1334,1,1,4,117.495,18.5023
42,4,46,10,200,4,0,149,-45.578,-54.0339,3,45.9835,3,45.9835,1,1,2,117.288,82.47
42,4,46,10,200,4,0,150,-33.3346,-2.96405,0,27.9612,0,27.9612,1,1,1,117.119,117.088
42,4,46,10,200,4,0,151,15.4852,2.45467,0,22.2932,0,22.2932,1,1,1,117.12,117.089
42,4,46,10,200,4,0,152,-51.6545,-35.9147,3,33.3491,3,33.3491,1,1,2,117.289,82.4706
42,4,46,10,200,4,0,153,-68.9255,31.6016,3,7.35831,3,7.35831,1,1,3,117.428,82.61
42,4,46,10,200,4,0,154,-63.9607,125.861,4,21.0679,4,21.0679,1,1,4,117.496,72.1391
42,4,46,10,200,4,0,155,28.5838,29.8774,0,48.3857,0,48.3857,1,1,1,117.123,117.092
42,4,46,10,200,4,0,156,-9.36266,67.6447,1,10.1346,1,10.1346,1,1,2,117.29,104.674
42,4,46,10,200,4,0,157,84.4835,120.958,5,12.3643,5,12.3643,1,1,4,117.496,61.8007
42,4,46,10,200,4,0,158,71.6804,141.46,5,3.27969,5,3.27969,1,1,4,117.497,61.8013
42,4,46,10,200,4,0,159,-26.6942,-84.9025,8,46.7221,8,46.7221,1,1,3,117.431,28.7763
42,4,46,10,200,4,0,160,4.56693,64.3762,1,23.89,1,23.89,1,1,2,117.293,104.676
42,4,46,10,200,4,0,161,-80.0037,115.282,4,5.43923,4,5.43923,1,1,4,117.498,72.1408
42,4,46,10,200,4,0,162,-28.8458,67.7556,1,13.038,1,13.038,1,1,2,117.294,104.677
42,4,46,10,200,4,0,163,-18.0272,-152.231,8,19.6701,8,19.6701,1,1,4,117.498,28.8436
42,4,46,10,200,4,0,164,-15.7472,52.7896,1,20.5857,1,20.5857,1,1,2,117.295,104.678
42,4,46,10,200,4,0,165,-13.1324,81.8364,1,8.43316,1,8.43316,1,1,2,117.296,104.679
42,4,46,10,200,4,0,166,-65.0872,-175.294,7,15.3941,7,15.3941,1,1,3,117.432,39.8323
42,4,46,10,200,4,0,167,-47.8545,-53.4834,3,43.3845,3,43.3845,1,1,2,117.299,82.4811
42,4,46,10,200,4,0,168,-15.6046,-53.5599,0,48.5943,0,48.5943,1,1,1,117.133,117.102
42,4,46,10,200,4,0,169,79.0591,20.8695,2,27.1505,2,27.1505,1,1,2,117.3,93.6416
42,4,46,10,200,4,0,170,-53.8495,35.2857,3,22.3438,3,22.3438,1,1,3,117.433,82.6149
42,4,46,10,200,4,0,171,-64.6266,53.5757,3,16.1565,3,16.1565,1,1,3,117.435,82.6168
42,4,46,10,200,4,0,172,-38.5348,-140.286,8,5.61482,8,5.61482,1,1,5,117.518,28.8636
42,4,46,10,200,4,0,173,-2.73299,-113.709,8,38.3755,8,38.3755,1,1,4,117.499,28.8447
42,4,46,10,200,4,0,174,-89.4131,121.146,4,4.495,4,4.495,1,1,4,117.5,72.1428
42,4,46,10,200,4,0,175,-9.30563,10.3076,0,15.8766,0,15.8766,1,1,1,117.138,117.107
42,4,46,10,200,4,0,176,2.76093,1.38136,0,10.5403,0,10.5403,1,1,1,117.139,117.108
42,4,46,10,200,4,0,177,-27.2054,127.83,6,14.4583,6,14.4583,1,1,3,117.437,51.576
42,4,46,10,200,4,0,178,-55.4315,89.5347,4,32.9189,4,32.9189,1,1,4,117.5,72.1433
42,4,46,10,200,4,0,179,77.7996,37.6425,5,28.3329,5,28.3329,1,1,3,117.438,61.7425
42,4,46,10,200,4,0,180,-18.8379,-50.6657,0,46.3969,0,46.3969,1,1,1,117.142,117.111
42,4,46,10,200,4,0,181,-30.2606,12.1498,0,29.8124,0,29.8124,1,1,1,117.143,117.112
42,4,46,10,200,4,0,182,-22.9801,23.7699,0,33.1218,0,33.1218,1,1,1,117.144,117.113
42,4,46,10,200,4,0,183,69.3332,102.831,5,15.7831,5,15.7831,1,1,4,117.501,61.805
42,4,46,10,200,4,0,184,75.105,116.785,5,9.29155,5,9.29155,1,1,4,117.501,61.8055
42,4,46,10,200,4,0,185,-28.1499,-137.489,8,5.05496,8,5.05496,1,1,5,117.519,28.8644
42,4,46,10,200,4,0,186,-13.9648,-5.55289,0,8.51631,0,8.51631,1,1,1,117.147,117.116
42,4,46,10,200,4,0,187,48.0434,75.0008,9,41.8881,9,41.8881,1,1,4,117.502,18.5091
42,4,46,10,200,4,0,188,17.0805,-89.3792,2,68.8567,2,68.8567,1,1,2,117.308,93.6497
42,4,46,10,200,4,0,189,70.646,35.3347,5,35.6001,5,35.6001,1,1,3,117.441,61.7457
42,4,46,10,200,4,0,190,-74.1168,-57.3193,3,20.0246,3,20.0246,1,1,2,117.309,82.4909
42,4,46,10,200,4,0,191,-67.1788,37.2883,3,10.009,3,10.009,1,1,3,117.442,82.624
42,4,46,10,200,4,0,192,62.031,-8.76857,2,43.3739,2,43.3739,1,1,2,117.31,93.6521
42,4,46,10,200,4,0,193,-7.44077,-166.801,8,37.097,8,37.097,1,1,4,117.503,28.8483
42,4,46,10,200,4,0,194,-49.6169,-39.2823,3,36.5005,3,36.5005,1,1,2,117.311,82.4933
42,4,46,10,200,4,0,195,25.4207,43.0905,1,52.7502,1,52.7502,1,1,2,117.312,104.695
42,4,46,10,200,4,0,196,45.026,170.32,9,23.2084,9,23.2084,1,1,4,117.503,18.5103
42,4,46,10,200,4,0,197,-62.3799,-135.908,7,13.462,7,13.462,1,1,3,117.444,39.8436
42,4,46,10,200,4,0,198,7.04512,-166.093,8,48.4726,8,48.4726,1,1,3,117.444,28.7898
42,4,46,10,200,4,0,199,73.4613,-15.6998,2,26.9606,2,26.9606,1,1,2,117.314,93.6561
42,5,47,10,200,4,0,0,62.1345,86.923,0,27.7111,0,27.7111,1,1,1,109.168,109.142
42,5,47,10,200,4,0,1,-5.30866,-44.5458,2,18.4223,2,18.4223,1,1,3,109.529,88.0232
42,5,47,10,200,4,0,2,40.2614,-16.494,6,22.8061,6,22.8061,1,1,4,109.885,45.3031
42,5,47,10,200,4,0,3,50.369,39.1133,6,45.315,6,45.315,1,1,3,109.53,44.948
42,5,47,10,200,4,0,4,47.0865,56.1175,8,50.8719,8,50.8719,1,1,2,109.374,21.9442
42,5,47,10,200,4,0,5,-25.6329,31.4179,5,10.7613,5,10.7613,1,1,3,109.53,55.5268
42,5,47,10,200,4,0,6,9.32664,22.2643,5,25.4236,5,25.4236,1,1,3,109.531,55.5274
42,5,47,10,200,4,0,7,19.9175,154.412,0,39.7819,0,39.7819,1,1,1,109.176,109.15
42,5,47,10,200,4,0,8,74.9827,18.9791,3,17.5118,3,17.5118,1,1,2,109.376,77.2579
42,5,47,10,200,4,0,9,-41.6726,-91.3305,2,38.4759,2,38.4759,1,1,3,109.532,88.0264
42,5,47,10,200,4,0,10,0.266472,65.442,5,41.0509,5,41.0509,1,1,2,109.377,55.3737
42,5,47,10,200,4,0,11,57.9559,-62.4724,6,13.1446,6,13.1446,1,1,4,109.886,45.3038
42,5,47,10,200,4,0,12,-76.0442,-40.4001,2,54.4837,2,54.4837,1,1,3,109.533,88.028
42,5,47,10,200,4,0,13,-20.5155,-155.293,9,26.7464,9,26.7464,1,1,4,109.886,11.985
42,5,47,10,200,4,0,14,-42.9529,150.424,4,15.1934,4,15.1934,1,1,2,109.38,66.3728
42,5,47,10,200,4,0,15,-67.8965,-141.637,1,20.7732,1,20.7732,1,1,2,109.381,98.3856
42,5,47,10,200,4,0,16,28.6735,33.5896,5,44.7266,5,44.7266,1,1,3,109.535,55.531
42,5,47,10,200,4,0,17,-3.09136,-42.1302,2,21.4615,2,21.4615,1,1,3,109.535,88.03
42,5,47,10,200,4,0,18,-81.4522,-85.4448,1,43.5565,1,43.5565,1,1,2,109.383,98.3878
42,5,47,10,200,4,0,19,88.4915,111.269,8,0.637297,8,0.637297,1,1,3,109.536,22.1064
42,5,47,10,200,4,0,20,75.3363,-54.2826,3,4.30241,3,4.30241,1,1,2,109.385,77.2665
42,5,47,10,200,4,0,21,-18.6568,-10.6741,5,36.3622,5,36.3622,1,1,4,109.887,55.8832
42,5,47,10,200,4,0,22,73.9908,-177.478,3,27.9394,3,27.9394,1,1,3,109.538,77.4197
42,5,47,10,200,4,0,23,-18.1312,117.947,4,41.6411,4,41.6411,1,1,2,109.386,66.3793
42,5,47,10,200,4,0,24,10.7503,60.3923,5,42.3276,5,42.3276,1,1,2,109.387,55.3838
42,5,47,10,200,4,0,25,-76.6918,-157.966,1,24.1542,1,24.1542,1,1,2,109.388,98.3929
42,5,47,10,200,4,0,26,-27.0828,142.528,4,17.039,4,17.039,1,1,2,109.389,66.3814
42,5,47,10,200,4,0,27,-20.2194,-26.2541,2,24.3615,2,24.3615,1,1,3,109.538,88.0331
42,5,47,10,200,4,0,28,-38.9359,98.5301,4,52.4163,4,52.4163,1,1,2,109.39,66.3827
42,5,47,10,200,4,0,29,-0.773323,16.2223,5,18.4118,5,18.4118,1,1,3,109.539,55.5355
42,5,47,10,200,4,0,30,34.477,42.6603,5,52.3418,5,52.3418,1,1,3,109.54,55.5361
42,5,47,10,200,4,0,31,27.2926,-53.6991,6,33.3773,6,33.3773,1,1,4,109.887,45.3057
42,5,47,10,200,4,0,32,-51.8751,-131.597,1,24.3491,1,24.3491,1,1,2,109.393,98.3974
42,5,47,10,200,4,0,33,42.0853,-86.6546,6,35.4168,6,35.4168,1,1,5,109.934,45.352
42,5,47,10,200,4,0,34,-18.5211,81.1538,5,51.6206,5,51.6206,1,1,3,109.542,55.5381
42,5,47,10,200,4,0,35,-77.693,-66.3696,1,50.0712,1,50.0712,1,1,2,109.395,98.3996
42,5,47,10,200,4,0,36,-76.5644,-12.6995,2,60.2476,2,60.2476,1,1,3,109.542,88.0371
42,5,47,10,200,4,0,37,51.4782,174.853,0,19.8437,0,19.8437,1,1,1,109.203,109.177
42,5,47,10,200,4,0,38,-5.08899,-113.306,7,48.2434,7,48.2434,1,1,4,109.889,34.7517
42,5,47,10,200,4,0,39,56.3999,-168.677,7,45.3364,7,45.3364,1,1,4,109.889,34.7523
42,5,47,10,200,4,0,40,63.5431,139.416,0,5.14671,0,5.14671,1,1,1,109.205,109.179
42,5,47,10,200,4,0,41,-73.3219,-107.079,1,35.2808,1,35.2808,1,1,2,109.4,98.4052
42,5,47,10,200,4,0,42,50.9722,-7.08257,6,19.1223,6,19.1223,1,1,4,109.89,45.308
42,5,47,10,200,4,0,43,23.3333,-155.927,7,11.7598,7,11.7598,1,1,3,109.783,34.6458
42,5,47,10,200,4,0,44,-44.2762,-134.88,1,25.8023,1,25.8023,1,1,2,109.402,98.4073
42,5,47,10,200,4,0,45,20.1474,160.402,0,40.8779,0,40.8779,1,1,1,109.209,109.183
42,5,47,10,200,4,0,46,43.8901,-85.1199,6,33.2089,6,33.2089,1,1,5,109.937,45.3548
42,5,47,10,200,4,0,47,-36.6488,164.03,4,6.34503,4,6.34503,1,1,2,109.404,66.3968
42,5,47,10,200,4,0,48,-18.3587,-169.127,9,25.5667,9,25.5667,1,1,4,109.891,11.9898
42,5,47,10,200,4,0,49,-51.3123,106.24,4,46.5914,4,46.5914,1,1,2,109.405,66.398
42,5,47,10,200,4,0,50,46.0135,-78.0106,6,27.7467,6,27.7467,1,1,4,109.892,45.3098
42,5,47,10,200,4,0,51,-70.0646,118.898,4,47.8991,4,47.8991,1,1,3,109.786,66.7789
42,5,47,10,200,4,0,52,44.6449,142.827,0,13.9787,0,13.9787,1,1,1,109.215,109.189
42,5,47,10,200,4,0,53,56.8755,-100.888,3,27.7698,3,27.7698,1,1,3,109.787,77.6689
42,5,47,10,200,4,0,54,-75.2394,46.5507,5,61.1536,5,61.1536,1,1,5,109.937,55.9338
42,5,47,10,200,4,0,55,-44.7827,156.607,4,14.6664,4,14.6664,1,1,2,109.409,66.4019
42,5,47,10,200,4,0,56,2.98347,-56.2092,2,25.3987,2,25.3987,1,1,3,109.789,88.2832
42,5,47,10,200,4,0,57,-65.236,-72.0886,2,45.4287,2,45.4287,1,1,3,109.793,88.2877
42,5,47,10,200,4,0,58,58.3541,96.1945,0,24.2228,0,24.2228,1,1,1,109.22,109.194
42,5,47,10,200,4,0,59,-24.008,-151.844,9,30.9393,9,30.9393,1,1,3,109.794,11.8926
42,5,47,10,200,4,0,60,70.6572,172.279,0,17.5248,0,17.5248,1,1,1,109.221,109.195
42,5,47,10,200,4,0,61,-85.7213,49.0946,5,71.4701,5,71.4701,1,1,4,109.893,55.8893
42,5,47,10,200,4,0,62,-46.4206,-64.7402,2,26.3853,2,26.3853,1,1,3,109.795,88.2901
42,5,47,10,200,4,0,63,16.5623,50.4415,5,39.6609,5,39.6609,1,1,2,109.413,55.4096
42,5,47,10,200,4,0,64,-26.9335,110.5,4,44.8967,4,44.8967,1,1,2,109.414,66.4067
42,5,47,10,200,4,0,65,-11.659,-141.84,9,25.4867,9,25.4867,1,1,4,109.894,11.9923
42,5,47,10,200,4,0,66,-73.7553,16.5527,5,58.6436,5,58.6436,1,1,4,109.894,55.8905
42,5,47,10,200,4,0,67,78.529,121.779,8,9.97445,8,9.97445,1,1,2,109.416,21.9863
42,5,47,10,200,4,0,68,-10.3101,90.809,5,62.1739,5,62.1739,1,1,3,109.797,55.7939
42,5,47,10,200,4,0,69,-79.5544,8.90099,5,65.1339,5,65.1339,1,1,4,109.895,55.8911
42,5,47,10,200,4,0,70,-21.3202,-68.6742,2,15.2336,2,15.2336,1,1,3,109.799,88.2938
42,5,47,10,200,4,0,71,-7.24583,143.327,4,29.0665,4,29.0665,1,1,2,109.419,66.4113
42,5,47,10,200,4,0,72,27.5583,35.0363,5,43.8551,5,43.8551,1,1,3,109.8,55.7962
42,5,47,10,200,4,0,73,-54.381,-8.17519,2,47.3434,2,47.3434,1,1,3,109.8,88.2952
42,5,47,10,200,4,0,74,-24.3846,23.2219,5,9.55673,5,9.55673,1,1,3,109.801,55.7976
42,5,47,10,200,4,0,75,9.9903,-87.4548,2,47.4685,2,47.4685,1,1,3,109.802,88.2968
42,5,47,10,200,4,0,76,7.75034,28.5379,5,23.3924,5,23.3924,1,1,3,109.803,55.7991
42,5,47,10,200,4,0,77,70.8199,102.66,8,18.4921,8,18.4921,1,1,2,109.423,21.993
42,5,47,10,200,4,0,78,71.8989,-5.23567,3,15.045,3,15.045,1,1,2,109.423,77.3053
42,5,47,10,200,4,0,79,-13.4495,-90.0692,2,36.9957,2,36.9957,1,1,3,109.803,88.2981
42,5,47,10,200,4,0,80,-37.3678,129.783,4,27.1806,4,27.1806,1,1,2,109.425,66.4176
42,5,47,10,200,4,0,81,-25.9546,-42.2463,2,9.94926,2,9.94926,1,1,3,109.804,88.2989
42,5,47,10,200,4,0,82,-16.8322,-74.8512,2,21.9096,2,21.9096,1,1,3,109.805,88.2997
42,5,47,10,200,4,0,83,-50.2335,125.716,4,33.5792,4,33.5792,1,1,2,109.427,66.4195
42,5,47,10,200,4,0,84,-82.0211,-79.5758,1,45.3322,1,45.3322,1,1,2,109.428,98.4324
42,5,47,10,200,4,0,85,-22.6917,-26.6825,2,23.6894,2,23.6894,1,1,3,109.807,88.3018
42,5,47,10,200,4,0,86,15.875,120.125,0,46.3205,0,46.3205,1,1,1,109.244,109.218
42,5,47,10,200,4,0,87,-31.6779,-93.1334,2,37.6494,2,37.6494,1,1,3,109.808,88.3026
42,5,47,10,200,4,0,88,-12.4194,7.88216,5,19.0524,5,19.0524,1,1,3,109.809,55.805
42,5,47,10,200,4,0,89,39.3457,106.392,0,30.5653,0,30.5653,1,1,1,109.246,109.22
42,5,47,10,200,4,0,90,-74.448,-81.328,1,45.0909,1,45.0909,1,1,2,109.43,98.4351
42,5,47,10,200,4,0,91,-80.5314,46.6048,5,66.2018,5,66.2018,1,1,5,109.938,55.9347
42,5,47,10,200,4,0,92,63.605,160.577,0,10.0389,0,10.0389,1,1,1,109.249,109.223
42,5,47,10,200,4,0,93,-15.3679,91.0078,5,61.4506,5,61.4506,1,1,3,109.81,55.8067
42,5,47,10,200,4,0,94,-12.3294,122.365,4,40.8073,4,40.8073,1,1,2,109.432,66.4249
42,5,47,10,200,4,0,95,-89.5307,80.6056,4,71.3898,4,71.3898,1,1,3,109.811,66.8038
42,5,47,10,200,4,0,96,36.0741,-50.9707,6,24.2058,6,24.2058,1,1,4,109.896,45.3141
42,5,47,10,200,4,0,97,-70.8203,-141.516,1,22.5417,1,22.5417,1,1,2,109.435,98.4403
42,5,47,10,200,4,0,98,27.0891,-62.1076,6,36.218,6,36.218,1,1,4,109.896,45.3147
42,5,47,10,200,4,0,99,82.0997,70.1359,8,8.25128,8,8.25128,1,1,3,109.813,22.3832
42,5,47,10,200,4,0,100,19.1583,-61.1841,2,42.2239,2,42.2239,1,1,3,109.814,88.3085
42,5,47,10,200,4,0,101,-68.2733,-109.933,1,33.6649,1,33.6649,1,1,2,109.438,98.443
42,5,47,10,200,4,0,102,-60.5296,-19.9025,2,45.4657,2,45.4657,1,1,3,109.815,88.3093
42,5,47,10,200,4,0,103,-11.5334,34.102,5,7.81372,5,7.81372,1,1,3,109.815,55.8117
42,5,47,10,200,4,0,104,83.9899,-124.375,3,10.4984,3,10.4984,1,1,2,109.44,77.3221
42,5,47,10,200,4,0,105,-19.753,-160.916,9,25.4838,9,25.4838,1,1,4,109.897,11.9959
42,5,47,10,200,4,0,106,-12.8517,-20.5688,2,31.6515,2,31.6515,1,1,3,109.817,88.3114
42,5,47,10,200,4,0,107,32.8443,-78.4934,6,38.4372,6,38.4372,1,1,5,109.939,45.3573
42,5,47,10,200,4,0,108,-19.996,-145.047,9,29.9469,9,29.9469,1,1,4,109.898,11.997
42,5,47,10,200,4,0,109,-83.7428,115.349,4,58.7,4,58.7,1,1,3,109.819,66.8117
42,5,47,10,200,4,0,110,78.6591,-166.547,3,20.563,3,20.563,1,1,2,109.444,77.3262
42,5,47,10,200,4,0,111,7.97748,49.4664,5,32.3716,5,32.3716,1,1,2,109.445,55.4412
42,5,47,10,200,4,0,112,-18.7589,54.3143,5,26.0552,5,26.0552,1,1,4,109.899,55.8952
42,5,47,10,200,4,0,113,43.9751,-163.34,7,32.4076,7,32.4076,1,1,4,109.899,34.7625
42,5,47,10,200,4,0,114,86.1033,72.1497,8,3.76935,8,3.76935,1,1,3,109.821,22.391
42,5,47,10,200,4,0,115,43.3982,30.5233,6,45.4568,6,45.4568,1,1,3,109.821,45.2395
42,5,47,10,200,4,0,116,-84.5172,130.25,4,56.4227,4,56.4227,1,1,3,109.822,66.8147
42,5,47,10,200,4,0,117,50.295,-110.094,3,36.7261,3,36.7261,1,1,4,109.9,77.7819
42,5,47,10,200,4,0,118,-34.8264,-102.477,2,45.9016,2,45.9016,1,1,3,109.823,88.318
42,5,47,10,200,4,0,119,52.0042,-81.673,6,25.985,6,25.985,1,1,4,109.901,45.319
42,5,47,10,200,4,0,120,-23.4261,-115.498,1,53.1433,1,53.1433,1,1,2,109.451,98.4559
42,5,47,10,200,4,0,121,-31.2946,107.445,4,46.3992,4,46.3992,1,1,2,109.452,66.4444
42,5,47,10,200,4,0,122,21.9668,-176.901,7,20.2596,7,20.2596,1,1,3,109.825,34.6877
42,5,47,10,200,4,0,123,-75.5244,-176.058,1,22.3733,1,22.3733,1,1,2,109.453,98.4578
42,5,47,10,200,4,0,124,-70.9739,-138.534,1,23.5318,1,23.5318,1,1,2,109.454,98.4585
42,5,47,10,200,4,0,125,59.6455,-164.63,3,42.2338,3,42.2338,1,1,3,109.825,77.7074
42,5,47,10,200,4,0,126,-62.5408,-44.754,2,40.803,2,40.803,1,1,3,109.826,88.3208
42,5,47,10,200,4,0,127,32.4184,17.4008,6,46.5265,6,46.5265,1,1,5,109.94,45.3581
42,5,47,10,200,4,0,128,-85.2198,-27.213,1,60.3713,1,60.3713,1,1,2,109.457,98.4617
42,5,47,10,200,4,0,129,17.0306,-178.233,7,19.7463,7,19.7463,1,1,3,109.827,34.6906
42,5,47,10,200,4,0,130,-67.5317,-59.1424,2,45.6695,2,45.6695,1,1,3,109.828,88.3229
42,5,47,10,200,4,0,131,16.1451,-124.098,7,33.7136,7,33.7136,1,1,5,109.99,34.8526
42,5,47,10,200,4,0,132,-54.4464,-47.1198,2,32.5802,2,32.5802,1,1,3,109.83,88.3243
42,5,47,10,200,4,0,133,-27.0956,1.45454,5,26.6244,5,26.6244,1,1,4,109.902,55.8989
42,5,47,10,200,4,0,134,15.2017,-130.183,7,27.7928,7,27.7928,1,1,3,109.831,34.6942
42,5,47,10,200,4,0,135,49.8908,163.551,0,15.0649,0,15.0649,1,1,1,109.286,109.26
42,5,47,10,200,4,0,136,-32.8402,-142.808,1,29.2966,1,29.2966,1,1,2,109.463,98.4683
42,5,47,10,200,4,0,137,45.4979,158.253,0,16.2984,0,16.2984,1,1,1,109.288,109.262
42,5,47,10,200,4,0,138,-69.8542,119.947,4,47.3807,4,47.3807,1,1,3,109.832,66.8245
42,5,47,10,200,4,0,139,81.0974,-101.656,3,7.52653,3,7.52653,1,1,2,109.465,77.3467
42,5,47,10,200,4,0,140,80.7062,101.486,8,8.3056,8,8.3056,1,1,2,109.465,22.0356
42,5,47,10,200,4,0,141,-43.143,-143.669,1,21.1698,1,21.1698,1,1,2,109.466,98.4709
42,5,47,10,200,4,0,142,-61.6341,158.551,4,31.0559,4,31.0559,1,1,2,109.467,66.4594
42,5,47,10,200,4,0,143,26.8659,-113.708,7,44.9033,7,44.9033,1,1,5,109.993,34.8558
42,5,47,10,200,4,0,144,-24.3311,-92.2071,2,36.7404,2,36.7404,1,1,3,109.833,88.3281
42,5,47,10,200,4,0,145,-55.9704,-3.72556,5,47.5426,5,47.5426,1,1,4,109.904,55.9001
42,5,47,10,200,4,0,146,14.3252,100.349,0,55.7945,0,55.7945,1,1,1,109.295,109.269
42,5,47,10,200,4,0,147,26.0884,99.7578,0,45.3629,0,45.3629,1,1,1,109.296,109.27
42,5,47,10,200,4,0,148,-63.3852,177.986,4,34.6011,4,34.6011,1,1,2,109.47,66.4624
42,5,47,10,200,4,0,149,-39.3939,83.6331,5,55.3875,5,55.3875,1,1,3,109.835,55.8314
42,5,47,10,200,4,0,150,-66.0986,-159.006,1,14.3462,1,14.3462,1,1,2,109.471,98.4757
42,5,47,10,200,4,0,151,33.5922,-17.8776,6,28.3961,6,28.3961,1,1,4,109.904,45.3225
42,5,47,10,200,4,0,152,-60.907,-21.8198,2,45.0027,2,45.0027,1,1,3,109.839,88.3333
42,5,47,10,200,4,0,153,-19.8122,-81.5223,2,27.3859,2,27.3859,1,1,3,109.839,88.334
42,5,47,10,200,4,0,154,-40.9365,-57.4295,2,19.3172,2,19.3172,1,1,3,109.84,88.3347
42,5,47,10,200,4,0,155,-1.58929,-100.461,2,51.4119,2,51.4119,1,1,3,109.841,88.3355
42,5,47,10,200,4,0,156,-67.9718,90.5355,4,59.472,4,59.472,1,1,4,109.905,66.8977
42,5,47,10,200,4,0,157,-32.0648,-79.2117,2,25.9412,2,25.9412,1,1,3,109.842,88.337
42,5,47,10,200,4,0,158,34.5431,169.602,0,30.4282,0,30.4282,1,1,1,109.304,109.278
42,5,47,10,200,4,0,159,-6.45979,-159.576,9,12.2223,9,12.2223,1,1,4,109.905,12.0043
42,5,47,10,200,4,0,160,-51.3025,55.1396,5,42.6141,5,42.6141,1,1,5,109.994,55.9905
42,5,47,10,200,4,0,161,8.34926,106.046,0,58.7674,0,58.7674,1,1,1,109.309,109.283
42,5,47,10,200,4,0,162,-12.2555,-111.125,9,52.4733,9,52.4733,1,1,5,109.995,12.0938
42,5,47,10,200,4,0,163,12.9016,28.7187,5,28.5461,5,28.5461,1,1,3,109.845,55.8416
42,5,47,10,200,4,0,164,-56.5696,127.016,4,36.0185,4,36.0185,1,1,2,109.479,66.4718
42,5,47,10,200,4,0,165,-33.8241,-65.3364,2,16.4178,2,16.4178,1,1,3,109.846,88.3408
42,5,47,10,200,4,0,166,74.0047,179.536,8,15.9572,8,15.9572,1,1,2,109.48,22.0506
42,5,47,10,200,4,0,167,48.393,-153.805,7,36.7796,7,36.7796,1,1,4,109.907,34.7703
42,5,47,10,200,4,0,168,-11.1418,-122.838,9,41.2292,9,41.2292,1,1,4,109.908,12.0066
42,5,47,10,200,4,0,169,-27.6634,75.8435,5,46.7586,5,46.7586,1,1,3,109.848,55.8443
42,5,47,10,200,4,0,170,-0.133934,121.495,4,49.222,4,49.222,1,1,2,109.483,66.4757
42,5,47,10,200,4,0,171,77.6915,43.7885,8,15.3387,8,15.3387,1,1,3,109.849,22.4188
42,5,47,10,200,4,0,172,16.015,-88.7466,2,52.7163,2,52.7163,1,1,3,109.849,88.344
42,5,47,10,200,4,0,173,72.2884,-78.8837,3,8.91233,3,8.91233,1,1,2,109.485,77.3667
42,5,47,10,200,4,0,174,-49.5723,-48.3428,2,27.6381,2,27.6381,1,1,3,109.85,88.3448
42,5,47,10,200,4,0,175,-29.2298,-21.7495,2,28.4361,2,28.4361,1,1,3,109.851,88.3456
42,5,47,10,200,4,0,176,-86.6016,138.239,4,57.2553,4,57.2553,1,1,3,109.852,66.8444
42,5,47,10,200,4,0,177,-47.852,-17.7142,2,38.2748,2,38.2748,1,1,3,109.852,88.347
42,5,47,10,200,4,0,178,-76.4429,110.099,4,55.0629,4,55.0629,1,1,4,109.909,66.9014
42,5,47,10,200,4,0,179,-84.4977,-86.025,1,43.9195,1,43.9195,1,1,2,109.491,98.4957
42,5,47,10,200,4,0,180,28.5574,-56.6436,6,32.9916,6,32.9916,1,1,4,109.909,45.3274
42,5,47,10,200,4,0,181,14.3193,25.1241,5,30.0005,5,30.0005,1,1,3,109.856,55.852
42,5,47,10,200,4,0,182,-28.5537,-54.5753,2,6.75385,2,6.75385,1,1,3,109.856,88.3511
42,5,47,10,200,4,0,183,25.6598,100.609,0,45.3104,0,45.3104,1,1,1,109.326,109.3
42,5,47,10,200,4,0,184,1.29314,175.993,4,34.8615,4,34.8615,1,1,2,109.494,66.4865
42,5,47,10,200,4,0,185,-1.77372,-177.682,9,18.7378,9,18.7378,1,1,4,109.91,12.0086
42,5,47,10,200,4,0,186,58.7436,-28.1645,6,4.88309,6,4.88309,1,1,4,109.91,45.3286
42,5,47,10,200,4,0,187,23.0535,-30.4827,6,35.8434,6,35.8434,1,1,3,109.858,45.2765
42,5,47,10,200,4,0,188,31.5444,10.6837,6,43.4501,6,43.4501,1,1,5,109.996,45.4141
42,5,47,10,200,4,0,189,35.3168,143.944,0,23.3254,0,23.3254,1,1,1,109.331,109.305
42,5,47,10,200,4,0,190,71.1704,-167.826,3,29.0404,3,29.0404,1,1,3,109.859,77.7415
42,5,47,10,200,4,0,191,-28.9026,149.138,4,10.9174,4,10.9174,1,1,2,109.499,66.4922
42,5,47,10,200,4,0,192,75.2065,26.4909,3,18.9045,3,18.9045,1,1,2,109.5,77.382
42,5,47,10,200,4,0,193,-24.2882,177.527,4,15.5341,4,15.5341,1,1,2,109.501,66.4934
42,5,47,10,200,4,0,194,-21.7049,-37.5719,2,13.6694,2,13.6694,1,1,3,109.86,88.3549
42,5,47,10,200,4,0,195,-44.2489,-166.295,1,9.63893,1,9.63893,1,1,2,109.502,98.5069
42,5,47,10,200,4,0,196,42.8923,120.141,0,21.1695,0,21.1695,1,1,1,109.338,109.312
42,5,47,10,200,4,0,197,19.4145,-151.323,7,10.2893,7,10.2893,1,1,3,109.861,34.724
42,5,47,10,200,4,0,198,-57.2173,-89.8515,2,45.4677,2,45.4677,1,1,3,109.862,88.3563
42,5,47,10,200,4,0,199,64.6432,68.1517,8,28.3448,8,28.3448,1,1,2,109.504,22.0742
42,6,48,10,200,4,0,0,-15.0686,-163.951,3,35.6387,3,35.6387,1,1,3,106.241,73.0814
42,6,48,10,200,4,0,1,31.1046,88.5367,5,45.1875,5,45.1875,1,1,3,106.242,52.3464
42,6,48,10,200,4,0,2,81.3423,-24.1603,2,31.4833,2,31.4833,1,1,2,106.058,85.1826
42,6,48,10,200,4,0,3,-2.16987,108.88,5,26.2234,5,26.2234,1,1,4,106.371,52.4755
42,6,48,10,200,4,0,4,-26.3884,168.425,6,23.7229,6,23.7229,1,1,4,106.372,42.0643
42,6,48,10,200,4,0,5,-5.13038,-166.585,4,29.3801,4,29.3801,1,1,3,106.244,62.6175
42,6,48,10,200,4,0,6,-40.2117,-7.96741,8,41.556,8,41.556,1,1,3,106.244,21.4391
42,6,48,10,200,4,0,7,-21.511,-148.516,3,20.3773,3,20.3773,1,1,3,106.245,73.0851
42,6,48,10,200,4,0,8,-80.4966,65.9669,1,14.1024,1,14.1024,1,1,2,106.062,95.4976
42,6,48,10,200,4,0,9,-50.0878,67.4277,9,6.56803,9,6.56803,1,1,5,106.413,11.2998
42,6,48,10,200,4,0,10,38.9213,51.8962,2,23.9639,2,23.9639,1,1,2,106.064,85.1887
42,6,48,10,200,4,0,11,-13.674,159.102,6,35.7318,6,35.7318,1,1,5,106.413,42.106
42,6,48,10,200,4,0,12,16.4339,-7.02908,2,48.113,2,48.113,1,1,2,106.065,85.1901
42,6,48,10,200,4,0,13,82.8738,94.8919,2,35.9859,2,35.9859,1,1,2,106.066,85.1909
42,6,48,10,200,4,0,14,-68.8985,-113.56,7,19.4749,7,19.4749,1,1,3,106.247,31.6571
42,6,48,10,200,4,0,15,-3.75593,12.0657,2,61.1924,2,61.1924,1,1,2,106.068,85.1929
42,6,48,10,200,4,0,16,-48.7557,-125.303,3,14.064,3,14.064,1,1,3,106.247,73.0877
42,6,48,10,200,4,0,17,-39.6988,-114.827,3,13.9801,3,13.9801,1,1,3,106.248,73.0883
42,6,48,10,200,4,0,18,15.2685,96.2627,5,31.2469,5,31.2469,1,1,3,106.249,52.3531
42,6,48,10,200,4,0,19,87.0265,157.76,2,51.8598,2,51.8598,1,1,2,106.071,85.1957
42,6,48,10,200,4,0,20,42.3439,-16.2078,2,31.3532,2,31.3532,1,1,2,106.072,85.1966
42,6,48,10,200,4,0,21,85.5874,-175.736,4,61.5328,4,61.5328,1,1,3,106.249,62.623
42,6,48,10,200,4,0,22,77.9124,-51.8471,2,37.8934,2,37.8934,1,1,2,106.073,85.1977
42,6,48,10,200,4,0,23,-72.1256,174.832,6,23.7418,6,23.7418,1,1,3,106.25,41.9425
42,6,48,10,200,4,0,24,-82.9401,-64.4269,1,5.94081,1,5.94081,1,1,2,106.074,95.5095
42,6,48,10,200,4,0,25,31.1297,91.9624,5,45.5832,5,45.5832,1,1,3,106.25,52.355
42,6,48,10,200,4,0,26,83.7347,-145.089,4,61.0467,4,61.0467,1,1,2,106.075,62.4493
42,6,48,10,200,4,0,27,35.5322,20.3372,2,20.9404,2,20.9404,1,1,2,106.076,85.2007
42,6,48,10,200,4,0,28,13.9411,56.812,5,39.824,5,39.824,1,1,3,106.251,52.3556
42,6,48,10,200,4,0,29,-32.3855,70.0851,9,18.1747,9,18.1747,1,1,4,106.374,11.261
42,6,48,10,200,4,0,30,61.6257,107.717,2,42.2221,2,42.2221,1,1,2,106.078,85.2025
42,6,48,10,200,4,0,31,-48.9246,-154.26,3,21.4531,3,21.4531,1,1,3,106.253,73.093
42,6,48,10,200,4,0,32,81.2072,2.75323,2,26.7577,2,26.7577,1,1,2,106.079,85.2039
42,6,48,10,200,4,0,33,-44.5434,12.9514,8,26.6982,8,26.6982,1,1,3,106.253,21.4483
42,6,48,10,200,4,0,34,-40.4921,-95.0339,3,29.2899,3,29.2899,1,1,3,106.254,73.0943
42,6,48,10,200,4,0,35,-4.64427,-176.296,4,29.9575,4,29.9575,1,1,3,106.255,62.6284
42,6,48,10,200,4,0,36,34.3791,-18.1137,2,38.419,2,38.419,1,1,2,106.082,85.2064
42,6,48,10,200,4,0,37,-86.016,44.583,1,5.33803,1,5.33803,1,1,2,106.082,95.5175
42,6,48,10,200,4,0,38,55.0196,-136.283,4,39.381,4,39.381,1,1,2,106.083,62.4567
42,6,48,10,200,4,0,39,19.7073,124.159,5,51.4381,5,51.4381,1,1,3,106.255,52.3598
42,6,48,10,200,4,0,40,-10.355,-78.3261,0,44.4332,0,44.4332,1,1,1,105.616,105.57
42,6,48,10,200,4,0,41,18.0608,-33.2406,0,35.463,0,35.463,1,1,1,105.617,105.571
42,6,48,10,200,4,0,42,-21.7074,-72.8141,3,53.4735,3,53.4735,1,1,2,106.084,72.9244
42,6,48,10,200,4,0,43,83.5483,164.467,2,55.0083,2,55.0083,1,1,2,106.085,85.2094
42,6,48,10,200,4,0,44,81.9989,-77.6744,2,45.6927,2,45.6927,1,1,2,106.085,85.21
42,6,48,10,200,4,0,45,27.2763,107.249,5,46.6835,5,46.6835,1,1,3,106.256,52.3604
42,6,48,10,200,4,0,46,-74.9786,136.703,6,28.0019,6,28.0019,1,1,3,106.256,41.9491
42,6,48,10,200,4,0,47,66.4946,-167.543,4,42.2862,4,42.2862,1,1,2,106.087,62.4609
42,6,48,10,200,4,0,48,-20.2717,-136.098,3,15.7306,3,15.7306,1,1,3,106.257,73.0973
42,6,48,10,200,4,0,49,12.7044,58.4725,5,37.7727,5,37.7727,1,1,3,106.258,52.3622
42,6,48,10,200,4,0,50,-25.5658,-163.88,3,29.4777,3,29.4777,1,1,3,106.258,73.0986
42,6,48,10,200,4,0,51,31.088,-162.373,4,8.5588,4,8.5588,1,1,3,106.259,62.6327
42,6,48,10,200,4,0,52,-0.99675,70.1441,5,19.7916,5,19.7916,1,1,4,106.374,52.4788
42,6,48,10,200,4,0,53,31.1049,-71.9542,0,3.29945,0,3.29945,1,1,1,105.626,105.58
42,6,48,10,200,4,0,54,56.9305,-78.3756,0,24.768,0,24.768,1,1,1,105.627,105.581
42,6,48,10,200,4,0,55,-63.8976,-86.8491,1,25.9636,1,25.9636,1,1,2,106.091,95.5266
42,6,48,10,200,4,0,56,11.6491,88.3264,5,25.8003,5,25.8003,1,1,3,106.26,52.3647
42,6,48,10,200,4,0,57,29.9551,159.883,6,79.3327,6,79.3327,1,1,4,106.375,42.0675
42,6,48,10,200,4,0,58,-82.2439,47.0068,1,10.3992,1,10.3992,1,1,2,106.093,95.5285
42,6,48,10,200,4,0,59,72.1754,179.51,2,68.6565,2,68.6565,1,1,2,106.094,85.2186
42,6,48,10,200,4,0,60,74.6662,18.9034,2,19.0136,2,19.0136,1,1,2,106.095,85.2192
42,6,48,10,200,4,0,61,53.3797,179.375,2,88.1758,2,88.1758,1,1,2,106.095,85.2199
42,6,48,10,200,4,0,62,-12.1966,59.7486,5,24.8775,5,24.8775,1,1,4,106.375,52.48
42,6,48,10,200,4,0,63,-84.0837,115.063,1,11.5907,1,11.5907,1,1,2,106.096,95.5316
42,6,48,10,200,4,0,64,51.8255,37.2412,2,7.32497,2,7.32497,1,1,2,106.097,85.2216
42,6,48,10,200,4,0,65,-3.23211,-127.48,3,32.5134,3,32.5134,1,1,2,106.097,72.9378
42,6,48,10,200,4,0,66,26.6807,-124.288,4,39.6608,4,39.6608,1,1,2,106.098,62.472
42,6,48,10,200,4,0,67,-54.9269,-128.632,3,19.5381,3,19.5381,1,1,3,106.262,73.1022
42,6,48,10,200,4,0,68,62.928,132.356,2,54.0309,2,54.0309,1,1,2,106.099,85.224
42,6,48,10,200,4,0,69,-10.2932,59.7169,5,25.2067,5,25.2067,1,1,4,106.376,52.4806
42,6,48,10,200,4,0,70,-63.0098,31.6185,8,9.43921,8,9.43921,1,1,3,106.263,21.4581
42,6,48,10,200,4,0,71,76.4339,77.2786,2,28.8397,2,28.8397,1,1,2,106.101,85.2258
42,6,48,10,200,4,0,72,-30.0276,32.7781,8,31.2473,8,31.2473,1,1,4,106.377,21.5715
42,6,48,10,200,4,0,73,28.581,-44.5429,0,21.3518,0,21.3518,1,1,1,105.876,105.831
42,6,48,10,200,4,0,74,-50.1075,21.513,8,18.3672,8,18.3672,1,1,3,106.264,21.4592
42,6,48,10,200,4,0,75,-22.5164,-130.883,3,13.0069,3,13.0069,1,1,3,106.265,73.1052
42,6,48,10,200,4,0,76,-69.7918,-118.274,7,17.5813,7,17.5813,1,1,3,106.266,31.6759
42,6,48,10,200,4,0,77,-65.7537,16.0231,8,16.8212,8,16.8212,1,1,3,106.266,21.461
42,6,48,10,200,4,0,78,60.7375,-119.675,0,44.3776,0,44.3776,1,1,1,105.88,105.835
42,6,48,10,200,4,0,79,-24.4568,45.1261,8,34.6668,8,34.6668,1,1,5,106.414,21.609
42,6,48,10,200,4,0,80,48.7832,124.622,2,60.0516,2,60.0516,1,1,2,106.105,85.23
42,6,48,10,200,4,0,81,48.8228,-29.0722,0,33.906,0,33.906,1,1,1,105.883,105.837
42,6,48,10,200,4,0,82,-89.833,167.792,1,2.75087,1,2.75087,1,1,2,106.106,95.5413
42,6,48,10,200,4,0,83,11.1479,126.19,5,48.0394,5,48.0394,1,1,4,106.378,52.4823
42,6,48,10,200,4,0,84,60.0739,-178.291,4,36.6471,4,36.6471,1,1,2,106.107,62.481
42,6,48,10,200,4,0,85,2.95342,174.128,6,53.7028,6,53.7028,1,1,5,106.415,42.1075
42,6,48,10,200,4,0,86,16.664,-21.2253,0,46.2226,0,46.2226,1,1,1,105.887,105.842
42,6,48,10,200,4,0,87,35.7034,153.273,5,83.2634,5,83.2634,1,1,3,106.269,52.3731
42,6,48,10,200,4,0,88,-84.2236,-51.4311,1,4.63958,1,4.63958,1,1,2,106.109,95.5443
42,6,48,10,200,4,0,89,-35.6351,-88.6623,3,34.9748,3,34.9748,1,1,3,106.269,73.1095
42,6,48,10,200,4,0,90,75.0409,63.6969,2,24.4187,2,24.4187,1,1,2,106.15,85.2744
42,6,48,10,200,4,0,91,-19.7725,-169.502,3,37.0318,3,37.0318,1,1,3,106.27,73.1102
42,6,48,10,200,4,0,92,62.7117,8.94768,2,11.4108,2,11.4108,1,1,2,106.153,85.278
42,6,48,10,200,4,0,93,13.2607,66.8985,5,32.8177,5,32.8177,1,1,3,106.271,52.3754
42,6,48,10,200,4,0,94,34.6364,157.608,6,84.0729,6,84.0729,1,1,4,106.379,42.0716
42,6,48,10,200,4,0,95,-33.9877,-13.1608,8,49.7031,8,49.7031,1,1,3,106.272,21.4669
42,6,48,10,200,4,0,96,51.1149,-150.33,4,30.3691,4,30.3691,1,1,2,106.156,62.5297
42,6,48,10,200,4,0,97,68.8835,102.564,2,37.3105,2,37.3105,1,1,2,106.156,85.2811
42,6,48,10,200,4,0,98,-81.269,-19.9373,1,8.20957,1,8.20957,1,1,2,106.157,95.5923
42,6,48,10,200,4,0,99,24.3769,137.61,5,64.7433,5,64.7433,1,1,3,106.273,52.3772
42,6,48,10,200,4,0,100,-9.11394,-125.339,3,27.0317,3,27.0317,1,1,2,106.159,72.9989
42,6,48,10,200,4,0,101,65.8691,-164.9,4,41.7209,4,41.7209,1,1,2,106.159,62.533
42,6,48,10,200,4,0,102,16.7177,23.1449,2,39.3573,2,39.3573,1,1,2,106.16,85.2846
42,6,48,10,200,4,0,103,84.1864,44.9881,2,28.8926,2,28.8926,1,1,2,106.161,85.2855
42,6,48,10,200,4,0,104,75.8569,-82.8974,0,43.5333,0,43.5333,1,1,1,105.902,105.856
42,6,48,10,200,4,0,105,68.1629,121.796,2,46.0776,2,46.0776,1,1,2,106.162,85.2863
42,6,48,10,200,4,0,106,80.3998,-83.2191,2,47.7035,2,47.7035,1,1,2,106.162,85.2869
42,6,48,10,200,4,0,107,66.147,106.223,2,39.6907,2,39.6907,1,1,2,106.163,85.2875
42,6,48,10,200,4,0,108,52.8643,-21.1847,2,28.198,2,28.198,1,1,2,106.163,85.2881
42,6,48,10,200,4,0,109,-3.43931,-4.99857,2,65.9525,2,65.9525,1,1,2,106.164,85.2887
42,6,48,10,200,4,0,110,-21.7885,105.146,5,20.511,5,20.511,1,1,4,106.38,52.4843
42,6,48,10,200,4,0,111,80.9203,-121.347,0,55.717,0,55.717,1,1,1,105.907,105.861
42,6,48,10,200,4,0,112,67.4081,119.608,2,45.4118,2,45.4118,1,1,2,106.165,85.2899
42,6,48,10,200,4,0,113,80.6083,152.278,2,52.5162,2,52.5162,1,1,2,106.166,85.2905
42,6,48,10,200,4,0,114,-40.1648,29.9704,8,22.59,8,22.59,1,1,4,106.38,21.5753
42,6,48,10,200,4,0,115,54.9441,81.4425,2,30.9076,2,30.9076,1,1,2,106.167,85.2917
42,6,48,10,200,4,0,116,42.3155,61.6264,2,26.4583,2,26.4583,1,1,2,106.168,85.2924
42,6,48,10,200,4,0,117,48.2713,-61.9336,0,16.0558,0,16.0558,1,1,1,105.911,105.866
42,6,48,10,200,4,0,118,-47.6143,84.9153,9,5.24942,9,5.24942,1,1,5,106.416,11.303
42,6,48,10,200,4,0,119,81.5273,-123.515,0,56.7208,0,56.7208,1,1,1,105.913,105.868
42,6,48,10,200,4,0,120,-88.9911,119.38,1,3.31003,1,3.31003,1,1,2,106.169,95.6042
42,6,48,10,200,4,0,121,89.1405,162.817,2,52.5479,2,52.5479,1,1,2,106.17,85.2943
42,6,48,10,200,4,0,122,-71.9193,130.575,6,27.0278,6,27.0278,1,1,3,106.275,41.9677
42,6,48,10,200,4,0,123,44.5202,141.89,2,74.3856,2,74.3856,1,1,2,106.171,85.2955
42,6,48,10,200,4,0,124,-35.3049,-97.8383,3,27.5681,3,27.5681,1,1,3,106.276,73.1159
42,6,48,10,200,4,0,125,-21.5543,65.8131,5,19.9838,5,19.9838,1,1,4,106.382,52.4861
42,6,48,10,200,4,0,126,-86.3461,-61.268,1,2.51535,1,2.51535,1,1,2,106.173,95.6079
42,6,48,10,200,4,0,127,62.2329,142.124,2,59.4779,2,59.4779,1,1,2,106.174,85.2982
42,6,48,10,200,4,0,128,-60.8302,105.683,9,19.5269,9,19.5269,1,1,6,106.455,11.3425
42,6,48,10,200,4,0,129,57.2011,-21.9901,2,26.9988,2,26.9988,1,1,2,106.175,85.2994
42,6,48,10,200,4,0,130,-22.1735,44.2906,8,37.0052,8,37.0052,1,1,5,106.417,21.6119
42,6,48,10,200,4,0,131,-60.2738,-139.716,7,22.6825,7,22.6825,1,1,4,106.383,31.7935
42,6,48,10,200,4,0,132,-37.0415,155.995,6,12.8514,6,12.8514,1,1,4,106.384,42.0764
42,6,48,10,200,4,0,133,-10.8248,10.6883,8,57.6093,8,57.6093,1,1,4,106.384,21.5793
42,6,48,10,200,4,0,134,30.4551,-38.5951,0,25.854,0,25.854,1,1,1,105.972,105.926
42,6,48,10,200,4,0,135,33.5867,62.9281,2,33.9384,2,33.9384,1,1,2,106.178,85.3028
42,6,48,10,200,4,0,136,-49.6074,65.4544,9,7.86453,9,7.86453,1,1,5,106.418,11.305
42,6,48,10,200,4,0,137,22.8728,-63.0535,0,11.4323,0,11.4323,1,1,1,105.975,105.929
42,6,48,10,200,4,0,138,8.01463,-45.2141,0,33.4482,0,33.4482,1,1,1,105.976,105.93
42,6,48,10,200,4,0,139,-50.5818,125.419,6,22.8959,6,22.8959,1,1,4,106.386,42.0783
42,6,48,10,200,4,0,140,18.4738,35.7278,2,38.1228,2,38.1228,1,1,2,106.18,85.3047
42,6,48,10,200,4,0,141,5.61624,44.2554,5,45.3094,5,45.3094,1,1,3,106.331,52.4356
42,6,48,10,200,4,0,142,77.2299,-44.3016,2,35.4187,2,35.4187,1,1,2,106.181,85.3059
42,6,48,10,200,4,0,143,3.18967,-147.201,4,29.2424,4,29.2424,1,1,3,106.332,62.7055
42,6,48,10,200,4,0,144,-59.3096,-59.2184,1,29.5536,1,29.5536,1,1,2,106.182,95.6176
42,6,48,10,200,4,0,145,5.40464,17.0338,2,51.2671,2,51.2671,1,1,2,106.183,85.3076
42,6,48,10,200,4,0,146,82.5361,70.2617,2,30.6909,2,30.6909,1,1,2,106.183,85.3082
42,6,48,10,200,4,0,147,28.6589,-89.0109,0,17.8646,0,17.8646,1,1,1,105.982,105.937
42,6,48,10,200,4,0,148,23.1283,-144.332,4,21.8178,4,21.8178,1,1,3,106.332,62.7062
42,6,48,10,200,4,0,149,50.8387,-72.8331,0,17.9885,0,17.9885,1,1,1,105.984,105.938
42,6,48,10,200,4,0,150,-1.46349,-11.1491,0,65.393,0,65.393,1,1,1,105.984,105.939
42,6,48,10,200,4,0,151,85.0475,77.8582,2,33.6886,2,33.6886,1,1,2,106.185,85.3094
42,6,48,10,200,4,0,152,-62.8474,35.8405,8,7.56731,8,7.56731,1,1,3,106.333,21.5279
42,6,48,10,200,4,0,153,-82.5976,70.3345,1,11.3321,1,11.3321,1,1,2,106.186,95.6212
42,6,48,10,200,4,0,154,85.3132,-86.3589,2,47.6907,2,47.6907,1,1,2,106.187,85.3113
42,6,48,10,200,4,0,155,7.87695,27.5741,2,48.0796,2,48.0796,1,1,2,106.187,85.3119
42,6,48,10,200,4,0,156,64.6844,-153.014,4,41.8869,4,41.8869,1,1,2,106.188,62.5616
42,6,48,10,200,4,0,157,-54.0853,103.829,9,16.7925,9,16.7925,1,1,6,106.456,11.3432
42,6,48,10,200,4,0,158,-8.65762,78.2088,5,8.68799,5,8.68799,1,1,4,106.387,52.4914
42,6,48,10,200,4,0,159,68.314,44.0656,2,14.717,2,14.717,1,1,2,106.19,85.3143
42,6,48,10,200,4,0,160,-80.5048,-32.5627,1,8.6371,1,8.6371,1,1,2,106.19,95.6255
42,6,48,10,200,4,0,161,-59.4503,-175.937,7,20.41,7,20.41,1,1,4,106.387,31.7978
42,6,48,10,200,4,0,162,-71.1505,118.417,9,29.472,9,29.472,1,1,4,106.388,11.2753
42,6,48,10,200,4,0,163,-42.4741,83.9556,9,8.4274,9,8.4274,1,1,5,106.419,11.3064
42,6,48,10,200,4,0,164,77.0427,-163.271,4,52.9219,4,52.9219,1,1,2,106.193,62.5671
42,6,48,10,200,4,0,165,-84.4388,-28.8416,1,4.70049,1,4.70049,1,1,2,106.194,95.6292
42,6,48,10,200,4,0,166,2.79002,-178.783,4,23.7959,4,23.7959,1,1,3,106.337,62.7108
42,6,48,10,200,4,0,167,-65.4917,59.8853,8,8.1805,8,8.1805,1,1,3,106.338,21.5325
42,6,48,10,200,4,0,168,18.529,-116.179,0,45.0292,0,45.0292,1,1,1,105.999,105.953
42,6,48,10,200,4,0,169,-24.8901,27.6844,8,37.6772,8,37.6772,1,1,4,106.389,21.5841
42,6,48,10,200,4,0,170,-11.2688,145.974,6,40.241,6,40.241,1,1,5,106.42,42.1126
42,6,48,10,200,4,0,171,-62.3708,-73.1687,1,26.8069,1,26.8069,1,1,2,106.198,95.6332
42,6,48,10,200,4,0,172,86.48,-52.9121,2,39.9184,2,39.9184,1,1,2,106.199,85.3234
42,6,48,10,200,4,0,173,-74.67,-24.3551,1,14.9097,1,14.9097,1,1,2,106.199,95.6347
42,6,48,10,200,4,0,174,-77.3517,167.288,6,28.1243,6,28.1243,1,1,3,106.34,42.0322
42,6,48,10,200,4,0,175,-80.1448,-135.713,7,6.54822,7,6.54822,1,1,3,106.34,31.7506
42,6,48,10,200,4,0,176,-22.6374,-99.1901,3,31.1604,3,31.1604,1,1,2,106.202,73.0422
42,6,48,10,200,4,0,177,-65.8251,-7.57588,1,25.3966,1,25.3966,1,1,2,106.203,95.6378
42,6,48,10,200,4,0,178,-80.3865,-36.5985,1,8.66879,1,8.66879,1,1,2,106.203,95.6385
42,6,48,10,200,4,0,179,-51.8101,173.312,6,8.20589,6,8.20589,1,1,4,106.39,42.083
42,6,48,10,200,4,0,180,-9.93468,-92.4978,3,44.258,3,44.258,1,1,2,106.205,73.0451
42,6,48,10,200,4,0,181,-17.7646,165.711,6,31.8515,6,31.8515,1,1,5,106.421,42.1133
42,6,48,10,200,4,0,182,-45.6402,13.4874,8,25.6059,8,25.6059,1,1,3,106.342,21.5372
42,6,48,10,200,4,0,183,22.798,125.778,5,54.6467,5,54.6467,1,1,3,106.343,52.4476
42,6,48,10,200,4,0,184,38.6544,175.816,6,89.2568,6,89.2568,1,1,3,106.344,42.0362
42,6,48,10,200,4,0,185,-13.269,-125.229,3,22.9951,3,22.9951,1,1,2,106.208,73.0488
42,6,48,10,200,4,0,186,70.8947,28.7204,2,14.9613,2,14.9613,1,1,2,106.209,85.3339
42,6,48,10,200,4,0,187,-9.19878,134.75,6,46.2258,6,46.2258,1,1,5,106.421,42.114
42,6,48,10,200,4,0,188,77.9041,12.2624,2,22.6948,2,22.6948,1,1,2,106.211,85.3353
42,6,48,10,200,4,0,189,-34.8028,-178.895,3,38.6259,3,38.6259,1,1,3,106.345,73.1854
42,6,48,10,200,4,0,190,-0.224861,-49.8951,0,37.957,0,37.957,1,1,1,106.015,105.969
42,6,48,10,200,4,0,191,-67.304,134.275,6,22.7594,6,22.7594,1,1,3,106.346,42.0385
42,6,48,10,200,4,0,192,15.4574,-86.2582,0,23.7272,0,23.7272,1,1,1,106.017,105.971
42,6,48,10,200,4,0,193,-26.6502,50.1419,9,31.548,9,31.548,1,1,5,106.422,11.3094
42,6,48,10,200,4,0,194,28.5716,23.0793,2,27.5335,2,27.5335,1,1,2,106.213,85.3381
42,6,48,10,200,4,0,195,21.7272,-142.726,4,23.5161,4,23.5161,1,1,3,106.347,62.7209
42,6,48,10,200,4,0,196,55.2907,-172.075,4,31.2283,4,31.2283,1,1,2,106.215,62.5884
42,6,48,10,200,4,0,197,-78.5077,-160.699,7,2.72517,7,2.72517,1,1,3,106.348,31.758
42,6,48,10,200,4,0,198,10.7063,68.5806,5,29.7559,5,29.7559,1,1,3,106.348,52.4528
42,6,48,10,200,4,0,199,72.5393,-81.2787,0,40.1525,0,40.1525,1,1,1,106.023,105.977
42,7,49,10,200,4,0,0,-2.60847,-54.3541,9,14.9687,9,14.9687,1,1,4,110.056,11.2854
42,7,49,10,200,4,0,1,66.7742,40.6489,5,33.3359,5,33.3359,1,1,4,110.058,54.2003
42,7,49,10,200,4,0,2,-57.2801,-33.4466,0,34.2265,0,34.2265,1,1,1,109.403,109.372
42,7,49,10,200,4,0,3,-55.3792,-0.639359,0,45.0643,0,45.0643,1,1,1,109.404,109.373
42,7,49,10,200,4,0,4,79.2694,98.9351,5,9.22339,5,9.22339,1,1,5,110.13,54.272
42,7,49,10,200,4,0,5,-74.2164,173.591,0,56.0402,0,56.0402,1,1,1,109.407,109.376
42,7,49,10,200,4,0,6,89.0743,-37.2933,5,24.5684,5,24.5684,1,1,4,110.063,54.2053
42,7,49,10,200,4,0,7,-63.8732,85.5427,0,57.0545,0,57.0545,1,1,1,109.408,109.378
42,7,49,10,200,4,0,8,34.4963,111.093,8,35.6539,3,36.4653,1.02276,0,3,109.76,77.7916
42,7,49,10,200,4,0,9,29.598,-132.899,2,49.5343,2,49.5343,1,1,3,109.761,89.0367
42,7,49,10,200,4,0,10,-13.3193,33.6385,4,8.76501,4,8.76501,1,1,2,109.613,66.8542
42,7,49,10,200,4,0,11,-84.91,-160.963,0,7.04632,0,7.04632,1,1,1,109.413,109.382
42,7,49,10,200,4,0,12,16.0294,26.8683,4,31.0544,4,31.0544,1,1,3,109.761,67.0028
42,7,49,10,200,4,0,13,-84.4334,-21.8866,0,9.20607,0,9.20607,1,1,1,109.415,109.384
42,7,49,10,200,4,0,14,-4.80124,-18.5843,9,28.5031,9,28.5031,1,1,4,110.064,11.2936
42,7,49,10,200,4,0,15,56.231,165.181,8,12.885,5,22.7344,1.76441,0,4,110.065,54.2067
42,7,49,10,200,4,0,16,53.5308,66.0104,5,39.9048,5,39.9048,1,1,6,110.169,54.3107
42,7,49,10,200,4,0,17,12.9148,172.501,7,4.58793,7,4.58793,1,1,5,110.133,33.4711
42,7,49,10,200,4,0,18,-73.7181,95.071,0,41.3379,0,41.3379,1,1,1,109.419,109.389
42,7,49,10,200,4,0,19,-4.06898,-168.897,1,54.2023,1,54.2023,1,1,2,109.617,99.2933
42,7,49,10,200,4,0,20,7.00307,23.4293,4,26.0129,4,26.0129,1,1,3,109.768,67.0097
42,7,49,10,200,4,0,21,-87.6531,12.1548,0,11.0126,0,11.0126,1,1,1,109.422,109.391
42,7,49,10,200,4,0,22,83.068,-123.053,2,45.1522,2,45.1522,1,1,3,109.769,89.0448
42,7,49,10,200,4,0,23,-41.1512,55.1286,4,32.3396,4,32.3396,1,1,2,109.62,66.8611
42,7,49,10,200,4,0,24,84.0199,156.894,5,7.16175,5,7.16175,1,1,5,110.134,54.2758
42,7,49,10,200,4,0,25,51.1147,-38.5989,2,24.8967,2,24.8967,1,1,3,109.77,89.0461
42,7,49,10,200,4,0,26,5.26605,112.41,3,46.1876,3,46.1876,1,1,3,109.771,77.8022
42,7,49,10,200,4,0,27,-9.78086,-137.409,1,28.7977,1,28.7977,1,1,2,109.623,99.2986
42,7,49,10,200,4,0,28,-20.3611,-8.42851,9,35.9027,9,35.9027,1,1,3,109.771,11.0009
42,7,49,10,200,4,0,29,10.3522,129.675,3,29.5294,3,29.5294,1,1,3,109.772,77.8036
42,7,49,10,200,4,0,30,76.4936,-46.8336,2,35.429,2,35.429,1,1,3,109.773,89.0488
42,7,49,10,200,4,0,31,57.428,80.0488,5,31.3402,5,31.3402,1,1,5,110.135,54.277
42,7,49,10,200,4,0,32,-80.4116,-39.3145,0,9.37647,0,9.37647,1,1,1,109.432,109.401
42,7,49,10,200,4,0,33,36.2751,-128.259,2,42.4465,2,42.4465,1,1,3,109.775,89.0514
42,7,49,10,200,4,0,34,-62.1217,-115.588,0,20.8439,0,20.8439,1,1,1,109.434,109.403
42,7,49,10,200,4,0,35,-58.5783,69.7627,4,52.7165,4,52.7165,1,1,2,109.629,66.8704
42,7,49,10,200,4,0,36,43.9207,-112.463,2,27.9641,2,27.9641,1,1,3,109.776,89.0521
42,7,49,10,200,4,0,37,-49.0412,73.9775,4,46.9621,4,46.9621,1,1,2,109.63,66.872
42,7,49,10,200,4,0,38,-27.7578,-0.384903,4,43.6143,4,43.6143,1,1,2,109.631,66.8727
42,7,49,10,200,4,0,39,-25.4469,-67.4759,9,23.0626,9,23.0626,1,1,3,109.777,11.0063
42,7,49,10,200,4,0,40,-11.7456,-128.664,1,23.6647,1,23.6647,1,1,2,109.633,99.3087
42,7,49,10,200,4,0,41,36.9626,167.041,3,13.506,3,13.506,1,1,3,109.777,77.8088
42,7,49,10,200,4,0,42,81.8726,-125.636,2,44.9582,2,44.9582,1,1,3,109.778,89.0539
42,7,49,10,200,4,0,43,-75.1841,-56.977,0,11.1884,0,11.1884,1,1,1,109.442,109.411
42,7,49,10,200,4,0,44,22.9675,50.3362,4,34.8495,4,34.8495,1,1,4,110.069,67.3105
42,7,49,10,200,4,0,45,-53.6508,18.9222,4,47.0442,4,47.0442,1,1,2,109.636,66.8771
42,7,49,10,200,4,0,46,-88.2487,-172.446,0,8.18125,0,8.18125,1,1,1,109.444,109.414
42,7,49,10,200,4,0,47,-40.5145,-157.321,1,29.1987,1,29.1987,1,1,2,109.636,99.3123
42,7,49,10,200,4,0,48,-15.8801,171.521,7,24.2311,7,24.2311,1,1,4,110.07,33.4079
42,7,49,10,200,4,0,49,-52.79,23.9963,4,44.629,4,44.629,1,1,2,109.638,66.8792
42,7,49,10,200,4,0,50,-62.0333,-42.7366,0,27.0349,0,27.0349,1,1,1,109.448,109.417
42,7,49,10,200,4,0,51,-43.1205,143.775,7,58.1298,7,58.1298,1,1,3,109.78,33.118
42,7,49,10,200,4,0,52,12.4002,-4.32346,9,49.5001,9,49.5001,1,1,4,110.071,11.3005
42,7,49,10,200,4,0,53,18.8762,149.285,3,11.2718,3,11.2718,1,1,3,109.781,77.8127
42,7,49,10,200,4,0,54,87.6458,166.858,5,10.8847,5,10.8847,1,1,5,110.136,54.2778
42,7,49,10,200,4,0,55,-49.0956,-28.1996,9,37.3002,9,37.3002,1,1,2,109.641,10.8709
42,7,49,10,200,4,0,56,-70.903,155.734,0,60.1855,0,60.1855,1,1,1,109.453,109.422
42,7,49,10,200,4,0,57,-20.5794,-158.061,1,35.3952,1,35.3952,1,1,2,109.642,99.3183
42,7,49,10,200,4,0,58,-74.9511,-11.527,0,19.0217,0,19.0217,1,1,1,109.455,109.424
42,7,49,10,200,4,0,59,-17.519,76.0327,4,33.3811,4,33.3811,1,1,3,109.782,67.024
42,7,49,10,200,4,0,60,-70.5954,37.6604,0,34.3571,0,34.3571,1,1,1,109.457,109.426
42,7,49,10,200,4,0,61,-42.5225,-137.688,1,15.1437,1,15.1437,1,1,2,109.644,99.3199
42,7,49,10,200,4,0,62,22.6074,13.9259,4,43.8275,4,43.8275,1,1,3,109.783,67.0246
42,7,49,10,200,4,0,63,-57.5043,-166.546,0,33.6132,0,33.6132,1,1,1,109.459,109.428
42,7,49,10,200,4,0,64,2.72352,-40.5886,9,18.2888,9,18.2888,1,1,4,110.073,11.3023
42,7,49,10,200,4,0,65,18.7254,61.3804,4,35.2698,4,35.2698,1,1,4,110.073,67.3149
42,7,49,10,200,4,0,66,48.3374,131.21,8,16.249,3,25.7517,1.58481,0,3,109.785,77.8162
42,7,49,10,200,4,0,67,12.5776,-58.5248,9,30.3053,9,30.3053,1,1,4,110.074,11.3039
42,7,49,10,200,4,0,68,-26.5568,-117.093,1,8.68165,1,8.68165,1,1,2,109.648,99.3242
42,7,49,10,200,4,0,69,-44.62,-57.822,9,31.5817,9,31.5817,1,1,2,109.649,10.8785
42,7,49,10,200,4,0,70,-65.1171,-7.43114,0,31.3047,0,31.3047,1,1,1,109.465,109.434
42,7,49,10,200,4,0,71,46.9892,-92.0401,2,13.2947,2,13.2947,1,1,3,109.786,89.062
42,7,49,10,200,4,0,72,-15.8485,-127.18,1,19.3199,1,19.3199,1,1,2,109.65,99.3263
42,7,49,10,200,4,0,73,-35.0505,-1.59929,9,44.7534,9,44.7534,1,1,3,109.787,11.0165
42,7,49,10,200,4,0,74,20.6463,74.861,4,45.307,4,45.307,1,1,4,110.075,67.3166
42,7,49,10,200,4,0,75,-52.7833,80.1019,4,52.7523,4,52.7523,1,1,2,109.654,66.8954
42,7,49,10,200,4,0,76,-33.7393,-10.6116,9,37.0993,9,37.0993,1,1,3,109.79,11.0196
42,7,49,10,200,4,0,77,61.2069,157.736,8,6.88901,5,16.8379,2.44417,0,5,110.137,54.2786
42,7,49,10,200,4,0,78,-88.3428,-172.595,0,8.2152,0,8.2152,1,1,1,109.472,109.441
42,7,49,10,200,4,0,79,85.5953,8.76134,5,21.7433,5,21.7433,1,1,4,110.077,54.2193
42,7,49,10,200,4,0,80,-16.5917,28.6415,4,14.3896,4,14.3896,1,1,2,109.657,66.8984
42,7,49,10,200,4,0,81,-54.9291,-116.509,1,20.7845,1,20.7845,1,1,2,109.658,99.3338
42,7,49,10,200,4,0,82,-10.0743,95.2969,4,52.1457,4,52.1457,1,1,3,109.792,67.0338
42,7,49,10,200,4,0,83,2.48326,106.738,3,52.5395,3,52.5395,1,1,3,109.793,77.8243
42,7,49,10,200,4,0,84,79.1022,95.7265,5,9.89483,5,9.89483,1,1,5,110.137,54.2795
42,7,49,10,200,4,0,85,-65.5422,-152.03,0,22.0452,0,22.0452,1,1,1,109.478,109.447
42,7,49,10,200,4,0,86,-45.8523,142.894,7,60.843,7,60.843,1,1,3,109.794,33.132
42,7,49,10,200,4,0,87,-32.0349,56.5984,4,24.9505,4,24.9505,1,1,2,109.661,66.9028
42,7,49,10,200,4,0,88,-82.1432,45.8291,0,19.6256,0,19.6256,1,1,1,109.481,109.45
42,7,49,10,200,4,0,89,-62.5004,57.0063,0,51.5127,0,51.5127,1,1,1,109.482,109.451
42,7,49,10,200,4,0,90,-29.6549,-50.5674,9,15.4799,9,15.4799,1,1,2,109.662,10.8916
42,7,49,10,200,4,0,91,-21.4459,53.2116,4,14.8553,4,14.8553,1,1,3,109.795,67.0363
42,7,49,10,200,4,0,92,59.4105,-100.478,2,22.8877,2,22.8877,1,1,3,109.796,89.0718
42,7,49,10,200,4,0,93,15.4739,122.135,3,32.2962,3,32.2962,1,1,3,109.797,77.828
42,7,49,10,200,4,0,94,-46.5365,22.1384,4,39.7269,4,39.7269,1,1,2,109.665,66.9066
42,7,49,10,200,4,0,95,-24.5517,53.7435,4,17.4514,4,17.4514,1,1,2,109.666,66.908
42,7,49,10,200,4,0,96,-64.6101,21.0383,0,38.8634,0,38.8634,1,1,1,109.488,109.457
42,7,49,10,200,4,0,97,58.6174,30.6312,5,46.1833,5,46.1833,1,1,4,110.079,54.2213
42,7,49,10,200,4,0,98,-31.8324,-57.7986,9,20.3098,9,20.3098,1,1,3,109.798,11.0274
42,7,49,10,200,4,0,99,-21.3156,-85.4604,1,34.3195,1,34.3195,1,1,2,109.67,99.3465
42,7,49,10,200,4,0,100,-71.036,6.28455,0,27.0671,0,27.0671,1,1,1,109.491,109.46
42,7,49,10,200,4,0,101,-28.7451,-53.7767,9,15.8033,9,15.8033,1,1,3,109.799,11.0288
42,7,49,10,200,4,0,102,-15.4107,58.44,4,16.3662,4,16.3662,1,1,3,109.8,67.0414
42,7,49,10,200,4,0,103,-88.5891,-15.1078,0,9.05291,0,9.05291,1,1,1,109.494,109.463
42,7,49,10,200,4,0,104,-37.8654,-122.179,1,3.50176,1,3.50176,1,1,2,109.674,99.3498
42,7,49,10,200,4,0,105,-69.0508,44.9593,0,38.2763,0,38.2763,1,1,1,109.495,109.465
42,7,49,10,200,4,0,106,3.6267,-0.993393,4,45.567,4,45.567,1,1,3,109.8,67.042
42,7,49,10,200,4,0,107,-40.9145,-53.9256,9,27.0627,9,27.0627,1,1,2,109.675,10.9049
42,7,49,10,200,4,0,108,39.2643,129.119,3,22.5234,3,22.5234,1,1,3,109.801,77.8325
42,7,49,10,200,4,0,109,-55.8952,165.456,7,64.5261,7,64.5261,1,1,4,110.08,33.4179
42,7,49,10,200,4,0,110,-14.3714,19.1062,4,22.8577,4,22.8577,1,1,2,109.677,66.9189
42,7,49,10,200,4,0,111,19.5995,22.037,4,36.6062,4,36.6062,1,1,3,109.802,67.0439
42,7,49,10,200,4,0,112,-69.9277,-23.5661,0,22.2856,0,22.2856,1,1,1,109.501,109.47
42,7,49,10,200,4,0,113,-63.6659,-23.5203,0,29.3258,0,29.3258,1,1,1,109.501,109.471
42,7,49,10,200,4,0,114,49.3176,10.037,2,57.9161,2,57.9161,1,1,3,109.803,89.079
42,7,49,10,200,4,0,115,35.5097,136.563,3,15.6528,3,15.6528,1,1,3,109.804,77.835
42,7,49,10,200,4,0,116,-81.8392,-166.471,0,8.98617,0,8.98617,1,1,1,109.504,109.473
42,7,49,10,200,4,0,117,-48.6068,-14.4998,9,42.9057,9,42.9057,1,1,2,109.682,10.9116
42,7,49,10,200,4,0,118,35.9846,-94.3919,2,17.651,2,17.651,1,1,3,109.804,89.0802
42,7,49,10,200,4,0,119,75.1962,176.238,5,8.15995,5,8.15995,1,1,5,110.142,54.2837
42,7,49,10,200,4,0,120,-18.2855,-167.709,1,44.5771,1,44.5771,1,1,2,109.684,99.3602
42,7,49,10,200,4,0,121,20.5988,150.682,3,9.22245,3,9.22245,1,1,3,109.805,77.8368
42,7,49,10,200,4,0,122,5.64874,139.369,3,27.3968,3,27.3968,1,1,3,109.806,77.8375
42,7,49,10,200,4,0,123,-41.6216,-90.174,1,25.5802,1,25.5802,1,1,2,109.686,99.3622
42,7,49,10,200,4,0,124,44.2436,-15.0336,2,42.2359,2,42.2359,1,1,3,109.807,89.0826
42,7,49,10,200,4,0,125,-52.3593,-120.256,1,17.9462,1,17.9462,1,1,2,109.687,99.3634
42,7,49,10,200,4,0,126,-87.9637,114.481,0,18.7637,0,18.7637,1,1,1,109.512,109.481
42,7,49,10,200,4,0,127,40.8907,-135.783,2,45.9982,2,45.9982,1,1,3,109.807,89.0832
42,7,49,10,200,4,0,128,-44.5428,134.45,7,63.8554,7,63.8554,1,1,3,109.808,33.1459
42,7,49,10,200,4,0,129,10.3484,-170.45,1,65.6676,1,65.6676,1,1,2,109.689,99.3652
42,7,49,10,200,4,0,130,-17.7567,-88.2838,1,34.0469,1,34.0469,1,1,2,109.69,99.3661
42,7,49,10,200,4,0,131,73.0564,-19.1918,2,40.9784,2,40.9784,1,1,3,109.811,89.0865
42,7,49,10,200,4,0,132,-37.3773,-131.101,1,8.43957,1,8.43957,1,1,2,109.691,99.3673
42,7,49,10,200,4,0,133,73.1542,177.215,5,9.62801,5,9.62801,1,1,5,110.144,54.286
42,7,49,10,200,4,0,134,-22.7463,116.701,7,63.1431,7,63.1431,1,1,3,109.812,33.1498
42,7,49,10,200,4,0,135,86.7264,97.9363,5,11.4052,5,11.4052,1,1,5,110.145,54.2871
42,7,49,10,200,4,0,136,64.4958,34.6505,5,37.7627,5,37.7627,1,1,4,110.083,54.2255
42,7,49,10,200,4,0,137,34.3093,-39.7109,2,28.0423,2,28.0423,1,1,3,109.814,89.0898
42,7,49,10,200,4,0,138,-2.99045,165.375,7,13.1735,7,13.1735,1,1,4,110.087,33.425
42,7,49,10,200,4,0,139,25.0575,-97.4936,2,27.0669,2,27.0669,1,1,3,109.815,89.0911
42,7,49,10,200,4,0,140,-14.8291,125.397,7,52.066,7,52.066,1,1,3,109.816,33.1537
42,7,49,10,200,4,0,141,-18.8746,-25.5856,9,19.618,9,19.618,1,1,4,110.088,11.3179
42,7,49,10,200,4,0,142,29.9385,-135.968,2,51.7013,2,51.7013,1,1,3,109.817,89.093
42,7,49,10,200,4,0,143,9.31575,150.791,3,20.2843,3,20.2843,1,1,3,109.818,77.849
42,7,49,10,200,4,0,144,89.2408,-140.672,5,35.539,5,35.539,1,1,4,110.089,54.231
42,7,49,10,200,4,0,145,80.1705,-37.0318,5,35.4277,5,35.4277,1,1,4,110.092,54.2337
42,7,49,10,200,4,0,146,-24.4777,126.454,7,55.8522,7,55.8522,1,1,3,109.82,33.1577
42,7,49,10,200,4,0,147,61.8882,56.2899,5,33.9735,5,33.9735,1,1,6,110.17,54.3117
42,7,49,10,200,4,0,148,87.6765,90.0847,5,12.5623,5,12.5623,1,1,5,110.147,54.2889
42,7,49,10,200,4,0,149,26.7522,-50.1397,2,25.6514,2,25.6514,1,1,3,109.823,89.0986
42,7,49,10,200,4,0,150,13.3927,46.9573,4,24.7858,4,24.7858,1,1,4,110.094,67.3359
42,7,49,10,200,4,0,151,-66.1017,-24.223,0,26.4185,0,26.4185,1,1,1,109.536,109.505
42,7,49,10,200,4,0,152,-49.1961,116.415,4,74.7024,4,74.7024,1,1,3,109.824,67.0654
42,7,49,10,200,4,0,153,58.0331,75.6269,5,32.0526,5,32.0526,1,1,5,110.148,54.2897
42,7,49,10,200,4,0,154,50.8953,-13.8188,2,41.2544,2,41.2544,1,1,3,109.825,89.1012
42,7,49,10,200,4,0,155,79.0666,-107.868,2,38.9693,2,38.9693,1,1,3,109.826,89.1019
42,7,49,10,200,4,0,156,-34.2111,-59.616,9,23.1495,9,23.1495,1,1,3,109.827,11.0561
42,7,49,10,200,4,0,157,23.2734,171.455,6,6.42387,6,6.42387,1,1,4,110.096,43.8147
42,7,49,10,200,4,0,158,-7.79198,-114.822,1,27.323,1,27.323,1,1,2,109.71,99.3861
42,7,49,10,200,4,0,159,71.1232,-17.1023,2,41.0119,2,41.0119,1,1,3,109.828,89.1038
42,7,49,10,200,4,0,160,-37.7467,122.587,7,66.4651,7,66.4651,1,1,3,109.828,33.1664
42,7,49,10,200,4,0,161,62.9329,55.5511,5,33.0715,5,33.0715,1,1,6,110.17,54.3124
42,7,49,10,200,4,0,162,34.5206,69.6422,4,52.7754,4,52.7754,1,1,4,110.098,67.3394
42,7,49,10,200,4,0,163,-34.0795,64.3943,4,30.8696,4,30.8696,1,1,2,109.713,66.9548
42,7,49,10,200,4,0,164,-10.1366,165.345,7,19.6748,7,19.6748,1,1,4,110.098,33.4364
42,7,49,10,200,4,0,165,-82.8727,-173.488,0,9.27993,0,9.27993,1,1,1,109.549,109.518
42,7,49,10,200,4,0,166,16.1513,-117.949,2,47.2074,2,47.2074,1,1,3,109.834,89.1098
42,7,49,10,200,4,0,167,-8.85536,113.91,3,54.7188,3,54.7188,1,1,2,109.715,77.7465
42,7,49,10,200,4,0,168,89.2332,-81.6446,5,29.0973,5,29.0973,1,1,4,110.099,54.2411
42,7,49,10,200,4,0,169,4.76865,100.257,3,56.6788,3,56.6788,1,1,3,109.836,77.867
42,7,49,10,200,4,0,170,42.2683,-12.3295,2,44.9293,2,44.9293,1,1,3,109.836,89.1124
42,7,49,10,200,4,0,171,86.1947,-163.886,5,45.1703,5,45.1703,1,1,4,110.1,54.242
42,7,49,10,200,4,0,172,54.0272,38.9362,5,48.8405,5,48.8405,1,1,5,110.149,54.2912
42,7,49,10,200,4,0,173,-86.2153,-87.5295,0,3.96295,0,3.96295,1,1,1,109.555,109.525
42,7,49,10,200,4,0,174,52.0572,149.816,8,11.4771,3,22.8237,1.98862,0,3,109.839,77.8703
42,7,49,10,200,4,0,175,37.6841,-151.379,2,59.1949,2,59.1949,1,1,3,109.84,89.1157
42,7,49,10,200,4,0,176,46.2016,21.234,4,60.5616,4,60.5616,1,1,4,110.102,67.3437
42,7,49,10,200,4,0,177,42.0861,-18.5556,2,40.4436,2,40.4436,1,1,3,109.841,89.1173
42,7,49,10,200,4,0,178,-44.5619,-163.987,1,34.4353,1,34.4353,1,1,2,109.722,99.398
42,7,49,10,200,4,0,179,-67.0806,70.6031,0,47.5619,0,47.5619,1,1,1,109.56,109.529
42,7,49,10,200,4,0,180,-89.3207,-119.907,0,6.98209,0,6.98209,1,1,1,109.561,109.53
42,7,49,10,200,4,0,181,38.5577,33.6613,4,50.2043,4,50.2043,1,1,4,110.103,67.3447
42,7,49,10,200,4,0,182,-28.9278,-120.595,1,5.53863,1,5.53863,1,1,2,109.725,99.4007
42,7,49,10,200,4,0,183,-16.2142,-59.3891,9,13.305,9,13.305,1,1,3,109.843,11.0726
42,7,49,10,200,4,0,184,-11.12,157.109,7,24.5628,7,24.5628,1,1,4,110.104,33.4417
42,7,49,10,200,4,0,185,-69.566,-117.703,0,13.5394,0,13.5394,1,1,1,109.565,109.534
42,7,49,10,200,4,0,186,-17.6103,-146.743,1,28.357,1,28.357,1,1,2,109.726,99.4025
42,7,49,10,200,4,0,187,-50.7944,-107.166,1,19.4052,1,19.4052,1,1,2,109.728,99.4044
42,7,49,10,200,4,0,188,36.0968,-94.0196,2,17.3334,2,17.3334,1,1,3,109.845,89.1206
42,7,49,10,200,4,0,189,-7.34775,-3.69199,9,41.8535,9,41.8535,1,1,4,110.104,11.334
42,7,49,10,200,4,0,190,-62.1019,-119.327,0,21.1385,0,21.1385,1,1,1,109.569,109.539
42,7,49,10,200,4,0,191,12.4646,148.199,3,17.7036,3,17.7036,1,1,3,109.846,77.8779
42,7,49,10,200,4,0,192,40.9534,-70.8987,2,3.44392,2,3.44392,1,1,3,109.847,89.1233
42,7,49,10,200,4,0,193,-25.1781,172.783,7,33.5292,7,33.5292,1,1,4,110.105,33.4433
42,7,49,10,200,4,0,194,-27.4427,-4.51756,9,40.374,9,40.374,1,1,3,109.849,11.0785
42,7,49,10,200,4,0,195,31.6931,-53.5268,2,19.9814,2,19.9814,1,1,3,109.851,89.1274
42,7,49,10,200,4,0,196,27.7879,-39.4985,2,32.0053,2,32.0053,1,1,3,109.852,89.1283
42,7,49,10,200,4,0,197,80.0672,177.72,5,7.39079,5,7.39079,1,1,5,110.151,54.2927
42,7,49,10,200,4,0,198,9.95309,-52.2939,9,25.684,9,25.684,1,1,4,110.107,11.3367
42,7,49,10,200,4,0,199,-30.8344,177.666,7,39.5577,7,39.5577,1,1,4,110.108,33.4457
42,8,50,10,200,4,0,0,7.2562,-133.055,4,58.7056,4,58.7056,1,1,4,111.079,67.3194
42,8,50,10,200,4,0,1,-79.7569,166.941,7,6.08905,7,6.08905,1,1,3,110.891,32.3257
42,8,50,10,200,4,0,2,-20.8753,131.649,1,57.41,1,57.41,1,1,2,110.735,100.33
42,8,50,10,200,4,0,3,-21.8553,57.9894,8,25.9728,8,25.9728,1,1,5,111.153,21.725
42,8,50,10,200,4,0,4,1.34405,22.0895,5,14.6095,5,14.6095,1,1,3,110.893,54.4218
42,8,50,10,200,4,0,5,29.6747,-35.3563,2,32.9218,2,32.9218,1,1,2,110.737,88.5395
42,8,50,10,200,4,0,6,-55.7995,96.824,7,34.8741,7,34.8741,1,1,3,110.893,32.3277
42,8,50,10,200,4,0,7,-22.0248,130.13,1,56.7758,1,56.7758,1,1,2,110.739,100.334
42,8,50,10,200,4,0,8,-40.2192,-38.4184,9,41.7383,9,41.7383,1,1,6,111.19,11.0336
42,8,50,10,200,4,0,9,-76.1506,4.1145,9,2.80283,9,2.80283,1,1,4,111.081,10.9245
42,8,50,10,200,4,0,10,15.2304,2.78647,2,15.6343,2,15.6343,1,1,2,110.741,88.5432
42,8,50,10,200,4,0,11,-79.3068,35.9052,9,8.81911,9,8.81911,1,1,5,111.155,10.9983
42,8,50,10,200,4,0,12,8.25002,-149.678,4,66.7097,4,66.7097,1,1,4,111.083,67.3229
42,8,50,10,200,4,0,13,3.88905,-156.134,4,66.3911,4,66.3911,1,1,4,111.083,67.3236
42,8,50,10,200,4,0,14,41.7595,40.7686,0,29.3792,0,29.3792,1,1,1,110.542,110.518
42,8,50,10,200,4,0,15,15.7567,-81.9687,4,69.3913,4,69.3913,1,1,3,110.897,67.1379
42,8,50,10,200,4,0,16,43.8566,51.9996,0,27.2936,0,27.2936,1,1,1,110.544,110.52
42,8,50,10,200,4,0,17,-47.5137,-134.037,4,15.4486,4,15.4486,1,1,5,111.156,67.3963
42,8,50,10,200,4,0,18,1.82442,41.262,8,12.0655,8,12.0655,1,1,4,111.086,21.658
42,8,50,10,200,4,0,19,51.976,-173.663,0,106.746,0,106.746,1,1,1,110.547,110.523
42,8,50,10,200,4,0,20,-58.3242,-16.6986,9,18.1429,9,18.1429,1,1,4,111.087,10.9306
42,8,50,10,200,4,0,21,-14.5097,-48.2475,4,63.2495,4,63.2495,1,1,3,110.9,67.1405
42,8,50,10,200,4,0,22,-49.9373,106.931,1,38.1244,1,38.1244,1,1,2,110.748,100.343
42,8,50,10,200,4,0,23,-49.0586,-0.312988,9,24.7436,9,24.7436,1,1,6,111.191,11.0347
42,8,50,10,200,4,0,24,-55.7437,-70.4185,4,26.4528,4,26.4528,1,1,4,111.089,67.3291
42,8,50,10,200,4,0,25,-88.0992,98.9734,7,3.90167,7,3.90167,1,1,4,111.089,32.5237
42,8,50,10,200,4,0,26,56.184,-154.812,0,90.7012,0,90.7012,1,1,1,110.553,110.53
42,8,50,10,200,4,0,27,-22.5607,-51.1319,4,55.1317,4,55.1317,1,1,4,111.09,67.3304
42,8,50,10,200,4,0,28,-62.2452,142.657,1,14.4629,1,14.4629,1,1,2,110.755,100.35
42,8,50,10,200,4,0,29,-13.6331,139.029,1,62.3574,1,62.3574,1,1,2,110.756,100.351
42,8,50,10,200,4,0,30,1.71266,-175.753,4,77.3512,4,77.3512,1,1,4,111.091,67.3311
42,8,50,10,200,4,0,31,-61.47,-88.8614,4,18.8483,4,18.8483,1,1,4,111.091,67.3317
42,8,50,10,200,4,0,32,28.1233,-37.9675,2,35.5359,2,35.5359,1,1,2,110.758,88.5605
42,8,50,10,200,4,0,33,-21.4494,-120.104,4,27.2953,4,27.2953,1,1,4,111.092,67.3323
42,8,50,10,200,4,0,34,-88.3528,-118.947,3,1.33363,3,1.33363,1,1,3,110.905,78.13
42,8,50,10,200,4,0,35,-56.8837,-113.354,4,9.26143,4,9.26143,1,1,4,111.093,67.3329
42,8,50,10,200,4,0,36,22.1774,37.2132,8,24.1815,8,24.1815,1,1,3,110.907,21.4787
42,8,50,10,200,4,0,37,9.19926,124.48,8,71.0474,8,71.0474,1,1,2,110.762,21.3335
42,8,50,10,200,4,0,38,-17.9279,100.281,8,51.4767,8,51.4767,1,1,3,110.908,21.4794
42,8,50,10,200,4,0,39,-27.9164,32.6568,5,21.1549,5,21.1549,1,1,3,110.909,54.4376
42,8,50,10,200,4,0,40,-75.0686,-52.0313,3,14.3956,3,14.3956,1,1,3,110.91,78.1341
42,8,50,10,200,4,0,41,-24.1849,142.231,1,50.9793,1,50.9793,1,1,2,110.765,100.36
42,8,50,10,200,4,0,42,-13.4217,86.5089,8,37.3395,8,37.3395,1,1,4,111.093,21.665
42,8,50,10,200,4,0,43,-44.4505,28.6663,9,31.0078,9,31.0078,1,1,6,111.192,11.0356
42,8,50,10,200,4,0,44,24.5828,63.8326,8,23.3062,8,23.3062,1,1,2,110.767,21.3384
42,8,50,10,200,4,0,45,-6.15257,-127.409,4,44.0341,4,44.0341,1,1,4,111.095,67.3351
42,8,50,10,200,4,0,46,34.0399,44.7548,8,31.3907,8,31.3907,1,1,3,110.913,21.4841
42,8,50,10,200,4,0,47,-18.1352,-55.6736,4,55.1485,4,55.1485,1,1,4,111.095,67.3357
42,8,50,10,200,4,0,48,-86.6063,100.831,7,3.66002,7,3.66002,1,1,4,111.096,32.5303
42,8,50,10,200,4,0,49,2.11101,-169.918,4,73.6288,4,73.6288,1,1,4,111.097,67.3369
42,8,50,10,200,4,0,50,80.942,70.4545,0,11.5582,0,11.5582,1,1,1,110.575,110.551
42,8,50,10,200,4,0,51,-51.6361,26.2388,9,23.4858,9,23.4858,1,1,5,111.158,11.0018
42,8,50,10,200,4,0,52,-36.1661,95.1263,7,56.5781,7,56.5781,1,1,3,110.916,32.3505
42,8,50,10,200,4,0,53,-14.6405,71.8119,8,26.0594,8,26.0594,1,1,4,111.1,21.6713
42,8,50,10,200,4,0,54,7.70383,94.8861,8,41.6777,8,41.6777,1,1,2,110.774,21.3452
42,8,50,10,200,4,0,55,-37.7657,45.2705,5,35.8234,5,35.8234,1,1,3,110.918,54.447
42,8,50,10,200,4,0,56,-68.5726,56.0989,9,16.4977,9,16.4977,1,1,5,111.159,11.0026
42,8,50,10,200,4,0,57,3.75069,16.0114,5,16.2555,5,16.2555,1,1,3,110.92,54.4485
42,8,50,10,200,4,0,58,-18.6961,98.6003,8,50.27,8,50.27,1,1,3,110.92,21.4919
42,8,50,10,200,4,0,59,-67.6611,-168.226,6,19.6212,6,19.6212,1,1,4,111.101,43.3922
42,8,50,10,200,4,0,60,-8.78356,32.3726,5,15.2897,5,15.2897,1,1,3,110.922,54.4508
42,8,50,10,200,4,0,61,-57.8177,-129.487,4,15.0123,4,15.0123,1,1,4,111.102,67.3421
42,8,50,10,200,4,0,62,-51.4363,28.0941,9,24.0068,9,24.0068,1,1,5,111.162,11.0052
42,8,50,10,200,4,0,63,-2.58045,-96.0853,4,47.15,4,47.15,1,1,4,111.103,67.3434
42,8,50,10,200,4,0,64,-25.5375,179.061,1,46.0141,1,46.0141,1,1,2,110.783,100.378
42,8,50,10,200,4,0,65,-43.0017,-69.1909,4,29.8366,4,29.8366,1,1,5,111.163,67.4033
42,8,50,10,200,4,0,66,34.7578,-9.27562,2,10.8212,2,10.8212,1,1,2,110.784,88.5868
42,8,50,10,200,4,0,67,68.5239,177.183,0,45.3615,0,45.3615,1,1,1,110.588,110.564
42,8,50,10,200,4,0,68,-47.0746,-72.2331,4,26.3305,4,26.3305,1,1,5,111.164,67.4041
42,8,50,10,200,4,0,69,34.4976,101.258,0,49.372,0,49.372,1,1,1,110.589,110.566
42,8,50,10,200,4,0,70,-78.6735,173.464,1,7.43191,1,7.43191,1,1,2,110.786,100.381
42,8,50,10,200,4,0,71,-16.7356,-114.492,4,31.1189,4,31.1189,1,1,4,111.105,67.3451
42,8,50,10,200,4,0,72,24.7814,154.03,0,85.753,0,85.753,1,1,1,110.592,110.568
42,8,50,10,200,4,0,73,40.7596,-167.829,4,105.039,4,105.039,1,1,2,110.787,67.0277
42,8,50,10,200,4,0,74,36.3153,126.197,0,58.6842,0,58.6842,1,1,1,110.594,110.57
42,8,50,10,200,4,0,75,-78.0279,-124.937,3,9.60361,3,9.60361,1,1,3,110.926,78.151
42,8,50,10,200,4,0,76,-10.7152,-91.6912,4,40.7083,4,40.7083,1,1,4,111.105,67.3459
42,8,50,10,200,4,0,77,-37.212,55.6969,8,40.9648,8,40.9648,1,1,4,111.106,21.678
42,8,50,10,200,4,0,78,58.2014,100.415,0,26.4992,0,26.4992,1,1,1,110.597,110.573
42,8,50,10,200,4,0,79,69.8058,-114.672,0,54.0366,0,54.0366,1,1,1,110.598,110.574
42,8,50,10,200,4,0,80,49.7381,-126.392,0,88.0167,0,88.0167,1,1,1,110.599,110.575
42,8,50,10,200,4,0,81,-1.93156,-11.0081,5,29.9664,5,29.9664,1,1,3,110.929,54.4576
42,8,50,10,200,4,0,82,22.1663,-46.8152,2,45.1857,2,45.1857,1,1,2,110.791,88.5934
42,8,50,10,200,4,0,83,-6.9124,130.183,1,71.8317,1,71.8317,1,1,2,110.792,100.387
42,8,50,10,200,4,0,84,30.4758,-124.83,4,79.3653,4,79.3653,1,1,3,110.929,67.1698
42,8,50,10,200,4,0,85,25.7208,83.6046,8,36.7523,8,36.7523,1,1,2,110.793,21.365
42,8,50,10,200,4,0,86,-65.6828,-162.029,6,21.6179,6,21.6179,1,1,4,111.107,43.3982
42,8,50,10,200,4,0,87,74.5562,98.1972,0,15.7826,0,15.7826,1,1,1,110.605,110.582
42,8,50,10,200,4,0,88,86.0004,50.6317,0,15.0473,0,15.0473,1,1,1,110.606,110.583
42,8,50,10,200,4,0,89,55.184,64.6313,0,17.8391,0,17.8391,1,1,1,110.607,110.583
42,8,50,10,200,4,0,90,-1.58569,134.312,1,75.7692,1,75.7692,1,1,2,110.795,100.39
42,8,50,10,200,4,0,91,59.8473,155.398,0,46.7337,0,46.7337,1,1,1,110.608,110.585
42,8,50,10,200,4,0,92,-68.6895,-134.729,3,19.6881,3,19.6881,1,1,3,110.931,78.1552
42,8,50,10,200,4,0,93,15.5475,159.024,1,87.4868,1,87.4868,1,1,2,110.796,100.392
42,8,50,10,200,4,0,94,72.8429,-9.29329,0,17.366,0,17.366,1,1,1,110.611,110.587
42,8,50,10,200,4,0,95,-67.8241,65.1621,9,19.8722,9,19.8722,1,1,4,111.108,10.9511
42,8,50,10,200,4,0,96,22.1574,40.4886,8,22.2429,8,22.2429,1,1,3,110.935,21.5064
42,8,50,10,200,4,0,97,-62.923,-91.3525,4,18.9082,4,18.9082,1,1,4,111.109,67.3491
42,8,50,10,200,4,0,98,86.8367,40.3292,0,15.9006,0,15.9006,1,1,1,110.614,110.591
42,8,50,10,200,4,0,99,-70.5846,54.625,9,14.7734,9,14.7734,1,1,5,111.165,11.0079
42,8,50,10,200,4,0,100,47.7498,90.2724,0,32.2704,0,32.2704,1,1,1,110.615,110.592
42,8,50,10,200,4,0,101,-20.8852,144.134,1,53.7887,1,53.7887,1,1,2,110.8,100.395
42,8,50,10,200,4,0,102,54.1214,-72.658,0,57.3746,0,57.3746,1,1,1,110.617,110.594
42,8,50,10,200,4,0,103,31.1656,100.244,0,52.2821,0,52.2821,1,1,1,110.618,110.595
42,8,50,10,200,4,0,104,78.9868,-7.30077,0,16.0352,0,16.0352,1,1,1,110.619,110.596
42,8,50,10,200,4,0,105,-7.56255,-25.1977,5,42.1085,5,42.1085,1,1,3,110.937,54.4659
42,8,50,10,200,4,0,106,-26.4943,-75.4304,4,35.5078,4,35.5078,1,1,4,111.11,67.3505
42,8,50,10,200,4,0,107,-24.8998,-10.3676,5,28.9903,5,28.9903,1,1,3,110.938,54.4673
42,8,50,10,200,4,0,108,-15.0798,161.296,1,56.6553,1,56.6553,1,1,2,110.803,100.398
42,8,50,10,200,4,0,109,-15.6718,-64.4738,4,51.0147,4,51.0147,1,1,4,111.111,67.3511
42,8,50,10,200,4,0,110,-13.9989,13.008,5,4.42816,5,4.42816,1,1,3,110.94,54.4686
42,8,50,10,200,4,0,111,-89.6559,-163.683,6,2.37907,6,2.37907,1,1,4,111.111,43.4025
42,8,50,10,200,4,0,112,-63.2517,-125.158,4,17.4463,4,17.4463,1,1,4,111.112,67.3524
42,8,50,10,200,4,0,113,-37.5177,-132.83,4,18.9566,4,18.9566,1,1,5,111.165,67.4058
42,8,50,10,200,4,0,114,47.5857,-36.2046,2,34.4914,2,34.4914,1,1,2,110.808,88.6104
42,8,50,10,200,4,0,115,50.8975,10.6712,2,20.9116,2,20.9116,1,1,2,110.809,88.6111
42,8,50,10,200,4,0,116,-62.9661,-119.975,4,16.0527,4,16.0527,1,1,4,111.113,67.3536
42,8,50,10,200,4,0,117,-12.5974,162.311,1,59.0458,1,59.0458,1,1,2,110.81,100.405
42,8,50,10,200,4,0,118,-6.31666,-142.864,4,50.1416,4,50.1416,1,1,4,111.114,67.3542
42,8,50,10,200,4,0,119,41.2771,-34.6596,2,31.9709,2,31.9709,1,1,2,110.812,88.614
42,8,50,10,200,4,0,120,14.9178,-112.571,4,62.6568,4,62.6568,1,1,4,111.114,67.3548
42,8,50,10,200,4,0,121,60.0714,156.847,0,47.076,0,47.076,1,1,1,110.633,110.61
42,8,50,10,200,4,0,122,-4.00063,-109.657,4,43.7428,4,43.7428,1,1,4,111.115,67.3554
42,8,50,10,200,4,0,123,-16.7602,141.839,1,58.4779,1,58.4779,1,1,2,110.814,100.409
42,8,50,10,200,4,0,124,-64.1807,115.136,1,22.4414,1,22.4414,1,1,2,110.815,100.41
42,8,50,10,200,4,0,125,-51.3174,23.6409,9,23.391,9,23.391,1,1,5,111.166,11.0096
42,8,50,10,200,4,0,126,-25.928,-101.947,4,22.9994,4,22.9994,1,1,4,111.116,67.3567
42,8,50,10,200,4,0,127,19.9791,1.64061,2,10.9306,2,10.9306,1,1,2,110.817,88.6192
42,8,50,10,200,4,0,128,-23.5521,144.923,1,50.9425,1,50.9425,1,1,2,110.818,100.413
42,8,50,10,200,4,0,129,24.4053,-131.933,4,74.9535,4,74.9535,1,1,4,111.117,67.3573
42,8,50,10,200,4,0,130,-35.641,-29.3943,9,43.5284,9,43.5284,1,1,7,111.236,11.0791
42,8,50,10,200,4,0,131,29.3692,-17.2142,2,17.323,2,17.323,1,1,2,110.82,88.622
42,8,50,10,200,4,0,132,15.3152,-146.456,4,71.5909,4,71.5909,1,1,4,111.118,67.3588
42,8,50,10,200,4,0,133,-17.4518,-162.003,4,52.4821,4,52.4821,1,1,4,111.119,67.3593
42,8,50,10,200,4,0,134,-54.66,-132.349,4,15.0039,4,15.0039,1,1,4,111.12,67.36
42,8,50,10,200,4,0,135,-8.3313,100.516,8,48.7821,8,48.7821,1,1,4,111.12,21.6918
42,8,50,10,200,4,0,136,-32.4601,-76.5199,4,30.5555,4,30.5555,1,1,4,111.121,67.3612
42,8,50,10,200,4,0,137,38.6814,107.079,0,47.6259,0,47.6259,1,1,1,110.649,110.626
42,8,50,10,200,4,0,138,-3.08838,-136.158,4,50.0376,4,50.0376,1,1,4,111.121,67.3618
42,8,50,10,200,4,0,139,34.4588,45.4619,8,31.6324,8,31.6324,1,1,3,110.952,21.5234
42,8,50,10,200,4,0,140,79.4891,146.283,0,26.8647,0,26.8647,1,1,1,110.652,110.629
42,8,50,10,200,4,0,141,-55.4486,-72.8778,4,24.986,4,24.986,1,1,4,111.122,67.3624
42,8,50,10,200,4,0,142,-67.8318,109.061,7,20.2624,7,20.2624,1,1,3,110.953,32.3878
42,8,50,10,200,4,0,143,54.3814,-2.76794,2,23.8632,2,23.8632,1,1,2,110.827,88.6289
42,8,50,10,200,4,0,144,36.9919,-22.4265,2,21.7601,2,21.7601,1,1,2,110.827,88.6296
42,8,50,10,200,4,0,145,22.6496,-177.298,4,95.5274,4,95.5274,1,1,3,110.954,67.1946
42,8,50,10,200,4,0,146,64.0896,-75.9623,0,47.2307,0,47.2307,1,1,1,110.657,110.634
42,8,50,10,200,4,0,147,-7.25618,-21.1905,5,38.2498,5,38.2498,1,1,3,110.955,54.484
42,8,50,10,200,4,0,148,-21.2094,130.584,1,57.4346,1,57.4346,1,1,2,110.83,100.426
42,8,50,10,200,4,0,149,-1.59673,28.2613,5,15.3911,5,15.3911,1,1,3,110.956,54.4848
42,8,50,10,200,4,0,150,89.1174,160.144,0,26.76,0,26.76,1,1,1,110.66,110.637
42,8,50,10,200,4,0,151,-25.6115,-66.6853,4,41.9442,4,41.9442,1,1,4,111.123,67.3632
42,8,50,10,200,4,0,152,-48.188,-153.86,4,28.6266,4,28.6266,1,1,4,111.123,67.3637
42,8,50,10,200,4,0,153,-69.8033,77.4473,9,22.2793,9,22.2793,1,1,4,111.124,10.9673
42,8,50,10,200,4,0,154,-55.0089,109.311,1,32.3882,1,32.3882,1,1,2,110.834,100.429
42,8,50,10,200,4,0,155,-28.5454,-131.04,4,24.7643,4,24.7643,1,1,4,111.125,67.3652
42,8,50,10,200,4,0,156,37.7969,12.0121,2,10.3302,2,10.3302,1,1,2,110.837,88.6393
42,8,50,10,200,4,0,157,-11.9587,119.93,8,68.3722,8,68.3722,1,1,3,111.025,21.5964
42,8,50,10,200,4,0,158,-29.4635,-95.1545,4,22.1169,4,22.1169,1,1,4,111.125,67.3658
42,8,50,10,200,4,0,159,-31.4189,-164.943,4,44.577,4,44.577,1,1,5,111.168,67.4082
42,8,50,10,200,4,0,160,31.2095,162.461,0,83.0838,0,83.0838,1,1,1,110.67,110.647
42,8,50,10,200,4,0,161,-81.1207,10.5981,9,7.64349,9,7.64349,1,1,4,111.127,10.9699
42,8,50,10,200,4,0,162,-46.7504,3.2462,9,26.844,9,26.844,1,1,6,111.196,11.0394
42,8,50,10,200,4,0,163,84.7038,44.0804,0,13.734,0,13.734,1,1,1,110.673,110.649
42,8,50,10,200,4,0,164,-23.0849,-13.7858,5,31.4277,5,31.4277,1,1,3,111.029,54.558
42,8,50,10,200,4,0,165,-53.8292,-47.9349,9,31.5442,9,31.5442,1,1,5,111.17,11.0128
42,8,50,10,200,4,0,166,-16.8209,21.1186,5,5.7362,5,5.7362,1,1,3,111.03,54.5595
42,8,50,10,200,4,0,167,32.6899,49.9821,8,29.1675,8,29.1675,1,1,2,110.844,21.4152
42,8,50,10,200,4,0,168,23.6292,105.773,8,54.8453,8,54.8453,1,1,2,110.844,21.416
42,8,50,10,200,4,0,169,-26.2853,117.241,1,57.3807,1,57.3807,1,1,2,110.845,100.44
42,8,50,10,200,4,0,170,17.5421,70.3386,8,21.8161,8,21.8161,1,1,2,110.846,21.4174
42,8,50,10,200,4,0,171,83.1005,-69.322,0,28.6282,0,28.6282,1,1,1,110.679,110.656
42,8,50,10,200,4,0,172,-48.8247,-37.7162,9,32.9816,9,32.9816,1,1,5,111.171,11.0138
42,8,50,10,200,4,0,173,-64.6959,23.4237,9,10.4531,9,10.4531,1,1,4,111.129,10.9725
42,8,50,10,200,4,0,174,23.5646,-12.2297,2,15.1808,2,15.1808,1,1,2,110.848,88.6504
42,8,50,10,200,4,0,175,19.2402,-70.4518,2,67.3151,2,67.3151,1,1,2,110.849,88.6511
42,8,50,10,200,4,0,176,-14.8841,56.239,8,18.8121,8,18.8121,1,1,4,111.13,21.7015
42,8,50,10,200,4,0,177,60.0732,56.731,0,11.728,0,11.728,1,1,1,110.684,110.661
42,8,50,10,200,4,0,178,-60.2574,109.554,1,27.6387,1,27.6387,1,1,2,110.85,100.445
42,8,50,10,200,4,0,179,-39.5943,13.3155,5,27.3701,5,27.3701,1,1,5,111.172,54.7006
42,8,50,10,200,4,0,180,-42.1159,-6.84694,9,32.3246,9,32.3246,1,1,6,111.197,11.0403
42,8,50,10,200,4,0,181,72.6903,62.1263,0,5.2195,0,5.2195,1,1,1,110.687,110.664
42,8,50,10,200,4,0,182,-82.8642,30.7605,9,10.4879,9,10.4879,1,1,4,111.132,10.975
42,8,50,10,200,4,0,183,-33.9458,61.5301,8,38.4788,8,38.4788,1,1,4,111.132,21.7041
42,8,50,10,200,4,0,184,-21.7332,59.5378,8,26.1761,8,26.1761,1,1,5,111.175,21.7468
42,8,50,10,200,4,0,185,-0.614632,171.618,1,70.6485,1,70.6485,1,1,2,110.856,100.452
42,8,50,10,200,4,0,186,-25.0618,-15.0282,5,33.0802,5,33.0802,1,1,3,111.04,54.5693
42,8,50,10,200,4,0,187,-38.8521,32.227,5,29.6392,5,29.6392,1,1,4,111.134,54.6628
42,8,50,10,200,4,0,188,63.6278,-27.0962,0,29.2632,0,29.2632,1,1,1,110.693,110.669
42,8,50,10,200,4,0,189,-62.1747,-5.61513,9,12.3854,9,12.3854,1,1,4,111.135,10.9778
42,8,50,10,200,4,0,190,70.3371,94.1311,0,15.8515,0,15.8515,1,1,1,110.695,110.671
42,8,50,10,200,4,0,191,51.9665,-69.094,2,57.8544,2,57.8544,1,1,2,110.86,88.6628
42,8,50,10,200,4,0,192,-14.8149,44.0794,8,20.6039,8,20.6039,1,1,4,111.135,21.7068
42,8,50,10,200,4,0,193,83.8185,29.8553,0,13.3331,0,13.3331,1,1,1,110.7,110.676
42,8,50,10,200,4,0,194,-13.1833,-91.5517,4,38.4396,4,38.4396,1,1,4,111.136,67.3762
42,8,50,10,200,4,0,195,-68.4146,69.4015,9,20.7792,9,20.7792,1,1,4,111.136,10.9798
42,8,50,10,200,4,0,196,40.8007,-171.449,4,107.064,4,107.064,1,1,2,110.863,67.1038
42,8,50,10,200,4,0,197,-24.2361,95.8731,8,50.4255,8,50.4255,1,1,3,111.045,21.6163
42,8,50,10,200,4,0,198,19.6559,63.6361,8,18.9645,8,18.9645,1,1,2,110.865,21.4364
42,8,50,10,200,4,0,199,-11.2984,175.845,1,60.0612,1,60.0612,1,1,2,110.866,100.461
42,9,51,10,200,4,0,0,24.1433,166.047,8,18.1856,8,18.1856,1,1,4,109.896,21.8902
42,9,51,10,200,4,0,1,-38.4667,129.722,2,40.4484,2,40.4484,1,1,3,109.732,88.0707
42,9,51,10,200,4,0,2,-63.8789,135.751,4,19.4185,4,19.4185,1,1,4,109.897,67.0798
42,9,51,10,200,4,0,3,-68.6358,-38.2294,4,39.4853,4,39.4853,1,1,3,109.735,66.9186
42,9,51,10,200,4,0,4,-65.036,148.097,4,20.3512,4,20.3512,1,1,4,109.897,67.0807
42,9,51,10,200,4,0,5,-31.5302,143.737,7,37.2387,7,37.2387,1,1,4,109.898,32.8434
42,9,51,10,200,4,0,6,82.8242,-93.7961,3,22.7073,3,22.7073,1,1,3,109.738,77.4868
42,9,51,10,200,4,0,7,36.8363,-153.313,0,12.1508,0,12.1508,1,1,1,109.101,109.073
42,9,51,10,200,4,0,8,85.8893,33.3155,1,17.1675,1,17.1675,1,1,2,109.509,98.5352
42,9,51,10,200,4,0,9,-72.9197,-169.752,4,62.8458,4,62.8458,1,1,3,109.739,66.9225
42,9,51,10,200,4,0,10,-21.2532,17.127,6,21.7455,6,21.7455,1,1,4,109.899,43.5924
42,9,51,10,200,4,0,11,-44.7729,113.138,2,28.8843,2,28.8843,1,1,3,109.742,88.0811
42,9,51,10,200,4,0,12,-62.5564,101.867,2,9.58098,2,9.58098,1,1,3,109.743,88.0822
42,9,51,10,200,4,0,13,38.6409,134.175,8,16.0633,8,16.0633,1,1,4,109.9,21.8948
42,9,51,10,200,4,0,14,38.3564,-172.088,0,11.1075,0,11.1075,1,1,1,109.111,109.082
42,9,51,10,200,4,0,15,14.0002,-55.0007,5,50.0882,5,50.0882,1,1,2,109.515,53.7627
42,9,51,10,200,4,0,16,86.9794,131.067,1,12.8006,1,12.8006,1,1,2,109.516,98.5422
42,9,51,10,200,4,0,17,-52.6395,-133.799,5,52.952,5,52.952,1,1,3,109.745,53.9927
42,9,51,10,200,4,0,18,43.4092,-62.5505,5,62.9181,5,62.9181,1,1,3,109.746,53.9936
42,9,51,10,200,4,0,19,3.98586,136.747,7,7.56921,7,7.56921,1,1,3,109.747,32.6919
42,9,51,10,200,4,0,20,-47.2269,124.911,2,30.3512,2,30.3512,1,1,3,109.748,88.087
42,9,51,10,200,4,0,21,50.2418,-108.805,0,35.6501,0,35.6501,1,1,1,109.119,109.091
42,9,51,10,200,4,0,22,-74.4424,-5.84383,4,24.45,4,24.45,1,1,4,109.901,67.0844
42,9,51,10,200,4,0,23,-41.0592,-157.106,5,61.3704,5,61.3704,1,1,2,109.522,53.7699
42,9,51,10,200,4,0,24,-76.2642,-47.9577,4,30.6251,4,30.6251,1,1,3,109.75,66.9331
42,9,51,10,200,4,0,25,-73.4291,-15.0348,4,27.6123,4,27.6123,1,1,3,109.751,66.9339
42,9,51,10,200,4,0,26,74.5847,-56.4039,3,35.8103,3,35.8103,1,1,3,109.752,77.5001
42,9,51,10,200,4,0,27,-40.9486,-155.943,5,60.4379,5,60.4379,1,1,2,109.526,53.7738
42,9,51,10,200,4,0,28,-67.2685,175.385,4,23.8033,4,23.8033,1,1,4,109.902,67.0855
42,9,51,10,200,4,0,29,79.1157,122.176,1,5.27527,1,5.27527,1,1,2,109.528,98.5543
42,9,51,10,200,4,0,30,-88.3519,6.2318,4,11.9925,4,11.9925,1,1,4,109.903,67.0864
42,9,51,10,200,4,0,31,-56.4125,177.255,4,36.1212,4,36.1212,1,1,4,109.904,67.0872
42,9,51,10,200,4,0,32,-21.3505,-38.104,5,60.9721,5,60.9721,1,1,3,109.755,54.0028
42,9,51,10,200,4,0,33,-68.2719,-135.883,4,65.2848,4,65.2848,1,1,3,109.759,66.9422
42,9,51,10,200,4,0,34,39.6728,51.428,1,47.215,1,47.215,1,1,2,109.534,98.5598
42,9,51,10,200,4,0,35,-89.5681,164.892,4,10.1811,4,10.1811,1,1,4,109.905,67.0881
42,9,51,10,200,4,0,36,-1.83033,101.347,9,41.9826,9,41.9826,1,1,6,110.047,11.4628
42,9,51,10,200,4,0,37,-61.9568,27.4546,2,25.0563,2,25.0563,1,1,3,109.762,88.1012
42,9,51,10,200,4,0,38,-42.2482,-26.0319,6,64.2077,6,64.2077,1,1,3,109.763,43.456
42,9,51,10,200,4,0,39,25.1743,-57.0247,5,54.0915,5,54.0915,1,1,2,109.539,53.7863
42,9,51,10,200,4,0,40,53.0052,83.4904,1,24.5737,1,24.5737,1,1,2,109.54,98.5658
42,9,51,10,200,4,0,41,53.9702,75.1798,1,25.5747,1,25.5747,1,1,2,109.541,98.567
42,9,51,10,200,4,0,42,-76.4568,-153.957,4,51.155,4,51.155,1,1,3,109.764,66.9472
42,9,51,10,200,4,0,43,49.6181,-107.451,0,36.7142,0,36.7142,1,1,1,109.144,109.115
42,9,51,10,200,4,0,44,-79.286,77.4677,4,4.85717,4,4.85717,1,1,4,109.908,67.0913
42,9,51,10,200,4,0,45,-82.6374,-155.276,4,37.4941,4,37.4941,1,1,3,109.766,66.9493
42,9,51,10,200,4,0,46,-48.1503,-98.0999,5,39.6615,5,39.6615,1,1,4,109.909,54.1567
42,9,51,10,200,4,0,47,-79.0103,40.9984,4,11.2308,4,11.2308,1,1,4,109.91,67.0932
42,9,51,10,200,4,0,48,21.8981,-114.564,5,33.768,5,33.768,1,1,2,109.548,53.7954
42,9,51,10,200,4,0,49,42.5579,-56.8583,5,65.5295,5,65.5295,1,1,3,109.769,54.0165
42,9,51,10,200,4,0,50,58.4318,85.9796,1,18.8007,1,18.8007,1,1,2,109.55,98.576
42,9,51,10,200,4,0,51,-35.9833,-66.797,5,41.0741,5,41.0741,1,1,3,109.772,54.0198
42,9,51,10,200,4,0,52,3.6635,-15.8801,6,55.7886,6,55.7886,1,1,5,109.997,43.69
42,9,51,10,200,4,0,53,70.3288,102.831,1,4.80559,1,4.80559,1,1,2,109.553,98.5787
42,9,51,10,200,4,0,54,69.044,11.0061,1,31.3389,1,31.3389,1,1,2,109.554,98.5798
42,9,51,10,200,4,0,55,-67.0971,64.0985,2,8.29456,2,8.29456,1,1,3,109.775,88.1136
42,9,51,10,200,4,0,56,-42.7518,153.746,4,44.6674,4,44.6674,1,1,4,109.914,67.0973
42,9,51,10,200,4,0,57,-20.3609,-58.4171,5,41.7835,5,41.7835,1,1,3,109.777,54.0242
42,9,51,10,200,4,0,58,89.8948,-121.485,3,21.9936,3,21.9936,1,1,3,109.778,77.526
42,9,51,10,200,4,0,59,7.06614,-158.782,0,39.972,0,39.972,1,1,1,109.16,109.131
42,9,51,10,200,4,0,60,67.9911,28.8574,1,26.8145,1,26.8145,1,1,2,109.558,98.5843
42,9,51,10,200,4,0,61,-67.0291,-140.318,5,66.7066,5,66.7066,1,1,4,109.915,54.1626
42,9,51,10,200,4,0,62,55.3787,-112.079,3,31.3436,3,31.3436,1,1,2,109.56,77.3087
42,9,51,10,200,4,0,63,40.34,-25.4464,1,80.4437,1,80.4437,1,1,2,109.561,98.5873
42,9,51,10,200,4,0,64,-23.3217,-14.2042,6,50.7298,6,50.7298,1,1,4,109.916,43.6089
42,9,51,10,200,4,0,65,48.8476,-109.78,0,35.3801,0,35.3801,1,1,1,109.244,109.215
42,9,51,10,200,4,0,66,-54.1123,-154.271,5,65.1543,5,65.1543,1,1,2,109.563,53.8108
42,9,51,10,200,4,0,67,1.71162,79.1024,9,36.7467,9,36.7467,1,1,5,109.998,11.414
42,9,51,10,200,4,0,68,4.92427,-35.9192,5,65.2426,5,65.2426,1,1,2,109.565,53.813
42,9,51,10,200,4,0,69,0.966476,-32.0634,5,68.2453,5,68.2453,1,1,3,109.782,54.0291
42,9,51,10,200,4,0,70,77.5434,47.7388,1,15.235,1,15.235,1,1,2,109.567,98.5935
42,9,51,10,200,4,0,71,-73.9825,-110.417,4,47.3954,4,47.3954,1,1,3,109.783,66.9657
42,9,51,10,200,4,0,72,10.7425,-8.68674,6,51.7911,6,51.7911,1,1,4,109.918,43.6106
42,9,51,10,200,4,0,73,5.58311,21.2747,6,24.2142,6,24.2142,1,1,4,109.919,43.6114
42,9,51,10,200,4,0,74,24.9139,-154.701,0,22.8682,0,22.8682,1,1,1,109.255,109.226
42,9,51,10,200,4,0,75,21.2461,5.81006,6,46.1692,6,46.1692,1,1,3,109.786,43.4785
42,9,51,10,200,4,0,76,27.078,88.434,1,49.4535,1,49.4535,1,1,2,109.573,98.5987
42,9,51,10,200,4,0,77,22.7459,-15.0866,6,63.1566,6,63.1566,1,1,4,109.919,43.6123
42,9,51,10,200,4,0,78,78.1775,-53.8282,3,33.7689,3,33.7689,1,1,3,109.787,77.5358
42,9,51,10,200,4,0,79,69.7335,-70.2883,3,35.3404,3,35.3404,1,1,2,109.576,77.3241
42,9,51,10,200,4,0,80,55.9838,57.1623,1,28.875,1,28.875,1,1,2,109.577,98.6027
42,9,51,10,200,4,0,81,-0.0340347,-176.257,0,48.6184,0,48.6184,1,1,1,109.263,109.234
42,9,51,10,200,4,0,82,41.4455,-176.645,0,11.5531,0,11.5531,1,1,1,109.264,109.235
42,9,51,10,200,4,0,83,41.4227,-87.2605,5,51.3657,5,51.3657,1,1,2,109.578,53.8251
42,9,51,10,200,4,0,84,-16.282,-95.2217,5,8.95754,5,8.95754,1,1,2,109.578,53.826
42,9,51,10,200,4,0,85,30.338,-57.4772,5,56.8878,5,56.8878,1,1,2,109.58,53.8271
42,9,51,10,200,4,0,86,66.2585,92.711,1,10.1664,1,10.1664,1,1,2,109.581,98.6066
42,9,51,10,200,4,0,87,6.05307,-25.9979,6,66.2257,6,66.2257,1,1,5,109.999,43.6922
42,9,51,10,200,4,0,88,-47.9879,-156.728,5,63.8211,5,63.8211,1,1,2,109.582,53.8299
42,9,51,10,200,4,0,89,87.6384,133.852,1,13.5184,1,13.5184,1,1,2,109.583,98.6095
42,9,51,10,200,4,0,90,-65.7146,37.769,2,18.6044,2,18.6044,1,1,3,109.795,88.1344
42,9,51,10,200,4,0,91,-20.1689,102.727,9,29.475,9,29.475,1,1,5,110.003,11.4186
42,9,51,10,200,4,0,92,-26.8985,-174.846,5,73.8217,5,73.8217,1,1,2,109.587,53.8341
42,9,51,10,200,4,0,93,-46.1799,-77.442,5,42.5754,5,42.5754,1,1,4,109.922,54.1697
42,9,51,10,200,4,0,94,-24.3371,-132.893,5,35.4714,5,35.4714,1,1,2,109.588,53.836
42,9,51,10,200,4,0,95,16.1348,-116.707,5,29.8746,5,29.8746,1,1,2,109.59,53.8371
42,9,51,10,200,4,0,96,52.1348,-147.798,0,10.8538,0,10.8538,1,1,1,109.278,109.25
42,9,51,10,200,4,0,97,-56.4819,7.16043,2,37.9198,2,37.9198,1,1,3,109.798,88.1375
42,9,51,10,200,4,0,98,-72.2216,149.882,4,13.6725,4,13.6725,1,1,4,109.923,67.1062
42,9,51,10,200,4,0,99,49.9499,2.99263,1,55.5151,1,55.5151,1,1,2,109.593,98.6187
42,9,51,10,200,4,0,100,-62.67,-19.4241,4,42.7884,4,42.7884,1,1,3,109.8,66.9834
42,9,51,10,200,4,0,101,62.7577,-172.823,3,7.06471,3,7.06471,1,1,2,109.594,77.3428
42,9,51,10,200,4,0,102,-53.3565,-42.3784,2,63.3016,2,63.3016,1,1,2,109.595,87.9344
42,9,51,10,200,4,0,103,-9.41044,-22.6888,6,59.4438,6,59.4438,1,1,5,110.004,43.6969
42,9,51,10,200,4,0,104,-9.55302,-23.5441,6,60.2624,6,60.2624,1,1,5,110.005,43.6981
42,9,51,10,200,4,0,105,-34.4183,29.4649,6,23.5092,6,23.5092,1,1,4,109.926,43.6185
42,9,51,10,200,4,0,106,-82.8875,70.8255,4,5.19498,4,5.19498,1,1,4,109.926,67.1096
42,9,51,10,200,4,0,107,-23.9042,-39.5721,5,59.8395,5,59.8395,1,1,3,109.805,54.0527
42,9,51,10,200,4,0,108,37.9897,39.8319,6,50.2082,6,50.2082,1,1,3,109.806,43.499
42,9,51,10,200,4,0,109,31.4929,-152.695,0,17.1652,0,17.1652,1,1,1,109.292,109.263
42,9,51,10,200,4,0,110,43.4696,-84.7445,5,53.9318,5,53.9318,1,1,2,109.603,53.8503
42,9,51,10,200,4,0,111,-44.7008,11.2086,6,40.0354,6,40.0354,1,1,4,109.927,43.6203
42,9,51,10,200,4,0,112,-26.2715,-22.3652,6,58.4956,6,58.4956,1,1,4,109.928,43.6212
42,9,51,10,200,4,0,113,-80.8155,-16.9863,4,19.3919,4,19.3919,1,1,3,109.809,66.9921
42,9,51,10,200,4,0,114,-26.2418,118.269,9,39.2275,9,39.2275,1,1,5,110.008,11.4242
42,9,51,10,200,4,0,115,83.0032,2.17633,1,22.5122,1,22.5122,1,1,2,109.608,98.6342
42,9,51,10,200,4,0,116,-40.5776,111.522,9,30.4297,9,30.4297,1,1,4,109.93,11.3458
42,9,51,10,200,4,0,117,4.67666,-7.86821,6,48.5501,6,48.5501,1,1,5,110.01,43.7026
42,9,51,10,200,4,0,118,-55.4283,170.532,4,35.4213,4,35.4213,1,1,4,109.932,67.1149
42,9,51,10,200,4,0,119,74.7215,50.0374,1,15.8291,1,15.8291,1,1,2,109.612,98.6381
42,9,51,10,200,4,0,120,-16.5058,-99.3936,5,7.99855,5,7.99855,1,1,2,109.613,53.8605
42,9,51,10,200,4,0,121,-50.2489,-18.7867,2,55.812,2,55.812,1,1,2,109.614,87.953
42,9,51,10,200,4,0,122,75.716,31.6939,1,20.0501,1,20.0501,1,1,2,109.615,98.6411
42,9,51,10,200,4,0,123,60.8206,47.4113,1,27.4296,1,27.4296,1,1,2,109.616,98.6424
42,9,51,10,200,4,0,124,-54.2371,4.62708,2,41.1092,2,41.1092,1,1,3,109.816,88.1549
42,9,51,10,200,4,0,125,37.3583,158.465,8,3.63953,8,3.63953,1,1,4,109.933,21.9272
42,9,51,10,200,4,0,126,49.9413,165.315,8,12.6979,8,12.6979,1,1,3,109.818,21.8122
42,9,51,10,200,4,0,127,-5.16319,-132.66,5,32.8047,5,32.8047,1,1,2,109.62,53.8678
42,9,51,10,200,4,0,128,-18.5251,8.04266,6,29.3516,6,29.3516,1,1,4,109.934,43.6266
42,9,51,10,200,4,0,129,15.1767,90.4662,9,52.4895,9,52.4895,1,1,5,110.011,11.4266
42,9,51,10,200,4,0,130,-26.8442,16.3597,6,24.9397,6,24.9397,1,1,4,109.935,43.6283
42,9,51,10,200,4,0,131,-43.6788,45.1564,9,23.9737,9,23.9737,1,1,5,110.012,11.4277
42,9,51,10,200,4,0,132,-26.0592,101.996,9,25.7894,9,25.7894,1,1,4,109.937,11.3529
42,9,51,10,200,4,0,133,-71.3559,17.025,4,23.0069,4,23.0069,1,1,4,109.939,67.1226
42,9,51,10,200,4,0,134,46.2641,-173.269,0,7.46432,0,7.46432,1,1,1,109.32,109.292
42,9,51,10,200,4,0,135,-56.4688,-120.483,5,51.0287,5,51.0287,1,1,4,109.942,54.1897
42,9,51,10,200,4,0,136,-46.3312,-33.4354,2,67.3357,2,67.3357,1,1,2,109.632,87.9714
42,9,51,10,200,4,0,137,20.3649,-121.23,5,35.8998,5,35.8998,1,1,2,109.633,53.8808
42,9,51,10,200,4,0,138,89.1293,-17.6289,1,23.1249,1,23.1249,1,1,2,109.634,98.6603
42,9,51,10,200,4,0,139,53.0905,-110.216,0,34.1413,0,34.1413,1,1,1,109.325,109.297
42,9,51,10,200,4,0,140,83.4991,0.8974,1,22.5034,1,22.5034,1,1,2,109.635,98.6613
42,9,51,10,200,4,0,141,-65.8753,86.8807,2,3.63945,2,3.63945,1,1,3,109.829,88.1677
42,9,51,10,200,4,0,142,-6.89381,37.923,6,5.28654,6,5.28654,1,1,4,109.943,43.636
42,9,51,10,200,4,0,143,67.1102,129.162,1,9.81203,1,9.81203,1,1,2,109.638,98.6641
42,9,51,10,200,4,0,144,-67.0172,-15.4264,4,35.9206,4,35.9206,1,1,3,109.83,67.0136
42,9,51,10,200,4,0,145,19.8142,-7.72276,6,55.5249,6,55.5249,1,1,4,109.944,43.6369
42,9,51,10,200,4,0,146,-89.5333,132.271,4,9.084,4,9.084,1,1,4,109.945,67.1281
42,9,51,10,200,4,0,147,-71.2832,-51.185,4,38.7014,4,38.7014,1,1,3,109.833,67.0165
42,9,51,10,200,4,0,148,27.1333,-105.278,5,36.0586,5,36.0586,1,1,2,109.643,53.8904
42,9,51,10,200,4,0,149,72.92,-33.2051,1,40.0291,1,40.0291,1,1,2,109.644,98.6701
42,9,51,10,200,4,0,150,-49.2734,-147.098,5,58.1059,5,58.1059,1,1,2,109.645,53.8927
42,9,51,10,200,4,0,151,13.1557,-11.2092,6,55.1327,6,55.1327,1,1,4,109.946,43.6387
42,9,51,10,200,4,0,152,-0.266533,-112.959,5,15.5038,5,15.5038,1,1,2,109.647,53.8946
42,9,51,10,200,4,0,153,23.7802,-2.27451,6,53.6599,6,53.6599,1,1,3,109.835,43.5283
42,9,51,10,200,4,0,154,24.7062,-26.2587,6,73.5531,6,73.5531,1,1,4,109.947,43.6395
42,9,51,10,200,4,0,155,33.7549,36.4105,6,45.952,6,45.952,1,1,3,109.837,43.5303
42,9,51,10,200,4,0,156,77.3193,115.759,1,3.03523,1,3.03523,1,1,2,109.651,98.677
42,9,51,10,200,4,0,157,-28.3544,-39.1489,5,60.8565,5,60.8565,1,1,3,109.838,54.086
42,9,51,10,200,4,0,158,-13.1589,-102.489,5,5.34362,5,5.34362,1,1,2,109.653,53.9004
42,9,51,10,200,4,0,159,-44.9934,19.6479,6,36.4665,6,36.4665,1,1,4,109.947,43.6404
42,9,51,10,200,4,0,160,31.0426,129.642,8,22.2858,8,22.2858,1,1,4,109.948,21.9428
42,9,51,10,200,4,0,161,-84.0374,63.0185,4,6.35043,4,6.35043,1,1,4,109.949,67.1323
42,9,51,10,200,4,0,162,40.9562,-130.641,0,23.6666,0,23.6666,1,1,1,109.349,109.321
42,9,51,10,200,4,0,163,-84.0833,-43.821,4,19.7916,4,19.7916,1,1,3,109.842,67.0253
42,9,51,10,200,4,0,164,-27.9596,157.673,7,36.1887,7,36.1887,1,1,5,110.013,32.9579
42,9,51,10,200,4,0,165,51.487,25.5339,1,44.6984,1,44.6984,1,1,2,109.661,98.6873
42,9,51,10,200,4,0,166,-84.7122,-50.7146,4,19.9712,4,19.9712,1,1,3,109.844,67.0273
42,9,51,10,200,4,0,167,-82.8376,10.0426,4,13.583,4,13.583,1,1,4,109.951,67.134
42,9,51,10,200,4,0,168,8.16334,61.8851,6,31.5447,6,31.5447,1,1,3,109.848,43.5405
42,9,51,10,200,4,0,169,-86.116,-114.261,4,25.5199,4,25.5199,1,1,3,109.849,67.0318
42,9,51,10,200,4,0,170,-72.1868,75.278,2,4.33018,2,4.33018,1,1,3,109.85,88.1887
42,9,51,10,200,4,0,171,51.0748,-169.735,0,6.34463,0,6.34463,1,1,1,109.359,109.33
42,9,51,10,200,4,0,172,5.51862,-134.559,5,37.4809,5,37.4809,1,1,2,109.67,53.9173
42,9,51,10,200,4,0,173,-14.4419,164.72,7,28.755,7,28.755,1,1,5,110.014,32.9589
42,9,51,10,200,4,0,174,-28.5239,61.1294,9,12.4453,9,12.4453,1,1,5,110.015,11.4308
42,9,51,10,200,4,0,175,2.18372,-174.963,0,46.1469,0,46.1469,1,1,1,109.362,109.334
42,9,51,10,200,4,0,176,5.38548,16.2926,6,27.7076,6,27.7076,1,1,4,109.954,43.6465
42,9,51,10,200,4,0,177,34.0279,-87.3166,5,44.2509,5,44.2509,1,1,2,109.674,53.9212
42,9,51,10,200,4,0,178,32.8257,79.8892,1,45.4285,1,45.4285,1,1,2,109.675,98.7008
42,9,51,10,200,4,0,179,24.4312,-170.268,0,23.3539,0,23.3539,1,1,1,109.366,109.338
42,9,51,10,200,4,0,180,28.7813,-28.1637,6,77.026,6,77.026,1,1,4,109.955,43.6475
42,9,51,10,200,4,0,181,17.6331,68.1383,6,42.5375,6,42.5375,1,1,3,109.855,43.5475
42,9,51,10,200,4,0,182,50.5608,49.5909,1,36.7535,1,36.7535,1,1,2,109.678,98.704
42,9,51,10,200,4,0,183,-50.9095,-62.5517,5,53.3232,5,53.3232,1,1,4,109.955,54.2029
42,9,51,10,200,4,0,184,-34.262,-94.051,5,26.2946,5,26.2946,1,1,2,109.68,53.9273
42,9,51,10,200,4,0,185,1.59368,-32.8976,5,67.5351,5,67.5351,1,1,3,109.858,54.106
42,9,51,10,200,4,0,186,80.6135,-74.6631,3,27.2023,3,27.2023,1,1,3,109.859,77.6079
42,9,51,10,200,4,0,187,-11.3163,-7.73573,6,44.5513,6,44.5513,1,1,5,110.016,43.7091
42,9,51,10,200,4,0,188,-14.6112,128.484,7,25.6237,7,25.6237,1,1,4,109.957,32.902
42,9,51,10,200,4,0,189,-11.5081,93.7298,9,29.5361,9,29.5361,1,1,6,110.048,11.464
42,9,51,10,200,4,0,190,4.80647,161.351,7,17.1584,7,17.1584,1,1,3,109.863,32.8083
42,9,51,10,200,4,0,191,49.3835,-159.616,0,3.11722,0,3.11722,1,1,1,109.382,109.354
42,9,51,10,200,4,0,192,-1.17808,-13.1771,6,51.7737,6,51.7737,1,1,5,110.018,43.7111
42,9,51,10,200,4,0,193,-33.4664,-116.705,5,29.5256,5,29.5256,1,1,2,109.687,53.9346
42,9,51,10,200,4,0,194,-56.6439,161.93,4,31.9649,4,31.9649,1,1,4,109.96,67.1429
42,9,51,10,200,4,0,195,-53.4862,124.275,2,24.4373,2,24.4373,1,1,3,109.866,88.2054
42,9,51,10,200,4,0,196,-23.117,108.294,9,32.3167,9,32.3167,1,1,5,110.023,11.439
42,9,51,10,200,4,0,197,6.20651,-125.112,5,29.284,5,29.284,1,1,2,109.693,53.941
42,9,51,10,200,4,0,198,-11.0577,90.5939,9,28.2304,9,28.2304,1,1,5,110.024,11.4401
42,9,51,10,200,4,0,199,-3.83199,89.3607,9,34.1613,9,34.1613,1,1,5,110.025,11.4412
42,10,52,10,200,4,0,0,34.6818,92.1363,6,36.2107,6,36.2107,1,1,3,112.66,46.2612
42,10,52,10,200,4,0,1,-4.63147,-102.739,8,18.6814,8,18.6814,1,1,3,112.66,25.2377
42,10,52,10,200,4,0,2,65.3744,-57.8611,3,22.2319,3,22.2319,1,1,2,112.52,79.7
42,10,52,10,200,4,0,3,55.4386,-152.893,9,45.3907,9,45.3907,1,1,4,112.764,11.4411
42,10,52,10,200,4,0,4,-51.9336,72.1634,2,46.6876,2,46.6876,1,1,2,112.521,91.2229
42,10,52,10,200,4,0,5,-13.7297,117.863,5,18.4311,5,18.4311,1,1,3,112.662,57.2026
42,10,52,10,200,4,0,6,-61.7054,49.347,7,37.4257,7,37.4257,1,1,4,112.765,35.5859
42,10,52,10,200,4,0,7,80.8848,-108.281,9,9.28816,9,9.28816,1,1,3,112.663,11.3396
42,10,52,10,200,4,0,8,16.3323,69.9051,6,44.7664,6,44.7664,1,1,3,112.663,46.2648
42,10,52,10,200,4,0,9,1.43433,-21.0624,0,20.1629,0,20.1629,1,1,1,111.72,111.692
42,10,52,10,200,4,0,10,11.4195,166.284,5,36.2889,5,36.2889,1,1,4,112.766,57.3068
42,10,52,10,200,4,0,11,-32.6293,-39.0785,7,55.2562,7,55.2562,1,1,2,112.526,35.3464
42,10,52,10,200,4,0,12,19.6182,-60.1768,3,25.5356,3,25.5356,1,1,2,112.526,79.7066
42,10,52,10,200,4,0,13,44.0618,179.904,4,33.7755,4,33.7755,1,1,3,112.665,69.502
42,10,52,10,200,4,0,14,2.87094,85.4477,5,51.5238,5,51.5238,1,1,3,112.665,57.2063
42,10,52,10,200,4,0,15,-26.317,-104.894,8,10.759,8,10.759,1,1,3,112.666,25.2431
42,10,52,10,200,4,0,16,-1.208,118.103,5,19.0095,5,19.0095,1,1,4,112.766,57.3075
42,10,52,10,200,4,0,17,-13.8167,-51.6672,0,50.0059,0,50.0059,1,1,1,111.727,111.7
42,10,52,10,200,4,0,18,-59.879,-96.7561,1,23.6439,1,23.6439,1,1,2,112.53,101.581
42,10,52,10,200,4,0,19,-12.2803,-43.6252,0,43.3712,0,43.3712,1,1,1,111.729,111.701
42,10,52,10,200,4,0,20,77.7036,127.98,4,14.6615,4,14.6615,1,1,3,112.667,69.5043
42,10,52,10,200,4,0,21,-52.8812,-148.004,1,7.40583,1,7.40583,1,1,2,112.531,101.582
42,10,52,10,200,4,0,22,-1.33649,-123.993,8,20.7593,8,20.7593,1,1,3,112.668,25.2449
42,10,52,10,200,4,0,23,-38.1423,-150.008,1,16.6818,1,16.6818,1,1,2,112.532,101.584
42,10,52,10,200,4,0,24,62.9562,106.584,4,11.945,4,11.945,1,1,2,112.533,69.3706
42,10,52,10,200,4,0,25,4.4646,-31.2487,0,22.4244,0,22.4244,1,1,1,111.734,111.706
42,10,52,10,200,4,0,26,46.4338,123.671,4,17.536,4,17.536,1,1,2,112.534,69.3713
42,10,52,10,200,4,0,27,54.8364,-47.8959,3,17.3645,3,17.3645,1,1,2,112.535,79.715
42,10,52,10,200,4,0,28,-58.253,17.7964,7,35.8612,7,35.8612,1,1,3,112.668,35.4891
42,10,52,10,200,4,0,29,-23.9958,69.2358,5,65.843,5,65.843,1,1,3,112.669,57.2098
42,10,52,10,200,4,0,30,-38.378,79.3743,5,59.915,5,59.915,1,1,3,112.669,57.2103
42,10,52,10,200,4,0,31,72.1707,100.828,4,15.1863,4,15.1863,1,1,3,112.67,69.5072
42,10,52,10,200,4,0,32,8.73869,-63.292,3,35.6781,3,35.6781,1,1,2,112.538,79.7182
42,10,52,10,200,4,0,33,-65.4195,77.7193,2,29.1744,2,29.1744,1,1,3,112.67,91.3722
42,10,52,10,200,4,0,34,9.97592,24.6003,0,40.2299,0,40.2299,1,1,1,111.742,111.714
42,10,52,10,200,4,0,35,-72.9529,-4.6409,7,16.6594,7,16.6594,1,1,4,112.767,35.5879
42,10,52,10,200,4,0,36,-13.7098,-71.6683,8,41.061,8,41.061,1,1,3,112.672,25.2491
42,10,52,10,200,4,0,37,13.6778,149.907,5,26.099,5,26.099,1,1,4,112.768,57.3086
42,10,52,10,200,4,0,38,-7.83057,131.071,5,4.70903,5,4.70903,1,1,4,112.768,57.3091
42,10,52,10,200,4,0,39,89.9495,-69.7488,9,1.30421,9,1.30421,1,1,4,112.769,11.4454
42,10,52,10,200,4,0,40,28.8274,8.82819,0,23.5318,0,23.5318,1,1,1,111.747,111.719
42,10,52,10,200,4,0,41,39.5013,-29.4776,0,22.1755,0,22.1755,1,1,1,111.747,111.719
42,10,52,10,200,4,0,42,-23.7506,8.67534,0,50.7761,0,50.7761,1,1,1,111.748,111.72
42,10,52,10,200,4,0,43,51.3132,15.9928,6,22.4759,6,22.4759,1,1,2,112.543,46.1441
42,10,52,10,200,4,0,44,-76.7641,-125.365,7,14.6141,7,14.6141,1,1,3,112.674,35.4953
42,10,52,10,200,4,0,45,-47.3857,-50.2842,7,40.085,7,40.085,1,1,3,112.675,35.4959
42,10,52,10,200,4,0,46,67.0045,-130.43,9,27.1761,9,27.1761,1,1,3,112.676,11.3524
42,10,52,10,200,4,0,47,-64.7281,-28.5135,7,23.4684,7,23.4684,1,1,4,112.769,35.5902
42,10,52,10,200,4,0,48,-6.86105,-80.2952,8,35.29,8,35.29,1,1,4,112.77,25.3471
42,10,52,10,200,4,0,49,-65.3971,-173.77,1,24.0429,1,24.0429,1,1,2,112.547,101.598
42,10,52,10,200,4,0,50,62.1525,-96.7001,3,24.628,3,24.628,1,1,2,112.547,79.7276
42,10,52,10,200,4,0,51,0.794426,-83.1146,8,36.7668,8,36.7668,1,1,3,112.678,25.2548
42,10,52,10,200,4,0,52,5.81578,-151.056,8,44.6828,8,44.6828,1,1,3,112.678,25.2555
42,10,52,10,200,4,0,53,-56.6037,175.97,2,26.2081,2,26.2081,1,1,3,112.68,91.3822
42,10,52,10,200,4,0,54,80.0076,-113.308,9,10.5303,9,10.5303,1,1,3,112.681,11.3579
42,10,52,10,200,4,0,55,-36.8892,37.67,7,65.8834,7,65.8834,1,1,3,112.682,35.5026
42,10,52,10,200,4,0,56,37.7599,-174.776,9,75.0086,9,75.0086,1,1,4,112.771,11.4474
42,10,52,10,200,4,0,57,-85.9038,-151.981,7,5.94838,7,5.94838,1,1,4,112.771,35.592
42,10,52,10,200,4,0,58,6.94975,110.819,5,29.2659,5,29.2659,1,1,4,112.772,57.3126
42,10,52,10,200,4,0,59,22.0058,40.3712,6,38.2504,6,38.2504,1,1,2,112.553,46.1544
42,10,52,10,200,4,0,60,82.7269,129.24,9,14.8818,9,14.8818,1,1,4,112.772,11.449
42,10,52,10,200,4,0,61,85.0435,119.463,9,10.1127,9,10.1127,1,1,4,112.773,11.4495
42,10,52,10,200,4,0,62,89.405,-139.369,9,1.64225,9,1.64225,1,1,3,112.687,11.3635
42,10,52,10,200,4,0,63,-44.5253,-14.912,7,45.617,7,45.617,1,1,2,112.555,35.3763
42,10,52,10,200,4,0,64,-19.8322,-39.8449,0,47.3843,0,47.3843,1,1,1,112.095,112.067
42,10,52,10,200,4,0,65,-4.34114,-95.3593,8,23.8791,8,23.8791,1,1,4,112.773,25.3507
42,10,52,10,200,4,0,66,21.7275,172.907,5,47.5286,5,47.5286,1,1,4,112.774,57.315
42,10,52,10,200,4,0,67,0.763031,-124.913,8,23.0547,8,23.0547,1,1,3,112.689,25.2663
42,10,52,10,200,4,0,68,-79.0745,68.3187,2,15.6281,2,15.6281,1,1,3,112.69,91.3914
42,10,52,10,200,4,0,69,-64.4715,-178.134,1,25.7124,1,25.7124,1,1,2,112.558,101.61
42,10,52,10,200,4,0,70,67.5052,-22.7213,9,22.0345,9,22.0345,1,1,3,112.69,11.3671
42,10,52,10,200,4,0,71,19.7681,30.5303,6,42.925,6,42.925,1,1,2,112.559,46.1609
42,10,52,10,200,4,0,72,-8.74857,47.7285,6,67.9546,6,67.9546,1,1,2,112.56,46.1615
42,10,52,10,200,4,0,73,29.2745,176.402,4,45.2951,4,45.2951,1,1,3,112.691,69.5282
42,10,52,10,200,4,0,74,-10.7263,-77.4395,8,36.4732,8,36.4732,1,1,4,112.776,25.3532
42,10,52,10,200,4,0,75,18.3868,-35.9988,0,19.397,0,19.397,1,1,1,112.106,112.078
42,10,52,10,200,4,0,76,-64.0997,26.8606,7,30.4728,7,30.4728,1,1,4,112.777,35.5975
42,10,52,10,200,4,0,77,-48.268,-129.389,1,5.44993,1,5.44993,1,1,2,112.562,101.614
42,10,52,10,200,4,0,78,33.7458,-5.58662,0,15.6421,0,15.6421,1,1,1,112.11,112.082
42,10,52,10,200,4,0,79,17.8493,-152.173,8,53.4602,8,53.4602,1,1,3,112.693,25.2698
42,10,52,10,200,4,0,80,67.2843,-152.984,9,29.9177,9,29.9177,1,1,3,112.693,11.37
42,10,52,10,200,4,0,81,-33.766,-1.97643,0,56.2771,0,56.2771,1,1,1,112.114,112.086
42,10,52,10,200,4,0,82,-80.0385,113.994,2,7.8874,2,7.8874,1,1,3,112.694,91.3955
42,10,52,10,200,4,0,83,26.5551,-138.226,8,52.1274,8,52.1274,1,1,4,112.777,25.3544
42,10,52,10,200,4,0,84,1.15636,104.167,5,32.9588,5,32.9588,1,1,4,112.778,57.3187
42,10,52,10,200,4,0,85,-68.18,-42.6769,7,19.397,7,19.397,1,1,3,112.696,35.5165
42,10,52,10,200,4,0,86,-49.277,83.1761,2,46.6263,2,46.6263,1,1,2,112.567,91.2684
42,10,52,10,200,4,0,87,83.9267,63.9488,9,8.894,9,8.894,1,1,5,113.025,11.7018
42,10,52,10,200,4,0,88,-24.5477,46.4023,0,76.8078,0,76.8078,1,1,1,112.119,112.091
42,10,52,10,200,4,0,89,30.1756,109.452,4,36.6904,4,36.6904,1,1,2,112.568,69.4053
42,10,52,10,200,4,0,90,74.4814,-82.8752,9,14.8614,9,14.8614,1,1,3,112.697,11.3739
42,10,52,10,200,4,0,91,-53.2734,-159.237,1,14.2089,1,14.2089,1,1,2,112.569,101.621
42,10,52,10,200,4,0,92,61.9927,-23.0827,9,27.6933,9,27.6933,1,1,3,112.698,11.3745
42,10,52,10,200,4,0,93,-54.313,11.477,7,39.2636,7,39.2636,1,1,3,112.698,35.5191
42,10,52,10,200,4,0,94,75.6654,107.073,4,15.4841,4,15.4841,1,1,3,112.699,69.5361
42,10,52,10,200,4,0,95,19.6521,105.899,5,40.8219,5,40.8219,1,1,4,112.779,57.3197
42,10,52,10,200,4,0,96,67.0445,151.772,4,8.84465,4,8.84465,1,1,3,112.7,69.5373
42,10,52,10,200,4,0,97,-38.0386,154.012,5,34.1329,5,34.1329,1,1,3,112.701,57.2416
42,10,52,10,200,4,0,98,42.883,157.033,4,24.9089,4,24.9089,1,1,3,112.701,69.5384
42,10,52,10,200,4,0,99,-82.1071,-91.9212,7,6.42638,7,6.42638,1,1,4,112.779,35.6001
42,10,52,10,200,4,0,100,40.6001,-120.574,3,38.393,3,38.393,1,1,2,112.575,79.7553
42,10,52,10,200,4,0,101,22.701,162.646,5,40.8629,5,40.8629,1,1,4,112.78,57.3208
42,10,52,10,200,4,0,102,71.3009,33.2553,6,14.7889,6,14.7889,1,1,3,112.705,46.3061
42,10,52,10,200,4,0,103,23.2975,-86.4935,3,25.4351,3,25.4351,1,1,2,112.577,79.757
42,10,52,10,200,4,0,104,-50.1712,-73.0537,7,37.9996,7,37.9996,1,1,3,112.705,35.5261
42,10,52,10,200,4,0,105,-78.5207,-131.38,7,13.11,7,13.11,1,1,3,112.706,35.5267
42,10,52,10,200,4,0,106,12.0355,-83.5881,3,34.5721,3,34.5721,1,1,2,112.579,79.759
42,10,52,10,200,4,0,107,-55.3081,-31.9435,7,32.8331,7,32.8331,1,1,3,112.706,35.5273
42,10,52,10,200,4,0,108,36.6646,-39.2421,3,23.7428,3,23.7428,1,1,2,112.58,79.7603
42,10,52,10,200,4,0,109,79.7667,44.6599,9,13.2337,9,13.2337,1,1,5,113.026,11.703
42,10,52,10,200,4,0,110,-56.0847,18.8376,7,38.5546,7,38.5546,1,1,3,112.708,35.5289
42,10,52,10,200,4,0,111,-14.7204,-158.08,1,41.2151,1,41.2151,1,1,2,112.582,101.633
42,10,52,10,200,4,0,112,-4.69514,74.482,5,61.0346,5,61.0346,1,1,3,112.709,57.2496
42,10,52,10,200,4,0,113,87.9657,-103.624,9,1.65659,9,1.65659,1,1,3,112.709,11.3861
42,10,52,10,200,4,0,114,25.7575,-168.283,8,70.6597,8,70.6597,1,1,3,112.71,25.2871
42,10,52,10,200,4,0,115,-7.77273,-47.2847,0,42.5747,0,42.5747,1,1,1,112.145,112.117
42,10,52,10,200,4,0,116,-54.4285,-150.144,1,8.91494,1,8.91494,1,1,2,112.584,101.636
42,10,52,10,200,4,0,117,-32.3192,-146.255,1,20.7058,1,20.7058,1,1,2,112.585,101.636
42,10,52,10,200,4,0,118,31.5559,161.957,4,37.2027,4,37.2027,1,1,3,112.711,69.5485
42,10,52,10,200,4,0,119,-26.3743,142.769,5,19.2656,5,19.2656,1,1,3,112.712,57.2529
42,10,52,10,200,4,0,120,-45.5486,-29.7901,7,42.9027,7,42.9027,1,1,2,112.587,35.4076
42,10,52,10,200,4,0,121,-84.3051,112.974,2,6.10584,2,6.10584,1,1,3,112.712,91.4142
42,10,52,10,200,4,0,122,33.3109,-99.2262,3,26.0359,3,26.0359,1,1,2,112.588,79.7682
42,10,52,10,200,4,0,123,-49.4848,-40.049,7,38.2614,7,38.2614,1,1,3,112.713,35.5339
42,10,52,10,200,4,0,124,20.7659,-119.436,8,40.785,8,40.785,1,1,4,112.781,25.3581
42,10,52,10,200,4,0,125,-87.6945,109.362,7,6.86019,7,6.86019,1,1,4,112.781,35.6023
42,10,52,10,200,4,0,126,39.7008,-24.8298,0,20.4614,0,20.4614,1,1,1,112.155,112.127
42,10,52,10,200,4,0,127,65.641,-109.989,9,26.3284,9,26.3284,1,1,3,112.715,11.3916
42,10,52,10,200,4,0,128,-65.1739,127.213,2,19.9839,2,19.9839,1,1,3,112.715,91.4172
42,10,52,10,200,4,0,129,-16.8065,101.167,5,34.8648,5,34.8648,1,1,3,112.716,57.257
42,10,52,10,200,4,0,130,69.4653,130.842,4,6.3845,4,6.3845,1,1,3,112.717,69.5539
42,10,52,10,200,4,0,131,-63.0588,-149.926,1,13.68,1,13.68,1,1,2,112.593,101.644
42,10,52,10,200,4,0,132,80.349,-10.756,9,9.22561,9,9.22561,1,1,4,112.782,11.4589
42,10,52,10,200,4,0,133,-58.0907,43.8098,7,40.9991,7,40.9991,1,1,3,112.718,35.5386
42,10,52,10,200,4,0,134,-14.3997,11.0699,0,44.1729,0,44.1729,1,1,1,112.203,112.175
42,10,52,10,200,4,0,135,3.28959,60.1035,6,56.0865,6,56.0865,1,1,2,112.594,46.1958
42,10,52,10,200,4,0,136,80.6399,17.9691,9,10.371,9,10.371,1,1,5,113.027,11.7038
42,10,52,10,200,4,0,137,-3.46127,47.9016,6,62.6621,6,62.6621,1,1,2,112.595,46.1968
42,10,52,10,200,4,0,138,49.3714,74.1079,6,15.7034,6,15.7034,1,1,3,112.719,46.3205
42,10,52,10,200,4,0,139,-86.0737,-39.7254,7,1.56947,7,1.56947,1,1,4,112.98,35.8011
42,10,52,10,200,4,0,140,67.3359,-167.536,9,32.04,9,32.04,1,1,3,112.72,11.3971
42,10,52,10,200,4,0,141,-55.1816,34.0734,7,42.614,7,42.614,1,1,3,112.721,35.5417
42,10,52,10,200,4,0,142,-6.18307,-159.081,8,45.8854,8,45.8854,1,1,3,112.721,25.2987
42,10,52,10,200,4,0,143,52.0423,37.286,6,11.2943,6,11.2943,1,1,3,112.722,46.3235
42,10,52,10,200,4,0,144,74.0661,-109.528,9,16.9195,9,16.9195,1,1,3,112.723,11.3994
42,10,52,10,200,4,0,145,-20.7734,107.063,5,30.4927,5,30.4927,1,1,3,112.723,57.2642
42,10,52,10,200,4,0,146,-79.3434,12.3356,7,11.0403,7,11.0403,1,1,4,112.981,35.802
42,10,52,10,200,4,0,147,68.5683,-177.989,9,31.8904,9,31.8904,1,1,3,112.724,11.4012
42,10,52,10,200,4,0,148,-89.2102,-159.045,7,3.54969,7,3.54969,1,1,4,112.982,35.8027
42,10,52,10,200,4,0,149,22.9106,-27.2198,0,10.998,0,10.998,1,1,1,112.216,112.189
42,10,52,10,200,4,0,150,16.0125,-127.6,8,38.1513,8,38.1513,1,1,4,112.982,25.5597
42,10,52,10,200,4,0,151,-73.5581,13.3047,7,17.665,7,17.665,1,1,4,112.983,35.8039
42,10,52,10,200,4,0,152,35.1847,25.9612,6,30.1092,6,30.1092,1,1,2,112.607,46.2088
42,10,52,10,200,4,0,153,-59.3968,-10.8878,7,30.5022,7,30.5022,1,1,4,112.984,35.8045
42,10,52,10,200,4,0,154,-39.9655,-110.941,8,20.4814,8,20.4814,1,1,3,112.727,25.3045
42,10,52,10,200,4,0,155,64.6934,-125.259,9,29.2454,9,29.2454,1,1,3,112.729,11.4063
42,10,52,10,200,4,0,156,-49.2386,-160.976,1,16.0296,1,16.0296,1,1,2,112.609,101.661
42,10,52,10,200,4,0,157,44.4072,69.1566,6,17.7456,6,17.7456,1,1,3,112.73,46.3316
42,10,52,10,200,4,0,158,-70.0288,12.899,7,21.6394,7,21.6394,1,1,4,112.984,35.8051
42,10,52,10,200,4,0,159,-36.7787,-171.925,1,29.6605,1,29.6605,1,1,2,112.611,101.663
42,10,52,10,200,4,0,160,41.6854,64.8958,6,18.9545,6,18.9545,1,1,3,112.732,46.333
42,10,52,10,200,4,0,161,57.5688,104.684,4,15.0424,4,15.0424,1,1,2,112.612,69.4497
42,10,52,10,200,4,0,162,-51.3843,72.2742,2,47.3185,2,47.3185,1,1,2,112.613,91.3148
42,10,52,10,200,4,0,163,53.3477,-101.189,3,23.2708,3,23.2708,1,1,2,112.614,79.7939
42,10,52,10,200,4,0,164,46.6146,-27.4835,0,27.5885,0,27.5885,1,1,1,112.231,112.203
42,10,52,10,200,4,0,165,25.7956,-54.7458,3,21.6236,3,21.6236,1,1,2,112.614,79.7945
42,10,52,10,200,4,0,166,12.4584,84.4749,6,53.1454,6,53.1454,1,1,4,112.985,46.5864
42,10,52,10,200,4,0,167,69.2795,-84.7138,9,20.3366,9,20.3366,1,1,3,112.733,11.4095
42,10,52,10,200,4,0,168,-34.7819,-160.235,1,24.3424,1,24.3424,1,1,2,112.616,101.667
42,10,52,10,200,4,0,169,42.1992,30.5052,6,22.0565,6,22.0565,1,1,2,112.616,46.2179
42,10,52,10,200,4,0,170,-45.5878,33.7852,7,54.2488,7,54.2488,1,1,3,112.733,35.5542
42,10,52,10,200,4,0,171,42.6231,-9.65294,0,22.3332,0,22.3332,1,1,1,112.237,112.209
42,10,52,10,200,4,0,172,26.4044,-5.93947,0,10.4209,0,10.4209,1,1,1,112.237,112.21
42,10,52,10,200,4,0,173,-60.2482,92.7514,2,31.6533,2,31.6533,1,1,3,112.734,91.4359
42,10,52,10,200,4,0,174,-86.5202,-14.0538,7,2.24088,7,2.24088,1,1,4,112.986,35.8066
42,10,52,10,200,4,0,175,50.4131,90.3304,6,23.2451,6,23.2451,1,1,3,112.735,46.3369
42,10,52,10,200,4,0,176,-64.579,35.9637,7,31.3588,7,31.3588,1,1,4,112.986,35.8072
42,10,52,10,200,4,0,177,7.5072,-51.9267,0,37.6903,0,37.6903,1,1,1,112.242,112.215
42,10,52,10,200,4,0,178,-35.881,-58.2902,7,51.6439,7,51.6439,1,1,3,112.737,35.5575
42,10,52,10,200,4,0,179,13.4422,-158.533,8,55.3738,8,55.3738,1,1,3,112.737,25.3144
42,10,52,10,200,4,0,180,47.1132,-101.524,3,23.0667,3,23.0667,1,1,2,112.621,79.8017
42,10,52,10,200,4,0,181,-16.6393,-60.8568,8,50.666,8,50.666,1,1,2,112.622,25.1992
42,10,52,10,200,4,0,182,81.4753,-74.7197,9,7.43546,9,7.43546,1,1,3,112.738,11.4148
42,10,52,10,200,4,0,183,17.2147,-86.6134,3,30.8975,3,30.8975,1,1,2,112.623,79.8036
42,10,52,10,200,4,0,184,-27.4772,-61.1722,8,49.1195,8,49.1195,1,1,4,112.988,25.565
42,10,52,10,200,4,0,185,61.9459,33.87,6,9.83725,6,9.83725,1,1,3,112.739,46.3408
42,10,52,10,200,4,0,186,76.3065,29.138,9,16.3336,9,16.3336,1,1,5,113.028,11.7045
42,10,52,10,200,4,0,187,-77.8915,25.422,7,13.8199,7,13.8199,1,1,4,112.989,35.8099
42,10,52,10,200,4,0,188,-78.4008,-96.2793,7,10.5212,7,10.5212,1,1,3,112.742,35.5629
42,10,52,10,200,4,0,189,-30.9133,-149.842,1,23.1223,1,23.1223,1,1,2,112.627,101.678
42,10,52,10,200,4,0,190,34.8334,-141.001,3,56.4726,3,56.4726,1,1,3,112.743,79.923
42,10,52,10,200,4,0,191,60.2442,120.509,4,6.56394,4,6.56394,1,1,2,112.632,69.4693
42,10,52,10,200,4,0,192,37.4816,-44.4972,3,19.5829,3,19.5829,1,1,2,112.633,79.8131
42,10,52,10,200,4,0,193,-55.7089,-176.799,1,24.4732,1,24.4732,1,1,2,112.633,101.685
42,10,52,10,200,4,0,194,38.6063,95.4666,4,34.0702,4,34.0702,1,1,2,112.634,69.4713
42,10,52,10,200,4,0,195,-77.6658,-8.561,7,11.3446,7,11.3446,1,1,4,112.99,35.8105
42,10,52,10,200,4,0,196,86.9711,-8.61017,9,2.37917,9,2.37917,1,1,5,113.028,11.7052
42,10,52,10,200,4,0,197,55.2911,156.893,4,14.5578,4,14.5578,1,1,3,112.744,69.5817
42,10,52,10,200,4,0,198,48.3351,-34.9884,3,23.8219,3,23.8219,1,1,2,112.636,79.8165
42,10,52,10,200,4,0,199,-54.8604,-138.284,1,3.51725,1,3.51725,1,1,2,112.637,101.688
42,11,53,10,200,4,0,0,49.756,25.4478,3,32.0362,3,32.0362,1,1,2,111.736,80.6416
42,11,53,10,200,4,0,1,34.4419,-144.148,5,51.2386,5,51.2386,1,1,4,112.024,53.8861
42,11,53,10,200,4,0,2,-71.0488,-59.2647,9,35.3474,9,35.3474,1,1,4,112.024,11.6676
42,11,53,10,200,4,0,3,-83.7736,-77.1598,9,42.1317,9,42.1317,1,1,4,112.025,11.6681
42,11,53,10,200,4,0,4,-31.7248,-167.507,5,116.495,5,116.495,1,1,4,112.025,53.8877
42,11,53,10,200,4,0,5,10.3469,-71.4764,1,52.1252,1,52.1252,1,1,2,111.74,101.374
42,11,53,10,200,4,0,6,73.5844,-152.305,5,11.3381,5,11.3381,1,1,3,111.894,53.756
42,11,53,10,200,4,0,7,44.5502,140.393,4,25.3052,4,25.3052,1,1,2,111.741,64.5793
42,11,53,10,200,4,0,8,-43.9886,-51.1253,9,41.2524,9,41.2524,1,1,3,111.894,11.5377
42,11,53,10,200,4,0,9,-0.0247498,150.12,4,32.6078,4,32.6078,1,1,2,111.742,64.5807
42,11,53,10,200,4,0,10,-32.8768,-10.6107,9,26.6403,9,26.6403,1,1,3,111.895,11.5381
42,11,53,10,200,4,0,11,83.2318,-160.905,5,1.51544,5,1.51544,1,1,3,111.895,53.7577
42,11,53,10,200,4,0,12,-57.9575,-8.72137,9,10.8089,9,10.8089,1,1,3,111.896,11.5393
42,11,53,10,200,4,0,13,67.2319,-86.1905,2,20.4963,2,20.4963,1,1,2,111.759,91.2008
42,11,53,10,200,4,0,14,-12.152,-155.458,5,97.0966,5,97.0966,1,1,4,112.026,53.8882
42,11,53,10,200,4,0,15,51.9418,-104.792,2,34.8834,2,34.8834,1,1,3,111.897,91.3394
42,11,53,10,200,4,0,16,24.995,-7.23253,1,24.5279,1,24.5279,1,1,2,111.761,101.396
42,11,53,10,200,4,0,17,-34.4699,87.8925,7,45.3578,9,58.9729,1.30017,0,5,112.071,11.7147
42,11,53,10,200,4,0,18,56.7514,-56.4871,2,35.1808,2,35.1808,1,1,3,111.898,91.3405
42,11,53,10,200,4,0,19,-84.6337,-129.947,8,52.5588,8,52.5588,1,1,3,111.899,21.8459
42,11,53,10,200,4,0,20,-21.9969,31.4264,9,36.9597,9,36.9597,1,1,4,112.027,11.6702
42,11,53,10,200,4,0,21,-10.7117,-76.8251,1,59.0249,1,59.0249,1,1,2,111.764,101.399
42,11,53,10,200,4,0,22,29.5607,-112.323,2,57.0789,2,57.0789,1,1,3,111.9,91.3424
42,11,53,10,200,4,0,23,-58.216,151.144,8,17.719,8,17.719,1,1,4,112.027,21.9742
42,11,53,10,200,4,0,24,8.27584,63.5185,3,25.9802,3,25.9802,1,1,3,111.902,80.8071
42,11,53,10,200,4,0,25,60.6321,130.798,0,25.379,0,25.379,1,1,1,111.271,111.244
42,11,53,10,200,4,0,26,-63.5461,107.728,8,23.116,8,23.116,1,1,4,112.028,21.9747
42,11,53,10,200,4,0,27,74.9465,-63.0071,2,14.3981,2,14.3981,1,1,2,111.767,91.2093
42,11,53,10,200,4,0,28,-40.4968,104.357,7,44.1491,8,47.1522,1.06802,0,4,112.028,21.9752
42,11,53,10,200,4,0,29,15.4012,74.7023,6,27.023,6,27.023,1,1,3,111.903,43.3586
42,11,53,10,200,4,0,30,64.4494,-45.314,2,28.2884,2,28.2884,1,1,2,111.769,91.2111
42,11,53,10,200,4,0,31,74.9551,-1.11119,2,21.7383,2,21.7383,1,1,2,111.769,91.2117
42,11,53,10,200,4,0,32,63.7267,-99.0295,2,23.2785,2,23.2785,1,1,2,111.77,91.2123
42,11,53,10,200,4,0,33,-46.6094,60.9562,9,33.2355,9,33.2355,1,1,5,112.072,11.7155
42,11,53,10,200,4,0,34,12.2417,-82.4861,1,63.0773,1,63.0773,1,1,2,111.771,101.406
42,11,53,10,200,4,0,35,55.5046,160.489,4,26.7015,4,26.7015,1,1,2,111.772,64.6102
42,11,53,10,200,4,0,36,64.4702,-90.4141,2,23.0226,2,23.0226,1,1,2,111.773,91.2148
42,11,53,10,200,4,0,37,-48.1678,8.06178,9,6.90719,9,6.90719,1,1,3,111.904,11.5474
42,11,53,10,200,4,0,38,-11.3686,-32.7676,1,19.9582,1,19.9582,1,1,2,111.774,101.408
42,11,53,10,200,4,0,39,-10.397,173.815,4,40.3159,4,40.3159,1,1,2,111.774,64.6127
42,11,53,10,200,4,0,40,-74.6246,-79.5298,9,42.9301,9,42.9301,1,1,4,112.029,11.6726
42,11,53,10,200,4,0,41,62.3063,-96.3413,2,24.8515,2,24.8515,1,1,2,111.776,91.2179
42,11,53,10,200,4,0,42,-75.901,94.5056,8,17.4982,8,17.4982,1,1,4,112.03,21.9767
42,11,53,10,200,4,0,43,10.3258,-52.7957,1,33.8256,1,33.8256,1,1,2,111.777,101.412
42,11,53,10,200,4,0,44,9.43113,-128.546,2,77.6599,2,77.6599,1,1,3,111.906,91.348
42,11,53,10,200,4,0,45,-79.0467,-32.2389,9,29.2128,9,29.2128,1,1,4,112.03,11.6736
42,11,53,10,200,4,0,46,3.06993,171.817,4,26.7068,4,26.7068,1,1,2,111.779,64.6174
42,11,53,10,200,4,0,47,73.325,-46.4067,2,17.9477,2,17.9477,1,1,2,111.78,91.2218
42,11,53,10,200,4,0,48,-53.6063,-126.569,9,79.7802,9,79.7802,1,1,3,111.907,11.5501
42,11,53,10,200,4,0,49,-82.7253,97.2707,8,14.9582,8,14.9582,1,1,4,112.031,21.9777
42,11,53,10,200,4,0,50,-14.5275,125.559,7,19.7349,4,58.8102,2.98,0,3,111.908,64.7463
42,11,53,10,200,4,0,51,38.8801,-80.1146,2,50.433,2,50.433,1,1,3,111.909,91.3508
42,11,53,10,200,4,0,52,-72.4277,161.425,8,2.83603,8,2.83603,1,1,4,112.031,21.9782
42,11,53,10,200,4,0,53,53.9736,12.4075,3,40.4091,3,40.4091,1,1,2,111.783,80.6888
42,11,53,10,200,4,0,54,-25.6715,-92.8468,1,77.7351,1,77.7351,1,1,2,111.784,101.418
42,11,53,10,200,4,0,55,3.11101,-20.5922,1,1.23035,1,1.23035,1,1,2,111.784,101.419
42,11,53,10,200,4,0,56,3.81168,-49.1653,1,29.6832,1,29.6832,1,1,2,111.785,101.42
42,11,53,10,200,4,0,57,31.5333,35.8213,3,12.1228,3,12.1228,1,1,3,111.91,80.8153
42,11,53,10,200,4,0,58,-67.3299,-96.2819,9,52.7957,9,52.7957,1,1,4,112.032,11.6751
42,11,53,10,200,4,0,59,81.5128,64.2025,0,8.88158,0,8.88158,1,1,1,111.298,111.27
42,11,53,10,200,4,0,60,-22.414,-175.068,5,107.578,5,107.578,1,1,4,112.032,53.8947
42,11,53,10,200,4,0,61,-74.0182,141.312,8,6.24554,8,6.24554,1,1,5,112.073,22.0198
42,11,53,10,200,4,0,62,88.3746,178.614,0,3.22076,0,3.22076,1,1,1,111.3,111.273
42,11,53,10,200,4,0,63,-42.5474,-110.463,9,80.4331,9,80.4331,1,1,3,111.912,11.5551
42,11,53,10,200,4,0,64,-63.9776,-70.5454,9,41.9357,9,41.9357,1,1,3,111.912,11.5556
42,11,53,10,200,4,0,65,83.4037,22.9899,0,10.6441,0,10.6441,1,1,1,111.576,111.548
42,11,53,10,200,4,0,66,-62.4933,64.5675,9,29.274,9,29.274,1,1,5,112.074,11.717
42,11,53,10,200,4,0,67,61.4377,-89.8421,2,26.159,2,26.159,1,1,2,111.79,91.2322
42,11,53,10,200,4,0,68,22.996,50.8225,3,10.9366,3,10.9366,1,1,3,111.913,80.819
42,11,53,10,200,4,0,69,51.2827,174.649,4,23.337,4,23.337,1,1,2,111.791,64.6296
42,11,53,10,200,4,0,70,68.9878,-71.2126,2,19.9723,2,19.9723,1,1,2,111.792,91.2339
42,11,53,10,200,4,0,71,-12.9716,-34.4009,1,22.2292,1,22.2292,1,1,2,111.792,101.427
42,11,53,10,200,4,0,72,29.811,-142.877,5,56.0464,5,56.0464,1,1,4,112.034,53.8963
42,11,53,10,200,4,0,73,-89.2898,104.962,8,16.2837,8,16.2837,1,1,4,112.035,21.9814
42,11,53,10,200,4,0,74,-29.5792,164.446,8,45.5585,8,45.5585,1,1,3,111.915,21.862
42,11,53,10,200,4,0,75,-5.41756,76.0135,7,40.1125,3,44.1395,1.10039,0,3,111.916,80.8215
42,11,53,10,200,4,0,76,84.6891,21.1286,0,9.3198,0,9.3198,1,1,1,111.584,111.557
42,11,53,10,200,4,0,77,18.6627,166.128,4,10.4089,4,10.4089,1,1,2,111.796,64.634
42,11,53,10,200,4,0,78,9.87108,132.231,7,18.3512,4,36.6635,1.99788,0,2,111.796,64.6346
42,11,53,10,200,4,0,79,-62.168,71.7869,9,32.9828,9,32.9828,1,1,5,112.074,11.7176
42,11,53,10,200,4,0,80,-59.1574,-137.529,9,80.3722,9,80.3722,1,1,4,112.035,11.6788
42,11,53,10,200,4,0,81,-42.6116,-63.3015,9,49.8974,9,49.8974,1,1,3,111.917,11.5608
42,11,53,10,200,4,0,82,53.5195,-142.348,5,32.1111,5,32.1111,1,1,3,111.918,53.7804
42,11,53,10,200,4,0,83,13.4282,-26.969,1,12.4202,1,12.4202,1,1,2,111.799,101.434
42,11,53,10,200,4,0,84,44.2373,-50.5782,1,49.711,1,49.711,1,1,2,111.8,101.434
42,11,53,10,200,4,0,85,-16.16,46.4504,3,36.6996,3,36.6996,1,1,3,111.919,80.8243
42,11,53,10,200,4,0,86,29.1046,121.737,7,27.3915,4,38.1356,1.39224,0,2,111.801,64.6394
42,11,53,10,200,4,0,87,-83.9753,-62.1688,9,38.5207,9,38.5207,1,1,4,112.036,11.6793
42,11,53,10,200,4,0,88,79.4302,-166.53,5,5.30408,5,5.30408,1,1,3,111.92,53.7822
42,11,53,10,200,4,0,89,-68.6032,-80.2981,9,44.8555,9,44.8555,1,1,4,112.036,11.6798
42,11,53,10,200,4,0,90,88.9579,31.9584,0,5.41762,0,5.41762,1,1,1,111.594,111.567
42,11,53,10,200,4,0,91,87.8577,167.294,0,2.56286,0,2.56286,1,1,1,111.595,111.568
42,11,53,10,200,4,0,92,-63.4565,33.0408,9,14.5053,9,14.5053,1,1,4,112.037,11.6803
42,11,53,10,200,4,0,93,76.7108,72.8291,0,13.1372,0,13.1372,1,1,1,111.597,111.57
42,11,53,10,200,4,0,94,-7.36433,-150.914,5,92.6195,5,92.6195,1,1,4,112.037,53.8998
42,11,53,10,200,4,0,95,-17.692,46.9565,3,38.3003,3,38.3003,1,1,3,111.922,80.8275
42,11,53,10,200,4,0,96,-54.2214,59.3929,9,28.5852,9,28.5852,1,1,5,112.075,11.7184
42,11,53,10,200,4,0,97,81.8275,178.596,0,6.24742,0,6.24742,1,1,1,111.6,111.573
42,11,53,10,200,4,0,98,48.5226,10.5114,3,37.377,3,37.377,1,1,3,111.923,80.8286
42,11,53,10,200,4,0,99,-14.1865,5.51978,1,30.4892,1,30.4892,1,1,2,111.806,101.441
42,11,53,10,200,4,0,100,69.9666,119.307,0,16.3368,0,16.3368,1,1,1,111.602,111.575
42,11,53,10,200,4,0,101,-64.0149,18.1423,9,9.93771,9,9.93771,1,1,4,112.038,11.6818
42,11,53,10,200,4,0,102,30.522,-115.98,2,56.0904,2,56.0904,1,1,3,111.924,91.3663
42,11,53,10,200,4,0,103,67.9868,39.9043,0,27.9178,0,27.9178,1,1,1,111.604,111.577
42,11,53,10,200,4,0,104,-51.2553,178.767,8,24.7436,8,24.7436,1,1,3,111.925,21.8716
42,11,53,10,200,4,0,105,69.8031,-104.595,2,16.9608,2,16.9608,1,1,2,111.809,91.2509
42,11,53,10,200,4,0,106,15.3628,135.322,7,23.5892,4,31.0054,1.31439,0,2,111.809,64.6477
42,11,53,10,200,4,0,107,-58.6503,83.8125,8,35.671,8,35.671,1,1,4,112.039,21.9858
42,11,53,10,200,4,0,108,-5.8188,-143.879,5,91.8172,5,91.8172,1,1,4,112.039,53.9018
42,11,53,10,200,4,0,109,-11.6792,153.634,7,40.6579,4,42.3485,1.04158,0,2,111.811,64.6497
42,11,53,10,200,4,0,110,-57.3965,121.258,8,24.8292,8,24.8292,1,1,5,112.076,22.0226
42,11,53,10,200,4,0,111,10.2951,-43.2359,1,24.5974,1,24.5974,1,1,2,111.812,101.447
42,11,53,10,200,4,0,112,0.325356,4.24533,1,23.8675,1,23.8675,1,1,2,111.813,101.448
42,11,53,10,200,4,0,113,-22.3199,-82.3042,1,67.194,1,67.194,1,1,2,111.814,101.448
42,11,53,10,200,4,0,114,-82.6216,106.987,8,13.3678,8,13.3678,1,1,4,112.041,21.9874
42,11,53,10,200,4,0,115,51.6078,154.69,4,23.9839,4,23.9839,1,1,2,111.815,64.6535
42,11,53,10,200,4,0,116,23.1471,155.186,4,10.886,4,10.886,1,1,2,111.816,64.6541
42,11,53,10,200,4,0,117,-3.58383,-72.6617,1,53.7078,1,53.7078,1,1,2,111.816,101.451
42,11,53,10,200,4,0,118,-70.3974,-51.1941,9,32.0789,9,32.0789,1,1,4,112.041,11.6843
42,11,53,10,200,4,0,119,73.6213,-63.3053,2,15.7972,2,15.7972,1,1,2,111.818,91.2597
42,11,53,10,200,4,0,120,-26.2135,106.849,7,29.8106,8,61.0287,2.04722,0,5,112.112,22.0593
42,11,53,10,200,4,0,121,6.04999,158.299,4,23.9671,4,23.9671,1,1,2,111.819,64.657
42,11,53,10,200,4,0,122,31.0852,74.7995,6,11.3393,6,11.3393,1,1,3,111.97,43.4252
42,11,53,10,200,4,0,123,31.0555,-129.467,2,56.0134,2,56.0134,1,1,3,111.973,91.4148
42,11,53,10,200,4,0,124,55.4603,-141.247,5,30.238,5,30.238,1,1,3,111.973,53.8357
42,11,53,10,200,4,0,125,-77.9167,176.128,8,3.89435,8,3.89435,1,1,4,112.042,21.9889
42,11,53,10,200,4,0,126,80.0052,44.7568,0,12.49,0,12.49,1,1,1,111.619,111.592
42,11,53,10,200,4,0,127,-23.5542,-19.3388,1,27.055,1,27.055,1,1,2,111.822,101.456
42,11,53,10,200,4,0,128,-65.4989,88.2517,8,27.4033,8,27.4033,1,1,4,112.043,21.9894
42,11,53,10,200,4,0,129,39.1785,-116.241,2,47.4344,2,47.4344,1,1,3,111.975,91.4175
42,11,53,10,200,4,0,130,7.61942,1.57254,1,21.299,1,21.299,1,1,2,111.823,101.458
42,11,53,10,200,4,0,131,-70.7755,-118.467,9,60.7157,9,60.7157,1,1,4,112.043,11.6863
42,11,53,10,200,4,0,132,-11.6209,31.2812,3,32.5714,3,32.5714,1,1,3,111.976,80.882
42,11,53,10,200,4,0,133,-5.56432,15.9635,3,34.5803,3,34.5803,1,1,3,111.977,80.8826
42,11,53,10,200,4,0,134,80.0436,-43.886,2,10.6166,2,10.6166,1,1,2,111.826,91.2681
42,11,53,10,200,4,0,135,66.3291,-72.3399,2,22.6753,2,22.6753,1,1,2,111.827,91.2688
42,11,53,10,200,4,0,136,-58.5186,-35.2419,9,25.1067,9,25.1067,1,1,3,111.978,11.6208
42,11,53,10,200,4,0,137,-47.0207,125.133,8,33.9336,8,33.9336,1,1,4,112.043,21.9904
42,11,53,10,200,4,0,138,-70.2212,148.07,8,6.9181,8,6.9181,1,1,4,112.044,21.9908
42,11,53,10,200,4,0,139,87.833,150.478,0,2.03342,0,2.03342,1,1,1,111.628,111.6
42,11,53,10,200,4,0,140,-86.5888,-160.167,8,52.7978,8,52.7978,1,1,3,111.98,21.9264
42,11,53,10,200,4,0,141,73.3028,166.833,0,13.9388,0,13.9388,1,1,1,111.629,111.602
42,11,53,10,200,4,0,142,32.2947,-80.5028,2,57.1829,2,57.1829,1,1,3,111.98,91.4224
42,11,53,10,200,4,0,143,-16.2529,113.592,7,18.7437,4,68.5575,3.65762,0,3,111.981,64.8192
42,11,53,10,200,4,0,144,-86.1256,-134.149,8,49.8274,8,49.8274,1,1,3,111.981,21.9282
42,11,53,10,200,4,0,145,88.6752,22.9877,0,5.85483,0,5.85483,1,1,1,111.632,111.604
42,11,53,10,200,4,0,146,23.7118,-144.201,5,62.0593,5,62.0593,1,1,4,112.045,53.9071
42,11,53,10,200,4,0,147,42.2604,-155.818,5,42.6029,5,42.6029,1,1,4,112.045,53.9076
42,11,53,10,200,4,0,148,33.5403,-106.608,2,53.2641,2,53.2641,1,1,3,111.985,91.4267
42,11,53,10,200,4,0,149,20.0727,47.1678,3,7.15472,3,7.15472,1,1,3,111.985,80.8907
42,11,53,10,200,4,0,150,14.7531,-7.19649,1,16.5029,1,16.5029,1,1,2,111.833,101.468
42,11,53,10,200,4,0,151,77.414,92.4689,0,10.5171,0,10.5171,1,1,1,111.635,111.608
42,11,53,10,200,4,0,152,68.7808,-119.213,2,17.8473,2,17.8473,1,1,2,111.834,91.276
42,11,53,10,200,4,0,153,18.801,177.119,4,14.8432,4,14.8432,1,1,2,111.834,64.6729
42,11,53,10,200,4,0,154,-75.5719,33.268,9,22.7814,9,22.7814,1,1,4,112.046,11.689
42,11,53,10,200,4,0,155,73.7987,-144.321,5,11.4999,5,11.4999,1,1,3,111.986,53.8486
42,11,53,10,200,4,0,156,26.5503,114.203,7,24.1691,6,36.227,1.4989,0,3,111.987,43.4426
42,11,53,10,200,4,0,157,-78.7442,-62.3101,9,37.085,9,37.085,1,1,4,112.046,11.6895
42,11,53,10,200,4,0,158,-73.1499,-9.99425,9,20.1973,9,20.1973,1,1,4,112.047,11.69
42,11,53,10,200,4,0,159,-64.3593,-138.551,9,75.661,9,75.661,1,1,4,112.047,11.6905
42,11,53,10,200,4,0,160,17.9284,-131.368,2,69.3521,2,69.3521,1,1,3,111.989,91.4316
42,11,53,10,200,4,0,161,32.2184,-96.7195,2,55.242,2,55.242,1,1,3,111.99,91.4322
42,11,53,10,200,4,0,162,-47.7843,-31.0424,9,26.6516,9,26.6516,1,1,3,111.991,11.6338
42,11,53,10,200,4,0,163,-36.2688,151.512,8,39.5433,8,39.5433,1,1,3,111.991,21.938
42,11,53,10,200,4,0,164,21.1749,147.608,4,17.9088,4,17.9088,1,1,2,111.844,64.6824
42,11,53,10,200,4,0,165,9.33988,-108.144,2,77.4364,2,77.4364,1,1,3,111.992,91.4339
42,11,53,10,200,4,0,166,-19.7944,-6.49232,1,26.5803,1,26.5803,1,1,2,111.845,101.48
42,11,53,10,200,4,0,167,82.1624,-82.0272,2,5.53435,2,5.53435,1,1,2,111.846,91.2882
42,11,53,10,200,4,0,168,27.1471,21.9268,3,17.7216,3,17.7216,1,1,3,111.992,80.8978
42,11,53,10,200,4,0,169,-42.454,83.1505,9,49.8189,9,49.8189,1,1,5,112.115,11.7585
42,11,53,10,200,4,0,170,-62.4026,-117.311,9,66.6305,9,66.6305,1,1,4,112.048,11.6915
42,11,53,10,200,4,0,171,59.4146,108.295,6,27.154,6,27.154,1,1,2,111.848,43.3039
42,11,53,10,200,4,0,172,88.4463,141.341,0,2.48085,0,2.48085,1,1,1,111.687,111.66
42,11,53,10,200,4,0,173,-67.0073,-149.407,9,78.2893,9,78.2893,1,1,4,112.049,11.6919
42,11,53,10,200,4,0,174,-24.3267,-82.7332,1,68.2025,1,68.2025,1,1,2,111.85,101.484
42,11,53,10,200,4,0,175,-53.9791,167.203,8,21.1925,8,21.1925,1,1,4,112.049,21.996
42,11,53,10,200,4,0,176,-17.0506,136.479,7,28.5833,4,54.3216,1.90047,0,2,111.851,64.6891
42,11,53,10,200,4,0,177,-54.7581,50.33,9,23.1715,9,23.1715,1,1,5,112.116,11.7595
42,11,53,10,200,4,0,178,-37.2819,-2.0538,9,19.5757,9,19.5757,1,1,3,111.996,11.639
42,11,53,10,200,4,0,179,10.921,147.786,4,24.5305,4,24.5305,1,1,2,111.852,64.6909
42,11,53,10,200,4,0,180,-17.2231,-139.478,5,103.906,5,103.906,1,1,4,112.05,53.9125
42,11,53,10,200,4,0,181,-70.1791,105.965,8,18.1146,8,18.1146,1,1,4,112.051,21.9975
42,11,53,10,200,4,0,182,17.0147,-156.034,5,67.8754,5,67.8754,1,1,4,112.051,53.9135
42,11,53,10,200,4,0,183,-78.0311,-91.6763,9,46.6791,9,46.6791,1,1,4,112.052,11.6949
42,11,53,10,200,4,0,184,22.9466,-60.9701,1,44.8772,1,44.8772,1,1,2,111.856,101.49
42,11,53,10,200,4,0,185,85.7371,101.088,0,2.43653,0,2.43653,1,1,1,111.696,111.668
42,11,53,10,200,4,0,186,0.85968,110.303,7,5.29474,6,53.1325,10.035,0,4,112.052,43.5077
42,11,53,10,200,4,0,187,14.6917,-1.38812,1,21.0327,1,21.0327,1,1,2,111.859,101.493
42,11,53,10,200,4,0,188,35.8221,75.3687,6,6.62266,6,6.62266,1,1,3,111.999,43.4546
42,11,53,10,200,4,0,189,14.6023,-157.009,5,70.249,5,70.249,1,1,4,112.053,53.915
42,11,53,10,200,4,0,190,86.3177,101.247,0,2.26762,0,2.26762,1,1,1,111.699,111.672
42,11,53,10,200,4,0,191,-84.9028,-41.4659,9,34.775,9,34.775,1,1,4,112.053,11.6964
42,11,53,10,200,4,0,192,28.8626,-99.3218,2,58.4054,2,58.4054,1,1,3,112.001,91.4429
42,11,53,10,200,4,0,193,-85.5679,163.161,8,10.4323,8,10.4323,1,1,5,112.117,22.0641
42,11,53,10,200,4,0,194,39.3122,30.7062,3,20.8941,3,20.8941,1,1,3,112.002,80.9073
42,11,53,10,200,4,0,195,65.4737,-135.822,5,20.534,5,20.534,1,1,3,112.002,53.8646
42,11,53,10,200,4,0,196,35.614,170.589,4,7.90816,4,7.90816,1,1,2,111.865,64.7036
42,11,53,10,200,4,0,197,75.0717,-74.7427,2,13.2522,2,13.2522,1,1,2,111.866,91.3082
42,11,53,10,200,4,0,198,-82.7222,174.081,8,7.80808,8,7.80808,1,1,5,112.118,22.0648
42,11,53,10,200,4,0,199,6.79052,60.4489,3,24.1815,3,24.1815,1,1,3,112.003,80.9089
42,12,54,10,200,4,0,0,-29.7296,127.826,0,22.7879,0,22.7879,1,1,1,107.85,107.815
42,12,54,10,200,4,0,1,67.0308,163.419,3,17.034,3,17.034,1,1,3,108.367,76.1762
42,12,54,10,200,4,0,2,-33.8738,103.792,0,3.74159,0,3.74159,1,1,1,107.853,107.818
42,12,54,10,200,4,0,3,-49.6592,-16.4312,2,37.9568,2,37.9568,1,1,2,108.054,86.2455
42,12,54,10,200,4,0,4,69.195,-63.3537,4,22.7465,4,22.7465,1,1,4,108.495,65.9164
42,12,54,10,200,4,0,5,-64.379,-102.976,2,68.7187,2,68.7187,1,1,2,108.056,86.2467
42,12,54,10,200,4,0,6,-70.9367,165.358,0,57.0051,0,57.0051,1,1,1,107.856,107.822
42,12,54,10,200,4,0,7,85.0266,5.25864,4,2.36195,4,2.36195,1,1,4,108.496,65.9172
42,12,54,10,200,4,0,8,-26.4838,156.511,0,48.506,0,48.506,1,1,1,107.859,107.824
42,12,54,10,200,4,0,9,-15.9284,-67.416,2,27.9428,2,27.9428,1,1,2,108.057,86.2483
42,12,54,10,200,4,0,10,-5.74625,-42.5476,2,11.4628,2,11.4628,1,1,3,108.37,86.5608
42,12,54,10,200,4,0,11,-87.8819,-146.692,2,97.5938,2,97.5938,1,1,2,108.058,86.2495
42,12,54,10,200,4,0,12,23.2264,-177.495,6,79.7332,6,79.7332,1,1,5,108.557,44.6521
42,12,54,10,200,4,0,13,64.4327,-43.7384,4,24.1655,4,24.1655,1,1,4,108.497,65.9185
42,12,54,10,200,4,0,14,38.9313,82.3579,8,7.92538,1,19.4826,2.45826,0,2,108.06,97.6154
42,12,54,10,200,4,0,15,-80.9255,-161.596,2,103.845,2,103.845,1,1,2,108.061,86.252
42,12,54,10,200,4,0,16,15.0917,152.211,1,63.6329,1,63.6329,1,1,2,108.061,97.6165
42,12,54,10,200,4,0,17,-89.0885,142.436,0,61.9146,0,61.9146,1,1,1,107.867,107.832
42,12,54,10,200,4,0,18,38.0013,-97.4955,6,16.5803,6,16.5803,1,1,5,108.558,44.6532
42,12,54,10,200,4,0,19,-26.9977,34.3927,0,58.882,0,58.882,1,1,1,107.869,107.835
42,12,54,10,200,4,0,20,9.57541,-2.75323,2,44.0152,2,44.0152,1,1,3,108.372,86.5634
42,12,54,10,200,4,0,21,55.7081,57.2775,9,11.2589,1,19.8397,1.76213,0,2,108.063,97.6184
42,12,54,10,200,4,0,22,-8.69769,101.47,0,21.9855,0,21.9855,1,1,1,107.871,107.837
42,12,54,10,200,4,0,23,-58.7319,109.637,0,28.6415,0,28.6415,1,1,1,107.872,107.838
42,12,54,10,200,4,0,24,38.9905,30.6793,9,33.5452,4,44.7191,1.3331,0,3,108.373,65.7945
42,12,54,10,200,4,0,25,-68.8895,-113.512,2,76.2135,2,76.2135,1,1,2,108.065,86.2558
42,12,54,10,200,4,0,26,84.0658,-133.543,7,14.5011,4,16.7252,1.15337,0,4,108.499,65.9199
42,12,54,10,200,4,0,27,-40.1016,34.5844,0,55.3412,0,55.3412,1,1,1,107.876,107.841
42,12,54,10,200,4,0,28,-65.5187,-131.338,2,85.6768,2,85.6768,1,1,2,108.066,86.257
42,12,54,10,200,4,0,29,85.423,126.825,3,2.70818,3,2.70818,1,1,3,108.375,76.1837
42,12,54,10,200,4,0,30,65.51,-171.005,4,52.9,4,52.9,1,1,4,108.499,65.9206
42,12,54,10,200,4,0,31,72.6144,-18.7965,4,12.0962,4,12.0962,1,1,4,108.5,65.9213
42,12,54,10,200,4,0,32,80.6028,147.052,3,2.6909,3,2.6909,1,1,3,108.377,76.1858
42,12,54,10,200,4,0,33,-28.1803,57.2082,0,38.6397,0,38.6397,1,1,1,107.881,107.846
42,12,54,10,200,4,0,34,-65.2219,69.644,0,40.5901,0,40.5901,1,1,1,107.882,107.847
42,12,54,10,200,4,0,35,-44.1996,68.7071,0,29.3223,0,29.3223,1,1,1,107.883,107.849
42,12,54,10,200,4,0,36,-56.5546,-156.983,6,101.056,6,101.056,1,1,3,108.378,44.4732
42,12,54,10,200,4,0,37,-27.0077,49.4954,0,45.683,0,45.683,1,1,1,107.885,107.851
42,12,54,10,200,4,0,38,62.2433,8.52071,4,20.5589,4,20.5589,1,1,3,108.379,65.8001
42,12,54,10,200,4,0,39,-10.4337,22.4676,2,59.4333,2,59.4333,1,1,2,108.07,86.2611
42,12,54,10,200,4,0,40,-70.4,21.3536,0,64.5792,0,64.5792,1,1,1,107.888,107.854
42,12,54,10,200,4,0,41,44.478,-152.668,6,55.9967,6,55.9967,1,1,5,108.559,44.654
42,12,54,10,200,4,0,42,33.9055,-171.247,6,71.6829,6,71.6829,1,1,5,108.559,44.6547
42,12,54,10,200,4,0,43,30.958,116.773,1,31.1905,1,31.1905,1,1,2,108.072,97.6274
42,12,54,10,200,4,0,44,-61.2925,52.7621,0,45.6371,0,45.6371,1,1,1,107.892,107.858
42,12,54,10,200,4,0,45,31.7994,-171.565,6,72.3336,6,72.3336,1,1,5,108.56,44.6554
42,12,54,10,200,4,0,46,30.8786,28.8275,8,39.3078,4,52.708,1.3409,0,3,108.381,65.8026
42,12,54,10,200,4,0,47,-5.18071,42.9627,8,58.6242,0,61.238,1.04459,0,1,107.894,107.86
42,12,54,10,200,4,0,48,-2.0604,113.278,0,30.7797,0,30.7797,1,1,1,107.896,107.861
42,12,54,10,200,4,0,49,-39.9145,45.4354,0,46.6633,0,46.6633,1,1,1,107.896,107.862
42,12,54,10,200,4,0,50,1.46097,11.7718,2,52.7954,2,52.7954,1,1,3,108.382,86.573
42,12,54,10,200,4,0,51,-32.9287,69.8127,0,27.0059,0,27.0059,1,1,1,107.898,107.864
42,12,54,10,200,4,0,52,17.3945,60.1271,8,30.4416,1,47.5348,1.56151,0,2,108.075,97.6299
42,12,54,10,200,4,0,53,-30.3459,-20.7243,2,21.3194,2,21.3194,1,1,2,108.075,86.2666
42,12,54,10,200,4,0,54,-55.6761,98.4407,0,25.091,0,25.091,1,1,1,107.901,107.866
42,12,54,10,200,4,0,55,-89.1283,-72.1522,2,75.5188,2,75.5188,1,1,2,108.076,86.2674
42,12,54,10,200,4,0,56,-30.1029,90.6993,0,9.31757,0,9.31757,1,1,1,107.903,107.868
42,12,54,10,200,4,0,57,-22.4103,-172.395,6,92.9149,6,92.9149,1,1,3,108.382,44.4778
42,12,54,10,200,4,0,58,49.7261,-162.904,6,64.2283,6,64.2283,1,1,6,108.595,44.6905
42,12,54,10,200,4,0,59,62.1894,156.867,3,21.4463,3,21.4463,1,1,3,108.384,76.1926
42,12,54,10,200,4,0,60,34.9288,7.97749,9,46.5986,4,47.892,1.02776,0,3,108.385,65.8062
42,12,54,10,200,4,0,61,82.6512,-48.3852,4,7.65928,4,7.65928,1,1,4,108.504,65.9249
42,12,54,10,200,4,0,62,-71.5975,-25.0591,2,55.9824,2,55.9824,1,1,2,108.08,86.2714
42,12,54,10,200,4,0,63,87.2888,32.6842,7,2.69382,5,3.79905,1.41028,0,5,108.563,55.6227
42,12,54,10,200,4,0,64,-45.8906,-85.2516,2,49.8007,2,49.8007,1,1,2,108.082,86.2727
42,12,54,10,200,4,0,65,-50.9402,91.1407,0,21.716,0,21.716,1,1,1,107.91,107.876
42,12,54,10,200,4,0,66,53.2601,12.2621,9,28.2387,4,29.5158,1.04523,0,3,108.387,65.8086
42,12,54,10,200,4,0,67,-9.52326,-38.6908,2,6.91993,2,6.91993,1,1,2,108.083,86.274
42,12,54,10,200,4,0,68,-53.8054,100.262,0,23.1398,0,23.1398,1,1,1,107.913,107.878
42,12,54,10,200,4,0,69,60.2924,-38.963,4,27.6771,4,27.6771,1,1,4,108.506,65.9277
42,12,54,10,200,4,0,70,9.35116,122.328,0,44.9722,0,44.9722,1,1,1,107.914,107.88
42,12,54,10,200,4,0,71,34.4424,138.497,1,38.9618,1,38.9618,1,1,2,108.084,97.6393
42,12,54,10,200,4,0,72,16.5138,-155.936,6,61.5101,6,61.5101,1,1,4,108.507,44.6025
42,12,54,10,200,4,0,73,73.0509,-47.5202,4,15.8075,4,15.8075,1,1,4,108.508,65.9292
42,12,54,10,200,4,0,74,-69.4201,90.4806,0,39.3755,0,39.3755,1,1,1,107.918,107.883
42,12,54,10,200,4,0,75,-35.3265,111.017,0,9.24814,0,9.24814,1,1,1,107.918,107.884
42,12,54,10,200,4,0,76,-40.771,-85.3507,2,47.9256,2,47.9256,1,1,2,108.086,86.2773
42,12,54,10,200,4,0,77,-58.6839,-44.7369,2,42.5545,2,42.5545,1,1,2,108.087,86.2782
42,12,54,10,200,4,0,78,34.7951,-122.79,6,30.5405,6,30.5405,1,1,5,108.564,44.6593
42,12,54,10,200,4,0,79,83.9736,157.809,3,1.8223,3,1.8223,1,1,3,108.391,76.1995
42,12,54,10,200,4,0,80,-14.0209,-113.933,6,43.0076,6,43.0076,1,1,3,108.391,44.4866
42,12,54,10,200,4,0,81,34.4749,-101.522,6,15.2118,6,15.2118,1,1,5,108.565,44.6601
42,12,54,10,200,4,0,82,39.1645,-130.097,6,37.5401,6,37.5401,1,1,5,108.566,44.661
42,12,54,10,200,4,0,83,19.8938,150.718,1,58.488,1,58.488,1,1,2,108.091,97.6457
42,12,54,10,200,4,0,84,75.0824,-19.6275,4,9.80116,4,9.80116,1,1,4,108.512,65.933
42,12,54,10,200,4,0,85,-34.1224,-11.1329,2,30.2899,2,30.2899,1,1,2,108.092,86.2833
42,12,54,10,200,4,0,86,-38.6496,-179.36,6,106.671,6,106.671,1,1,3,108.394,44.4894
42,12,54,10,200,4,0,87,-26.3181,135.728,0,30.4123,0,30.4123,1,1,1,107.928,107.894
42,12,54,10,200,4,0,88,-77.6479,-86.5344,2,69.4728,2,69.4728,1,1,2,108.094,86.2847
42,12,54,10,200,4,0,89,-45.896,-114.136,2,71.2466,2,71.2466,1,1,2,108.094,86.2853
42,12,54,10,200,4,0,90,-88.0269,17.555,0,71.5421,0,71.5421,1,1,1,107.931,107.896
42,12,54,10,200,4,0,91,88.4408,-77.5958,7,3.72874,4,8.89716,2.3861,0,4,108.512,65.9337
42,12,54,10,200,4,0,92,56.1022,-120.486,6,40.7086,6,40.7086,1,1,6,108.596,44.6913
42,12,54,10,200,4,0,93,28.8337,1.79448,4,54.2459,4,54.2459,1,1,4,108.514,65.9353
42,12,54,10,200,4,0,94,-31.6382,45.6146,0,47.815,0,47.815,1,1,1,107.934,107.899
42,12,54,10,200,4,0,95,-10.1983,88.6817,0,23.7374,0,23.7374,1,1,1,107.934,107.9
42,12,54,10,200,4,0,96,55.8408,-131.447,6,45.8579,6,45.8579,1,1,6,108.597,44.692
42,12,54,10,200,4,0,97,83.58,10.0106,4,0.838159,4,0.838159,1,1,4,108.515,65.9366
42,12,54,10,200,4,0,98,-40.7718,26.9477,0,61.3412,0,61.3412,1,1,1,107.937,107.903
42,12,54,10,200,4,0,99,-9.63556,-111.379,6,37.901,6,37.901,1,1,4,108.516,44.6112
42,12,54,10,200,4,0,100,-86.3399,92.4842,0,55.8547,0,55.8547,1,1,1,107.939,107.904
42,12,54,10,200,4,0,101,28.7441,-69.9791,6,19.9943,6,19.9943,1,1,4,108.516,44.6118
42,12,54,10,200,4,0,102,46.5621,-175.148,6,73.4522,6,73.4522,1,1,6,108.597,44.6926
42,12,54,10,200,4,0,103,-57.1254,117.829,0,28.947,0,28.947,1,1,1,107.941,107.907
42,12,54,10,200,4,0,104,-40.8412,-26.0428,2,26.6819,2,26.6819,1,1,2,108.158,86.3492
42,12,54,10,200,4,0,105,-88.1537,-77.7363,2,75.6619,2,75.6619,1,1,2,108.159,86.35
42,12,54,10,200,4,0,106,85.7561,-179.426,7,12.7138,4,19.356,1.52244,0,4,108.518,65.9392
42,12,54,10,200,4,0,107,12.334,103.717,8,40.9946,0,43.0738,1.05072,0,1,107.944,107.91
42,12,54,10,200,4,0,108,-59.9561,-97.6647,2,63.789,2,63.789,1,1,2,108.16,86.3514
42,12,54,10,200,4,0,109,-37.2445,-3.18863,2,37.6298,2,37.6298,1,1,2,108.161,86.3521
42,12,54,10,200,4,0,110,63.9749,85.1146,1,7.9386,1,7.9386,1,1,2,108.162,97.7167
42,12,54,10,200,4,0,111,-47.2535,59.6314,0,36.5137,0,36.5137,1,1,1,107.947,107.913
42,12,54,10,200,4,0,112,66.8339,-107.347,4,35.1088,4,35.1088,1,1,4,108.519,65.9399
42,12,54,10,200,4,0,113,-55.179,-127.876,2,82.314,2,82.314,1,1,2,108.163,86.3541
42,12,54,10,200,4,0,114,49.8004,50.3709,8,17.6218,1,26.4326,1.49999,0,2,108.164,97.7191
42,12,54,10,200,4,0,115,-29.6274,106.921,0,4.82127,0,4.82127,1,1,1,107.95,107.916
42,12,54,10,200,4,0,116,-18.5724,178.233,0,70.8144,0,70.8144,1,1,1,107.951,107.917
42,12,54,10,200,4,0,117,-71.5291,-124.021,2,82.6911,2,82.6911,1,1,2,108.165,86.3558
42,12,54,10,200,4,0,118,-88.4573,-77.309,2,75.8415,2,75.8415,1,1,2,108.165,86.3565
42,12,54,10,200,4,0,119,86.9039,-78.597,7,6.41951,4,9.13407,1.42286,0,4,108.519,65.9406
42,12,54,10,200,4,0,120,38.3241,177.5,3,47.9799,3,47.9799,1,1,3,108.404,76.2126
42,12,54,10,200,4,0,121,11.8333,68.1605,8,33.6719,1,49.6575,1.47474,0,2,108.168,97.7226
42,12,54,10,200,4,0,122,89.0373,-131.665,7,3.62627,5,12.0146,3.31321,0,5,108.569,55.6284
42,12,54,10,200,4,0,123,-4.06145,-121.838,6,40.3369,6,40.3369,1,1,4,108.52,44.6158
42,12,54,10,200,4,0,124,-24.6651,97.3882,0,7.02511,0,7.02511,1,1,1,107.958,107.923
42,12,54,10,200,4,0,125,27.4869,-101.38,6,10.6989,6,10.6989,1,1,4,108.521,44.6164
42,12,54,10,200,4,0,126,1.25138,140.467,0,49.4134,0,49.4134,1,1,1,107.959,107.925
42,12,54,10,200,4,0,127,69.1256,-43.8295,4,19.235,4,19.235,1,1,4,108.522,65.9431
42,12,54,10,200,4,0,128,-73.44,-152.107,2,98.6763,2,98.6763,1,1,2,108.171,86.3617
42,12,54,10,200,4,0,129,4.14728,132.721,0,46.2354,0,46.2354,1,1,1,107.965,107.93
42,12,54,10,200,4,0,130,39.132,129.04,1,29.9965,1,29.9965,1,1,2,108.171,97.7264
42,12,54,10,200,4,0,131,29.8208,-138.881,6,43.6304,6,43.6304,1,1,5,108.57,44.665
42,12,54,10,200,4,0,132,63.6366,96.5835,1,6.80966,1,6.80966,1,1,2,108.173,97.7277
42,12,54,10,200,4,0,133,-41.4507,130.359,0,25.7069,0,25.7069,1,1,1,107.968,107.933
42,12,54,10,200,4,0,134,-80.3628,-89.0936,2,72.2708,2,72.2708,1,1,2,108.173,86.3643
42,12,54,10,200,4,0,135,-64.1191,95.9227,0,33.6469,0,33.6469,1,1,1,107.97,107.935
42,12,54,10,200,4,0,136,-45.7965,75.4284,0,25.4382,0,25.4382,1,1,1,107.971,107.936
42,12,54,10,200,4,0,137,-7.95839,-93.5185,6,30.4615,6,30.4615,1,1,4,108.523,44.6183
42,12,54,10,200,4,0,138,61.8815,155.96,3,21.7045,3,21.7045,1,1,3,108.451,76.2598
42,12,54,10,200,4,0,139,-17.678,-105.567,6,42.6396,6,42.6396,1,1,3,108.452,44.5471
42,12,54,10,200,4,0,140,36.6743,-160.382,6,62.0299,6,62.0299,1,1,5,108.57,44.6658
42,12,54,10,200,4,0,141,-13.4737,-104.149,6,38.1944,6,38.1944,1,1,3,108.453,44.5484
42,12,54,10,200,4,0,142,80.0423,-68.6962,4,12.3598,4,12.3598,1,1,4,108.524,65.9456
42,12,54,10,200,4,0,143,16.0109,-166.795,6,71.8619,6,71.8619,1,1,4,108.525,44.6202
42,12,54,10,200,4,0,144,-20.4015,-139.684,6,64.8185,6,64.8185,1,1,3,108.455,44.5505
42,12,54,10,200,4,0,145,72.9627,-142.539,4,33.9248,4,33.9248,1,1,4,108.526,65.947
42,12,54,10,200,4,0,146,84.678,25.5671,4,2.41197,4,2.41197,1,1,4,108.526,65.9477
42,12,54,10,200,4,0,147,-50.7098,116.629,0,23.0864,0,23.0864,1,1,1,107.979,107.945
42,12,54,10,200,4,0,148,-28.9247,-4.32114,2,33.7699,2,33.7699,1,1,2,108.316,86.5068
42,12,54,10,200,4,0,149,33.494,-38.575,6,47.621,6,47.621,1,1,4,108.527,44.6223
42,12,54,10,200,4,0,150,43.2927,118.75,1,21.4666,1,21.4666,1,1,2,108.317,97.8722
42,12,54,10,200,4,0,151,-61.3261,174.992,0,59.5503,0,59.5503,1,1,1,107.982,107.948
42,12,54,10,200,4,0,152,7.08909,41.431,8,48.5785,1,66.3972,1.3668,0,2,108.318,97.8729
42,12,54,10,200,4,0,153,-49.2631,-42.0588,2,32.9786,2,32.9786,1,1,2,108.318,86.5096
42,12,54,10,200,4,0,154,8.69565,46.1177,8,44.6344,1,62.379,1.39756,0,2,108.319,97.8743
42,12,54,10,200,4,0,155,16.187,-89.2602,6,6.42665,6,6.42665,1,1,4,108.528,44.6229
42,12,54,10,200,4,0,156,32.8678,-174.573,6,74.7766,6,74.7766,1,1,5,108.571,44.6666
42,12,54,10,200,4,0,157,-6.70447,45.8202,0,57.9205,0,57.9205,1,1,1,107.987,107.952
42,12,54,10,200,4,0,158,-31.6348,-161.387,6,88.5558,6,88.5558,1,1,3,108.46,44.5551
42,12,54,10,200,4,0,159,29.5124,75.9274,8,15.3987,1,30.2282,1.96304,0,2,108.322,97.8769
42,12,54,10,200,4,0,160,-60.5355,24.9502,0,61.2969,0,61.2969,1,1,1,107.993,107.958
42,12,54,10,200,4,0,161,56.6942,-131.715,6,46.4945,6,46.4945,1,1,6,108.598,44.6934
42,12,54,10,200,4,0,162,-64.7413,-168.031,2,109.708,2,109.708,1,1,2,108.323,86.5145
42,12,54,10,200,4,0,163,82.4572,-7.33211,4,2.50422,4,2.50422,1,1,4,108.53,65.9509
42,12,54,10,200,4,0,164,3.82383,51.9025,8,46.3047,0,59.2969,1.28058,0,1,107.996,107.961
42,12,54,10,200,4,0,165,67.0465,-85.767,4,29.9179,4,29.9179,1,1,4,108.53,65.9516
42,12,54,10,200,4,0,166,-4.67386,-168.559,6,81.2756,6,81.2756,1,1,4,108.531,44.6262
42,12,54,10,200,4,0,167,-45.3874,-175.17,6,106.764,6,106.764,1,1,3,108.463,44.5583
42,12,54,10,200,4,0,168,26.4358,-9.30106,2,51.7091,2,51.7091,1,1,3,108.464,86.6547
42,12,54,10,200,4,0,169,-18.6142,-109.737,6,45.0878,6,45.0878,1,1,3,108.464,44.5595
42,12,54,10,200,4,0,170,-71.5917,175.146,0,61.7247,0,61.7247,1,1,1,108.001,107.966
42,12,54,10,200,4,0,171,-9.49863,102.552,0,21.2085,0,21.2085,1,1,1,108.002,107.967
42,12,54,10,200,4,0,172,-89.7138,147.594,0,63.3234,0,63.3234,1,1,1,108.003,107.968
42,12,54,10,200,4,0,173,-15.8138,-62.6973,2,23.4214,2,23.4214,1,1,2,108.328,86.5193
42,12,54,10,200,4,0,174,83.1033,-152.603,7,17.8469,4,20.2346,1.13379,0,4,108.532,65.9529
42,12,54,10,200,4,0,175,-83.3849,-134.864,2,91.3654,2,91.3654,1,1,2,108.329,86.5205
42,12,54,10,200,4,0,176,26.1737,126.619,1,39.8049,1,39.8049,1,1,2,108.33,97.8852
42,12,54,10,200,4,0,177,-43.2896,102.865,0,12.6548,0,12.6548,1,1,1,108.006,107.972
42,12,54,10,200,4,0,178,69.2937,-101.665,4,30.5644,4,30.5644,1,1,4,108.532,65.9536
42,12,54,10,200,4,0,179,-42.2337,-33.7649,2,26.1042,2,26.1042,1,1,2,108.332,86.5227
42,12,54,10,200,4,0,180,65.1189,-130.374,4,43.1467,4,43.1467,1,1,4,108.533,65.9543
42,12,54,10,200,4,0,181,30.234,-59.1099,6,29.6383,6,29.6383,1,1,4,108.534,44.6289
42,12,54,10,200,4,0,182,-59.4669,149.693,0,44.5835,0,44.5835,1,1,1,108.01,107.976
42,12,54,10,200,4,0,183,-27.1397,113.938,0,11.4662,0,11.4662,1,1,1,108.011,107.976
42,12,54,10,200,4,0,184,-19.8039,88.4922,0,16.0116,0,16.0116,1,1,1,108.012,107.977
42,12,54,10,200,4,0,185,-87.8996,-2.79117,2,74.7152,2,74.7152,1,1,2,108.334,86.5249
42,12,54,10,200,4,0,186,41.8189,-14.7964,4,42.8088,4,42.8088,1,1,4,108.534,65.9556
42,12,54,10,200,4,0,187,-40.1195,84.2102,0,16.9473,0,16.9473,1,1,1,108.014,107.98
42,12,54,10,200,4,0,188,-23.6013,68.1334,0,30.5081,0,30.5081,1,1,1,108.015,107.98
42,12,54,10,200,4,0,189,-79.2436,-60.9959,2,64.6265,2,64.6265,1,1,2,108.335,86.5262
42,12,54,10,200,4,0,190,47.7653,-145.257,6,51.1345,6,51.1345,1,1,5,108.573,44.668
42,12,54,10,200,4,0,191,-7.93011,-32.1219,2,10.4444,2,10.4444,1,1,2,108.336,86.5274
42,12,54,10,200,4,0,192,80.6808,77.5606,5,4.04468,5,4.04468,1,1,4,108.536,55.5951
42,12,54,10,200,4,0,193,-54.6286,119.949,0,27.5293,0,27.5293,1,1,1,108.021,107.987
42,12,54,10,200,4,0,194,77.948,-13.7245,4,6.46928,4,6.46928,1,1,4,108.536,65.9576
42,12,54,10,200,4,0,195,-46.908,106.134,0,16.6251,0,16.6251,1,1,1,108.023,107.988
42,12,54,10,200,4,0,196,17.9505,146.652,1,57.7838,1,57.7838,1,1,2,108.338,97.8934
42,12,54,10,200,4,0,197,-66.4881,96.9674,0,35.9291,0,35.9291,1,1,1,108.025,107.99
42,12,54,10,200,4,0,198,58.1727,-7.25574,4,25.4306,4,25.4306,1,1,3,108.471,65.892
42,12,54,10,200,4,0,199,15.4527,-103.263,6,13.5215,6,13.5215,1,1,4,108.537,44.6322
42,13,55,10,200,4,0,0,76.4034,64.3724,8,14.4716,8,14.4716,1,1,3,108.583,23.3851
42,13,55,10,200,4,0,1,-72.9153,124.413,9,2.65436,9,2.65436,1,1,3,108.584,13.0977
42,13,55,10,200,4,0,2,11.6386,104.853,7,22.2119,7,22.2119,1,1,3,108.584,33.6758
42,13,55,10,200,4,0,3,-7.50504,-116.089,3,24.0724,3,24.0724,1,1,2,108.437,76.502
42,13,55,10,200,4,0,4,0.952293,60.0945,7,25.878,7,25.878,1,1,3,108.585,33.6763
42,13,55,10,200,4,0,5,52.4268,71.5729,8,41.1973,8,41.1973,1,1,3,108.585,23.3874
42,13,55,10,200,4,0,6,66.1405,-29.8584,8,15.7796,8,15.7796,1,1,4,108.759,23.5614
42,13,55,10,200,4,0,7,-38.8717,78.0545,7,39.4051,7,39.4051,1,1,3,108.586,33.6779
42,13,55,10,200,4,0,8,6.97221,41.5707,1,18.8782,1,18.8782,1,1,2,108.44,97.527
42,13,55,10,200,4,0,9,75.0049,-67.4042,8,14.5362,8,14.5362,1,1,4,108.76,23.5621
42,13,55,10,200,4,0,10,43.7506,-33.8447,8,38.8858,8,38.8858,1,1,4,108.761,23.5627
42,13,55,10,200,4,0,11,33.1193,100.898,7,36.2497,7,36.2497,1,1,3,108.588,33.6794
42,13,55,10,200,4,0,12,38.9515,-114.112,4,17.6849,4,17.6849,1,1,3,108.589,66.2371
42,13,55,10,200,4,0,13,3.42314,58.0182,7,28.1501,7,28.1501,1,1,3,108.589,33.6806
42,13,55,10,200,4,0,14,30.8058,35.7833,1,9.34673,1,9.34673,1,1,2,108.444,97.5307
42,13,55,10,200,4,0,15,2.0405,34.4183,1,20.924,1,20.924,1,1,2,108.444,97.5314
42,13,55,10,200,4,0,16,-39.9222,38.2504,9,58.8771,9,58.8771,1,1,4,108.761,13.2752
42,13,55,10,200,4,0,17,-10.5841,123.433,7,38.7435,7,38.7435,1,1,3,108.59,33.6817
42,13,55,10,200,4,0,18,-18.4484,143.822,9,58.3543,9,58.3543,1,1,4,108.762,13.2758
42,13,55,10,200,4,0,19,-86.3284,145.008,9,11.2023,9,11.2023,1,1,3,108.591,13.1052
42,13,55,10,200,4,0,20,11.9581,112.197,7,28.7913,7,28.7913,1,1,3,108.592,33.6832
42,13,55,10,200,4,0,21,18.2903,-23.8027,5,30.119,5,30.119,1,1,3,108.66,54.4145
42,13,55,10,200,4,0,22,-48.8308,138.837,9,27.3582,9,27.3582,1,1,5,108.809,13.3233
42,13,55,10,200,4,0,23,-62.8741,96.2829,9,16.4928,9,16.4928,1,1,3,108.664,13.178
42,13,55,10,200,4,0,24,0.203934,-155.738,4,52.9159,4,52.9159,1,1,4,108.763,66.4117
42,13,55,10,200,4,0,25,-75.5607,-92.0909,6,8.89057,6,8.89057,1,1,2,108.45,43.8016
42,13,55,10,200,4,0,26,-4.79154,95.1172,7,10.2575,7,10.2575,1,1,3,108.666,33.7576
42,13,55,10,200,4,0,27,-85.5966,-111.68,6,4.78665,6,4.78665,1,1,2,108.451,43.8027
42,13,55,10,200,4,0,28,80.5025,15.6532,8,3.39402,8,3.39402,1,1,4,108.764,23.5658
42,13,55,10,200,4,0,29,63.169,42.6166,8,22.4501,8,22.4501,1,1,3,108.667,23.4695
42,13,55,10,200,4,0,30,-64.2818,-49.5809,6,19.7211,6,19.7211,1,1,2,108.453,43.8045
42,13,55,10,200,4,0,31,-51.4826,-28.4079,6,35.3139,6,35.3139,1,1,2,108.454,43.8051
42,13,55,10,200,4,0,32,84.3347,55.8666,8,9.2186,8,9.2186,1,1,4,108.764,23.5663
42,13,55,10,200,4,0,33,-42.4876,-48.2274,5,40.5973,5,40.5973,1,1,2,108.458,54.2126
42,13,55,10,200,4,0,34,9.84417,-77.6318,5,33.3467,5,33.3467,1,1,3,108.669,54.4235
42,13,55,10,200,4,0,35,-41.6098,-136.395,0,23.3246,0,23.3246,1,1,1,108.268,108.241
42,13,55,10,200,4,0,36,-72.7175,133.361,9,3.45027,9,3.45027,1,1,3,108.669,13.1834
42,13,55,10,200,4,0,37,9.90092,-63.0965,5,20.4634,5,20.4634,1,1,3,108.67,54.4247
42,13,55,10,200,4,0,38,46.099,74.0536,1,42.797,1,42.797,1,1,2,108.46,97.5475
42,13,55,10,200,4,0,39,-73.4068,-87.3941,6,10.6227,6,10.6227,1,1,2,108.461,43.8123
42,13,55,10,200,4,0,40,49.1576,-117.935,4,10.5351,4,10.5351,1,1,3,108.671,66.3194
42,13,55,10,200,4,0,41,0.2575,-91.2679,3,34.625,3,34.625,1,1,2,108.462,76.5272
42,13,55,10,200,4,0,42,78.5912,9.3219,8,2.91479,8,2.91479,1,1,4,108.765,23.5669
42,13,55,10,200,4,0,43,-11.474,138.187,7,53.1831,7,53.1831,1,1,3,108.672,33.7636
42,13,55,10,200,4,0,44,-77.5125,-76.6099,6,5.95448,6,5.95448,1,1,2,108.464,43.8151
42,13,55,10,200,4,0,45,0.401924,-103.588,3,31.0448,3,31.0448,1,1,2,108.464,76.5295
42,13,55,10,200,4,0,46,26.9046,77.8387,7,28.206,7,28.206,1,1,3,108.673,33.7643
42,13,55,10,200,4,0,47,24.0018,42.4787,1,10.9159,1,10.9159,1,1,2,108.466,97.5526
42,13,55,10,200,4,0,48,-23.1473,143.029,9,53.5379,9,53.5379,1,1,4,108.765,13.2794
42,13,55,10,200,4,0,49,87.1256,153.394,8,18.9646,8,18.9646,1,1,4,108.766,23.5681
42,13,55,10,200,4,0,50,-57.3016,-88.9684,0,10.6897,0,10.6897,1,1,1,108.28,108.253
42,13,55,10,200,4,0,51,-81.5009,-80.0382,6,2.38161,6,2.38161,1,1,2,108.468,43.8189
42,13,55,10,200,4,0,52,-67.8038,36.8001,9,29.1198,9,29.1198,1,1,3,108.674,13.1884
42,13,55,10,200,4,0,53,18.4327,136.59,7,53.3508,7,53.3508,1,1,3,108.675,33.7664
42,13,55,10,200,4,0,54,-34.5732,70.0518,7,37.595,7,37.595,1,1,3,108.676,33.7671
42,13,55,10,200,4,0,55,-65.4019,-150.831,0,23.6535,0,23.6535,1,1,1,108.284,108.257
42,13,55,10,200,4,0,56,66.0584,49.7113,8,21.0589,8,21.0589,1,1,3,108.676,23.4782
42,13,55,10,200,4,0,57,-31.0495,109.299,7,38.1965,7,38.1965,1,1,3,108.677,33.7683
42,13,55,10,200,4,0,58,-60.4834,94.953,9,19.0308,9,19.0308,1,1,4,108.767,13.2807
42,13,55,10,200,4,0,59,33.7432,-95.9918,4,32.4846,4,32.4846,1,1,3,108.678,66.3268
42,13,55,10,200,4,0,60,-80.8285,-111.71,6,6.48903,6,6.48903,1,1,2,108.472,43.8236
42,13,55,10,200,4,0,61,-9.79012,72.1523,7,16.7733,7,16.7733,1,1,3,108.679,33.7704
42,13,55,10,200,4,0,62,73.0645,-151.577,2,11.6983,2,11.6983,1,1,3,108.679,87.5008
42,13,55,10,200,4,0,63,-32.6845,-80.1656,3,23.8824,3,23.8824,1,1,2,108.474,76.5392
42,13,55,10,200,4,0,64,85.726,-71.1178,8,10.0271,8,10.0271,1,1,4,108.767,23.5694
42,13,55,10,200,4,0,65,-53.386,-123.151,0,9.13066,0,9.13066,1,1,1,108.291,108.264
42,13,55,10,200,4,0,66,9.95691,-89.7738,3,44.1299,3,44.1299,1,1,3,108.681,76.7464
42,13,55,10,200,4,0,67,-11.5948,64.3062,7,24.3694,7,24.3694,1,1,3,108.682,33.7733
42,13,55,10,200,4,0,68,63.5132,-166.324,2,13.5981,2,13.5981,1,1,2,108.476,87.2977
42,13,55,10,200,4,0,69,10.4483,-122.12,4,40.2341,4,40.2341,1,1,4,108.768,66.4165
42,13,55,10,200,4,0,70,41.8638,70.0929,1,38.4728,1,38.4728,1,1,2,108.478,97.5648
42,13,55,10,200,4,0,71,-46.4756,35.8444,9,52.5062,9,52.5062,1,1,4,108.769,13.2825
42,13,55,10,200,4,0,72,-30.0979,24.9499,1,53.0513,1,53.0513,1,1,2,108.479,97.566
42,13,55,10,200,4,0,73,-17.4282,-1.16267,5,47.1711,5,47.1711,1,1,3,108.684,54.4383
42,13,55,10,200,4,0,74,-30.0486,-147.37,3,33.9906,3,33.9906,1,1,2,108.48,76.5452
42,13,55,10,200,4,0,75,41.4228,-41.754,8,42.7575,8,42.7575,1,1,5,108.81,23.6123
42,13,55,10,200,4,0,76,-39.5398,-116.735,3,11.633,3,11.633,1,1,2,108.481,76.5464
42,13,55,10,200,4,0,77,-74.8009,-112.951,6,12.014,6,12.014,1,1,2,108.482,43.8332
42,13,55,10,200,4,0,78,-44.1556,-34.9708,6,41.8262,6,41.8262,1,1,3,108.685,44.0362
42,13,55,10,200,4,0,79,-6.55811,-96.8593,3,26.0442,3,26.0442,1,1,2,108.483,76.5482
42,13,55,10,200,4,0,80,36.9557,60.1118,1,29.2737,1,29.2737,1,1,2,108.484,97.5708
42,13,55,10,200,4,0,81,-20.0053,-86.1747,3,22.3298,3,22.3298,1,1,2,108.484,76.5497
42,13,55,10,200,4,0,82,75.169,116.8,8,26.4279,8,26.4279,1,1,3,108.686,23.4876
42,13,55,10,200,4,0,83,79.0658,97.3643,8,18.4416,8,18.4416,1,1,3,108.686,23.4883
42,13,55,10,200,4,0,84,65.2378,-0.971817,8,14.8525,8,14.8525,1,1,3,108.687,23.4889
42,13,55,10,200,4,0,85,77.6222,34.2031,8,7.83582,8,7.83582,1,1,3,108.687,23.4895
42,13,55,10,200,4,0,86,-55.4395,-117.707,0,5.63831,0,5.63831,1,1,1,108.307,108.279
42,13,55,10,200,4,0,87,-54.9762,8.92528,6,39.4672,6,39.4672,1,1,2,108.49,43.841
42,13,55,10,200,4,0,88,43.6216,35.1912,1,21.3145,1,21.3145,1,1,2,108.49,97.5774
42,13,55,10,200,4,0,89,-86.1187,-152.854,6,8.29275,6,8.29275,1,1,2,108.491,43.8421
42,13,55,10,200,4,0,90,33.9106,90.6082,7,34.3764,7,34.3764,1,1,3,108.688,33.7796
42,13,55,10,200,4,0,91,-7.30402,168.742,9,75.3613,9,75.3613,1,1,4,108.771,13.2847
42,13,55,10,200,4,0,92,76.9367,15.7902,8,5.07469,8,5.07469,1,1,4,108.771,23.5734
42,13,55,10,200,4,0,93,-62.1044,-114.438,0,7.74799,0,7.74799,1,1,1,108.312,108.285
42,13,55,10,200,4,0,94,80.4097,42.6749,8,7.97213,8,7.97213,1,1,3,108.69,23.4919
42,13,55,10,200,4,0,95,-15.6485,54.7309,7,34.5759,7,34.5759,1,1,3,108.69,33.7818
42,13,55,10,200,4,0,96,-38.6067,108.692,9,38.1132,9,38.1132,1,1,5,108.811,13.325
42,13,55,10,200,4,0,97,74.2781,-106.875,2,15.6336,2,15.6336,1,1,3,108.691,87.5127
42,13,55,10,200,4,0,98,22.746,126.688,7,46.0598,7,46.0598,1,1,3,108.692,33.7834
42,13,55,10,200,4,0,99,85.2445,-4.03233,8,5.18703,8,5.18703,1,1,4,108.773,23.5746
42,13,55,10,200,4,0,100,-27.1421,145.733,9,49.9255,9,49.9255,1,1,4,108.773,13.2871
42,13,55,10,200,4,0,101,-74.9146,14.837,6,17.8,6,17.8,1,1,2,108.497,43.8485
42,13,55,10,200,4,0,102,-75.9867,-79.7816,6,7.60301,6,7.60301,1,1,2,108.498,43.8491
42,13,55,10,200,4,0,103,-78.1189,115.27,9,3.57015,9,3.57015,1,1,3,108.694,13.2076
42,13,55,10,200,4,0,104,67.7048,-148.475,2,7.03881,2,7.03881,1,1,2,108.499,87.3201
42,13,55,10,200,4,0,105,71.2078,23.2309,8,11.1761,8,11.1761,1,1,3,108.694,23.4962
42,13,55,10,200,4,0,106,61.0665,-52.1924,8,24.7978,8,24.7978,1,1,4,108.774,23.5757
42,13,55,10,200,4,0,107,5.98626,96.0065,7,11.7842,7,11.7842,1,1,3,108.695,33.7868
42,13,55,10,200,4,0,108,71.7989,67.7637,8,19.3649,8,19.3649,1,1,3,108.696,23.4979
42,13,55,10,200,4,0,109,80.7844,124.417,8,21.4279,8,21.4279,1,1,3,108.697,23.4987
42,13,55,10,200,4,0,110,-34.7807,-49.7284,5,33.0089,5,33.0089,1,1,2,108.503,54.2576
42,13,55,10,200,4,0,111,-0.425903,33.2252,1,23.2043,1,23.2043,1,1,2,108.504,97.5909
42,13,55,10,200,4,0,112,-60.518,-32.2956,6,25.3723,6,25.3723,1,1,2,108.505,43.8564
42,13,55,10,200,4,0,113,53.175,104.456,8,50.8427,8,50.8427,1,1,4,108.774,23.5763
42,13,55,10,200,4,0,114,-42.804,96.839,9,35.9921,9,35.9921,1,1,5,108.812,13.3257
42,13,55,10,200,4,0,115,-39.7882,40.108,9,58.2395,9,58.2395,1,1,4,108.775,13.2893
42,13,55,10,200,4,0,116,31.2862,-49.4055,5,33.3441,5,33.3441,1,1,4,108.776,54.5306
42,13,55,10,200,4,0,117,-62.5275,90.5991,9,18.1712,9,18.1712,1,1,4,108.777,13.2905
42,13,55,10,200,4,0,118,25.4064,-101.293,4,35.3658,4,35.3658,1,1,3,108.7,66.349
42,13,55,10,200,4,0,119,12.9344,6.2224,1,25.2346,1,25.2346,1,1,2,108.51,97.597
42,13,55,10,200,4,0,120,-34.8839,-11.7155,5,46.5463,5,46.5463,1,1,2,108.511,54.2653
42,13,55,10,200,4,0,121,-75.2734,-127.635,6,13.6489,6,13.6489,1,1,2,108.511,43.8628
42,13,55,10,200,4,0,122,58.0461,41.4258,8,27.4133,8,27.4133,1,1,3,108.701,23.5031
42,13,55,10,200,4,0,123,74.1858,79.69,8,19.614,8,19.614,1,1,3,108.702,23.5037
42,13,55,10,200,4,0,124,-35.4053,129.94,9,40.1864,9,40.1864,1,1,5,108.812,13.3264
42,13,55,10,200,4,0,125,12.0536,39.628,1,13.603,1,13.603,1,1,2,108.515,97.6019
42,13,55,10,200,4,0,126,-49.894,-156.745,0,30.2303,0,30.2303,1,1,1,108.339,108.312
42,13,55,10,200,4,0,127,-53.5734,-40.8241,6,31.3909,6,31.3909,1,1,2,108.515,43.8668
42,13,55,10,200,4,0,128,-4.52007,179.203,9,81.8444,9,81.8444,1,1,4,108.778,13.2918
42,13,55,10,200,4,0,129,-58.184,85.352,9,23.5995,9,23.5995,1,1,4,108.78,13.2937
42,13,55,10,200,4,0,130,48.0211,-15.9444,8,32.4411,8,32.4411,1,1,3,108.704,23.5065
42,13,55,10,200,4,0,131,-27.27,-21.3853,5,35.0177,5,35.0177,1,1,2,108.521,54.2755
42,13,55,10,200,4,0,132,57.325,0.404953,8,22.7961,8,22.7961,1,1,3,108.705,23.507
42,13,55,10,200,4,0,133,-55.3931,-14.5371,6,33.7316,6,33.7316,1,1,2,108.522,43.8733
42,13,55,10,200,4,0,134,39.5561,95.0825,7,40.6515,7,40.6515,1,1,3,108.706,33.797
42,13,55,10,200,4,0,135,85.8426,-170.656,8,21.2239,8,21.2239,1,1,4,108.78,23.5824
42,13,55,10,200,4,0,136,-48.3165,-158.861,0,32.3433,0,32.3433,1,1,1,108.35,108.323
42,13,55,10,200,4,0,137,-59.1452,-160.541,0,28.8727,0,28.8727,1,1,1,108.351,108.324
42,13,55,10,200,4,0,138,31.2821,-149.919,4,21.7179,4,21.7179,1,1,3,108.71,66.3582
42,13,55,10,200,4,0,139,49.5746,171.754,8,80.8703,8,80.8703,1,1,4,108.781,23.583
42,13,55,10,200,4,0,140,80.0108,-56.7435,8,9.08013,8,9.08013,1,1,4,108.782,23.5836
42,13,55,10,200,4,0,141,15.6908,-119.766,4,35.7323,4,35.7323,1,1,4,108.782,66.4306
42,13,55,10,200,4,0,142,-16.744,104.235,7,24.529,7,24.529,1,1,3,108.712,33.8037
42,13,55,10,200,4,0,143,9.70479,137.472,7,52.2872,7,52.2872,1,1,3,108.714,33.8057
42,13,55,10,200,4,0,144,51.719,83.0415,8,45.5574,8,45.5574,1,1,3,108.715,23.5169
42,13,55,10,200,4,0,145,21.4119,19.4802,1,10.4585,1,10.4585,1,1,2,108.528,97.615
42,13,55,10,200,4,0,146,-56.4514,168.284,9,25.6739,9,25.6739,1,1,4,108.783,13.2967
42,13,55,10,200,4,0,147,89.0475,-178.253,8,18.8043,8,18.8043,1,1,4,108.783,23.5853
42,13,55,10,200,4,0,148,-5.65565,-112.691,3,25.0797,3,25.0797,1,1,2,108.53,76.5949
42,13,55,10,200,4,0,149,-6.39499,-112.199,3,24.2703,3,24.2703,1,1,2,108.53,76.5955
42,13,55,10,200,4,0,150,81.1956,-21.1047,8,2.96768,8,2.96768,1,1,4,108.784,23.5859
42,13,55,10,200,4,0,151,-51.4274,-114.242,0,5.36073,0,5.36073,1,1,1,108.361,108.334
42,13,55,10,200,4,0,152,0.0168991,-41.1452,5,5.56214,5,5.56214,1,1,4,108.784,54.5391
42,13,55,10,200,4,0,153,-47.3913,-117.402,0,9.81929,0,9.81929,1,1,1,108.363,108.335
42,13,55,10,200,4,0,154,-5.53203,-175.633,4,67.0571,4,67.0571,1,1,4,108.785,66.4336
42,13,55,10,200,4,0,155,-62.8241,-31.0425,6,23.1698,6,23.1698,1,1,2,108.533,43.8841
42,13,55,10,200,4,0,156,-26.1885,85.7334,7,26.014,7,26.014,1,1,3,108.719,33.8107
42,13,55,10,200,4,0,157,14.5956,94.135,7,16.8565,7,16.8565,1,1,3,108.72,33.8114
42,13,55,10,200,4,0,158,4.98413,-131.399,3,42.0376,3,42.0376,1,1,3,108.721,76.7858
42,13,55,10,200,4,0,159,25.8034,-66.5937,5,34.0731,5,34.0731,1,1,5,108.813,54.5678
42,13,55,10,200,4,0,160,65.8211,-85.5694,2,22.1078,2,22.1078,1,1,3,108.722,87.5432
42,13,55,10,200,4,0,161,66.4433,-161.261,2,11.2993,2,11.2993,1,1,2,108.536,87.3576
42,13,55,10,200,4,0,162,-48.6428,130.981,9,26.9871,9,26.9871,1,1,5,108.814,13.3279
42,13,55,10,200,4,0,163,-79.7567,71.403,9,12.436,9,12.436,1,1,3,108.723,13.2374
42,13,55,10,200,4,0,164,-80.855,7.69652,6,10.7493,6,10.7493,1,1,2,108.538,43.8892
42,13,55,10,200,4,0,165,69.602,-179.319,2,18.6238,2,18.6238,1,1,2,108.538,87.3597
42,13,55,10,200,4,0,166,83.2959,-143.651,8,20.4338,8,20.4338,1,1,4,108.787,23.5889
42,13,55,10,200,4,0,167,-56.7803,-13.3744,6,32.4699,6,32.4699,1,1,2,108.539,43.8909
42,13,55,10,200,4,0,168,-2.39803,-28.3432,5,18.0074,5,18.0074,1,1,3,108.725,54.4792
42,13,55,10,200,4,0,169,24.6118,164.14,7,80.3396,7,80.3396,1,1,3,108.725,33.8168
42,13,55,10,200,4,0,170,-11.9883,103.575,7,21.1368,7,21.1368,1,1,3,108.726,33.8174
42,13,55,10,200,4,0,171,-23.4513,103.646,7,29.0148,7,29.0148,1,1,3,108.726,33.818
42,13,55,10,200,4,0,172,4.6544,162.289,7,76.4344,7,76.4344,1,1,3,108.727,33.8186
42,13,55,10,200,4,0,173,8.89069,-160.723,4,46.6613,4,46.6613,1,1,3,108.728,66.3762
42,13,55,10,200,4,0,174,-74.5554,-110.612,6,11.9444,6,11.9444,1,1,2,108.546,43.8979
42,13,55,10,200,4,0,175,-23.6583,162.531,9,57.0053,9,57.0053,1,1,4,108.788,13.3015
42,13,55,10,200,4,0,176,-8.09063,-94.4301,3,25.699,3,25.699,1,1,2,108.548,76.613
42,13,55,10,200,4,0,177,-89.3646,66.5331,6,10.5387,6,10.5387,1,1,2,108.548,43.8997
42,13,55,10,200,4,0,178,-71.7243,-158.243,6,22.6413,6,22.6413,1,1,2,108.549,43.9002
42,13,55,10,200,4,0,179,-21.032,-125.159,3,18.0153,3,18.0153,1,1,2,108.549,76.6146
42,13,55,10,200,4,0,180,14.7269,-82.86,5,39.9156,5,39.9156,1,1,4,108.788,54.5427
42,13,55,10,200,4,0,181,-62.2387,16.0457,6,32.6669,6,32.6669,1,1,2,108.551,43.9019
42,13,55,10,200,4,0,182,-23.2554,-58.0379,5,24.1835,5,24.1835,1,1,3,108.731,54.4859
42,13,55,10,200,4,0,183,-88.6644,128.693,9,13.1378,9,13.1378,1,1,3,108.732,13.2458
42,13,55,10,200,4,0,184,46.8095,51.8949,1,29.7974,1,29.7974,1,1,2,108.552,97.6396
42,13,55,10,200,4,0,185,56.4165,-110.358,2,14.5709,2,14.5709,1,1,2,108.553,87.3745
42,13,55,10,200,4,0,186,-12.2648,-114.07,3,18.9295,3,18.9295,1,1,2,108.554,76.6189
42,13,55,10,200,4,0,187,86.6444,164.779,8,20.6529,8,20.6529,1,1,4,108.79,23.5917
42,13,55,10,200,4,0,188,-65.8905,11.0701,6,27.3328,6,27.3328,1,1,2,108.555,43.9064
42,13,55,10,200,4,0,189,-87.9719,-100.892,6,5.28923,6,5.28923,1,1,2,108.556,43.9069
42,13,55,10,200,4,0,190,40.2291,-43.2604,5,42.2578,5,42.2578,1,1,4,108.79,54.5449
42,13,55,10,200,4,0,191,-59.1802,-115.723,0,5.87365,0,5.87365,1,1,1,108.397,108.37
42,13,55,10,200,4,0,192,21.1548,-117.09,4,31.3995,4,31.3995,1,1,3,108.734,66.3822
42,13,55,10,200,4,0,193,65.405,78.8609,8,28.7015,8,28.7015,1,1,3,108.734,23.5363
42,13,55,10,200,4,0,194,-47.6661,-91.2539,0,12.7634,0,12.7634,1,1,1,108.399,108.372
42,13,55,10,200,4,0,195,66.8511,114.122,8,36.2113,8,36.2113,1,1,4,108.791,23.593
42,13,55,10,200,4,0,196,2.94306,-170.775,4,56.8968,4,56.8968,1,1,3,108.736,66.3843
42,13,55,10,200,4,0,197,-24.9164,139.375,9,51.3268,9,51.3268,1,1,4,108.792,13.3055
42,13,55,10,200,4,0,198,-24.4065,-47.1614,5,22.4929,5,22.4929,1,1,3,108.738,54.4929
42,13,55,10,200,4,0,199,44.0342,-135.194,4,5.34742,4,5.34742,1,1,3,108.739,66.3875
42,14,56,10,200,4,0,0,-0.986343,174.423,6,87.2973,6,87.2973,1,1,5,110.798,44.4698
42,14,56,10,200,4,0,1,-36.8786,-103.093,7,35.3169,7,35.3169,1,1,3,110.418,31.5093
42,14,56,10,200,4,0,2,53.2691,-83.5496,8,31.3324,8,31.3324,1,1,5,110.8,21.5297
42,14,56,10,200,4,0,3,-60.4718,-45.0428,2,22.5171,2,22.5171,1,1,2,110.281,88.5425
42,14,56,10,200,4,0,4,17.1387,-8.77826,3,18.4657,3,18.4657,1,1,3,110.42,78.4421
42,14,56,10,200,4,0,5,-16.3414,53.0051,4,38.6238,4,38.6238,1,1,4,110.527,66.1882
42,14,56,10,200,4,0,6,15.8186,121.534,4,43.4134,4,43.4134,1,1,4,110.528,66.1887
42,14,56,10,200,4,0,7,-80.4925,133.107,0,44.7053,0,44.7053,1,1,1,110.083,110.056
42,14,56,10,200,4,0,8,-57.6263,88.4366,4,72.6912,4,72.6912,1,1,2,110.283,65.9442
42,14,56,10,200,4,0,9,-24.6805,93.2076,4,42.2742,4,42.2742,1,1,4,110.528,66.1893
42,14,56,10,200,4,0,10,-7.4748,-50.5179,1,17.1456,1,17.1456,1,1,2,110.285,99.2183
42,14,56,10,200,4,0,11,52.4279,-36.8111,9,25.5199,9,25.5199,1,1,4,110.529,10.8687
42,14,56,10,200,4,0,12,-50.4586,-78.9374,2,19.2826,2,19.2826,1,1,2,110.286,88.5476
42,14,56,10,200,4,0,13,17.4761,123.725,4,45.4356,4,45.4356,1,1,4,110.529,66.1905
42,14,56,10,200,4,0,14,5.66034,-46.1136,1,22.1489,1,22.1489,1,1,2,110.287,99.2209
42,14,56,10,200,4,0,15,-26.4269,-170.652,0,57.2681,0,57.2681,1,1,1,110.09,110.063
42,14,56,10,200,4,0,16,-25.8455,53.3891,4,46.2592,4,46.2592,1,1,4,110.531,66.1923
42,14,56,10,200,4,0,17,-46.8724,-125.153,0,34.3617,0,34.3617,1,1,1,110.092,110.065
42,14,56,10,200,4,0,18,74.9198,-34.6883,5,23.2774,5,23.2774,1,1,4,110.532,55.2639
42,14,56,10,200,4,0,19,4.9022,4.11696,3,30.4456,3,30.4456,1,1,3,110.424,78.4469
42,14,56,10,200,4,0,20,68.2667,157.121,6,13.2886,6,13.2886,1,1,6,110.841,44.5128
42,14,56,10,200,4,0,21,-61.439,-11.8294,2,36.2566,2,36.2566,1,1,2,110.29,88.552
42,14,56,10,200,4,0,22,49.3276,-103.863,8,29.3332,8,29.3332,1,1,5,110.801,21.5312
42,14,56,10,200,4,0,23,-29.3611,163.403,4,96.4465,4,96.4465,1,1,3,110.426,66.0871
42,14,56,10,200,4,0,24,82.2868,71.9167,6,9.88226,6,9.88226,1,1,5,110.802,44.4733
42,14,56,10,200,4,0,25,38.3051,-30.3759,3,22.7176,3,22.7176,1,1,3,110.427,78.4499
42,14,56,10,200,4,0,26,-79.3006,1.46603,0,24.6061,0,24.6061,1,1,1,110.099,110.073
42,14,56,10,200,4,0,27,56.4065,-79.5184,8,34.9898,8,34.9898,1,1,5,110.803,21.5327
42,14,56,10,200,4,0,28,51.2643,-32.2347,9,22.8152,9,22.8152,1,1,4,110.535,10.8743
42,14,56,10,200,4,0,29,-67.8967,-66.1507,0,23.6392,0,23.6392,1,1,1,110.102,110.075
42,14,56,10,200,4,0,30,50.8258,-8.64713,9,7.8521,9,7.8521,1,1,4,110.535,10.8749
42,14,56,10,200,4,0,31,-28.4013,-130.039,7,33.8437,7,33.8437,1,1,2,110.297,31.3882
42,14,56,10,200,4,0,32,-67.629,29.4526,0,48.0122,0,48.0122,1,1,1,110.104,110.078
42,14,56,10,200,4,0,33,-37.5961,-165.419,0,45.0366,0,45.0366,1,1,1,110.105,110.078
42,14,56,10,200,4,0,34,87.3821,114.612,5,8.15101,5,8.15101,1,1,5,110.803,55.5354
42,14,56,10,200,4,0,35,9.34921,131.298,4,53.7523,4,53.7523,1,1,4,110.536,66.1972
42,14,56,10,200,4,0,36,45.8669,75.8205,4,31.6443,4,31.6443,1,1,4,110.537,66.1977
42,14,56,10,200,4,0,37,-30.2659,10.3889,1,44.7768,1,44.7768,1,1,2,110.299,99.2333
42,14,56,10,200,4,0,38,75.9788,60.746,6,15.1924,6,15.1924,1,1,5,110.804,44.4756
42,14,56,10,200,4,0,39,-3.10423,136.531,4,62.1036,4,62.1036,1,1,4,110.538,66.1988
42,14,56,10,200,4,0,40,-23.6687,-109.598,7,21.8126,7,21.8126,1,1,3,110.433,31.5237
42,14,56,10,200,4,0,41,-36.9223,-25.9386,2,24.3899,2,24.3899,1,1,3,110.433,88.6951
42,14,56,10,200,4,0,42,35.9339,-141.032,8,46.8259,8,46.8259,1,1,6,110.842,21.572
42,14,56,10,200,4,0,43,37.2715,-5.6035,3,3.60451,3,3.60451,1,1,3,110.437,78.4598
42,14,56,10,200,4,0,44,3.36685,118.75,4,43.0338,4,43.0338,1,1,4,110.539,66.1998
42,14,56,10,200,4,0,45,54.1229,-71.6146,8,34.8449,8,34.8449,1,1,5,110.808,21.5384
42,14,56,10,200,4,0,46,-34.9487,-128.557,7,38.2638,7,38.2638,1,1,2,110.305,31.3965
42,14,56,10,200,4,0,47,-10.827,-25.1555,1,8.88918,1,8.88918,1,1,2,110.306,99.2399
42,14,56,10,200,4,0,48,40.4479,83.1539,4,26.8538,4,26.8538,1,1,4,110.54,66.2009
42,14,56,10,200,4,0,49,-5.28703,75.6599,4,19.5402,4,19.5402,1,1,4,110.54,66.2014
42,14,56,10,200,4,0,50,8.88309,-171.876,7,64.4289,7,64.4289,1,1,3,110.441,31.5317
42,14,56,10,200,4,0,51,13.4788,-70.5001,8,20.3337,8,20.3337,1,1,4,110.541,21.2709
42,14,56,10,200,4,0,52,41.9724,146.426,6,38.0096,6,38.0096,1,1,5,110.809,44.4805
42,14,56,10,200,4,0,53,59.9444,55.9025,9,32.0816,9,32.0816,1,1,5,110.81,11.1496
42,14,56,10,200,4,0,54,13.5859,-66.3196,8,23.9329,8,23.9329,1,1,3,110.443,21.173
42,14,56,10,200,4,0,55,6.21688,159.834,6,76.1713,6,76.1713,1,1,5,110.81,44.4818
42,14,56,10,200,4,0,56,2.0411,118.589,4,43.3038,4,43.3038,1,1,4,110.544,66.2052
42,14,56,10,200,4,0,57,-23.0521,-104.05,7,21.5469,7,21.5469,1,1,3,110.445,31.5357
42,14,56,10,200,4,0,58,78.7788,-151.561,5,10.7818,5,10.7818,1,1,4,110.545,55.2768
42,14,56,10,200,4,0,59,35.1733,-15.7087,3,10.8635,3,10.8635,1,1,3,110.446,78.4686
42,14,56,10,200,4,0,60,73.5942,-1.40761,9,24.2367,9,24.2367,1,1,5,110.811,11.1509
42,14,56,10,200,4,0,61,46.3383,-102.709,8,26.2963,8,26.2963,1,1,6,110.843,21.5726
42,14,56,10,200,4,0,62,25.0178,-108.977,8,17.8225,8,17.8225,1,1,6,110.843,21.5732
42,14,56,10,200,4,0,63,26.0677,-49.0687,8,37.2892,8,37.2892,1,1,4,110.547,21.277
42,14,56,10,200,4,0,64,77.0883,-138.439,5,12.824,5,12.824,1,1,4,110.547,55.2795
42,14,56,10,200,4,0,65,-76.7044,-8.0573,0,26.1366,0,26.1366,1,1,1,110.13,110.103
42,14,56,10,200,4,0,66,-65.1571,53.5488,0,58.8712,0,58.8712,1,1,1,110.131,110.104
42,14,56,10,200,4,0,67,50.7213,133.631,6,28.3994,6,28.3994,1,1,5,110.813,44.4842
42,14,56,10,200,4,0,68,9.98727,41.3315,4,34.7572,4,34.7572,1,1,4,110.549,66.2096
42,14,56,10,200,4,0,69,4.76654,-132.854,7,25.4954,7,25.4954,1,1,3,110.45,31.5415
42,14,56,10,200,4,0,70,77.5059,-158.033,5,11.9734,5,11.9734,1,1,4,110.549,55.2812
42,14,56,10,200,4,0,71,-76.5097,-20.9059,0,23.872,0,23.872,1,1,1,110.134,110.107
42,14,56,10,200,4,0,72,70.278,-19.1236,9,23.6884,9,23.6884,1,1,5,110.813,11.1532
42,14,56,10,200,4,0,73,27.5221,118.114,4,40.9904,4,40.9904,1,1,4,110.55,66.2112
42,14,56,10,200,4,0,74,4.65754,-54.6093,1,27.0358,1,27.0358,1,1,2,110.323,99.2564
42,14,56,10,200,4,0,75,-38.7976,-23.4965,2,25.8637,2,25.8637,1,1,3,110.453,88.7147
42,14,56,10,200,4,0,76,61.9915,-164.919,5,27.4431,5,27.4431,1,1,4,110.551,55.283
42,14,56,10,200,4,0,77,26.8972,-5.98138,3,8.376,3,8.376,1,1,3,110.454,78.477
42,14,56,10,200,4,0,78,-46.948,-74.0701,2,14.7737,2,14.7737,1,1,2,110.325,88.5868
42,14,56,10,200,4,0,79,62.4749,-119.719,5,29.4202,5,29.4202,1,1,4,110.551,55.2835
42,14,56,10,200,4,0,80,-16.2543,151.541,4,80.8805,4,80.8805,1,1,4,110.552,66.2131
42,14,56,10,200,4,0,81,26.1116,17.1771,3,18.9997,3,18.9997,1,1,3,110.456,78.4788
42,14,56,10,200,4,0,82,12.5449,-26.3341,1,26.5639,1,26.5639,1,1,2,110.327,99.2612
42,14,56,10,200,4,0,83,-14.5962,-134.936,7,29.3163,7,29.3163,1,1,2,110.328,31.419
42,14,56,10,200,4,0,84,-82.5013,160.341,0,44.0154,0,44.0154,1,1,1,110.144,110.117
42,14,56,10,200,4,0,85,-43.8947,170.009,4,107.376,4,107.376,1,1,2,110.329,65.9895
42,14,56,10,200,4,0,86,-88.8462,-60.8087,0,10.9332,0,10.9332,1,1,1,110.145,110.118
42,14,56,10,200,4,0,87,-15.4483,142.864,4,72.5903,4,72.5903,1,1,4,110.553,66.2137
42,14,56,10,200,4,0,88,50.0338,-155.852,5,39.6251,5,39.6251,1,1,4,110.553,55.2852
42,14,56,10,200,4,0,89,40.4886,-70.6172,8,24.4233,8,24.4233,1,1,4,110.554,21.2837
42,14,56,10,200,4,0,90,-15.2309,-176.618,7,68.9212,7,68.9212,1,1,2,110.331,31.4219
42,14,56,10,200,4,0,91,42.9431,-86.4787,8,20.8043,8,20.8043,1,1,6,110.844,21.5737
42,14,56,10,200,4,0,92,-80.7683,-40.3193,0,16.0384,0,16.0384,1,1,1,110.15,110.123
42,14,56,10,200,4,0,93,43.77,-75.4325,8,24.5749,8,24.5749,1,1,5,110.815,21.5446
42,14,56,10,200,4,0,94,32.8053,32.4898,9,27.5122,9,27.5122,1,1,4,110.555,10.8952
42,14,56,10,200,4,0,95,-7.57599,-146.898,7,38.9458,7,38.9458,1,1,2,110.333,31.4242
42,14,56,10,200,4,0,96,2.01546,-142.929,7,34.9119,7,34.9119,1,1,2,110.334,31.4247
42,14,56,10,200,4,0,97,25.1395,-150.879,7,49.7548,7,49.7548,1,1,3,110.461,31.5522
42,14,56,10,200,4,0,98,5.3686,-158.913,7,51.1718,7,51.1718,1,1,3,110.462,31.5527
42,14,56,10,200,4,0,99,-52.9074,25.7346,2,58.8378,2,58.8378,1,1,3,110.462,88.7242
42,14,56,10,200,4,0,100,-89.2863,-13.6041,0,14.0448,0,14.0448,1,1,1,110.155,110.128
42,14,56,10,200,4,0,101,7.87196,-176.265,7,68.6346,7,68.6346,1,1,3,110.463,31.554
42,14,56,10,200,4,0,102,52.7936,164.847,6,29.9506,6,29.9506,1,1,5,110.815,44.4867
42,14,56,10,200,4,0,103,73.2993,25.6549,6,25.4841,6,25.4841,1,1,5,110.816,44.4874
42,14,56,10,200,4,0,104,-85.5026,47.5758,0,23.1025,0,23.1025,1,1,1,110.158,110.131
42,14,56,10,200,4,0,105,67.5188,-21.467,9,22.2494,9,22.2494,1,1,4,110.557,10.8968
42,14,56,10,200,4,0,106,25.4789,40.9239,4,35.403,4,35.403,1,1,4,110.558,66.2186
42,14,56,10,200,4,0,107,36.0272,69.4211,4,22.749,4,22.749,1,1,4,110.558,66.2191
42,14,56,10,200,4,0,108,-89.6977,-20.4058,0,13.5254,0,13.5254,1,1,1,110.161,110.134
42,14,56,10,200,4,0,109,86.9943,66.2151,5,7.72663,5,7.72663,1,1,4,110.559,55.2907
42,14,56,10,200,4,0,110,-83.958,-21.1634,0,16.2167,0,16.2167,1,1,1,110.163,110.136
42,14,56,10,200,4,0,111,49.6585,16.1149,9,8.23565,9,8.23565,1,1,4,110.559,10.8991
42,14,56,10,200,4,0,112,7.95396,-30.4041,1,21.1513,1,21.1513,1,1,2,110.341,99.2745
42,14,56,10,200,4,0,113,22.6179,-153.355,7,50.7028,7,50.7028,1,1,3,110.469,31.5599
42,14,56,10,200,4,0,114,-4.65873,119.421,4,46.6528,4,46.6528,1,1,4,110.56,66.2209
42,14,56,10,200,4,0,115,26.1899,-7.89005,3,9.71865,3,9.71865,1,1,3,110.47,78.4927
42,14,56,10,200,4,0,116,-37.0916,-111.876,7,35.3619,7,35.3619,1,1,3,110.471,31.5618
42,14,56,10,200,4,0,117,-2.07751,-148.596,7,40.3355,7,40.3355,1,1,2,110.345,31.4358
42,14,56,10,200,4,0,118,-63.5145,-37.5564,2,27.0561,2,27.0561,1,1,2,110.345,88.6072
42,14,56,10,200,4,0,119,28.5294,-118.034,8,26.2955,8,26.2955,1,1,6,110.844,21.5743
42,14,56,10,200,4,0,120,-84.9903,12.0965,0,19.469,0,19.469,1,1,1,110.17,110.143
42,14,56,10,200,4,0,121,20.2494,60.977,4,16.1017,4,16.1017,1,1,4,110.561,66.222
42,14,56,10,200,4,0,122,-63.4898,-67.4469,2,25.1221,2,25.1221,1,1,2,110.347,88.6089
42,14,56,10,200,4,0,123,-24.8009,-126.375,7,28.9149,7,28.9149,1,1,2,110.348,31.4388
42,14,56,10,200,4,0,124,46.0737,-55.6132,8,36.8918,8,36.8918,1,1,4,110.562,21.2915
42,14,56,10,200,4,0,125,59.92,104.231,6,21.1109,6,21.1109,1,1,5,110.817,44.4886
42,14,56,10,200,4,0,126,51.6117,39.157,9,22.8129,9,22.8129,1,1,4,110.563,10.9025
42,14,56,10,200,4,0,127,-29.8269,-60.8687,2,10.0193,2,10.0193,1,1,3,110.475,88.7364
42,14,56,10,200,4,0,128,-85.6236,165.582,0,36.8429,0,36.8429,1,1,1,110.179,110.153
42,14,56,10,200,4,0,129,-17.1118,-0.56459,1,32.5609,1,32.5609,1,1,2,110.351,99.2846
42,14,56,10,200,4,0,130,52.5015,-161.844,5,36.9811,5,36.9811,1,1,3,110.475,55.2072
42,14,56,10,200,4,0,131,85.7727,-149.18,5,3.73638,5,3.73638,1,1,4,110.752,55.4838
42,14,56,10,200,4,0,132,-46.8601,-12.6097,2,33.1573,2,33.1573,1,1,3,110.476,88.7382
42,14,56,10,200,4,0,133,-58.8881,-40.7492,2,22.258,2,22.258,1,1,2,110.353,88.6153
42,14,56,10,200,4,0,134,64.9169,119.283,6,14.5073,6,14.5073,1,1,5,110.818,44.4894
42,14,56,10,200,4,0,135,10.6083,139.853,4,61.8658,4,61.8658,1,1,4,110.755,66.4158
42,14,56,10,200,4,0,136,-24.3104,-118.285,7,24.4572,7,24.4572,1,1,3,110.478,31.5693
42,14,56,10,200,4,0,137,10.4151,4.39957,3,25.1098,3,25.1098,1,1,3,110.479,78.5015
42,14,56,10,200,4,0,138,-2.86576,151.228,4,76.1908,4,76.1908,1,1,4,110.756,66.4165
42,14,56,10,200,4,0,139,29.0122,-93.5842,8,7.53423,8,7.53423,1,1,5,110.819,21.5485
42,14,56,10,200,4,0,140,-42.1924,-2.1355,1,40.6975,1,40.6975,1,1,2,110.358,99.2913
42,14,56,10,200,4,0,141,-84.6764,-161.161,0,4.89185,0,4.89185,1,1,1,110.188,110.161
42,14,56,10,200,4,0,142,-71.4893,-49.0066,0,23.6565,0,23.6565,1,1,1,110.189,110.162
42,14,56,10,200,4,0,143,-21.015,-134.226,7,31.8481,7,31.8481,1,1,2,110.358,31.4491
42,14,56,10,200,4,0,144,-31.7123,103.746,4,53.1966,4,53.1966,1,1,4,110.758,66.4193
42,14,56,10,200,4,0,145,22.6049,-138.422,7,38.497,7,38.497,1,1,4,110.759,31.85
42,14,56,10,200,4,0,146,60.9513,36.7551,9,22.218,9,22.218,1,1,5,110.819,11.159
42,14,56,10,200,4,0,147,-53.8009,-151.818,0,27.2501,0,27.2501,1,1,1,110.192,110.165
42,14,56,10,200,4,0,148,-77.9273,-45.3781,0,17.7287,0,17.7287,1,1,1,110.192,110.165
42,14,56,10,200,4,0,149,-6.28339,153.979,4,79.8592,4,79.8592,1,1,4,110.76,66.4211
42,14,56,10,200,4,0,150,-53.0477,-171.35,0,30.2851,0,30.2851,1,1,1,110.194,110.167
42,14,56,10,200,4,0,151,56.9163,25.2838,9,15.0689,9,15.0689,1,1,4,110.761,11.1007
42,14,56,10,200,4,0,152,-54.8174,-45.3372,2,17.3997,2,17.3997,1,1,3,110.484,88.7457
42,14,56,10,200,4,0,153,-75.1583,64.6337,0,43.1665,0,43.1665,1,1,1,110.196,110.169
42,14,56,10,200,4,0,154,-37.0544,87.7079,4,52.4248,4,52.4248,1,1,3,110.485,66.1455
42,14,56,10,200,4,0,155,75.5247,21.5064,6,24.0325,6,24.0325,1,1,5,110.82,44.4913
42,14,56,10,200,4,0,156,-47.2138,161.697,4,102.133,4,102.133,1,1,2,110.364,66.0247
42,14,56,10,200,4,0,157,20.1725,-57.4062,8,30.2143,8,30.2143,1,1,3,110.486,21.2156
42,14,56,10,200,4,0,158,-33.655,178.315,4,111.093,4,111.093,1,1,2,110.366,66.0272
42,14,56,10,200,4,0,159,-5.81592,49.2654,4,33.8489,4,33.8489,1,1,4,110.762,66.4231
42,14,56,10,200,4,0,160,51.0307,-146.422,5,39.1012,5,39.1012,1,1,4,110.763,55.4948
42,14,56,10,200,4,0,161,45.4219,43.9639,9,27.7161,9,27.7161,1,1,4,110.763,11.1033
42,14,56,10,200,4,0,162,35.1665,163.242,6,47.5503,6,47.5503,1,1,5,110.82,44.4919
42,14,56,10,200,4,0,163,36.0732,94.4785,4,27.1775,4,27.1775,1,1,4,110.765,66.4256
42,14,56,10,200,4,0,164,-31.0681,-120.42,7,31.4241,7,31.4241,1,1,2,110.371,31.4623
42,14,56,10,200,4,0,165,34.2289,11.7685,3,11.747,3,11.747,1,1,3,110.49,78.5127
42,14,56,10,200,4,0,166,-55.8853,2.29033,2,43.181,2,43.181,1,1,3,110.491,88.7525
42,14,56,10,200,4,0,167,-71.4738,-41.4055,0,25.3723,0,25.3723,1,1,1,110.209,110.182
42,14,56,10,200,4,0,168,68.4766,-113.264,5,23.4562,5,23.4562,1,1,4,110.765,55.4972
42,14,56,10,200,4,0,169,-78.3859,-117.156,0,4.66212,0,4.66212,1,1,1,110.21,110.183
42,14,56,10,200,4,0,170,77.2218,174.278,6,9.36192,6,9.36192,1,1,6,110.845,44.5164
42,14,56,10,200,4,0,171,42.1754,-119.984,8,32.3787,8,32.3787,1,1,6,110.845,21.5755
42,14,56,10,200,4,0,172,77.9871,-55.3041,5,16.8649,5,16.8649,1,1,4,110.767,55.4991
42,14,56,10,200,4,0,173,1.30489,-91.3358,7,17.2012,7,17.2012,1,1,4,110.768,31.8587
42,14,56,10,200,4,0,174,-28.4946,170.978,4,102.921,4,102.921,1,1,3,110.494,66.1553
42,14,56,10,200,4,0,175,68.9648,-134.928,5,21.3952,5,21.3952,1,1,4,110.768,55.5002
42,14,56,10,200,4,0,176,-77.7221,48.7734,0,35.4821,0,35.4821,1,1,1,110.214,110.188
42,14,56,10,200,4,0,177,44.518,94.8889,4,34.2197,4,34.2197,1,1,4,110.769,66.4298
42,14,56,10,200,4,0,178,16.0077,-18.8176,3,23.8344,3,23.8344,1,1,3,110.496,78.519
42,14,56,10,200,4,0,179,4.68369,149.879,4,72.8976,4,72.8976,1,1,4,110.77,66.4313
42,14,56,10,200,4,0,180,20.381,-102.175,8,11.741,8,11.741,1,1,5,110.822,21.5521
42,14,56,10,200,4,0,181,-9.17611,108.991,4,39.9263,4,39.9263,1,1,4,110.772,66.4326
42,14,56,10,200,4,0,182,40.0577,18.7001,9,14.3606,9,14.3606,1,1,4,110.772,11.112
42,14,56,10,200,4,0,183,-56.2071,37.0686,2,65.3558,2,65.3558,1,1,2,110.381,88.6428
42,14,56,10,200,4,0,184,42.7179,-89.186,8,20.4022,8,20.4022,1,1,6,110.846,21.576
42,14,56,10,200,4,0,185,49.9565,59.8793,9,36.5111,9,36.5111,1,1,5,110.823,11.1632
42,14,56,10,200,4,0,186,-47.4542,4.26376,2,45.136,2,45.136,1,1,3,110.501,88.7627
42,14,56,10,200,4,0,187,59.9476,-118.934,5,32.2349,5,32.2349,1,1,4,110.774,55.5058
42,14,56,10,200,4,0,188,64.4798,-57.495,5,35.3357,5,35.3357,1,1,4,110.774,55.5064
42,14,56,10,200,4,0,189,-15.135,-108.03,7,13.24,7,13.24,1,1,3,110.503,31.5937
42,14,56,10,200,4,0,190,-33.2585,-72.3403,2,13.9058,2,13.9058,1,1,3,110.503,88.765
42,14,56,10,200,4,0,191,-31.4787,-41.9612,2,14.3791,2,14.3791,1,1,3,110.504,88.7656
42,14,56,10,200,4,0,192,78.2166,-153.921,5,11.3122,5,11.3122,1,1,4,110.775,55.507
42,14,56,10,200,4,0,193,-63.5361,8.44849,2,47.3858,2,47.3858,1,1,2,110.387,88.6487
42,14,56,10,200,4,0,194,3.63051,62.2951,4,17.6758,4,17.6758,1,1,4,110.776,66.4366
42,14,56,10,200,4,0,195,-10.8361,-131.977,7,25.2308,7,25.2308,1,1,2,110.389,31.4798
42,14,56,10,200,4,0,196,70.0601,139.976,6,9.4228,6,9.4228,1,1,6,110.847,44.5181
42,14,56,10,200,4,0,197,78.5071,40.2357,6,17.385,6,17.385,1,1,5,110.825,44.496
42,14,56,10,200,4,0,198,-10.6622,-135.4,7,28.3877,7,28.3877,1,1,2,110.393,31.4836
42,14,56,10,200,4,0,199,-51.3479,-115.889,0,30.8343,0,30.8343,1,1,1,110.234,110.207
42,15,57,10,200,4,0,0,-77.9966,-76.2527,3,34.2572,3,34.2572,1,1,3,113.041,76.2239
42,15,57,10,200,4,0,1,-89.4926,-149.391,3,24.645,3,24.645,1,1,3,113.041,76.2247
42,15,57,10,200,4,0,2,-85.586,-88.9676,3,24.5447,3,24.5447,1,1,3,113.042,76.2252
42,15,57,10,200,4,0,3,-22.5451,24.7703,2,61.7229,2,61.7229,1,1,2,112.861,86.4561
42,15,57,10,200,4,0,4,34.9497,-75.135,1,19.473,1,19.473,1,1,2,112.861,96.8359
42,15,57,10,200,4,0,5,4.14062,37.9136,2,37.8429,2,37.8429,1,1,2,112.862,86.4572
42,15,57,10,200,4,0,6,57.2063,-88.8247,1,16.9725,1,16.9725,1,1,2,112.862,96.837
42,15,57,10,200,4,0,7,59.7099,12.6802,8,5.7019,8,5.7019,1,1,2,112.863,21.4194
42,15,57,10,200,4,0,8,56.7948,139.039,7,39.2995,7,39.2995,1,1,2,112.863,32.8562
42,15,57,10,200,4,0,9,-31.4443,-108.276,9,26.9041,9,26.9041,1,1,5,113.441,11.2023
42,15,57,10,200,4,0,10,-56.839,120.22,3,24.0565,3,24.0565,1,1,3,113.043,76.2262
42,15,57,10,200,4,0,11,-19.3185,9.05484,2,59.9155,2,59.9155,1,1,2,112.865,86.4609
42,15,57,10,200,4,0,12,44.7527,-45.7073,8,34.3651,8,34.3651,1,1,3,113.043,21.6002
42,15,57,10,200,4,0,13,-56.8389,20.7878,3,38.5204,3,38.5204,1,1,3,113.044,76.2273
42,15,57,10,200,4,0,14,69.7512,54.7495,0,14.6889,0,14.6889,1,1,1,112.656,112.63
42,15,57,10,200,4,0,15,41.9858,163.509,7,64.1295,7,64.1295,1,1,3,113.045,33.0374
42,15,57,10,200,4,0,16,79.2484,84.9863,7,7.99743,7,7.99743,1,1,2,112.868,32.8606
42,15,57,10,200,4,0,17,-82.9407,167.325,3,9.62652,3,9.62652,1,1,3,113.045,76.2283
42,15,57,10,200,4,0,18,88.0094,-30.9716,7,4.52515,7,4.52515,1,1,2,112.869,32.8619
42,15,57,10,200,4,0,19,6.0475,65.9181,2,52.0384,2,52.0384,1,1,2,112.87,86.4652
42,15,57,10,200,4,0,20,36.9467,-159.624,1,47.5878,1,47.5878,1,1,2,112.87,96.8449
42,15,57,10,200,4,0,21,-38.0842,8.30588,3,64.8419,3,64.8419,1,1,3,113.046,76.2289
42,15,57,10,200,4,0,22,-34.2242,-136.749,9,34.0516,9,34.0516,1,1,5,113.442,11.2035
42,15,57,10,200,4,0,23,-79.507,-134.859,3,42.1805,3,42.1805,1,1,3,113.047,76.2299
42,15,57,10,200,4,0,24,-88.8545,-41.9026,3,16.4376,3,16.4376,1,1,3,113.047,76.2305
42,15,57,10,200,4,0,25,-31.5676,-111.387,9,26.2893,9,26.2893,1,1,5,113.443,11.2041
42,15,57,10,200,4,0,26,-50.8415,78.2278,3,31.2934,3,31.2934,1,1,3,113.049,76.2318
42,15,57,10,200,4,0,27,38.8339,167.822,7,69.632,7,69.632,1,1,3,113.049,33.0419
42,15,57,10,200,4,0,28,-73.7397,143.99,3,11.0099,3,11.0099,1,1,3,113.05,76.2328
42,15,57,10,200,4,0,29,4.3051,172.023,6,39.7363,6,39.7363,1,1,4,113.324,44.8554
42,15,57,10,200,4,0,30,9.36972,-87.4182,5,24.1385,5,24.1385,1,1,3,113.051,55.0108
42,15,57,10,200,4,0,31,77.7659,-2.76385,0,4.81052,0,4.81052,1,1,1,112.667,112.642
42,15,57,10,200,4,0,32,88.784,169.65,7,5.20366,7,5.20366,1,1,2,112.876,32.8692
42,15,57,10,200,4,0,33,-7.71957,173.587,6,31.1523,6,31.1523,1,1,4,113.324,44.8559
42,15,57,10,200,4,0,34,-20.6606,176.656,6,26.1228,6,26.1228,1,1,4,113.325,44.8564
42,15,57,10,200,4,0,35,29.7525,-147.428,1,41.4715,1,41.4715,1,1,2,112.878,96.8527
42,15,57,10,200,4,0,36,-81.4839,163.337,3,9.46906,3,9.46906,1,1,3,113.052,76.2355
42,15,57,10,200,4,0,37,20.439,-51.4164,1,45.5155,1,45.5155,1,1,2,112.879,96.8542
42,15,57,10,200,4,0,38,-76.706,61.8641,3,9.2089,3,9.2089,1,1,3,113.053,76.236
42,15,57,10,200,4,0,39,-3.13757,-151.121,9,34.3032,9,34.3032,1,1,4,113.325,11.0866
42,15,57,10,200,4,0,40,-80.0193,110.59,3,1.07203,3,1.07203,1,1,3,113.054,76.2371
42,15,57,10,200,4,0,41,-41.254,-81.7216,4,21.7346,4,21.7346,1,1,3,113.054,65.8021
42,15,57,10,200,4,0,42,4.40876,175.16,6,41.6147,6,41.6147,1,1,3,113.055,44.5864
42,15,57,10,200,4,0,43,-46.9496,41.3381,3,43.5155,3,43.5155,1,1,3,113.055,76.2386
42,15,57,10,200,4,0,44,69.575,94.711,7,18.5924,7,18.5924,1,1,2,112.883,32.876
42,15,57,10,200,4,0,45,16.6804,-22.1107,8,44.7713,8,44.7713,1,1,3,113.056,21.6126
42,15,57,10,200,4,0,46,-86.3536,8.89279,3,12.7778,3,12.7778,1,1,3,113.056,76.2397
42,15,57,10,200,4,0,47,77.5627,-175.139,7,33.4941,7,33.4941,1,1,2,112.885,32.8777
42,15,57,10,200,4,0,48,-0.728386,-40.3137,4,37.6983,4,37.6983,1,1,3,113.057,65.8047
42,15,57,10,200,4,0,49,89.2238,137.222,7,4.08131,7,4.08131,1,1,2,112.886,32.8788
42,15,57,10,200,4,0,50,-21.8289,57.9526,3,65.2782,3,65.2782,1,1,3,113.058,76.2408
42,15,57,10,200,4,0,51,84.8971,-26.6257,7,6.5096,7,6.5096,1,1,2,112.888,32.8805
42,15,57,10,200,4,0,52,20.6446,30.6722,2,19.827,2,19.827,1,1,2,112.888,86.4838
42,15,57,10,200,4,0,53,50.979,67.8772,2,34.2302,2,34.2302,1,1,2,112.889,86.4844
42,15,57,10,200,4,0,54,-43.7318,-84.3172,4,24.8164,4,24.8164,1,1,3,113.058,65.8057
42,15,57,10,200,4,0,55,48.3781,-67.5022,1,23.0161,1,23.0161,1,1,2,112.89,96.8646
42,15,57,10,200,4,0,56,-76.8638,-165.752,3,53.844,3,53.844,1,1,3,113.059,76.2421
42,15,57,10,200,4,0,57,15.3881,35.09,2,26.2835,2,26.2835,1,1,2,112.891,86.4868
42,15,57,10,200,4,0,58,-85.2959,116.877,3,5.34226,3,5.34226,1,1,3,113.059,76.2426
42,15,57,10,200,4,0,59,-51.786,148.558,6,23.1591,6,23.1591,1,1,4,113.326,44.8575
42,15,57,10,200,4,0,60,15.794,109.789,6,59.2817,6,59.2817,1,1,3,113.06,44.5919
42,15,57,10,200,4,0,61,-26.7762,38.8806,3,66.1404,3,66.1404,1,1,3,113.061,76.2441
42,15,57,10,200,4,0,62,-30.6591,-78.427,4,11.001,4,11.001,1,1,3,113.061,65.8091
42,15,57,10,200,4,0,63,21.8707,117.225,6,59.7915,6,59.7915,1,1,3,113.062,44.5938
42,15,57,10,200,4,0,64,30.6297,42.1891,2,18.3159,2,18.3159,1,1,2,112.898,86.4939
42,15,57,10,200,4,0,65,37.2235,-162.398,1,49.6073,1,49.6073,1,1,2,112.899,96.8741
42,15,57,10,200,4,0,66,-39.9291,64.2412,3,44.9812,3,44.9812,1,1,3,113.063,76.2461
42,15,57,10,200,4,0,67,-4.51211,141.431,6,25.2691,6,25.2691,1,1,4,113.326,44.858
42,15,57,10,200,4,0,68,-42.5433,-87.0663,4,24.8177,4,24.8177,1,1,3,113.064,65.8118
42,15,57,10,200,4,0,69,14.6541,7.44968,2,27.8815,2,27.8815,1,1,2,112.902,86.497
42,15,57,10,200,4,0,70,4.30824,-53.9355,4,31.345,4,31.345,1,1,3,113.065,65.8123
42,15,57,10,200,4,0,71,59.9737,34.8889,8,16.395,8,16.395,1,1,2,112.903,21.4592
42,15,57,10,200,4,0,72,-19.8436,-29.2764,4,40.7342,4,40.7342,1,1,4,113.327,66.0747
42,15,57,10,200,4,0,73,-55.0106,-30.2789,4,47.7547,4,47.7547,1,1,5,113.444,66.1913
42,15,57,10,200,4,0,74,-46.1998,-33.5931,4,41.2454,4,41.2454,1,1,5,113.444,66.1918
42,15,57,10,200,4,0,75,-30.8603,119.188,6,26.2262,6,26.2262,1,1,4,113.353,44.885
42,15,57,10,200,4,0,76,-51.9021,64.7268,3,32.5587,3,32.5587,1,1,3,113.068,76.251
42,15,57,10,200,4,0,77,-10.9655,14.8775,2,50.6298,2,50.6298,1,1,2,112.906,86.5014
42,15,57,10,200,4,0,78,83.1499,-158.189,7,19.7796,7,19.7796,1,1,2,112.906,32.8993
42,15,57,10,200,4,0,79,-23.9488,47.5591,3,66.2214,3,66.2214,1,1,3,113.068,76.2515
42,15,57,10,200,4,0,80,31.9998,-153.451,1,45.0513,1,45.0513,1,1,2,112.908,96.8824
42,15,57,10,200,4,0,81,32.5803,164.141,6,62.9886,6,62.9886,1,1,2,112.908,44.4398
42,15,57,10,200,4,0,82,45.3953,-123.864,1,18.8449,1,18.8449,1,1,2,112.909,96.8835
42,15,57,10,200,4,0,83,62.7861,-174.296,1,51.2052,1,51.2052,1,1,2,112.909,96.8841
42,15,57,10,200,4,0,84,-15.4649,-25.1196,4,45.5464,4,45.5464,1,1,4,113.354,66.1017
42,15,57,10,200,4,0,85,6.57685,157.687,6,36.163,6,36.163,1,1,4,113.355,44.8861
42,15,57,10,200,4,0,86,50.4725,-46.8989,8,31.7421,8,31.7421,1,1,2,112.952,21.5086
42,15,57,10,200,4,0,87,6.28777,-118.742,5,9.60896,5,9.60896,1,1,3,113.07,55.03
42,15,57,10,200,4,0,88,51.9124,82.5544,7,35.7014,7,35.7014,1,1,2,112.953,32.9461
42,15,57,10,200,4,0,89,15.4894,-168.575,9,55.7893,9,55.7893,1,1,4,113.355,11.1163
42,15,57,10,200,4,0,90,-65.5193,149.258,3,19.745,3,19.745,1,1,3,113.071,76.2543
42,15,57,10,200,4,0,91,65.3068,-54.8428,0,24.016,0,24.016,1,1,1,112.752,112.726
42,15,57,10,200,4,0,92,16.9925,-71.3174,1,34.0673,1,34.0673,1,1,2,112.955,96.9298
42,15,57,10,200,4,0,93,70.0174,20.2848,0,5.18775,0,5.18775,1,1,1,112.754,112.728
42,15,57,10,200,4,0,94,-24.7534,-87.8628,4,14.4709,4,14.4709,1,1,3,113.072,65.8192
42,15,57,10,200,4,0,95,-56.078,-165.507,9,65.3732,9,65.3732,1,1,6,113.478,11.2394
42,15,57,10,200,4,0,96,-30.6567,133.005,6,14.2941,6,14.2941,1,1,4,113.356,44.8877
42,15,57,10,200,4,0,97,89.3171,-150.523,7,8.16165,7,8.16165,1,1,2,112.957,32.9502
42,15,57,10,200,4,0,98,-85.4295,124.206,3,5.79456,3,5.79456,1,1,3,113.073,76.2564
42,15,57,10,200,4,0,99,-72.4093,-21.7889,3,30.8903,3,30.8903,1,1,4,113.357,76.5399
42,15,57,10,200,4,0,100,-40.4566,48.335,3,48.4781,3,48.4781,1,1,3,113.074,76.2577
42,15,57,10,200,4,0,101,-22.0511,-159.968,9,44.9321,9,44.9321,1,1,5,113.446,11.2067
42,15,57,10,200,4,0,102,-89.2819,148.473,3,9.9492,3,9.9492,1,1,3,113.075,76.2587
42,15,57,10,200,4,0,103,-49.3552,105.261,3,30.8369,3,30.8369,1,1,3,113.076,76.2593
42,15,57,10,200,4,0,104,25.5139,112.268,6,65.5838,6,65.5838,1,1,3,113.077,44.6082
42,15,57,10,200,4,0,105,58.343,99.9891,7,30.9456,7,30.9456,1,1,2,112.963,32.9554
42,15,57,10,200,4,0,106,40.7633,67.2997,2,34.4486,2,34.4486,1,1,2,112.963,86.5586
42,15,57,10,200,4,0,107,-67.4269,-64.4885,4,46.8669,4,46.8669,1,1,4,113.358,66.1059
42,15,57,10,200,4,0,108,87.9911,-174.819,7,11.3275,7,11.3275,1,1,2,112.964,32.9571
42,15,57,10,200,4,0,109,67.8982,-53.5246,0,21.471,0,21.471,1,1,1,112.765,112.739
42,15,57,10,200,4,0,110,-41.3409,-156.36,9,50.7732,9,50.7732,1,1,5,113.446,11.2074
42,15,57,10,200,4,0,111,-19.5159,36.0049,2,60.1592,2,60.1592,1,1,2,112.965,86.5609
42,15,57,10,200,4,0,112,78.3224,-40.3977,0,12.6991,0,12.6991,1,1,1,112.767,112.741
42,15,57,10,200,4,0,113,32.7411,165.786,6,63.5512,6,63.5512,1,1,2,112.966,44.4976
42,15,57,10,200,4,0,114,-48.0957,100.664,3,32.1365,3,32.1365,1,1,3,113.078,76.2617
42,15,57,10,200,4,0,115,-18.0015,2.89554,2,60.2712,2,60.2712,1,1,2,112.967,86.5629
42,15,57,10,200,4,0,116,-15.5007,99.8947,6,47.6198,6,47.6198,1,1,4,113.36,44.8911
42,15,57,10,200,4,0,117,11.4637,-29.5653,8,52.835,8,52.835,1,1,5,113.449,22.0062
42,15,57,10,200,4,0,118,34.184,104.217,7,57.2152,7,57.2152,1,1,3,113.08,33.0731
42,15,57,10,200,4,0,119,-52.1522,-60.6043,4,32.7009,4,32.7009,1,1,4,113.361,66.1083
42,15,57,10,200,4,0,120,18.2426,-167.618,9,55.9274,9,55.9274,1,1,4,113.361,11.1223
42,15,57,10,200,4,0,121,-70.3076,-61.9883,3,43.511,3,43.511,1,1,3,113.262,76.4457
42,15,57,10,200,4,0,122,39.8406,-95.469,1,2.80142,1,2.80142,1,1,2,112.971,96.946
42,15,57,10,200,4,0,123,26.7616,75.6635,2,46.3661,2,46.3661,1,1,2,112.972,86.5674
42,15,57,10,200,4,0,124,-45.144,9.31961,3,55.9949,3,55.9949,1,1,3,113.265,76.4481
42,15,57,10,200,4,0,125,-78.9305,7.03024,3,17.6939,3,17.6939,1,1,3,113.266,76.4489
42,15,57,10,200,4,0,126,16.4799,-16.8929,2,41.4974,2,41.4974,1,1,2,112.974,86.5693
42,15,57,10,200,4,0,127,-68.4824,9.60474,3,28.1522,3,28.1522,1,1,3,113.266,76.4495
42,15,57,10,200,4,0,128,61.3547,108.517,7,28.8491,7,28.8491,1,1,2,112.975,32.9678
42,15,57,10,200,4,0,129,-2.30472,-153.482,9,36.7397,9,36.7397,1,1,4,113.362,11.1228
42,15,57,10,200,4,0,130,14.5904,139.388,6,44.3264,6,44.3264,1,1,4,113.362,44.8937
42,15,57,10,200,4,0,131,14.7068,178.179,6,51.9707,6,51.9707,1,1,3,113.268,44.7998
42,15,57,10,200,4,0,132,29.6411,-127.659,1,26.5054,1,26.5054,1,1,2,112.977,96.9518
42,15,57,10,200,4,0,133,-15.693,-52.3498,4,20.0336,4,20.0336,1,1,3,113.269,66.0164
42,15,57,10,200,4,0,134,78.2789,44.3096,7,8.3647,7,8.3647,1,1,2,112.978,32.9712
42,15,57,10,200,4,0,135,33.5229,13.0429,2,9.4066,2,9.4066,1,1,2,112.979,86.5745
42,15,57,10,200,4,0,136,28.3456,106.431,7,63.8689,7,63.8689,1,1,3,113.269,33.2622
42,15,57,10,200,4,0,137,65.5273,-43.6275,0,20.2507,0,20.2507,1,1,1,112.785,112.759
42,15,57,10,200,4,0,138,-84.5192,4.57793,3,13.9721,3,13.9721,1,1,4,113.41,76.5928
42,15,57,10,200,4,0,139,-73.982,-79.3264,3,41.534,3,41.534,1,1,3,113.271,76.4538
42,15,57,10,200,4,0,140,-83.0512,-125.825,3,33.676,3,33.676,1,1,3,113.271,76.4544
42,15,57,10,200,4,0,141,53.8519,46.8574,2,22.356,2,22.356,1,1,2,112.982,86.5772
42,15,57,10,200,4,0,142,18.641,150.739,6,47.2968,6,47.2968,1,1,3,113.272,44.8032
42,15,57,10,200,4,0,143,-61.7689,-20.0085,3,44.5432,3,44.5432,1,1,4,113.412,76.5948
42,15,57,10,200,4,0,144,39.6281,51.8527,2,22.7595,2,22.7595,1,1,2,112.983,86.5788
42,15,57,10,200,4,0,145,3.25478,-71.5629,4,24.2147,4,24.2147,1,1,3,113.273,66.0206
42,15,57,10,200,4,0,146,5.62012,-144.077,9,29.5507,9,29.5507,1,1,4,113.412,11.1735
42,15,57,10,200,4,0,147,-36.6917,-109.478,9,31.6533,9,31.6533,1,1,4,113.413,11.174
42,15,57,10,200,4,0,148,-45.8679,75.2306,3,36.7887,3,36.7887,1,1,3,113.275,76.4579
42,15,57,10,200,4,0,149,9.08632,-115.178,5,8.92996,5,8.92996,1,1,3,113.275,55.2353
42,15,57,10,200,4,0,150,-30.2299,-94.7815,4,21.9656,4,21.9656,1,1,3,113.276,66.0235
42,15,57,10,200,4,0,151,38.9324,176.232,7,72.3652,7,72.3652,1,1,3,113.276,33.2693
42,15,57,10,200,4,0,152,-84.1755,28.9195,3,11.0167,3,11.0167,1,1,3,113.277,76.4602
42,15,57,10,200,4,0,153,-23.698,-157.389,9,43.1324,9,43.1324,1,1,5,113.45,11.2113
42,15,57,10,200,4,0,154,-73.2513,-15.3599,3,28.3772,3,28.3772,1,1,4,113.414,76.5973
42,15,57,10,200,4,0,155,-28.3579,-132.605,9,27.1528,9,27.1528,1,1,5,113.451,11.2119
42,15,57,10,200,4,0,156,19.4075,-129.012,5,25.5951,5,25.5951,1,1,3,113.279,55.2395
42,15,57,10,200,4,0,157,47.1262,-103.903,1,6.87362,1,6.87362,1,1,2,112.99,96.9649
42,15,57,10,200,4,0,158,-79.1365,150.715,3,8.37128,3,8.37128,1,1,3,113.28,76.4633
42,15,57,10,200,4,0,159,28.0443,100.983,7,63.0246,7,63.0246,1,1,3,113.281,33.2736
42,15,57,10,200,4,0,160,11.2836,-117.402,5,11.9843,5,11.9843,1,1,3,113.281,55.2415
42,15,57,10,200,4,0,161,-75.2898,-146.193,3,53.4448,3,53.4448,1,1,3,113.282,76.4652
42,15,57,10,200,4,0,162,-40.7393,-43.963,4,31.6523,4,31.6523,1,1,4,113.415,66.1631
42,15,57,10,200,4,0,163,-37.835,6.78543,3,65.7367,3,65.7367,1,1,3,113.283,76.4663
42,15,57,10,200,4,0,164,-74.3662,122.503,3,7.05383,3,7.05383,1,1,3,113.284,76.4668
42,15,57,10,200,4,0,165,35.8036,-29.192,8,31.1503,8,31.1503,1,1,3,113.284,21.8408
42,15,57,10,200,4,0,166,-76.1395,-30.5279,3,27.9745,3,27.9745,1,1,4,113.416,76.5992
42,15,57,10,200,4,0,167,-16.4802,-140.63,9,25.6965,9,25.6965,1,1,5,113.451,11.2126
42,15,57,10,200,4,0,168,89.1958,99.6436,7,3.16736,7,3.16736,1,1,2,112.996,32.9889
42,15,57,10,200,4,0,169,-59.0096,-148.111,9,59.4216,9,59.4216,1,1,6,113.479,11.2401
42,15,57,10,200,4,0,170,-47.8582,5.26497,3,54.1467,3,54.1467,1,1,3,113.286,76.4696
42,15,57,10,200,4,0,171,-50.358,123.099,6,29.6701,6,29.6701,1,1,4,113.418,44.9492
42,15,57,10,200,4,0,172,28.1265,173.536,6,61.7234,6,61.7234,1,1,2,112.998,44.5299
42,15,57,10,200,4,0,173,-80.4021,77.98,3,4.46353,3,4.46353,1,1,3,113.287,76.4706
42,15,57,10,200,4,0,174,72.1254,75.2843,7,14.7247,7,14.7247,1,1,2,112.999,32.9923
42,15,57,10,200,4,0,175,-0.518333,-13.1819,2,51.9699,2,51.9699,1,1,2,113,86.5955
42,15,57,10,200,4,0,176,68.9412,28.3838,0,7.84104,0,7.84104,1,1,1,112.814,112.788
42,15,57,10,200,4,0,177,10.3128,-123.596,5,15.8122,5,15.8122,1,1,3,113.288,55.248
42,15,57,10,200,4,0,178,82.2104,124.955,7,7.91853,7,7.91853,1,1,2,113.001,32.994
42,15,57,10,200,4,0,179,31.5946,-164.312,1,53.8036,1,53.8036,1,1,2,113.002,96.9764
42,15,57,10,200,4,0,180,33.729,-45.2035,8,42.0102,8,42.0102,1,1,3,113.288,21.8452
42,15,57,10,200,4,0,181,-6.75178,95.179,6,55.9998,6,55.9998,1,1,4,113.418,44.9497
42,15,57,10,200,4,0,182,52.1343,133.536,7,43.6509,7,43.6509,1,1,2,113.003,32.9961
42,15,57,10,200,4,0,183,67.2745,102.66,7,21.7853,7,21.7853,1,1,2,113.004,32.9966
42,15,57,10,200,4,0,184,26.5897,-163.47,1,55.868,1,55.868,1,1,2,113.004,96.979
42,15,57,10,200,4,0,185,67.2746,137.463,7,26.4603,7,26.4603,1,1,2,113.005,32.9979
42,15,57,10,200,4,0,186,10.8974,-146.167,9,33.7356,9,33.7356,1,1,4,113.419,11.18
42,15,57,10,200,4,0,187,40.2809,-101.952,1,2.86371,1,2.86371,1,1,2,113.006,96.9807
42,15,57,10,200,4,0,188,-76.3152,99.7575,3,3.99008,3,3.99008,1,1,3,113.29,76.4736
42,15,57,10,200,4,0,189,78.0139,171.62,7,17.6029,7,17.6029,1,1,2,113.01,33.0025
42,15,57,10,200,4,0,190,-2.47907,-25.0089,4,50.2291,4,50.2291,1,1,3,113.291,66.0387
42,15,57,10,200,4,0,191,-10.7808,-47.0757,4,26.6736,4,26.6736,1,1,3,113.292,66.0392
42,15,57,10,200,4,0,192,-88.3125,179.064,3,11.0389,3,11.0389,1,1,3,113.292,76.4753
42,15,57,10,200,4,0,193,4.66407,167.796,6,37.9022,6,37.9022,1,1,4,113.42,44.9512
42,15,57,10,200,4,0,194,62.0097,-107.483,1,21.3031,1,21.3031,1,1,2,113.013,96.9876
42,15,57,10,200,4,0,195,-88.2579,11.4774,3,12.3531,3,12.3531,1,1,3,113.293,76.4764
42,15,57,10,200,4,0,196,13.6569,-10.0193,2,38.6408,2,38.6408,1,1,2,113.014,86.6096
42,15,57,10,200,4,0,197,-36.6718,-48.4175,4,26.4789,4,26.4789,1,1,4,113.42,66.1679
42,15,57,10,200,4,0,198,-28.2417,-118.795,9,22.5349,9,22.5349,1,1,5,113.453,11.2138
42,15,57,10,200,4,0,199,-62.8786,176.696,3,28.6982,3,28.6982,1,1,3,113.295,76.4783
42,16,58,10,200,4,0,0,24.2142,-149.806,1,109.363,1,109.363,1,1,2,107.947,97.2697
42,16,58,10,200,4,0,1,-54.639,162.249,4,14.952,4,14.952,1,1,3,108.085,64.6704
42,16,58,10,200,4,0,2,43.9822,-100.471,3,73.3683,3,73.3683,1,1,3,108.086,75.3654
42,16,58,10,200,4,0,3,-75.9833,-88.8688,5,12.5651,5,12.5651,1,1,3,108.087,53.4978
42,16,58,10,200,4,0,4,-40.8693,34.9095,6,35.5773,6,35.5773,1,1,6,108.329,43.001
42,16,58,10,200,4,0,5,-67.2697,-165.781,1,17.1379,1,17.1379,1,1,2,107.95,97.2734
42,16,58,10,200,4,0,6,6.23489,-123.349,1,96.1089,1,96.1089,1,1,2,107.951,97.2742
42,16,58,10,200,4,0,7,-75.1512,-113.892,1,12.898,1,12.898,1,1,2,107.952,97.2748
42,16,58,10,200,4,0,8,78.9071,177.796,0,32.2242,0,32.2242,1,1,1,107.519,107.485
42,16,58,10,200,4,0,9,47.8187,-134.932,3,84.0937,3,84.0937,1,1,3,108.088,75.3672
42,16,58,10,200,4,0,10,66.9105,100.758,3,24.8479,3,24.8479,1,1,2,107.953,75.2327
42,16,58,10,200,4,0,11,-3.99981,-140.998,1,82.1545,1,82.1545,1,1,2,107.954,97.2771
42,16,58,10,200,4,0,12,-46.531,160.752,4,18.284,4,18.284,1,1,3,108.088,64.6736
42,16,58,10,200,4,0,13,39.6983,81.4287,2,20.9329,2,20.9329,1,1,2,107.955,85.7817
42,16,58,10,200,4,0,14,39.8667,134.697,0,18.3578,0,18.3578,1,1,1,107.524,107.49
42,16,58,10,200,4,0,15,10.0952,-51.8381,6,67.8542,6,67.8542,1,1,4,108.254,42.9264
42,16,58,10,200,4,0,16,82.4452,90.9122,3,15.0604,3,15.0604,1,1,2,107.957,75.2361
42,16,58,10,200,4,0,17,-34.7947,72.8547,8,40.478,8,40.478,1,1,5,108.301,22.3483
42,16,58,10,200,4,0,18,85.2208,-41.556,3,16.9816,3,16.9816,1,1,2,107.958,75.2373
42,16,58,10,200,4,0,19,81.993,-91.297,3,26.3057,3,26.3057,1,1,2,107.958,75.2378
42,16,58,10,200,4,0,20,86.6768,-150.553,3,32.6845,3,32.6845,1,1,2,107.959,75.2384
42,16,58,10,200,4,0,21,-38.5388,5.82338,6,16.8897,6,16.8897,1,1,5,108.301,42.9738
42,16,58,10,200,4,0,22,-46.9511,-47.38,6,22.8148,6,22.8148,1,1,4,108.256,42.9281
42,16,58,10,200,4,0,23,35.9657,-116.088,3,91.7813,3,91.7813,1,1,3,108.154,75.4339
42,16,58,10,200,4,0,24,-24.7919,-12.4311,6,22.6452,6,22.6452,1,1,5,108.302,42.9745
42,16,58,10,200,4,0,25,-35.51,-95.7629,5,55.7888,5,55.7888,1,1,3,108.156,53.5671
42,16,58,10,200,4,0,26,-45.8363,100.98,9,19.5307,9,19.5307,1,1,4,108.257,11.4175
42,16,58,10,200,4,0,27,-28.3803,-4.73473,6,20.335,6,20.335,1,1,4,108.257,42.9297
42,16,58,10,200,4,0,28,40.8661,-157.364,3,105.869,3,105.869,1,1,3,108.158,75.4375
42,16,58,10,200,4,0,29,-51.653,-18.5344,6,5.23156,6,5.23156,1,1,4,108.258,42.9303
42,16,58,10,200,4,0,30,78.6663,96.8843,3,16.5435,3,16.5435,1,1,2,107.965,75.2444
42,16,58,10,200,4,0,31,54.8138,142.223,0,11.7596,0,11.7596,1,1,1,107.537,107.502
42,16,58,10,200,4,0,32,3.89825,-139.962,1,90.2705,1,90.2705,1,1,2,107.966,97.2888
42,16,58,10,200,4,0,33,17.5388,-1.76192,7,47.9013,7,47.9013,1,1,4,108.259,32.7402
42,16,58,10,200,4,0,34,-0.758919,19.0636,7,21.8463,7,21.8463,1,1,5,108.303,32.7844
42,16,58,10,200,4,0,35,43.4706,-8.16425,3,36.2935,3,36.2935,1,1,3,108.16,75.4399
42,16,58,10,200,4,0,36,24.2551,-170.136,1,108.768,1,108.768,1,1,2,107.968,97.2911
42,16,58,10,200,4,0,37,88.8296,134.608,3,21.52,3,21.52,1,1,2,107.969,75.2481
42,16,58,10,200,4,0,38,-18.7582,69.5906,7,31.4151,7,31.4151,1,1,3,108.161,32.6428
42,16,58,10,200,4,0,39,-80.74,92.8996,5,16.4558,5,16.4558,1,1,4,108.26,53.671
42,16,58,10,200,4,0,40,-61.4203,-52.5,5,26.0197,5,26.0197,1,1,3,108.164,53.5754
42,16,58,10,200,4,0,41,88.5683,-34.5132,3,17.4486,3,17.4486,1,1,2,107.971,75.2504
42,16,58,10,200,4,0,42,-65.7598,-59.624,5,21.7329,5,21.7329,1,1,3,108.165,53.5761
42,16,58,10,200,4,0,43,70.3761,130.213,0,26.4192,0,26.4192,1,1,1,107.545,107.511
42,16,58,10,200,4,0,44,-18.494,-142.554,1,67.3176,1,67.3176,1,1,2,107.972,97.2953
42,16,58,10,200,4,0,45,-34.1609,-59.6554,6,37.1474,6,37.1474,1,1,4,108.26,42.9326
42,16,58,10,200,4,0,46,67.1652,-138.694,3,56.28,3,56.28,1,1,3,108.166,75.4458
42,16,58,10,200,4,0,47,-48.7162,-37.8732,6,16.1278,6,16.1278,1,1,4,108.261,42.9331
42,16,58,10,200,4,0,48,-49.3281,117.645,9,13.037,9,13.037,1,1,4,108.261,11.4219
42,16,58,10,200,4,0,49,70.1824,79.826,3,15.9224,3,15.9224,1,1,3,108.168,75.4476
42,16,58,10,200,4,0,50,-21.6456,47.306,7,17.3724,7,17.3724,1,1,4,108.262,32.7437
42,16,58,10,200,4,0,51,-54.1691,-174.781,1,30.4526,1,30.4526,1,1,2,107.977,97.2999
42,16,58,10,200,4,0,52,28.5848,-110.679,3,98.7237,3,98.7237,1,1,3,108.17,75.4492
42,16,58,10,200,4,0,53,69.9135,-160.347,3,58.879,3,58.879,1,1,3,108.17,75.45
42,16,58,10,200,4,0,54,69.4557,158.347,0,21.4806,0,21.4806,1,1,1,107.552,107.518
42,16,58,10,200,4,0,55,56.2763,-163.929,3,83.1815,3,83.1815,1,1,3,108.171,75.4507
42,16,58,10,200,4,0,56,-37.0765,109.689,9,25.9454,9,25.9454,1,1,4,108.263,11.4232
42,16,58,10,200,4,0,57,-9.22112,-25.6727,6,39.588,6,39.588,1,1,5,108.303,42.9758
42,16,58,10,200,4,0,58,-64.9673,-57.6901,5,22.4992,5,22.4992,1,1,3,108.173,53.5847
42,16,58,10,200,4,0,59,-37.73,13.0774,6,22.0474,6,22.0474,1,1,5,108.304,42.9764
42,16,58,10,200,4,0,60,-10.122,36.2181,7,6.11093,7,6.11093,1,1,4,108.264,32.7459
42,16,58,10,200,4,0,61,66.711,-65.9138,3,32.8772,3,32.8772,1,1,3,108.175,75.4548
42,16,58,10,200,4,0,62,38.7619,-144.011,3,102.3,3,102.3,1,1,3,108.176,75.4554
42,16,58,10,200,4,0,63,38.1065,158.868,0,9.9186,0,9.9186,1,1,1,107.56,107.525
42,16,58,10,200,4,0,64,76.8173,36.578,3,3.28704,3,3.28704,1,1,2,107.984,75.2632
42,16,58,10,200,4,0,65,29.3468,-69.6566,3,76.0106,3,76.0106,1,1,3,108.176,75.456
42,16,58,10,200,4,0,66,-48.058,130.355,4,9.01143,4,9.01143,1,1,3,108.177,64.7624
42,16,58,10,200,4,0,67,-32.2188,141.053,4,24.421,4,24.421,1,1,3,108.178,64.7631
42,16,58,10,200,4,0,68,-80.1619,-104.61,1,9.09491,1,9.09491,1,1,2,107.986,97.3095
42,16,58,10,200,4,0,69,80.3533,158.588,3,29.2766,3,29.2766,1,1,2,107.987,75.2665
42,16,58,10,200,4,0,70,-63.1317,93.2592,9,11.7067,9,11.7067,1,1,4,108.265,11.4254
42,16,58,10,200,4,0,71,87.3293,-20.4164,3,15.5453,3,15.5453,1,1,2,107.988,75.2677
42,16,58,10,200,4,0,72,11.4743,-23.7837,6,59.6414,6,59.6414,1,1,5,108.305,42.9772
42,16,58,10,200,4,0,73,66.9555,73.0139,3,16.1546,3,16.1546,1,1,3,108.18,75.4592
42,16,58,10,200,4,0,74,49.2631,-121.549,3,75.8882,3,75.8882,1,1,3,108.18,75.4598
42,16,58,10,200,4,0,75,-46.9544,-101.718,5,44.6605,5,44.6605,1,1,3,108.181,53.5925
42,16,58,10,200,4,0,76,47.3345,-140.487,3,87.4066,3,87.4066,1,1,3,108.182,75.4613
42,16,58,10,200,4,0,77,6.18417,-7.80717,7,49.6263,7,49.6263,1,1,6,108.33,32.8113
42,16,58,10,200,4,0,78,-52.2487,-91.4186,5,37.5903,5,37.5903,1,1,3,108.183,53.5944
42,16,58,10,200,4,0,79,-14.4698,-130.863,1,73.2802,1,73.2802,1,1,2,107.993,97.3165
42,16,58,10,200,4,0,80,62.5797,-150.246,3,67.412,3,67.412,1,1,3,108.184,75.4633
42,16,58,10,200,4,0,81,-10.2596,-150.957,1,74.713,1,74.713,1,1,2,107.995,97.3178
42,16,58,10,200,4,0,82,80.0547,95.0432,3,15.8604,3,15.8604,1,1,2,107.995,75.2747
42,16,58,10,200,4,0,83,85.0484,179.786,3,29.3917,3,29.3917,1,1,2,107.996,75.2753
42,16,58,10,200,4,0,84,85.2164,150.803,3,24.515,3,24.515,1,1,2,107.996,75.2758
42,16,58,10,200,4,0,85,79.1866,-135.831,3,38.6147,3,38.6147,1,1,2,107.997,75.2764
42,16,58,10,200,4,0,86,32.0313,153.032,0,16.3206,0,16.3206,1,1,1,107.626,107.592
42,16,58,10,200,4,0,87,11.8765,-92.9889,6,95.9108,6,95.9108,1,1,5,108.306,42.9785
42,16,58,10,200,4,0,88,-25.3759,-22.336,6,23.0751,6,23.0751,1,1,4,108.267,42.9393
42,16,58,10,200,4,0,89,80.0125,-132.226,3,36.7885,3,36.7885,1,1,2,107.999,75.2784
42,16,58,10,200,4,0,90,18.0574,-113.884,1,110.883,1,110.883,1,1,2,107.999,97.3226
42,16,58,10,200,4,0,91,-26.9718,-49.2161,6,34.8249,6,34.8249,1,1,4,108.268,42.9399
42,16,58,10,200,4,0,92,-37.1853,138.425,4,19.258,4,19.258,1,1,3,108.186,64.7717
42,16,58,10,200,4,0,93,61.4884,1.13208,3,16.5291,3,16.5291,1,1,3,108.187,75.4665
42,16,58,10,200,4,0,94,-66.4969,-85.9628,5,22.2174,5,22.2174,1,1,3,108.188,53.599
42,16,58,10,200,4,0,95,25.1347,172.166,0,25.6808,0,25.6808,1,1,1,107.633,107.598
42,16,58,10,200,4,0,96,-28.1043,-150.25,1,56.8559,1,56.8559,1,1,2,108.003,97.3257
42,16,58,10,200,4,0,97,-79.3956,-76.0993,5,8.46617,5,8.46617,1,1,3,108.189,53.5999
42,16,58,10,200,4,0,98,62.3967,-168.694,3,74.4575,3,74.4575,1,1,3,108.189,75.4687
42,16,58,10,200,4,0,99,-38.1568,115.226,4,23.0443,4,23.0443,1,1,3,108.19,64.7751
42,16,58,10,200,4,0,100,81.0546,-97.9403,3,28.3557,3,28.3557,1,1,2,108.005,75.2846
42,16,58,10,200,4,0,101,79.6978,46.1716,3,6.79633,3,6.79633,1,1,2,108.006,75.2852
42,16,58,10,200,4,0,102,-62.4542,3.14873,6,17.9278,6,17.9278,1,1,4,108.268,42.9404
42,16,58,10,200,4,0,103,66.5914,4.33977,3,11.2951,3,11.2951,1,1,3,108.193,75.4724
42,16,58,10,200,4,0,104,80.4064,113.208,3,19.561,3,19.561,1,1,2,108.007,75.287
42,16,58,10,200,4,0,105,26.0571,16.9276,7,39.2055,7,39.2055,1,1,4,108.269,32.7503
42,16,58,10,200,4,0,106,89.662,178.171,3,26.2141,3,26.2141,1,1,2,108.009,75.2883
42,16,58,10,200,4,0,107,73.8558,-75.0467,3,28.909,3,28.909,1,1,2,108.009,75.2888
42,16,58,10,200,4,0,108,68.2977,90.6883,3,20.5572,3,20.5572,1,1,2,108.01,75.2893
42,16,58,10,200,4,0,109,53.0427,-176.398,3,94.111,3,94.111,1,1,3,108.194,75.4737
42,16,58,10,200,4,0,110,-87.6373,-23.6452,5,1.27907,5,1.27907,1,1,3,108.195,53.6061
42,16,58,10,200,4,0,111,87.8835,-51.4832,3,18.7933,3,18.7933,1,1,2,108.012,75.2911
42,16,58,10,200,4,0,112,3.05247,-163.024,1,87.4646,1,87.4646,1,1,2,108.012,97.3353
42,16,58,10,200,4,0,113,26.2088,-49.1017,3,69.4954,3,69.4954,1,1,4,108.269,75.5487
42,16,58,10,200,4,0,114,-75.8591,156.104,9,18.9706,9,18.9706,1,1,4,108.27,11.4304
42,16,58,10,200,4,0,115,-56.9378,-169.609,1,27.5186,1,27.5186,1,1,2,108.014,97.3372
42,16,58,10,200,4,0,116,-60.9182,-134.48,1,25.1352,1,25.1352,1,1,2,108.015,97.3378
42,16,58,10,200,4,0,117,28.2812,-66.7447,3,75.7588,3,75.7588,1,1,3,108.197,75.4763
42,16,58,10,200,4,0,118,24.3344,9.74521,7,42.5684,7,42.5684,1,1,4,108.27,32.752
42,16,58,10,200,4,0,119,58.7975,29.4816,3,15.2518,3,15.2518,1,1,3,108.198,75.4774
42,16,58,10,200,4,0,120,-28.5235,-10.2909,6,19.0897,6,19.0897,1,1,4,108.271,42.9432
42,16,58,10,200,4,0,121,-66.7954,-57.7231,5,20.6702,5,20.6702,1,1,3,108.199,53.6106
42,16,58,10,200,4,0,122,-6.06016,-165.879,1,78.3505,1,78.3505,1,1,2,108.018,97.3413
42,16,58,10,200,4,0,123,23.6151,-55.525,3,75.3546,3,75.3546,1,1,4,108.271,75.5509
42,16,58,10,200,4,0,124,52.4045,-26.6844,3,33.3121,3,33.3121,1,1,3,108.2,75.48
42,16,58,10,200,4,0,125,-25.9617,109.535,8,25.3591,8,25.3591,1,1,4,108.272,22.3196
42,16,58,10,200,4,0,126,64.8352,-56.1564,3,31.4679,3,31.4679,1,1,3,108.202,75.4811
42,16,58,10,200,4,0,127,-60.9743,-44.2246,6,22.3706,6,22.3706,1,1,4,108.272,42.9448
42,16,58,10,200,4,0,128,-19.5902,110.469,8,20.2593,8,20.2593,1,1,4,108.273,22.3207
42,16,58,10,200,4,0,129,43.3368,-10.8987,3,37.2097,3,37.2097,1,1,3,108.203,75.4829
42,16,58,10,200,4,0,130,43.2864,152.798,0,5.754,0,5.754,1,1,1,107.663,107.628
42,16,58,10,200,4,0,131,-0.253937,144.737,8,45.8075,8,45.8075,1,1,2,108.023,22.0704
42,16,58,10,200,4,0,132,-80.8409,-123.945,1,6.31239,1,6.31239,1,1,2,108.024,97.3467
42,16,58,10,200,4,0,133,-51.0041,66.9871,9,30.6222,9,30.6222,1,1,5,108.307,11.4674
42,16,58,10,200,4,0,134,32.8999,-164.413,1,117.305,1,117.305,1,1,2,108.025,97.3481
42,16,58,10,200,4,0,135,-41.7656,-171.247,1,42.7477,1,42.7477,1,1,2,108.026,97.3488
42,16,58,10,200,4,0,136,2.64796,-37.122,6,54.4975,6,54.4975,1,1,4,108.274,42.9466
42,16,58,10,200,4,0,137,-24.4852,173.176,4,42.6212,4,42.6212,1,1,2,108.027,64.6121
42,16,58,10,200,4,0,138,-11.5006,178.26,4,56.933,4,56.933,1,1,2,108.028,64.613
42,16,58,10,200,4,0,139,-31.1747,-98.1922,5,60.7969,5,60.7969,1,1,3,108.205,53.6166
42,16,58,10,200,4,0,140,-14.2123,65.7272,7,26.3907,7,26.3907,1,1,3,108.206,32.6876
42,16,58,10,200,4,0,141,-84.3288,-78.7541,5,3.61599,5,3.61599,1,1,3,108.207,53.6179
42,16,58,10,200,4,0,142,-85.2146,-110.606,5,4.30542,5,4.30542,1,1,3,108.207,53.6185
42,16,58,10,200,4,0,143,28.5106,-29.6096,3,58.6703,3,58.6703,1,1,3,108.208,75.4873
42,16,58,10,200,4,0,144,89.9313,-36.3051,3,18.341,3,18.341,1,1,2,108.031,75.3106
42,16,58,10,200,4,0,145,69.7458,86.4355,3,18.1978,3,18.1978,1,1,2,108.032,75.3112
42,16,58,10,200,4,0,146,-31.7534,-41.0162,6,26.1618,6,26.1618,1,1,4,108.275,42.9471
42,16,58,10,200,4,0,147,25.586,-45.1886,3,68.3584,3,68.3584,1,1,4,108.275,75.5549
42,16,58,10,200,4,0,148,7.51922,129.164,8,31.8581,8,31.8581,1,1,3,108.21,22.2572
42,16,58,10,200,4,0,149,-79.1007,-99.1617,5,9.9355,5,9.9355,1,1,3,108.211,53.6224
42,16,58,10,200,4,0,150,72.3753,-61.7327,3,26.412,3,26.412,1,1,2,108.035,75.3141
42,16,58,10,200,4,0,151,-45.2045,-29.9535,6,11.3606,6,11.3606,1,1,4,108.276,42.9482
42,16,58,10,200,4,0,152,40.5726,40.6206,3,34.0083,3,34.0083,1,1,3,108.213,75.4921
42,16,58,10,200,4,0,153,-18.389,-121.856,1,71.1809,1,71.1809,1,1,2,108.036,97.3597
42,16,58,10,200,4,0,154,19.4402,80.8727,2,20.0654,2,20.0654,1,1,2,108.037,85.8635
42,16,58,10,200,4,0,155,-20.0241,-169.544,1,64.4542,1,64.4542,1,1,2,108.038,97.3608
42,16,58,10,200,4,0,156,-16.7001,-28.7058,6,33.1997,6,33.1997,1,1,5,108.307,42.9798
42,16,58,10,200,4,0,157,-34.1491,-23.8293,6,15.2733,6,15.2733,1,1,4,108.277,42.9493
42,16,58,10,200,4,0,158,20.344,168.723,0,29.1378,0,29.1378,1,1,1,107.683,107.648
42,16,58,10,200,4,0,159,63.2805,40.5506,3,11.491,3,11.491,1,1,3,108.214,75.4938
42,16,58,10,200,4,0,160,-23.791,86.0527,8,24.5127,8,24.5127,1,1,5,108.312,22.3591
42,16,58,10,200,4,0,161,-26.507,68.9111,7,34.4531,7,34.4531,1,1,4,108.278,32.7597
42,16,58,10,200,4,0,162,-67.4817,178.158,4,22.7273,4,22.7273,1,1,3,108.217,64.8018
42,16,58,10,200,4,0,163,-78.1387,60.075,5,16.9764,5,16.9764,1,1,3,108.217,53.6285
42,16,58,10,200,4,0,164,63.6608,-134.479,3,60.0676,3,60.0676,1,1,3,108.218,75.4973
42,16,58,10,200,4,0,165,70.4566,92.0722,3,19.3996,3,19.3996,1,1,2,108.043,75.3225
42,16,58,10,200,4,0,166,-8.1058,-129.496,1,80.0505,1,80.0505,1,1,2,108.044,97.3668
42,16,58,10,200,4,0,167,-58.9407,-115.066,1,29.8372,1,29.8372,1,1,2,108.044,97.3676
42,16,58,10,200,4,0,168,45.5625,25.3408,3,28.5646,3,28.5646,1,1,3,108.218,75.4979
42,16,58,10,200,4,0,169,-28.4611,-49.9947,6,34.2497,6,34.2497,1,1,4,108.279,42.9509
42,16,58,10,200,4,0,170,-36.8932,83.0296,9,34.4078,9,34.4078,1,1,5,108.312,11.4729
42,16,58,10,200,4,0,171,-19.7694,72.8134,8,30.7922,8,30.7922,1,1,4,108.28,22.3273
42,16,58,10,200,4,0,172,-62.8381,72.163,9,21.4545,9,21.4545,1,1,4,108.28,11.4409
42,16,58,10,200,4,0,173,-65.508,95.0118,9,10.905,9,10.905,1,1,4,108.281,11.4414
42,16,58,10,200,4,0,174,30.443,175.545,0,22.3986,0,22.3986,1,1,1,107.694,107.659
42,16,58,10,200,4,0,175,-22.2188,-166.696,1,62.1995,1,62.1995,1,1,2,108.049,97.3717
42,16,58,10,200,4,0,176,40.7989,82.5483,2,20.8485,2,20.8485,1,1,2,108.049,85.8756
42,16,58,10,200,4,0,177,41.1076,126.634,0,23.0877,0,23.0877,1,1,1,107.696,107.662
42,16,58,10,200,4,0,178,40.3532,105.938,2,14.1064,2,14.1064,1,1,2,108.05,85.8762
42,16,58,10,200,4,0,179,3.35471,28.028,7,15.2803,7,15.2803,1,1,5,108.313,32.7946
42,16,58,10,200,4,0,180,75.7294,-32.3773,3,16.2253,3,16.2253,1,1,2,108.051,75.3303
42,16,58,10,200,4,0,181,-29.9499,-44.7528,6,29.7981,6,29.7981,1,1,4,108.282,42.9543
42,16,58,10,200,4,0,182,9.06345,2.21896,7,40.8874,7,40.8874,1,1,5,108.314,32.7953
42,16,58,10,200,4,0,183,10.0904,-70.7482,6,78.8368,6,78.8368,1,1,4,108.283,42.9553
42,16,58,10,200,4,0,184,-76.2201,143.259,9,16.3543,9,16.3543,1,1,4,108.284,11.4441
42,16,58,10,200,4,0,185,29.6286,-46.2268,3,64.5304,3,64.5304,1,1,4,108.284,75.5636
42,16,58,10,200,4,0,186,23.1441,-160.282,1,107.611,1,107.611,1,1,2,108.054,97.3775
42,16,58,10,200,4,0,187,-76.7067,100.612,9,15.6974,9,15.6974,1,1,5,108.314,11.4749
42,16,58,10,200,4,0,188,45.9407,-104.429,3,72.6477,3,72.6477,1,1,3,108.227,75.5063
42,16,58,10,200,4,0,189,7.81194,-27.2326,6,56.6448,6,56.6448,1,1,5,108.315,42.9872
42,16,58,10,200,4,0,190,-54.4421,151.186,4,8.82159,4,8.82159,1,1,3,108.228,64.8133
42,16,58,10,200,4,0,191,-6.96431,152.714,4,51.4098,4,51.4098,1,1,2,108.058,64.6428
42,16,58,10,200,4,0,192,26.8673,-111.713,3,101.548,3,101.548,1,1,3,108.229,75.5081
42,16,58,10,200,4,0,193,49.6741,-45.5591,3,42.9901,3,42.9901,1,1,3,108.229,75.5087
42,16,58,10,200,4,0,194,87.1121,-73.9424,3,21.3869,3,21.3869,1,1,2,108.06,75.3392
42,16,58,10,200,4,0,195,81.2345,145.683,3,25.8769,3,25.8769,1,1,2,108.06,75.3397
42,16,58,10,200,4,0,196,36.8401,-77.4308,3,71.1697,3,71.1697,1,1,3,108.23,75.5092
42,16,58,10,200,4,0,197,-39.5349,-88.1929,5,50.4054,5,50.4054,1,1,3,108.232,53.6432
42,16,58,10,200,4,0,198,52.3941,121.111,0,23.752,0,23.752,1,1,1,107.909,107.874
42,16,58,10,200,4,0,199,10.5295,132.348,2,33.7364,2,33.7364,1,1,2,108.062,85.8884
42,17,59,10,200,4,0,0,-51.6879,-38.4627,3,11.5775,3,11.5775,1,1,3,111.484,77.8625
42,17,59,10,200,4,0,1,73.3162,118.498,4,25.5066,4,25.5066,1,1,2,111.007,66.3437
42,17,59,10,200,4,0,2,86.3866,-104.53,4,4.52787,4,4.52787,1,1,3,111.485,66.8219
42,17,59,10,200,4,0,3,-36.5989,-15.9318,9,16.378,9,16.378,1,1,4,111.597,11.2358
42,17,59,10,200,4,0,4,-22.2375,151.878,0,48.2694,0,48.2694,1,1,1,110.752,110.718
42,17,59,10,200,4,0,5,-44.8625,1.13618,9,18.1122,9,18.1122,1,1,5,111.709,11.3483
42,17,59,10,200,4,0,6,49.5127,31.0094,4,42.4465,4,42.4465,1,1,3,111.487,66.8239
42,17,59,10,200,4,0,7,66.2922,129.969,4,37.9876,4,37.9876,1,1,2,111.01,66.3471
42,17,59,10,200,4,0,8,-73.7997,-128.508,5,27.2261,5,27.2261,1,1,4,111.598,56.177
42,17,59,10,200,4,0,9,-46.5169,-149.46,7,40.1949,7,40.1949,1,1,6,111.741,35.793
42,17,59,10,200,4,0,10,19.4847,-83.008,1,59.9205,1,59.9205,1,1,2,111.012,100.109
42,17,59,10,200,4,0,11,18.4415,89.7468,0,92.1633,0,92.1633,1,1,1,110.759,110.724
42,17,59,10,200,4,0,12,51.7915,-155.987,8,21.6912,8,21.6912,1,1,5,111.711,21.8951
42,17,59,10,200,4,0,13,58.459,-14.4529,4,30.6153,4,30.6153,1,1,3,111.489,66.8266
42,17,59,10,200,4,0,14,-70.0672,-116.681,5,30.4728,5,30.4728,1,1,4,111.6,56.1789
42,17,59,10,200,4,0,15,82.5196,-63.5101,4,7.54204,4,7.54204,1,1,3,111.491,66.8282
42,17,59,10,200,4,0,16,12.4282,131.672,0,79.7239,0,79.7239,1,1,1,110.764,110.729
42,17,59,10,200,4,0,17,-62.506,17.6296,6,5.34716,6,5.34716,1,1,3,111.492,45.8085
42,17,59,10,200,4,0,18,-76.4294,-18.2099,2,5.26967,2,5.26967,1,1,2,111.016,88.4746
42,17,59,10,200,4,0,19,-89.1511,-17.3338,5,4.33638,5,4.33638,1,1,3,111.493,56.0715
42,17,59,10,200,4,0,20,-23.1662,-88.0272,1,35.9452,1,35.9452,1,1,2,111.018,100.114
42,17,59,10,200,4,0,21,81.9012,-127.307,4,11.5333,4,11.5333,1,1,3,111.494,66.8315
42,17,59,10,200,4,0,22,61.4911,116.387,4,42.8186,4,42.8186,1,1,2,111.019,66.3561
42,17,59,10,200,4,0,23,-88.6689,155.383,5,9.03136,5,9.03136,1,1,2,111.02,55.599
42,17,59,10,200,4,0,24,83.9393,-90.3716,4,6.98925,4,6.98925,1,1,3,111.495,66.8323
42,17,59,10,200,4,0,25,-87.0389,26.8479,5,2.49844,5,2.49844,1,1,3,111.496,56.075
42,17,59,10,200,4,0,26,3.31017,42.8053,9,52.0086,9,52.0086,1,1,5,111.712,11.3508
42,17,59,10,200,4,0,27,-31.7027,-69.7966,1,18.3904,1,18.3904,1,1,2,111.307,100.404
42,17,59,10,200,4,0,28,33.4089,-126.487,8,31.9611,8,31.9611,1,1,5,111.712,21.8963
42,17,59,10,200,4,0,29,47.8752,106.684,4,60.0865,4,60.0865,1,1,2,111.312,66.6487
42,17,59,10,200,4,0,30,-31.5841,80.7896,0,46.676,0,46.676,1,1,1,110.775,110.741
42,17,59,10,200,4,0,31,-68.4133,141.688,0,5.6266,0,5.6266,1,1,1,110.776,110.741
42,17,59,10,200,4,0,32,16.2306,-81.8386,1,56.5365,1,56.5365,1,1,2,111.312,100.409
42,17,59,10,200,4,0,33,-10.3411,59.6024,9,59.31,9,59.31,1,1,4,111.602,11.241
42,17,59,10,200,4,0,34,39.9757,-18.9843,4,49.1724,4,49.1724,1,1,3,111.499,66.836
42,17,59,10,200,4,0,35,-68.8657,-146.381,5,38.1231,5,38.1231,1,1,4,111.603,56.1815
42,17,59,10,200,4,0,36,36.4943,-153.929,8,10.1284,8,10.1284,1,1,5,111.713,21.897
42,17,59,10,200,4,0,37,-46.844,15.9707,6,18.5358,6,18.5358,1,1,4,111.604,45.9205
42,17,59,10,200,4,0,38,71.2289,-91.0259,4,22.3308,4,22.3308,1,1,3,111.502,66.8388
42,17,59,10,200,4,0,39,-4.32327,130.336,0,62.9244,0,62.9244,1,1,1,110.783,110.748
42,17,59,10,200,4,0,40,-0.698753,-2.72423,9,26.1893,9,26.1893,1,1,3,111.502,11.1413
42,17,59,10,200,4,0,41,-11.4078,-174.777,7,22.2457,7,22.2457,1,1,3,111.503,35.5552
42,17,59,10,200,4,0,42,-69.9595,93.7791,0,12.4977,0,12.4977,1,1,1,110.786,110.752
42,17,59,10,200,4,0,43,-32.2869,106.899,0,37.2797,0,37.2797,1,1,1,110.788,110.753
42,17,59,10,200,4,0,44,73.6459,-148.823,4,25.6393,4,25.6393,1,1,3,111.504,66.8407
42,17,59,10,200,4,0,45,16.7912,-95.8764,7,61.2912,7,61.2912,1,1,3,111.504,35.5565
42,17,59,10,200,4,0,46,55.9831,76.7559,4,42.5834,4,42.5834,1,1,2,111.321,66.6583
42,17,59,10,200,4,0,47,-67.0941,-35.5726,2,14.2433,2,14.2433,1,1,3,111.505,88.9633
42,17,59,10,200,4,0,48,87.4586,25.1296,4,1.97378,4,1.97378,1,1,3,111.506,66.8429
42,17,59,10,200,4,0,49,-77.9851,74.8688,5,12.3269,5,12.3269,1,1,3,111.506,56.0853
42,17,59,10,200,4,0,50,-86.9274,-113.702,5,8.68283,5,8.68283,1,1,3,111.507,56.086
42,17,59,10,200,4,0,51,54.2439,79.1338,4,45.2202,4,45.2202,1,1,2,111.327,66.6637
42,17,59,10,200,4,0,52,-43.8152,-165.2,7,39.0221,7,39.0221,1,1,6,111.741,35.7937
42,17,59,10,200,4,0,53,-42.4478,-125.173,7,43.9411,7,43.9411,1,1,4,111.605,35.6574
42,17,59,10,200,4,0,54,-38.113,86.4579,0,38.1447,0,38.1447,1,1,1,110.8,110.766
42,17,59,10,200,4,0,55,-87.418,102.376,5,6.80889,5,6.80889,1,1,3,111.51,56.0884
42,17,59,10,200,4,0,56,-48.1331,-17.6517,3,19.6547,3,19.6547,1,1,4,111.606,77.9842
42,17,59,10,200,4,0,57,53.7996,-56.1852,4,37.9107,4,37.9107,1,1,3,111.511,66.848
42,17,59,10,200,4,0,58,-51.9363,-136.975,7,47.5597,7,47.5597,1,1,6,111.742,35.7942
42,17,59,10,200,4,0,59,-64.6431,-136.581,5,42.6074,5,42.6074,1,1,4,111.607,56.186
42,17,59,10,200,4,0,60,-52.899,84.2963,0,25.7319,0,25.7319,1,1,1,110.805,110.771
42,17,59,10,200,4,0,61,-26.2286,-173.832,7,28.2492,7,28.2492,1,1,4,111.608,35.66
42,17,59,10,200,4,0,62,-9.47392,-6.64551,9,18.2809,9,18.2809,1,1,3,111.513,11.1525
42,17,59,10,200,4,0,63,-14.7021,-24.0305,9,25.1037,9,25.1037,1,1,3,111.514,11.1531
42,17,59,10,200,4,0,64,-80.758,-5.37437,5,4.47209,5,4.47209,1,1,3,111.515,56.0936
42,17,59,10,200,4,0,65,-64.5809,-155.371,5,47.094,5,47.094,1,1,4,111.608,56.1872
42,17,59,10,200,4,0,66,30.4621,159.326,0,102.32,0,102.32,1,1,1,110.864,110.83
42,17,59,10,200,4,0,67,51.8815,153.294,4,66.7384,4,66.7384,1,1,2,111.335,66.6722
42,17,59,10,200,4,0,68,87.0629,-161.132,4,5.40137,4,5.40137,1,1,3,111.516,66.8534
42,17,59,10,200,4,0,69,-75.9395,-82.1003,5,17.2215,5,17.2215,1,1,4,111.609,56.1879
42,17,59,10,200,4,0,70,52.6628,-146.715,8,25.2746,8,25.2746,1,1,4,111.61,21.7936
42,17,59,10,200,4,0,71,-79.8619,-170.941,5,23.9271,5,23.9271,1,1,3,111.518,56.0972
42,17,59,10,200,4,0,72,7.81667,127.875,0,75.0138,0,75.0138,1,1,1,110.87,110.835
42,17,59,10,200,4,0,73,-23.563,91.7608,0,50.2151,0,50.2151,1,1,1,110.871,110.836
42,17,59,10,200,4,0,74,85.4504,3.58784,4,3.70015,4,3.70015,1,1,3,111.519,66.8561
42,17,59,10,200,4,0,75,67.59,-114.897,4,29.8363,4,29.8363,1,1,3,111.52,66.8568
42,17,59,10,200,4,0,76,-46.0579,-97.2773,3,39.8807,3,39.8807,1,1,3,111.521,77.8991
42,17,59,10,200,4,0,77,-54.3644,68.9363,0,31.1794,0,31.1794,1,1,1,110.874,110.839
42,17,59,10,200,4,0,78,38.0386,41.8669,4,56.4879,4,56.4879,1,1,3,111.521,66.8585
42,17,59,10,200,4,0,79,-67.5471,94.5612,0,12.5432,0,12.5432,1,1,1,110.875,110.841
42,17,59,10,200,4,0,80,-71.7537,-84.256,5,22.5538,5,22.5538,1,1,4,111.611,56.1894
42,17,59,10,200,4,0,81,59.5953,97.4167,4,41.8355,4,41.8355,1,1,2,111.342,66.6787
42,17,59,10,200,4,0,82,-52.465,42.9537,6,22.5328,6,22.5328,1,1,3,111.523,45.8394
42,17,59,10,200,4,0,83,35.3552,-110.804,8,44.8648,8,44.8648,1,1,5,111.715,21.8991
42,17,59,10,200,4,0,84,30.9106,98.8314,4,80.5247,4,80.5247,1,1,2,111.344,66.6809
42,17,59,10,200,4,0,85,-6.45227,-12.8532,9,23.5358,9,23.5358,1,1,3,111.524,11.1631
42,17,59,10,200,4,0,86,66.0582,7.37157,4,23.4067,4,23.4067,1,1,3,111.525,66.862
42,17,59,10,200,4,0,87,-1.89696,-32.2502,1,31.8653,1,31.8653,1,1,2,111.346,100.442
42,17,59,10,200,4,0,88,-22.3765,129.08,0,44.8389,0,44.8389,1,1,1,110.883,110.848
42,17,59,10,200,4,0,89,-60.2447,-53.8523,3,20.8773,3,20.8773,1,1,4,111.613,77.9911
42,17,59,10,200,4,0,90,-23.666,-165.309,7,21.0277,7,21.0277,1,1,3,111.526,35.5785
42,17,59,10,200,4,0,91,5.62529,40.5521,9,51.7724,9,51.7724,1,1,5,111.716,11.3551
42,17,59,10,200,4,0,92,-41.2934,82.5217,0,36.754,0,36.754,1,1,1,110.885,110.851
42,17,59,10,200,4,0,93,-35.2558,173.49,0,43.1553,0,43.1553,1,1,1,110.886,110.851
42,17,59,10,200,4,0,94,-27.8057,-25.6059,3,19.2218,3,19.2218,1,1,3,111.528,77.906
42,17,59,10,200,4,0,95,44.0258,-19.1187,4,45.1201,4,45.1201,1,1,3,111.53,66.8668
42,17,59,10,200,4,0,96,35.069,27.2423,4,57.1224,4,57.1224,1,1,3,111.53,66.8675
42,17,59,10,200,4,0,97,-50.851,145.208,0,18.802,0,18.802,1,1,1,110.889,110.854
42,17,59,10,200,4,0,98,-54.902,149.008,0,16.2198,0,16.2198,1,1,1,110.89,110.855
42,17,59,10,200,4,0,99,-72.7981,132.017,0,5.846,0,5.846,1,1,1,110.891,110.856
42,17,59,10,200,4,0,100,33.9199,21.4993,4,57.4901,4,57.4901,1,1,3,111.531,66.8685
42,17,59,10,200,4,0,101,-30.418,19.9561,9,18.3264,9,18.3264,1,1,5,111.717,11.3557
42,17,59,10,200,4,0,102,-75.5646,115.37,0,9.17615,0,9.17615,1,1,1,110.893,110.858
42,17,59,10,200,4,0,103,83.853,-15.8822,4,5.22067,4,5.22067,1,1,3,111.533,66.8701
42,17,59,10,200,4,0,104,32.2252,-132.784,8,26.7409,8,26.7409,1,1,5,111.719,21.903
42,17,59,10,200,4,0,105,55.1328,-162.882,8,24.1684,8,24.1684,1,1,4,111.615,21.7992
42,17,59,10,200,4,0,106,-59.0465,-58.4839,3,21.0266,3,21.0266,1,1,4,111.616,77.9944
42,17,59,10,200,4,0,107,28.8352,-20.6798,9,59.1776,9,59.1776,1,1,4,111.617,11.2556
42,17,59,10,200,4,0,108,-77.9811,167.159,0,16.1154,0,16.1154,1,1,1,110.898,110.863
42,17,59,10,200,4,0,109,-13.5947,-31.5735,1,22.5027,1,22.5027,1,1,2,111.355,100.451
42,17,59,10,200,4,0,110,-19.2235,-119.138,7,35.2514,7,35.2514,1,1,3,111.536,35.5886
42,17,59,10,200,4,0,111,64.6539,-148.309,8,35.3114,8,35.3114,1,1,4,111.617,21.8011
42,17,59,10,200,4,0,112,44.0523,-152.394,8,16.0539,8,16.0539,1,1,5,111.72,21.9039
42,17,59,10,200,4,0,113,88.4496,158.301,4,3.74968,4,3.74968,1,1,2,111.358,66.6949
42,17,59,10,200,4,0,114,88.307,-148.697,4,3.20925,4,3.20925,1,1,3,111.538,66.8754
42,17,59,10,200,4,0,115,55.1589,64.4537,4,41.3379,4,41.3379,1,1,2,111.359,66.6963
42,17,59,10,200,4,0,116,26.4011,-130.518,8,29.8533,8,29.8533,1,1,5,111.721,21.9045
42,17,59,10,200,4,0,117,-47.7951,81.673,0,31.2011,0,31.2011,1,1,1,110.905,110.87
42,17,59,10,200,4,0,118,82.426,-107.884,4,9.70219,4,9.70219,1,1,3,111.54,66.8772
42,17,59,10,200,4,0,119,-57.1046,49.3023,6,22.1125,6,22.1125,1,1,3,111.541,45.8575
42,17,59,10,200,4,0,120,-30.3339,176.056,0,48.9695,0,48.9695,1,1,1,110.907,110.872
42,17,59,10,200,4,0,121,33.2103,1.23917,4,56.2527,4,56.2527,1,1,3,111.542,66.8787
42,17,59,10,200,4,0,122,-31.2138,-55.9089,1,6.53817,1,6.53817,1,1,2,111.408,100.504
42,17,59,10,200,4,0,123,80.2797,-38.3898,4,9.11182,4,9.11182,1,1,3,111.542,66.8794
42,17,59,10,200,4,0,124,-34.375,-46.6301,1,5.01447,1,5.01447,1,1,2,111.412,100.508
42,17,59,10,200,4,0,125,55.0184,72.8029,4,43.0281,4,43.0281,1,1,2,111.413,66.7499
42,17,59,10,200,4,0,126,7.11613,59.3445,9,68.0288,9,68.0288,1,1,3,111.543,11.182
42,17,59,10,200,4,0,127,52.2469,-77.6631,4,42.6775,4,42.6775,1,1,3,111.544,66.8808
42,17,59,10,200,4,0,128,43.4751,101.393,4,64.653,4,64.653,1,1,2,111.415,66.7521
42,17,59,10,200,4,0,129,-49.6813,83.5642,0,28.7599,0,28.7599,1,1,1,110.913,110.879
42,17,59,10,200,4,0,130,66.3479,-169.045,8,35.5135,8,35.5135,1,1,4,111.619,21.8028
42,17,59,10,200,4,0,131,-15.991,5.49808,9,12.1694,9,12.1694,1,1,5,111.721,11.3603
42,17,59,10,200,4,0,132,-59.7814,52.4278,6,21.919,6,21.919,1,1,3,111.546,45.8626
42,17,59,10,200,4,0,133,-46.4145,-134.711,7,43.1461,7,43.1461,1,1,4,111.62,35.6724
42,17,59,10,200,4,0,134,62.2718,-27.0382,4,27.0375,4,27.0375,1,1,3,111.547,66.8845
42,17,59,10,200,4,0,135,47.2958,-116.124,8,40.6631,8,40.6631,1,1,4,111.621,21.8047
42,17,59,10,200,4,0,136,-15.4909,-18.9878,9,20.6142,9,20.6142,1,1,3,111.549,11.1877
42,17,59,10,200,4,0,137,32.5574,86.5905,4,74.3618,4,74.3618,1,1,2,111.421,66.7578
42,17,59,10,200,4,0,138,52.5517,45.6742,4,41.2245,4,41.2245,1,1,3,111.549,66.8865
42,17,59,10,200,4,0,139,-65.8996,-143.647,5,42.2549,5,42.2549,1,1,4,111.621,56.2003
42,17,59,10,200,4,0,140,89.5221,158.237,4,2.14698,4,2.14698,1,1,2,111.423,66.7599
42,17,59,10,200,4,0,141,54.578,13.2764,4,35.4179,4,35.4179,1,1,3,111.551,66.8878
42,17,59,10,200,4,0,142,18.791,33.65,9,56.9171,9,56.9171,1,1,4,111.67,11.3089
42,17,59,10,200,4,0,143,57.8066,-55.4678,4,33.5742,4,33.5742,1,1,3,111.552,66.8892
42,17,59,10,200,4,0,144,-22.4785,-163.749,7,19.2149,7,19.2149,1,1,3,111.553,35.605
42,17,59,10,200,4,0,145,-75.9518,-92.2611,5,18.6597,5,18.6597,1,1,4,111.672,56.2513
42,17,59,10,200,4,0,146,-76.397,-3.8857,2,2.29063,2,2.29063,1,1,2,111.427,88.8848
42,17,59,10,200,4,0,147,46.6185,-92.3568,4,52.044,4,52.044,1,1,3,111.554,66.8911
42,17,59,10,200,4,0,148,-65.729,-179.592,5,50.7928,5,50.7928,1,1,4,111.673,56.2523
42,17,59,10,200,4,0,149,-23.5338,173.086,0,54.2953,0,54.2953,1,1,1,110.93,110.895
42,17,59,10,200,4,0,150,-13.3151,-132.476,7,21.1987,7,21.1987,1,1,3,111.555,35.6075
42,17,59,10,200,4,0,151,-61.5194,122.388,0,6.03737,0,6.03737,1,1,1,110.931,110.896
42,17,59,10,200,4,0,152,14.2681,122.076,0,81.589,0,81.589,1,1,1,110.932,110.897
42,17,59,10,200,4,0,153,14.4892,-46.3604,1,44.1755,1,44.1755,1,1,2,111.429,100.526
42,17,59,10,200,4,0,154,-6.12483,77.1792,0,73.0499,0,73.0499,1,1,1,110.934,110.899
42,17,59,10,200,4,0,155,-5.00358,-13.2055,9,24.9837,9,24.9837,1,1,3,111.556,11.1948
42,17,59,10,200,4,0,156,27.7083,-80.8511,1,65.81,1,65.81,1,1,2,111.431,100.527
42,17,59,10,200,4,0,157,-89.9646,-87.0014,5,6.45562,5,6.45562,1,1,3,111.556,56.1354
42,17,59,10,200,4,0,158,66.3995,115.684,4,35.4367,4,35.4367,1,1,2,111.432,66.769
42,17,59,10,200,4,0,159,18.7654,-92.1581,1,65.0142,1,65.0142,1,1,2,111.433,100.529
42,17,59,10,200,4,0,160,65.9674,65.6271,4,28.6178,4,28.6178,1,1,3,111.559,66.896
42,17,59,10,200,4,0,161,-2.2096,159.141,0,70.1059,0,70.1059,1,1,1,110.939,110.904
42,17,59,10,200,4,0,162,-59.1293,-91.1823,3,36.2061,3,36.2061,1,1,4,111.674,78.0528
42,17,59,10,200,4,0,163,-56.608,-69.7165,3,23.8819,3,23.8819,1,1,3,111.56,77.9388
42,17,59,10,200,4,0,164,-45.3871,19.7165,6,20.6458,6,20.6458,1,1,4,111.675,45.9918
42,17,59,10,200,4,0,165,-38.3155,62.5956,6,43.691,6,43.691,1,1,2,111.436,45.7525
42,17,59,10,200,4,0,166,33.6203,-19.6696,4,55.555,4,55.555,1,1,3,111.562,66.8987
42,17,59,10,200,4,0,167,2.49181,-84.2232,1,47.2692,1,47.2692,1,1,2,111.437,100.533
42,17,59,10,200,4,0,168,-38.7967,-146.038,7,32.963,7,32.963,1,1,4,111.676,35.7281
42,17,59,10,200,4,0,169,24.7082,90.1569,4,85.3725,4,85.3725,1,1,2,111.439,66.7757
42,17,59,10,200,4,0,170,55.5706,-140.591,8,29.9788,8,29.9788,1,1,4,111.677,21.8605
42,17,59,10,200,4,0,171,-51.5243,-13.4421,6,16.8387,6,16.8387,1,1,5,111.722,46.0386
42,17,59,10,200,4,0,172,-20.7209,-102.978,1,50.0553,1,50.0553,1,1,2,111.441,100.537
42,17,59,10,200,4,0,173,39.7782,-88.6429,4,59.2414,4,59.2414,1,1,3,111.565,66.9018
42,17,59,10,200,4,0,174,-83.6469,-62.9128,5,6.98781,5,6.98781,1,1,3,111.565,56.1443
42,17,59,10,200,4,0,175,-0.400482,144.641,0,68.3576,0,68.3576,1,1,1,110.949,110.914
42,17,59,10,200,4,0,176,-88.6428,174.78,5,10.0471,5,10.0471,1,1,2,111.443,56.0215
42,17,59,10,200,4,0,177,61.891,-115.544,4,37.4942,4,37.4942,1,1,3,111.567,66.9037
42,17,59,10,200,4,0,178,-48.2012,-169.434,7,44.2951,7,44.2951,1,1,5,111.725,35.7773
42,17,59,10,200,4,0,179,-2.63039,-7.17665,9,25.0149,9,25.0149,1,1,3,111.568,11.2071
42,17,59,10,200,4,0,180,15.1413,98.1083,0,86.3719,0,86.3719,1,1,1,110.952,110.917
42,17,59,10,200,4,0,181,-62.2905,-82.4769,3,32.8453,3,32.8453,1,1,4,111.679,78.0574
42,17,59,10,200,4,0,182,-50.7806,60.4026,6,31.9105,6,31.9105,1,1,3,111.569,45.886
42,17,59,10,200,4,0,183,6.64997,0.845245,9,33.4759,9,33.4759,1,1,3,111.57,11.209
42,17,59,10,200,4,0,184,47.1823,-117.284,8,39.8215,8,39.8215,1,1,4,111.68,21.8635
42,17,59,10,200,4,0,185,-44.4989,25.5059,6,22.9091,6,22.9091,1,1,4,111.682,45.9988
42,17,59,10,200,4,0,186,-38.9372,-12.0466,9,15.5322,9,15.5322,1,1,4,111.683,11.3218
42,17,59,10,200,4,0,187,-83.9681,60.6839,5,5.3278,5,5.3278,1,1,3,111.575,56.1536
42,17,59,10,200,4,0,188,32.4878,91.6203,4,76.0676,4,76.0676,1,1,2,111.45,66.7866
42,17,59,10,200,4,0,189,76.0205,77.6819,4,17.5287,4,17.5287,1,1,2,111.45,66.7874
42,17,59,10,200,4,0,190,-75.6463,-28.7599,2,7.83947,2,7.83947,1,1,3,111.575,89.0336
42,17,59,10,200,4,0,191,21.1615,-148.578,8,17.0883,8,17.0883,1,1,5,111.726,21.9097
42,17,59,10,200,4,0,192,-16.99,-13.8951,9,15.8278,9,15.8278,1,1,3,111.577,11.2157
42,17,59,10,200,4,0,193,-42.0612,49.6175,6,34.1845,6,34.1845,1,1,3,111.577,45.894
42,17,59,10,200,4,0,194,-1.66456,90.6168,0,72.1255,0,72.1255,1,1,1,110.963,110.928
42,17,59,10,200,4,0,195,-68.7796,-153.047,5,39.6363,5,39.6363,1,1,4,111.684,56.2631
42,17,59,10,200,4,0,196,4.36254,-82.1402,1,47.2216,1,47.2216,1,1,2,111.454,100.551
42,17,59,10,200,4,0,197,-27.7618,87.1638,0,47.8042,0,47.8042,1,1,1,110.965,110.93
42,17,59,10,200,4,0,198,79.1312,137.776,4,18.3693,4,18.3693,1,1,2,111.455,66.792
42,17,59,10,200,4,0,199,-45.9955,72.6271,0,36.7477,0,36.7477,1,1,1,110.967,110.932
42,18,60,10,200,4,0,0,-38.9928,-108.153,2,47.8616,2,47.8616,1,1,3,109.814,88.8423
42,18,60,10,200,4,0,1,-70.62,-108.828,2,16.1693,2,16.1693,1,1,3,109.816,88.8445
42,18,60,10,200,4,0,2,-51.8222,-112.855,2,35.1926,2,35.1926,1,1,3,109.817,88.8452
42,18,60,10,200,4,0,3,0.529305,55.5082,9,7.89447,9,7.89447,1,1,4,109.93,11.6369
42,18,60,10,200,4,0,4,84.0036,-96.7961,0,3.47665,0,3.47665,1,1,1,109.44,109.411
42,18,60,10,200,4,0,5,66.6076,162.721,8,22.3577,8,22.3577,1,1,3,109.818,22.2837
42,18,60,10,200,4,0,6,-0.705124,-177.026,3,63.5564,3,63.5564,1,1,3,109.819,77.9179
42,18,60,10,200,4,0,7,24.7767,5.2393,9,52.1801,9,52.1801,1,1,4,109.93,11.6376
42,18,60,10,200,4,0,8,-48.058,-81.3553,2,39.2157,2,39.2157,1,1,3,109.82,88.8489
42,18,60,10,200,4,0,9,33.9118,11.9527,7,48.009,7,48.009,1,1,3,109.821,34.3945
42,18,60,10,200,4,0,10,58.4527,80.5605,8,15.3736,8,15.3736,1,1,3,109.822,22.2873
42,18,60,10,200,4,0,11,-51.7824,132.554,1,36.8829,1,36.8829,1,1,2,109.65,99.4223
42,18,60,10,200,4,0,12,-37.4884,-119.732,2,50.1273,2,50.1273,1,1,3,109.823,88.8511
42,18,60,10,200,4,0,13,-17.1479,-128.46,3,43.1255,3,43.1255,1,1,3,109.823,77.9223
42,18,60,10,200,4,0,14,85.407,162.31,0,15.7037,0,15.7037,1,1,1,109.45,109.421
42,18,60,10,200,4,0,15,54.2141,-87.1717,0,33.1536,0,33.1536,1,1,1,109.451,109.422
42,18,60,10,200,4,0,16,-62.9213,147.188,5,31.5484,5,31.5484,1,1,3,109.824,55.159
42,18,60,10,200,4,0,17,-7.99986,-49.487,4,68.7657,4,68.7657,1,1,4,109.931,67.7899
42,18,60,10,200,4,0,18,-72.8337,165.059,5,23.18,5,23.18,1,1,3,109.825,55.1605
42,18,60,10,200,4,0,19,-86.9894,-157.66,2,3.2517,2,3.2517,1,1,3,109.826,88.8549
42,18,60,10,200,4,0,20,-55.8686,139.236,1,36.84,1,36.84,1,1,2,109.655,99.4273
42,18,60,10,200,4,0,21,-87.4696,66.8526,5,3.84244,5,3.84244,1,1,4,109.932,55.2667
42,18,60,10,200,4,0,22,71.1051,54.6143,7,14.5064,7,14.5064,1,1,2,109.656,34.2298
42,18,60,10,200,4,0,23,-53.9541,-133.906,2,34.7595,2,34.7595,1,1,3,109.828,88.8563
42,18,60,10,200,4,0,24,76.6295,139.915,8,16.7399,8,16.7399,1,1,3,109.828,22.2939
42,18,60,10,200,4,0,25,29.0234,90.1644,8,37.0335,8,37.0335,1,1,4,109.932,22.3978
42,18,60,10,200,4,0,26,20.238,134.482,8,46.58,8,46.58,1,1,4,109.933,22.3985
42,18,60,10,200,4,0,27,21.359,145.499,8,49.2316,8,49.2316,1,1,4,109.934,22.3992
42,18,60,10,200,4,0,28,-82.6249,-171.578,2,7.87939,2,7.87939,1,1,3,109.831,88.8597
42,18,60,10,200,4,0,29,-81.4803,-174.436,2,9.35007,2,9.35007,1,1,3,109.832,88.8604
42,18,60,10,200,4,0,30,85.3663,125.467,7,12.9086,7,12.9086,1,1,2,109.665,34.2381
42,18,60,10,200,4,0,31,-40.8037,-135.11,2,48.5612,2,48.5612,1,1,3,109.833,88.8611
42,18,60,10,200,4,0,32,46.3278,82.3928,8,23.4541,8,23.4541,1,1,3,109.833,22.2988
42,18,60,10,200,4,0,33,-2.29855,126.988,8,67.0712,8,67.0712,1,1,3,109.834,22.2995
42,18,60,10,200,4,0,34,33.7259,1.424,7,48.5937,7,48.5937,1,1,2,109.668,34.241
42,18,60,10,200,4,0,35,74.664,135.715,8,14.5508,8,14.5508,1,1,3,109.835,22.3002
42,18,60,10,200,4,0,36,-19.6698,154.389,1,79.0373,1,79.0373,1,1,2,109.669,99.4418
42,18,60,10,200,4,0,37,11.2836,-77.1295,3,40.5623,3,40.5623,1,1,2,109.67,77.7695
42,18,60,10,200,4,0,38,14.5016,94.659,9,37.541,9,37.541,1,1,4,109.934,11.6416
42,18,60,10,200,4,0,39,-15.5177,2.26215,4,25.0159,4,25.0159,1,1,3,109.838,67.6965
42,18,60,10,200,4,0,40,27.2872,-152.989,3,32.1126,3,32.1126,1,1,2,109.673,77.7717
42,18,60,10,200,4,0,41,-43.7867,-84.9496,2,43.2957,2,43.2957,1,1,3,109.838,88.8669
42,18,60,10,200,4,0,42,80.7467,135.145,7,18.4235,7,18.4235,1,1,2,109.674,34.2476
42,18,60,10,200,4,0,43,-59.7252,176.244,5,42.4945,5,42.4945,1,1,3,109.839,55.1741
42,18,60,10,200,4,0,44,71.7834,-102.411,0,15.9033,0,15.9033,1,1,1,109.477,109.447
42,18,60,10,200,4,0,45,-89.0961,134.299,5,7.03331,5,7.03331,1,1,4,109.935,55.2699
42,18,60,10,200,4,0,46,-78.4718,-79.7997,2,8.57397,2,8.57397,1,1,3,109.842,88.8705
42,18,60,10,200,4,0,47,89.5947,115.712,0,5.77927,0,5.77927,1,1,1,109.479,109.45
42,18,60,10,200,4,0,48,-88.7035,-5.40775,2,4.28716,2,4.28716,1,1,3,109.843,88.8713
42,18,60,10,200,4,0,49,31.3501,70.0448,9,26.1603,9,26.1603,1,1,6,110.004,11.7114
42,18,60,10,200,4,0,50,88.0081,32.0284,0,4.76133,0,4.76133,1,1,1,109.482,109.453
42,18,60,10,200,4,0,51,12.8797,-43.3234,3,71.1388,3,71.1388,1,1,2,109.678,77.7775
42,18,60,10,200,4,0,52,3.20864,-131.674,3,25.4334,3,25.4334,1,1,2,109.679,77.7783
42,18,60,10,200,4,0,53,29.7735,-144.58,3,24.7276,3,24.7276,1,1,2,109.68,77.7791
42,18,60,10,200,4,0,54,71.4927,-151.488,0,20.0575,0,20.0575,1,1,1,109.486,109.457
42,18,60,10,200,4,0,55,18.8413,17.5599,9,39.6556,9,39.6556,1,1,3,109.844,11.5518
42,18,60,10,200,4,0,56,-62.2384,130.109,1,28.204,1,28.204,1,1,2,109.681,99.4538
42,18,60,10,200,4,0,57,56.3052,-142.984,0,35.9928,0,35.9928,1,1,1,109.488,109.459
42,18,60,10,200,4,0,58,42.6269,173.16,8,43.0044,8,43.0044,1,1,3,109.845,22.3107
42,18,60,10,200,4,0,59,-73.37,48.8206,6,10.2057,6,10.2057,1,1,3,109.846,44.9015
42,18,60,10,200,4,0,60,-54.6256,-144.932,2,35.4666,2,35.4666,1,1,3,109.847,88.8752
42,18,60,10,200,4,0,61,1.56003,-86.1948,3,38.123,3,38.123,1,1,2,109.684,77.7834
42,18,60,10,200,4,0,62,-22.366,2.30942,4,19.4671,4,19.4671,1,1,3,109.847,67.7062
42,18,60,10,200,4,0,63,-75.2414,-42.1388,2,14.5201,2,14.5201,1,1,3,109.848,88.8766
42,18,60,10,200,4,0,64,88.4508,92.2174,0,6.55961,0,6.55961,1,1,1,109.495,109.465
42,18,60,10,200,4,0,65,-76.047,172.918,5,20.5778,5,20.5778,1,1,3,109.849,55.1838
42,18,60,10,200,4,0,66,-27.8771,53.6653,4,31.12,4,31.12,1,1,3,109.85,67.7087
42,18,60,10,200,4,0,67,-25.2027,130.663,1,60.1591,1,60.1591,1,1,2,109.689,99.4618
42,18,60,10,200,4,0,68,50.9958,-170.858,0,47.5617,0,47.5617,1,1,1,109.498,109.469
42,18,60,10,200,4,0,69,83.0418,64.9771,7,6.87608,7,6.87608,1,1,2,109.69,34.2636
42,18,60,10,200,4,0,70,-71.1734,23.7662,6,11.0037,6,11.0037,1,1,4,109.936,44.9918
42,18,60,10,200,4,0,71,-48.7315,-86.8236,2,38.2281,2,38.2281,1,1,3,109.851,88.8798
42,18,60,10,200,4,0,72,-13.0624,-164.853,3,60.3499,3,60.3499,1,1,3,109.852,77.9509
42,18,60,10,200,4,0,73,-24.9036,-120.871,3,49.5698,3,49.5698,1,1,3,109.853,77.9516
42,18,60,10,200,4,0,74,-85.8464,-16.5471,2,5.4464,2,5.4464,1,1,3,109.853,88.8819
42,18,60,10,200,4,0,75,53.9748,-100.944,3,32.0738,3,32.0738,1,1,2,109.694,77.7935
42,18,60,10,200,4,0,76,9.26035,-68.9303,3,48.8441,3,48.8441,1,1,2,109.695,77.7942
42,18,60,10,200,4,0,77,-3.5695,153.789,8,76.6346,8,76.6346,1,1,3,109.854,22.3195
42,18,60,10,200,4,0,78,56.6896,22.3782,7,25.437,7,25.437,1,1,2,109.697,34.27
42,18,60,10,200,4,0,79,-34.175,110.281,1,41.8217,1,41.8217,1,1,2,109.697,99.4696
42,18,60,10,200,4,0,80,-32.7022,-40.4441,4,48.5861,4,48.5861,1,1,4,109.937,67.7959
42,18,60,10,200,4,0,81,51.5994,58.8413,8,30.178,8,30.178,1,1,3,109.855,22.3209
42,18,60,10,200,4,0,82,-83.3894,-127.207,2,4.08954,2,4.08954,1,1,3,109.856,88.8847
42,18,60,10,200,4,0,83,4.75219,115.213,9,58.0556,9,58.0556,1,1,4,109.937,11.6449
42,18,60,10,200,4,0,84,-59.0326,-4.41209,6,25.0512,6,25.0512,1,1,4,109.94,44.9954
42,18,60,10,200,4,0,85,0.0949478,-80.4118,3,43.6438,3,43.6438,1,1,2,109.702,77.8006
42,18,60,10,200,4,0,86,-80.323,82.7269,5,4.17496,5,4.17496,1,1,3,109.858,55.1932
42,18,60,10,200,4,0,87,6.38231,-6.77065,4,48.7758,4,48.7758,1,1,3,109.859,67.7178
42,18,60,10,200,4,0,88,48.9371,142.957,8,23.0638,8,23.0638,1,1,3,109.86,22.3251
42,18,60,10,200,4,0,89,26.1792,106.181,8,37.2089,8,37.2089,1,1,4,109.941,22.4061
42,18,60,10,200,4,0,90,-26.7948,-19.692,4,33.6742,4,33.6742,1,1,3,109.862,67.7213
42,18,60,10,200,4,0,91,-87.3814,144.931,5,7.33401,5,7.33401,1,1,4,109.941,55.2763
42,18,60,10,200,4,0,92,45.6889,-1.90182,7,36.8321,7,36.8321,1,1,2,109.706,34.2798
42,18,60,10,200,4,0,93,59.3599,24.7568,7,22.8825,7,22.8825,1,1,2,109.707,34.2808
42,18,60,10,200,4,0,94,-79.7618,-129.63,2,7.79746,2,7.79746,1,1,3,109.864,88.8924
42,18,60,10,200,4,0,95,-22.4812,-44.9281,4,56.771,4,56.771,1,1,4,109.942,67.8008
42,18,60,10,200,4,0,96,4.96283,-121.764,3,20.0291,3,20.0291,1,1,2,109.71,77.8086
42,18,60,10,200,4,0,97,-83.0434,23.1468,6,0.883887,6,0.883887,1,1,5,109.982,45.0376
42,18,60,10,200,4,0,98,-34.4852,23.4176,4,4.4652,4,4.4652,1,1,3,109.866,67.7249
42,18,60,10,200,4,0,99,-20.8202,-7.03546,4,26.9183,4,26.9183,1,1,3,109.868,67.7272
42,18,60,10,200,4,0,100,-80.4972,138.549,5,10.6953,5,10.6953,1,1,3,109.869,55.2041
42,18,60,10,200,4,0,101,46.2764,-141.64,3,29.3604,3,29.3604,1,1,2,109.717,77.8158
42,18,60,10,200,4,0,102,20.6382,-74.6827,3,39.6469,3,39.6469,1,1,2,109.718,77.8166
42,18,60,10,200,4,0,103,15.7945,-40.8494,3,72.4016,3,72.4016,1,1,2,109.718,77.8173
42,18,60,10,200,4,0,104,-55.8626,-96.0527,2,30.8281,2,30.8281,1,1,3,109.87,88.8984
42,18,60,10,200,4,0,105,-57.3341,14.6852,4,21.5089,4,21.5089,1,1,3,109.87,67.7295
42,18,60,10,200,4,0,106,32.1277,-109.431,3,10.3383,3,10.3383,1,1,2,109.721,77.8196
42,18,60,10,200,4,0,107,-10.1918,-24.3669,4,46.9275,4,46.9275,1,1,3,109.871,67.7302
42,18,60,10,200,4,0,108,34.3336,-81.6638,3,32.6377,3,32.6377,1,1,2,109.722,77.8212
42,18,60,10,200,4,0,109,-89.805,89.1435,5,6.33287,5,6.33287,1,1,4,109.943,55.2783
42,18,60,10,200,4,0,110,-15.647,-44.5724,4,60.1054,4,60.1054,1,1,4,109.944,67.8028
42,18,60,10,200,4,0,111,-67.8923,158.632,5,27.9988,5,27.9988,1,1,3,109.873,55.2085
42,18,60,10,200,4,0,112,6.83196,-121.871,3,18.2257,3,18.2257,1,1,2,109.725,77.8243
42,18,60,10,200,4,0,113,0.889183,124.694,8,63.5112,8,63.5112,1,1,3,109.874,22.3396
42,18,60,10,200,4,0,114,40.7732,140.138,8,28.9359,8,28.9359,1,1,3,109.875,22.3404
42,18,60,10,200,4,0,115,-31.1709,100.552,1,40.7282,1,40.7282,1,1,2,109.727,99.4999
42,18,60,10,200,4,0,116,49.3437,-149.789,3,35.8382,3,35.8382,1,1,2,109.728,77.8273
42,18,60,10,200,4,0,117,69.4557,-40.0362,7,18.1158,7,18.1158,1,1,2,109.729,34.3024
42,18,60,10,200,4,0,118,-22.2359,-9.49956,4,27.8722,4,27.8722,1,1,3,109.876,67.7345
42,18,60,10,200,4,0,119,49.5572,23.803,7,32.6541,7,32.6541,1,1,2,109.73,34.3039
42,18,60,10,200,4,0,120,37.2239,164.446,8,43.1991,8,43.1991,1,1,3,109.876,22.3418
42,18,60,10,200,4,0,121,-70.7559,-41.2968,6,19.1637,6,19.1637,1,1,4,109.945,45.0002
42,18,60,10,200,4,0,122,-62.4923,18.1045,6,19.7778,6,19.7778,1,1,3,109.878,44.9332
42,18,60,10,200,4,0,123,57.1681,123.683,8,8.92653,8,8.92653,1,1,3,109.878,22.3439
42,18,60,10,200,4,0,124,58.2203,114.726,8,5.43689,8,5.43689,1,1,3,109.879,22.3446
42,18,60,10,200,4,0,125,16.413,-94.8534,3,22.6469,3,22.6469,1,1,2,109.734,77.8335
42,18,60,10,200,4,0,126,-54.9231,77.0415,1,11.4023,1,11.4023,1,1,2,109.735,99.5076
42,18,60,10,200,4,0,127,-58.1109,83.8177,1,10.6928,1,10.6928,1,1,2,109.736,99.5083
42,18,60,10,200,4,0,128,67.5851,65.5566,8,19.2061,8,19.2061,1,1,3,109.88,22.3453
42,18,60,10,200,4,0,129,14.2556,36.7165,9,20.6579,9,20.6579,1,1,4,109.945,11.6526
42,18,60,10,200,4,0,130,12.8473,146.169,8,57.6905,8,57.6905,1,1,3,109.881,22.3467
42,18,60,10,200,4,0,131,-21.3658,-55.618,4,66.4475,4,66.4475,1,1,4,109.946,67.8048
42,18,60,10,200,4,0,132,88.1901,-83.8201,0,0.833731,0,0.833731,1,1,1,109.553,109.524
42,18,60,10,200,4,0,133,42.1729,-48.0916,0,47.7917,0,47.7917,1,1,1,109.554,109.525
42,18,60,10,200,4,0,134,43.3402,3.46022,7,38.8329,7,38.8329,1,1,2,109.74,34.3137
42,18,60,10,200,4,0,135,77.8557,-18.8719,7,6.9363,7,6.9363,1,1,2,109.741,34.3144
42,18,60,10,200,4,0,136,-6.04675,-165.8,3,56.7141,3,56.7141,1,1,3,109.883,77.9816
42,18,60,10,200,4,0,137,59.9156,42.9218,7,24.058,7,24.058,1,1,2,109.742,34.3158
42,18,60,10,200,4,0,138,16.152,54.1676,9,8.28703,9,8.28703,1,1,4,109.947,11.6539
42,18,60,10,200,4,0,139,-6.69784,-31.2553,4,54.626,4,54.626,1,1,5,109.983,67.8419
42,18,60,10,200,4,0,140,-5.55312,-160.57,3,52.1297,3,52.1297,1,1,3,109.886,77.985
42,18,60,10,200,4,0,141,26.9457,59.0475,9,18.7559,9,18.7559,1,1,6,110.005,11.7121
42,18,60,10,200,4,0,142,48.2359,117.67,8,15.5486,8,15.5486,1,1,3,109.887,22.3529
42,18,60,10,200,4,0,143,-18.5674,51.642,9,27.3737,9,27.3737,1,1,4,109.948,11.6558
42,18,60,10,200,4,0,144,1.61304,171.376,8,80.225,8,80.225,1,1,3,109.889,22.3546
42,18,60,10,200,4,0,145,-45.8207,-151.079,2,45.9085,2,45.9085,1,1,3,109.89,88.9183
42,18,60,10,200,4,0,146,68.7729,45.627,7,15.5006,7,15.5006,1,1,2,109.75,34.3236
42,18,60,10,200,4,0,147,-13.3487,133.926,1,73.3555,1,73.3555,1,1,2,109.751,99.5232
42,18,60,10,200,4,0,148,70.9034,-122.352,0,17.9266,0,17.9266,1,1,1,109.566,109.537
42,18,60,10,200,4,0,149,-47.0828,48.4872,1,20.7376,1,20.7376,1,1,2,109.752,99.5239
42,18,60,10,200,4,0,150,30.5543,-118.454,3,6.07882,3,6.07882,1,1,2,109.752,77.8513
42,18,60,10,200,4,0,151,-75.1923,-130.985,2,12.5346,2,12.5346,1,1,3,109.89,88.919
42,18,60,10,200,4,0,152,-52.1273,149.447,5,44.9013,5,44.9013,1,1,3,109.891,55.2262
42,18,60,10,200,4,0,153,45.9685,108.05,8,17.3504,8,17.3504,1,1,3,109.892,22.3574
42,18,60,10,200,4,0,154,11.8071,-101.459,3,19.802,3,19.802,1,1,2,109.755,77.854
42,18,60,10,200,4,0,155,-51.6029,-167.492,2,42.7011,2,42.7011,1,1,3,109.895,88.9233
42,18,60,10,200,4,0,156,-41.0142,130.686,1,45.3124,1,45.3124,1,1,2,109.757,99.5289
42,18,60,10,200,4,0,157,35.7777,-165.557,3,43.112,3,43.112,1,1,2,109.757,77.8563
42,18,60,10,200,4,0,158,34.1775,-145.579,3,26.3679,3,26.3679,1,1,2,109.758,77.857
42,18,60,10,200,4,0,159,33.0428,-108.419,3,11.5916,3,11.5916,1,1,2,109.759,77.8579
42,18,60,10,200,4,0,160,-77.1014,154.444,5,16.4099,5,16.4099,1,1,3,109.896,55.2308
42,18,60,10,200,4,0,161,-39.7491,163.343,1,64.076,1,64.076,1,1,2,109.76,99.5326
42,18,60,10,200,4,0,162,10.0356,73.8044,9,16.79,9,16.79,1,1,5,109.984,11.6918
42,18,60,10,200,4,0,163,58.6345,-18.122,7,25.5627,7,25.5627,1,1,2,109.762,34.335
42,18,60,10,200,4,0,164,65.7264,-156.897,0,27.4024,0,27.4024,1,1,1,109.582,109.553
42,18,60,10,200,4,0,165,-74.8174,12.5614,6,7.73172,6,7.73172,1,1,4,109.95,45.0054
42,18,60,10,200,4,0,166,-47.6753,-120.02,2,39.836,2,39.836,1,1,3,109.898,88.9266
42,18,60,10,200,4,0,167,30.7883,-19.6052,7,54.2541,7,54.2541,1,1,2,109.765,34.3387
42,18,60,10,200,4,0,168,-75.2864,-26.4865,6,12.1074,6,12.1074,1,1,4,109.952,45.0074
42,18,60,10,200,4,0,169,-45.7779,53.0414,1,20.8643,1,20.8643,1,1,2,109.767,99.5392
42,18,60,10,200,4,0,170,26.0274,-14.7615,7,58.2506,7,58.2506,1,1,3,109.899,34.4729
42,18,60,10,200,4,0,171,32.7747,150.026,8,40.3326,8,40.3326,1,1,4,109.953,22.4181
42,18,60,10,200,4,0,172,-32.0379,-42.8952,4,50.8514,4,50.8514,1,1,4,109.953,67.8122
42,18,60,10,200,4,0,173,82.2349,-175.721,0,9.72231,0,9.72231,1,1,1,109.589,109.56
42,18,60,10,200,4,0,174,-4.23724,50.5554,9,14.0466,9,14.0466,1,1,4,109.954,11.6612
42,18,60,10,200,4,0,175,-52.0698,17.3226,4,16.1183,4,16.1183,1,1,3,109.902,67.7612
42,18,60,10,200,4,0,176,12.4997,-3.63788,4,52.9964,4,52.9964,1,1,2,109.773,67.6316
42,18,60,10,200,4,0,177,0.332817,-134.929,3,29.6439,3,29.6439,1,1,3,109.903,78.002
42,18,60,10,200,4,0,178,-54.9168,-62.0654,2,34.0135,2,34.0135,1,1,3,109.904,88.9323
42,18,60,10,200,4,0,179,13.4743,-158.381,3,40.2822,3,40.2822,1,1,2,109.775,77.874
42,18,60,10,200,4,0,180,-19.4809,57.3137,9,27.7872,9,27.7872,1,1,4,109.954,11.6618
42,18,60,10,200,4,0,181,17.0903,45.6874,9,14.0216,9,14.0216,1,1,4,109.955,11.6624
42,18,60,10,200,4,0,182,58.6471,-84.2428,0,28.71,0,28.71,1,1,1,109.596,109.567
42,18,60,10,200,4,0,183,-76.9589,146.721,5,15.3854,5,15.3854,1,1,3,109.906,55.2409
42,18,60,10,200,4,0,184,34.6354,-65.4735,3,46.2809,3,46.2809,1,1,2,109.778,77.8767
42,18,60,10,200,4,0,185,9.88135,-58.6745,3,57.9947,3,57.9947,1,1,2,109.778,77.8774
42,18,60,10,200,4,0,186,49.8825,-94.688,3,31.1378,3,31.1378,1,1,2,109.779,77.8781
42,18,60,10,200,4,0,187,-44.3241,-144.311,2,46.3174,2,46.3174,1,1,3,109.907,88.9351
42,18,60,10,200,4,0,188,21.2084,-104.178,3,12.6445,3,12.6445,1,1,2,109.78,77.8795
42,18,60,10,200,4,0,189,-70.0158,-146.058,2,19.1718,2,19.1718,1,1,3,109.908,88.937
42,18,60,10,200,4,0,190,63.1885,-64.1713,0,24.7208,0,24.7208,1,1,1,109.602,109.572
42,18,60,10,200,4,0,191,25.6325,-28.6234,7,61.4601,7,61.4601,1,1,2,109.782,34.3553
42,18,60,10,200,4,0,192,56.0954,-128.069,3,32.5786,3,32.5786,1,1,2,109.782,77.8815
42,18,60,10,200,4,0,193,8.22358,-177.643,3,60.0423,3,60.0423,1,1,2,109.783,77.8825
42,18,60,10,200,4,0,194,-5.06736,-136.604,3,35.1368,3,35.1368,1,1,3,109.909,78.0082
42,18,60,10,200,4,0,195,-78.0117,130.903,5,11.9929,5,11.9929,1,1,3,109.91,55.245
42,18,60,10,200,4,0,196,50.3547,58.1572,8,31.45,8,31.45,1,1,3,109.911,22.3762
42,18,60,10,200,4,0,197,-1.70457,38.0036,9,21.3444,9,21.3444,1,1,4,109.956,11.663
42,18,60,10,200,4,0,198,76.9572,22.673,7,5.25764,7,5.25764,1,1,2,109.787,34.3603
42,18,60,10,200,4,0,199,2.3625,43.1852,9,14.8805,9,14.8805,1,1,4,109.956,11.6636
42,19,61,10,200,4,0,0,64.6842,-178.354,6,19.8086,6,19.8086,1,1,2,108.459,44.4757
42,19,61,10,200,4,0,1,55.6931,26.2552,1,25.6266,1,25.6266,1,1,2,108.46,97.6769
42,19,61,10,200,4,0,2,79.7583,-120.841,6,2.84165,6,2.84165,1,1,3,108.621,44.6377
42,19,61,10,200,4,0,3,-50.8855,126.69,8,50.6461,8,50.6461,1,1,5,108.855,22.0363
42,19,61,10,200,4,0,4,10.3071,-161.993,0,63.6097,0,63.6097,1,1,1,108.26,108.231
42,19,61,10,200,4,0,5,88.0781,-35.8434,3,4.64146,3,4.64146,1,1,4,108.762,77.1989
42,19,61,10,200,4,0,6,-48.8766,155.322,8,62.1931,8,62.1931,1,1,5,108.856,22.0372
42,19,61,10,200,4,0,7,73.0179,-114.735,6,8.69977,6,8.69977,1,1,2,108.464,44.4803
42,19,61,10,200,4,0,8,-21.8556,144.911,8,94.5039,8,94.5039,1,1,5,108.857,22.0381
42,19,61,10,200,4,0,9,-62.9331,175.017,8,47.0604,8,47.0604,1,1,5,108.858,22.0389
42,19,61,10,200,4,0,10,6.74776,70.2972,4,24.6282,4,24.6282,1,1,3,108.625,66.7854
42,19,61,10,200,4,0,11,-30.6989,-6.49362,8,56.3586,8,56.3586,1,1,5,108.859,22.0397
42,19,61,10,200,4,0,12,56.671,-79.6164,9,16.4504,0,19.1859,1.16629,0,1,108.268,108.239
42,19,61,10,200,4,0,13,-3.95206,125.09,4,79.3186,4,79.3186,1,1,4,108.765,66.9249
42,19,61,10,200,4,0,14,63.5991,-101.638,0,6.73297,0,6.73297,1,1,1,108.271,108.242
42,19,61,10,200,4,0,15,-60.0088,76.5667,8,28.571,8,28.571,1,1,4,108.767,21.9481
42,19,61,10,200,4,0,16,-49.9959,171.369,8,65.8715,8,65.8715,1,1,6,108.906,22.0873
42,19,61,10,200,4,0,17,-38.589,-120.475,5,77.4458,5,77.4458,1,1,2,108.47,54.7741
42,19,61,10,200,4,0,18,-64.7363,1.05089,8,20.5859,8,20.5859,1,1,5,108.86,22.0412
42,19,61,10,200,4,0,19,-86.8929,71.1415,8,4.43842,8,4.43842,1,1,4,108.769,21.95
42,19,61,10,200,4,0,20,9.52877,-177.63,0,72.504,0,72.504,1,1,1,108.276,108.247
42,19,61,10,200,4,0,21,-72.3509,101.304,8,19.2147,8,19.2147,1,1,5,108.861,22.042
42,19,61,10,200,4,0,22,78.8461,-178.666,6,7.74163,6,7.74163,1,1,2,108.473,44.4893
42,19,61,10,200,4,0,23,83.2846,-66.0191,2,6.46536,2,6.46536,1,1,3,108.631,87.3228
42,19,61,10,200,4,0,24,73.1225,-139.297,6,6.90444,6,6.90444,1,1,2,108.474,44.4907
42,19,61,10,200,4,0,25,-35.5011,-20.2596,8,54.08,8,54.08,1,1,5,108.862,22.043
42,19,61,10,200,4,0,26,55.5001,47.6001,1,29.7495,1,29.7495,1,1,2,108.476,97.6923
42,19,61,10,200,4,0,27,76.6234,44.3422,1,9.2405,1,9.2405,1,1,2,108.477,97.6931
42,19,61,10,200,4,0,28,73.9918,-34.6573,2,8.21577,2,8.21577,1,1,3,108.633,87.3244
42,19,61,10,200,4,0,29,-5.28402,95.1819,4,52.4043,4,52.4043,1,1,4,108.771,66.9308
42,19,61,10,200,4,0,30,21.8522,49.4144,4,2.60648,4,2.60648,1,1,3,108.635,66.795
42,19,61,10,200,4,0,31,-4.12569,123.712,4,78.0816,4,78.0816,1,1,4,108.772,66.9315
42,19,61,10,200,4,0,32,20.3915,94.5706,4,43.2583,4,43.2583,1,1,4,108.772,66.9321
42,19,61,10,200,4,0,33,-88.3814,91.3103,8,5.98879,8,5.98879,1,1,4,108.773,21.954
42,19,61,10,200,4,0,34,-42.1893,-170.549,8,98.4911,8,98.4911,1,1,2,108.483,21.6645
42,19,61,10,200,4,0,35,-8.77407,114.679,4,71.5752,4,71.5752,1,1,4,108.775,66.935
42,19,61,10,200,4,0,36,-84.0891,17.75,8,0.931325,8,0.931325,1,1,4,108.776,21.9568
42,19,61,10,200,4,0,37,17.9917,169.514,7,63.1752,7,63.1752,1,1,4,108.776,34.3059
42,19,61,10,200,4,0,38,9.54202,22.5526,4,27.0542,4,27.0542,1,1,3,108.642,66.8016
42,19,61,10,200,4,0,39,-38.2525,-14.6711,8,50.0409,8,50.0409,1,1,5,108.863,22.0438
42,19,61,10,200,4,0,40,31.6278,32.4928,4,19.0097,4,19.0097,1,1,3,108.643,66.803
42,19,61,10,200,4,0,41,72.5347,-5.74408,1,7.2834,1,7.2834,1,1,2,108.488,97.7048
42,19,61,10,200,4,0,42,-49.9535,118.316,8,49.4148,8,49.4148,1,1,5,108.864,22.0447
42,19,61,10,200,4,0,43,-70.7009,-131.923,8,37.105,8,37.105,1,1,3,108.645,21.8257
42,19,61,10,200,4,0,44,-48.1706,28.0301,8,35.9589,8,35.9589,1,1,4,108.778,21.9595
42,19,61,10,200,4,0,45,71.6292,127.363,7,15.2909,7,15.2909,1,1,4,108.779,34.3085
42,19,61,10,200,4,0,46,-51.2777,-44.9929,8,42.6771,8,42.6771,1,1,4,108.78,21.9608
42,19,61,10,200,4,0,47,35.5378,118.228,7,55.388,7,55.388,1,1,4,108.78,34.3098
42,19,61,10,200,4,0,48,-65.2112,74.3128,8,22.7044,8,22.7044,1,1,4,108.781,21.9621
42,19,61,10,200,4,0,49,14.7689,-34.8009,5,22.2159,5,22.2159,1,1,4,108.782,55.0861
42,19,61,10,200,4,0,50,41.8821,-168.01,0,37.9265,0,37.9265,1,1,1,108.303,108.273
42,19,61,10,200,4,0,51,-50.061,95.5861,8,43.3237,8,43.3237,1,1,5,108.864,22.0456
42,19,61,10,200,4,0,52,14.8698,115.861,4,64.4537,4,64.4537,1,1,4,108.783,66.943
42,19,61,10,200,4,0,53,42.55,-131.176,0,21.4218,0,21.4218,1,1,1,108.306,108.277
42,19,61,10,200,4,0,54,-20.793,-171.405,0,97.6415,0,97.6415,1,1,1,108.307,108.278
42,19,61,10,200,4,0,55,17.0763,-158.33,0,55.4889,0,55.4889,1,1,1,108.308,108.279
42,19,61,10,200,4,0,56,20.5439,-0.778015,4,46.4143,4,46.4143,1,1,3,108.651,66.8111
42,19,61,10,200,4,0,57,7.96279,121.181,4,71.4571,4,71.4571,1,1,4,108.784,66.9437
42,19,61,10,200,4,0,58,-31.2309,54.5237,4,50.9387,4,50.9387,1,1,3,108.652,66.8124
42,19,61,10,200,4,0,59,84.6287,21.197,1,5.70103,1,5.70103,1,1,2,108.499,97.7153
42,19,61,10,200,4,0,60,-48.7231,132.516,8,55.1418,8,55.1418,1,1,5,108.865,22.0464
42,19,61,10,200,4,0,61,-15.7199,-20.0017,5,43.4344,5,43.4344,1,1,4,108.785,55.0897
42,19,61,10,200,4,0,62,-46.2385,-140.364,8,79.7455,8,79.7455,1,1,3,108.655,21.8359
42,19,61,10,200,4,0,63,-40.8871,-42.8993,5,50.6561,5,50.6561,1,1,4,108.786,55.0904
42,19,61,10,200,4,0,64,56.9743,127.764,7,30.0964,7,30.0964,1,1,4,108.787,34.3161
42,19,61,10,200,4,0,65,51.1499,17.7128,1,29.1887,1,29.1887,1,1,2,108.506,97.7223
42,19,61,10,200,4,0,66,69.8766,-177.822,6,14.6741,6,14.6741,1,1,2,108.506,44.5229
42,19,61,10,200,4,0,67,-33.3506,-10.507,8,54.344,8,54.344,1,1,5,108.866,22.0472
42,19,61,10,200,4,0,68,59.0196,-161.601,6,22.6895,6,22.6895,1,1,2,108.508,44.5243
42,19,61,10,200,4,0,69,19.1583,-103.547,9,40.7075,0,43.6141,1.0714,0,1,108.32,108.291
42,19,61,10,200,4,0,70,-76.503,-107.531,8,23.8531,8,23.8531,1,1,3,108.657,21.8386
42,19,61,10,200,4,0,71,-40.9386,68.0819,8,47.1961,8,47.1961,1,1,4,108.789,21.9704
42,19,61,10,200,4,0,72,35.8456,114.048,7,56.3455,7,56.3455,1,1,4,108.79,34.3194
42,19,61,10,200,4,0,73,4.63136,-170.771,0,73.374,0,73.374,1,1,1,108.323,108.293
42,19,61,10,200,4,0,74,-5.71393,-1.47986,4,55.6773,4,55.6773,1,1,3,108.66,66.8195
42,19,61,10,200,4,0,75,15.2132,71.1259,4,21.9195,4,21.9195,1,1,3,108.661,66.8213
42,19,61,10,200,4,0,76,-24.482,178.987,7,105.373,7,105.373,1,1,4,108.791,34.3201
42,19,61,10,200,4,0,77,-64.4379,38.5591,8,19.9436,8,19.9436,1,1,4,108.791,21.9724
42,19,61,10,200,4,0,78,-70.6887,-30.6499,8,18.3717,8,18.3717,1,1,6,108.907,22.0881
42,19,61,10,200,4,0,79,87.8298,152.571,3,1.65395,3,1.65395,1,1,4,108.793,77.2297
42,19,61,10,200,4,0,80,-41.4431,97.9594,8,53.6703,8,53.6703,1,1,5,108.869,22.0501
42,19,61,10,200,4,0,81,-4.85799,-123.133,0,66.9438,0,66.9438,1,1,1,108.329,108.3
42,19,61,10,200,4,0,82,50.0686,103.583,7,43.8065,7,43.8065,1,1,4,108.794,34.3236
42,19,61,10,200,4,0,83,23.18,38.1765,4,10.4227,4,10.4227,1,1,3,108.667,66.827
42,19,61,10,200,4,0,84,60.9909,-95.3233,0,9.81982,0,9.81982,1,1,1,108.331,108.302
42,19,61,10,200,4,0,85,57.3148,148.976,7,25.8341,7,25.8341,1,1,4,108.795,34.3243
42,19,61,10,200,4,0,86,-11.427,-147.248,0,78.5498,0,78.5498,1,1,1,108.333,108.303
42,19,61,10,200,4,0,87,18.5289,-131.163,0,44.8164,0,44.8164,1,1,1,108.333,108.304
42,19,61,10,200,4,0,88,73.4004,-133.68,6,6.64781,6,6.64781,1,1,2,108.518,44.5346
42,19,61,10,200,4,0,89,-60.9666,-44.627,8,31.5518,8,31.5518,1,1,4,108.795,21.9766
42,19,61,10,200,4,0,90,22.4203,88.4933,4,37.4098,4,37.4098,1,1,3,108.67,66.8296
42,19,61,10,200,4,0,91,-76.7505,175.877,8,25.8358,8,25.8358,1,1,5,108.87,22.051
42,19,61,10,200,4,0,92,43.74,-102.377,0,19.7669,0,19.7669,1,1,1,108.339,108.309
42,19,61,10,200,4,0,93,17.2178,126.103,7,72.3698,7,72.3698,1,1,5,108.871,34.4002
42,19,61,10,200,4,0,94,23.4867,30.0954,4,17.6984,4,17.6984,1,1,3,108.672,66.8319
42,19,61,10,200,4,0,95,49.3369,144.087,7,34.734,7,34.734,1,1,4,108.797,34.327
42,19,61,10,200,4,0,96,-25.9726,-91.0421,5,48.2675,5,48.2675,1,1,2,108.523,54.8274
42,19,61,10,200,4,0,97,-79.523,-131.808,8,23.0218,8,23.0218,1,1,3,108.673,21.8545
42,19,61,10,200,4,0,98,-83.7296,67.3141,8,4.30236,8,4.30236,1,1,4,108.8,21.9808
42,19,61,10,200,4,0,99,43.1843,134.523,7,42.9968,7,42.9968,1,1,4,108.8,34.3299
42,19,61,10,200,4,0,100,75.9954,20.9982,1,5.4057,1,5.4057,1,1,2,108.526,97.7426
42,19,61,10,200,4,0,101,51.7492,-50.8631,9,12.925,2,32.3277,2.50118,0,3,108.675,87.367
42,19,61,10,200,4,0,102,26.8753,-39.4439,5,24.8038,5,24.8038,1,1,4,108.801,55.1055
42,19,61,10,200,4,0,103,-1.0129,20.5515,4,34.3671,4,34.3671,1,1,3,108.677,66.8368
42,19,61,10,200,4,0,104,3.43827,56.041,4,17.523,4,17.523,1,1,3,108.678,66.8375
42,19,61,10,200,4,0,105,77.9623,-128.283,6,2.6307,6,2.6307,1,1,2,108.531,44.547
42,19,61,10,200,4,0,106,-17.7328,-177.576,0,98.0054,0,98.0054,1,1,1,108.349,108.32
42,19,61,10,200,4,0,107,-66.2031,-127.986,8,43.4995,8,43.4995,1,1,3,108.678,21.8594
42,19,61,10,200,4,0,108,-49.9766,82.0294,8,40.3691,8,40.3691,1,1,4,108.802,21.9831
42,19,61,10,200,4,0,109,89.0585,127.02,3,0.667314,3,0.667314,1,1,4,108.803,77.2398
42,19,61,10,200,4,0,110,-33.9376,96.7909,8,61.7688,8,61.7688,1,1,5,108.871,22.0526
42,19,61,10,200,4,0,111,45.5536,60.1795,4,27.9572,4,27.9572,1,1,3,108.681,66.841
42,19,61,10,200,4,0,112,-87.1256,112.061,8,7.16022,8,7.16022,1,1,5,108.872,22.0536
42,19,61,10,200,4,0,113,54.1858,-161.711,0,25.5182,0,25.5182,1,1,1,108.354,108.325
42,19,61,10,200,4,0,114,-0.312355,14.7401,4,38.7459,4,38.7459,1,1,3,108.683,66.8425
42,19,61,10,200,4,0,115,76.406,-28.6339,2,5.42432,2,5.42432,1,1,3,108.683,87.3749
42,19,61,10,200,4,0,116,-72.1309,76.3104,8,15.7341,8,15.7341,1,1,4,108.805,21.9858
42,19,61,10,200,4,0,117,50.2515,89.4889,4,45.629,4,45.629,1,1,3,108.685,66.8446
42,19,61,10,200,4,0,118,-71.5667,-81.5228,8,26.0378,8,26.0378,1,1,3,108.685,21.8665
42,19,61,10,200,4,0,119,-34.9798,43.743,8,49.8893,8,49.8893,1,1,4,108.805,21.9864
42,19,61,10,200,4,0,120,77.2591,-94.0351,6,8.8944,6,8.8944,1,1,3,108.687,44.7033
42,19,61,10,200,4,0,121,47.7301,-60.9475,9,5.44572,0,34.6104,6.35552,0,1,108.361,108.331
42,19,61,10,200,4,0,122,-45.8058,143.054,8,62.3526,8,62.3526,1,1,5,108.873,22.0544
42,19,61,10,200,4,0,123,-4.46654,-11.5648,5,46.5508,5,46.5508,1,1,4,108.807,55.111
42,19,61,10,200,4,0,124,22.5416,-10.8161,5,46.2962,5,46.2962,1,1,4,108.807,55.1117
42,19,61,10,200,4,0,125,-32.2724,157.208,8,86.083,8,86.083,1,1,6,108.908,22.0889
42,19,61,10,200,4,0,126,-47.0126,-153.438,8,83.2781,8,83.2781,1,1,3,108.694,21.875
42,19,61,10,200,4,0,127,18.6937,-88.2765,9,31.5024,5,32.7622,1.03999,0,2,108.544,54.8482
42,19,61,10,200,4,0,128,69.3118,-34.2411,2,12.7847,2,12.7847,1,1,3,108.694,87.3861
42,19,61,10,200,4,0,129,-34.9935,-42.0011,5,45.2987,5,45.2987,1,1,4,108.809,55.113
42,19,61,10,200,4,0,130,80.2495,-97.175,6,6.82496,6,6.82496,1,1,4,108.811,44.827
42,19,61,10,200,4,0,131,54.6825,-163.763,0,26.2515,0,26.2515,1,1,1,108.373,108.343
42,19,61,10,200,4,0,132,79.5677,29.8679,1,5.06443,1,5.06443,1,1,2,108.546,97.7631
42,19,61,10,200,4,0,133,52.863,-163.998,0,27.5292,0,27.5292,1,1,1,108.374,108.345
42,19,61,10,200,4,0,134,64.1725,-144.234,0,13.1602,0,13.1602,1,1,1,108.375,108.346
42,19,61,10,200,4,0,135,29.8725,102.863,4,50.4514,4,50.4514,1,1,4,108.811,66.9712
42,19,61,10,200,4,0,136,-29.1343,-24.7949,5,48.492,5,48.492,1,1,5,108.877,55.1809
42,19,61,10,200,4,0,137,-69.0421,30.1198,8,15.1035,8,15.1035,1,1,4,108.813,21.9937
42,19,61,10,200,4,0,138,-30.8705,32.9828,4,52.5784,4,52.5784,1,1,3,108.698,66.8584
42,19,61,10,200,4,0,139,-80.7225,163.342,8,18.3182,8,18.3182,1,1,5,108.877,22.0585
42,19,61,10,200,4,0,140,-78.9166,-45.9898,8,11.9316,8,11.9316,1,1,4,108.814,21.995
42,19,61,10,200,4,0,141,70.275,-71.8585,2,17.0881,2,17.0881,1,1,2,108.552,87.2431
42,19,61,10,200,4,0,142,-9.71369,-2.06262,5,57.1859,5,57.1859,1,1,4,108.815,55.119
42,19,61,10,200,4,0,143,9.93252,-60.8038,5,4.71352,5,4.71352,1,1,2,108.553,54.8574
42,19,61,10,200,4,0,144,71.8481,129.878,7,14.6131,7,14.6131,1,1,4,108.815,34.3447
42,19,61,10,200,4,0,145,38.5975,124.195,7,50.3971,7,50.3971,1,1,4,108.816,34.3454
42,19,61,10,200,4,0,146,-73.6485,6.56,8,11.1813,8,11.1813,1,1,5,108.878,22.0593
42,19,61,10,200,4,0,147,70.2163,-168.162,6,12.654,6,12.654,1,1,2,108.557,44.5734
42,19,61,10,200,4,0,148,-71.786,66.1586,8,14.8214,8,14.8214,1,1,4,108.817,21.9985
42,19,61,10,200,4,0,149,-76.0798,164.773,8,25.0401,8,25.0401,1,1,5,108.879,22.0604
42,19,61,10,200,4,0,150,50.9625,87.5853,4,44.889,4,44.889,1,1,3,108.705,66.8647
42,19,61,10,200,4,0,151,43.8182,-136.344,0,21.8455,0,21.8455,1,1,1,108.389,108.359
42,19,61,10,200,4,0,152,-58.6048,129.552,8,41.5813,8,41.5813,1,1,5,108.88,22.0614
42,19,61,10,200,4,0,153,36.8881,1.0493,1,42.6968,1,42.6968,1,1,2,108.56,97.7769
42,19,61,10,200,4,0,154,-8.73254,92.3312,4,51.8339,4,51.8339,1,1,4,108.819,66.9792
42,19,61,10,200,4,0,155,-7.80431,4.70163,4,51.4229,4,51.4229,1,1,3,108.707,66.8671
42,19,61,10,200,4,0,156,-66.8293,-55.0586,8,26.8453,8,26.8453,1,1,4,108.82,22.0011
42,19,61,10,200,4,0,157,56.4216,26.914,1,24.9874,1,24.9874,1,1,2,108.563,97.7798
42,19,61,10,200,4,0,158,61.4394,-47.2918,9,21.3048,2,21.9866,1.032,0,3,108.709,87.4002
42,19,61,10,200,4,0,159,73.0551,86.575,3,20.6212,3,20.6212,1,1,3,108.709,77.1465
42,19,61,10,200,4,0,160,-48.7069,43.3053,8,36.0284,8,36.0284,1,1,4,108.821,22.0018
42,19,61,10,200,4,0,161,15.3852,-64.7107,5,10.9233,5,10.9233,1,1,2,108.568,54.8728
42,19,61,10,200,4,0,162,-65.0674,-8.79713,8,21.2769,8,21.2769,1,1,5,108.881,22.0622
42,19,61,10,200,4,0,163,-26.4361,-93.7068,5,50.4658,5,50.4658,1,1,2,108.57,54.8741
42,19,61,10,200,4,0,164,-61.3193,-25.0319,8,27.5183,8,27.5183,1,1,6,108.909,22.0897
42,19,61,10,200,4,0,165,-54.4669,159.286,8,55.4347,8,55.4347,1,1,5,108.883,22.0638
42,19,61,10,200,4,0,166,-58.7233,158.703,8,49.0958,8,49.0958,1,1,5,108.883,22.0646
42,19,61,10,200,4,0,167,-78.5285,-54.6561,8,13.5001,8,13.5001,1,1,4,108.825,22.0066
42,19,61,10,200,4,0,168,54.1273,96.7191,7,41.1962,7,41.1962,1,1,4,108.826,34.3556
42,19,61,10,200,4,0,169,63.1966,-89.2104,0,12.3484,0,12.3484,1,1,1,108.405,108.376
42,19,61,10,200,4,0,170,4.52515,-69.2155,5,13.211,5,13.211,1,1,2,108.574,54.8786
42,19,61,10,200,4,0,171,47.7456,55.3917,4,28.9429,4,28.9429,1,1,3,108.717,66.8765
42,19,61,10,200,4,0,172,27.863,28.3344,4,20.4085,4,20.4085,1,1,3,108.717,66.8772
42,19,61,10,200,4,0,173,-48.8471,-1.39536,8,37.0307,8,37.0307,1,1,5,108.884,22.0654
42,19,61,10,200,4,0,174,80.5213,-131.584,6,1.04464,6,1.04464,1,1,3,108.719,44.7354
42,19,61,10,200,4,0,175,-47.4102,-116.371,8,69.2944,8,69.2944,1,1,3,108.72,21.901
42,19,61,10,200,4,0,176,45.8606,115.95,7,44.8898,7,44.8898,1,1,4,108.827,34.3569
42,19,61,10,200,4,0,177,-0.540962,141.586,7,86.2003,7,86.2003,1,1,4,108.828,34.3579
42,19,61,10,200,4,0,178,-36.4236,126.046,8,68.5306,8,68.5306,1,1,5,108.885,22.0662
42,19,61,10,200,4,0,179,-66.0602,-15.4857,8,21.09,8,21.09,1,1,5,108.886,22.067
42,19,61,10,200,4,0,180,-39.493,-61.0541,5,47.7839,5,47.7839,1,1,2,108.582,54.886
42,19,61,10,200,4,0,181,-18.0996,-16.4326,5,47.6639,5,47.6639,1,1,4,108.83,55.1348
42,19,61,10,200,4,0,182,-41.1758,-13.2563,8,46.7292,8,46.7292,1,1,5,108.887,22.0679
42,19,61,10,200,4,0,183,54.4556,-154.097,0,21.532,0,21.532,1,1,1,108.415,108.386
42,19,61,10,200,4,0,184,-48.2686,55.3044,8,37.6559,8,37.6559,1,1,4,108.833,22.0146
42,19,61,10,200,4,0,185,-31.6536,92.5131,8,63.0309,8,63.0309,1,1,5,108.888,22.0687
42,19,61,10,200,4,0,186,83.0445,-147.816,6,3.43482,6,3.43482,1,1,4,108.835,44.8513
42,19,61,10,200,4,0,187,-16.0476,41.8149,4,36.0525,4,36.0525,1,1,3,108.729,66.8886
42,19,61,10,200,4,0,188,30.2592,50.2106,4,10.9946,4,10.9946,1,1,3,108.729,66.8893
42,19,61,10,200,4,0,189,-69.7902,41.561,8,14.717,8,14.717,1,1,4,108.835,22.0165
42,19,61,10,200,4,0,190,49.3133,-54.4008,9,9.64706,2,35.3999,3.6695,0,2,108.588,87.2795
42,19,61,10,200,4,0,191,52.5949,10.3478,1,27.2052,1,27.2052,1,1,2,108.589,97.8052
42,19,61,10,200,4,0,192,-59.2254,-75.8922,8,40.7764,8,40.7764,1,1,3,108.734,21.915
42,19,61,10,200,4,0,193,-14.0329,-11.2979,5,50.1906,5,50.1906,1,1,4,108.836,55.1408
42,19,61,10,200,4,0,194,-64.9232,19.8139,8,19.2936,8,19.2936,1,1,4,108.837,22.0183
42,19,61,10,200,4,0,195,76.6082,-28.8324,2,5.24198,2,5.24198,1,1,3,108.736,87.4275
42,19,61,10,200,4,0,196,69.3799,-62.9828,2,16.4048,2,16.4048,1,1,3,108.736,87.4281
42,19,61,10,200,4,0,197,67.3675,-123.592,0,6.52914,0,6.52914,1,1,1,108.429,108.4
42,19,61,10,200,4,0,198,51.8805,63.6463,4,34.7449,4,34.7449,1,1,3,108.737,66.8972
42,19,61,10,200,4,0,199,-48.8444,-172.776,8,87.0997,8,87.0997,1,1,3,108.738,21.9191
42,20,62,10,200,4,0,0,-12.6248,-70.7278,4,30.5559,4,30.5559,1,1,3,115.234,69.4229
42,20,62,10,200,4,0,1,-88.8513,159.039,9,130.139,9,130.139,1,1,4,115.389,11.6199
42,20,62,10,200,4,0,2,30.0234,-130.895,5,49.3896,5,49.3896,1,1,3,115.237,58.2747
42,20,62,10,200,4,0,3,-13.6403,-165.304,5,26.5477,5,26.5477,1,1,3,115.238,58.2754
42,20,62,10,200,4,0,4,25.3602,-50.3139,8,14.3846,8,14.3846,1,1,4,115.389,25.0441
42,20,62,10,200,4,0,5,17.639,-57.4414,8,20.2798,8,20.2798,1,1,5,115.427,25.0818
42,20,62,10,200,4,0,6,81.1313,-56.9115,6,42.3523,6,42.3523,1,1,3,115.24,46.0631
42,20,62,10,200,4,0,7,-60.5849,-58.9581,4,56.1302,4,56.1302,1,1,3,115.24,69.4293
42,20,62,10,200,4,0,8,1.60762,-173.315,5,9.35066,5,9.35066,1,1,3,115.241,58.2788
42,20,62,10,200,4,0,9,-72.2597,151.549,1,121.095,1,121.095,1,1,2,114.757,103.796
42,20,62,10,200,4,0,10,-47.6956,54.226,9,64.3699,9,64.3699,1,1,3,115.242,11.473
42,20,62,10,200,4,0,11,76.5001,-152.223,8,63.7405,8,63.7405,1,1,5,115.428,25.0828
42,20,62,10,200,4,0,12,-32.5743,-48.7168,7,36.2734,7,36.2734,1,1,4,115.391,35.3688
42,20,62,10,200,4,0,13,5.16736,-169.364,5,10.0345,5,10.0345,1,1,3,115.244,58.2816
42,20,62,10,200,4,0,14,36.3384,164.47,1,37.6248,1,37.6248,1,1,2,114.76,103.8
42,20,62,10,200,4,0,15,1.05308,-132.573,2,25.0186,2,25.0186,1,1,2,114.761,91.8722
42,20,62,10,200,4,0,16,-43.129,4.4035,9,32.2826,9,32.2826,1,1,3,115.245,11.4758
42,20,62,10,200,4,0,17,-76.767,153.789,1,125.923,1,125.923,1,1,2,114.763,103.802
42,20,62,10,200,4,0,18,26.7545,-0.814545,0,29.9563,0,29.9563,1,1,1,114.48,114.455
42,20,62,10,200,4,0,19,84.2426,-75.7706,6,46.0375,6,46.0375,1,1,3,115.245,46.0687
42,20,62,10,200,4,0,20,64.4358,23.7632,6,16.9706,6,16.9706,1,1,2,114.764,45.5873
42,20,62,10,200,4,0,21,23.394,111.134,1,20.9524,1,20.9524,1,1,2,114.765,103.804
42,20,62,10,200,4,0,22,73.4258,105.618,3,10.3317,3,10.3317,1,1,3,115.249,81.5949
42,20,62,10,200,4,0,23,-63.912,-29.9331,9,53.6664,9,53.6664,1,1,5,115.429,11.6602
42,20,62,10,200,4,0,24,56.1517,-92.3433,8,29.3658,8,29.3658,1,1,4,115.393,25.0473
42,20,62,10,200,4,0,25,-29.1923,-163.088,2,40.1257,2,40.1257,1,1,2,114.768,91.879
42,20,62,10,200,4,0,26,70.9413,-85.3843,8,36.5378,8,36.5378,1,1,4,115.393,25.0478
42,20,62,10,200,4,0,27,-67.6554,-103.266,2,48.5316,2,48.5316,1,1,2,114.769,91.8808
42,20,62,10,200,4,0,28,22.9494,55.0238,0,23.4609,0,23.4609,1,1,1,114.49,114.465
42,20,62,10,200,4,0,29,-46.3148,-61.4244,4,46.2758,4,46.2758,1,1,3,115.251,69.4404
42,20,62,10,200,4,0,30,19.7468,89.4765,1,33.1955,1,33.1955,1,1,2,114.771,103.81
42,20,62,10,200,4,0,31,-6.99863,133.236,1,53.3868,1,53.3868,1,1,2,114.771,103.811
42,20,62,10,200,4,0,32,-43.06,12.4688,9,35.376,9,35.376,1,1,3,115.252,11.4833
42,20,62,10,200,4,0,33,53.5122,147.389,1,22.6702,1,22.6702,1,1,2,114.773,103.812
42,20,62,10,200,4,0,34,-84.1729,95.5097,9,99.0853,9,99.0853,1,1,4,115.394,11.625
42,20,62,10,200,4,0,35,-54.1908,140.526,1,101.027,1,101.027,1,1,2,114.774,103.814
42,20,62,10,200,4,0,36,-30.3636,118.406,1,74.2991,1,74.2991,1,1,2,114.775,103.815
42,20,62,10,200,4,0,37,35.83,-93.8755,8,28.2937,8,28.2937,1,1,4,115.394,25.0491
42,20,62,10,200,4,0,38,22.0122,123.836,1,22.7945,1,22.7945,1,1,2,114.776,103.816
42,20,62,10,200,4,0,39,28.0957,-23.6722,8,30.8947,8,30.8947,1,1,3,115.254,24.9085
42,20,62,10,200,4,0,40,-74.2537,177.807,1,132.245,1,132.245,1,1,2,114.777,103.817
42,20,62,10,200,4,0,41,-3.38007,173.375,1,71.4538,1,71.4538,1,1,2,114.778,103.818
42,20,62,10,200,4,0,42,-43.7887,37.929,9,51.2203,9,51.2203,1,1,3,115.255,11.4857
42,20,62,10,200,4,0,43,-54.9453,138.321,1,101.258,1,101.258,1,1,2,114.779,103.819
42,20,62,10,200,4,0,44,-43.5236,-22.5203,7,32.9758,7,32.9758,1,1,4,115.395,35.3725
42,20,62,10,200,4,0,45,-51.5515,132.446,1,96.8115,1,96.8115,1,1,2,114.781,103.82
42,20,62,10,200,4,0,46,-56.5219,62.8997,9,73.1196,9,73.1196,1,1,3,115.256,11.4869
42,20,62,10,200,4,0,47,42.8411,-19.1638,8,30.4566,8,30.4566,1,1,2,114.782,24.4368
42,20,62,10,200,4,0,48,-52.3157,12.7066,9,43.2545,9,43.2545,1,1,3,115.256,11.4875
42,20,62,10,200,4,0,49,-25.8874,-92.9771,4,13.1675,4,13.1675,1,1,3,115.257,69.4459
42,20,62,10,200,4,0,50,-35.8918,19.8435,9,34.5642,9,34.5642,1,1,3,115.258,11.4888
42,20,62,10,200,4,0,51,-66.2256,47.4892,9,68.5886,9,68.5886,1,1,3,115.258,11.4896
42,20,62,10,200,4,0,52,-20.8751,119.209,1,64.8443,1,64.8443,1,1,2,114.785,103.825
42,20,62,10,200,4,0,53,66.8068,-177.726,5,57.4378,5,57.4378,1,1,3,115.259,58.2968
42,20,62,10,200,4,0,54,31.5223,9.80507,0,19.4437,0,19.4437,1,1,1,114.513,114.488
42,20,62,10,200,4,0,55,-10.699,94.5373,1,58.4417,1,58.4417,1,1,2,114.787,103.826
42,20,62,10,200,4,0,56,3.80594,151.842,1,51.6358,1,51.6358,1,1,2,114.787,103.827
42,20,62,10,200,4,0,57,43.9563,100.034,1,11.6937,1,11.6937,1,1,2,114.788,103.828
42,20,62,10,200,4,0,58,4.88542,158.022,1,54.482,1,54.482,1,1,2,114.789,103.828
42,20,62,10,200,4,0,59,29.1779,102.724,1,18.3132,1,18.3132,1,1,2,114.789,103.829
42,20,62,10,200,4,0,60,-22.2491,135.253,1,68.7312,1,68.7312,1,1,2,114.79,103.83
42,20,62,10,200,4,0,61,27.5851,22.4579,0,11.9786,0,11.9786,1,1,1,114.519,114.493
42,20,62,10,200,4,0,62,9.07622,-39.1477,7,29.4687,7,29.4687,1,1,3,115.26,35.2373
42,20,62,10,200,4,0,63,-88.353,93.521,9,99.3803,9,99.3803,1,1,4,115.396,11.6269
42,20,62,10,200,4,0,64,76.7794,-48.4808,8,39.2691,8,39.2691,1,1,4,115.396,25.051
42,20,62,10,200,4,0,65,-89.7281,-98.2248,2,70.215,2,70.215,1,1,2,114.793,91.9038
42,20,62,10,200,4,0,66,75.6813,-131.907,8,55.137,8,55.137,1,1,6,115.462,25.1161
42,20,62,10,200,4,0,67,64.6322,-70.3875,8,27.7373,8,27.7373,1,1,4,115.398,25.0523
42,20,62,10,200,4,0,68,83.6507,82.878,3,19.9854,3,19.9854,1,1,3,115.263,81.6095
42,20,62,10,200,4,0,69,-34.0567,50.346,9,57.9803,9,57.9803,1,1,3,115.264,11.4952
42,20,62,10,200,4,0,70,-43.6585,90.4887,1,91.2807,1,91.2807,1,1,2,114.796,103.835
42,20,62,10,200,4,0,71,-17.5583,100.295,1,63.4017,1,63.4017,1,1,2,114.796,103.836
42,20,62,10,200,4,0,72,31.1653,-127.204,2,52.2876,2,52.2876,1,1,2,114.797,91.9082
42,20,62,10,200,4,0,73,10.1646,-107.899,4,26.6404,4,26.6404,1,1,3,115.265,69.4536
42,20,62,10,200,4,0,74,-74.591,-101.315,2,55.4122,2,55.4122,1,1,2,115.058,92.1696
42,20,62,10,200,4,0,75,87.4126,-13.6803,6,32.5807,6,32.5807,1,1,3,115.266,46.0889
42,20,62,10,200,4,0,76,-73.0311,49.9952,9,73.7903,9,73.7903,1,1,3,115.267,11.4977
42,20,62,10,200,4,0,77,-85.6112,52.0902,9,82.7444,9,82.7444,1,1,5,115.431,11.6618
42,20,62,10,200,4,0,78,-84.5762,-167.928,2,70.3123,2,70.3123,1,1,2,115.066,92.1769
42,20,62,10,200,4,0,79,-17.1944,164.406,1,76.9839,1,76.9839,1,1,2,115.067,104.106
42,20,62,10,200,4,0,80,-18.2046,-33.8449,7,17.4949,7,17.4949,1,1,4,115.399,35.3763
42,20,62,10,200,4,0,81,-56.9092,-65.0465,4,50.7566,4,50.7566,1,1,3,115.268,69.4574
42,20,62,10,200,4,0,82,7.12383,-164.554,5,14.0309,5,14.0309,1,1,3,115.269,58.3068
42,20,62,10,200,4,0,83,22.283,1.54897,0,30.3468,0,30.3468,1,1,1,114.538,114.512
42,20,62,10,200,4,0,84,49.162,156.453,1,28.1372,1,28.1372,1,1,2,115.071,104.111
42,20,62,10,200,4,0,85,-64.0525,-168.993,2,56.6199,2,56.6199,1,1,2,115.072,92.1833
42,20,62,10,200,4,0,86,33.4707,16.7783,0,13.2178,0,13.2178,1,1,1,114.54,114.515
42,20,62,10,200,4,0,87,55.651,-50.728,8,18.5602,8,18.5602,1,1,3,115.27,24.9245
42,20,62,10,200,4,0,88,34.7871,-48.3687,8,8.81191,8,8.81191,1,1,3,115.27,24.9251
42,20,62,10,200,4,0,89,10.6867,100.392,1,36.0915,1,36.0915,1,1,2,115.075,104.115
42,20,62,10,200,4,0,90,15.1581,16.1985,0,25.4833,0,25.4833,1,1,1,114.543,114.518
42,20,62,10,200,4,0,91,-46.644,64.2541,9,71.5999,9,71.5999,1,1,3,115.271,11.5023
42,20,62,10,200,4,0,92,-56.9031,-84.5104,4,43.4373,4,43.4373,1,1,3,115.272,69.4607
42,20,62,10,200,4,0,93,-31.8279,-102.959,4,16.0149,4,16.0149,1,1,3,115.272,69.4613
42,20,62,10,200,4,0,94,-36.2194,81.9554,9,85.5202,9,85.5202,1,1,3,115.273,11.5042
42,20,62,10,200,4,0,95,-59.2761,71.1521,9,79.3245,9,79.3245,1,1,3,115.274,11.5048
42,20,62,10,200,4,0,96,-65.9447,-52.3707,7,61.5121,7,61.5121,1,1,4,115.4,35.377
42,20,62,10,200,4,0,97,-86.9472,62.3582,9,86.9463,9,86.9463,1,1,4,115.4,11.6314
42,20,62,10,200,4,0,98,-18.4623,50.6716,0,57.2472,0,57.2472,1,1,1,114.549,114.524
42,20,62,10,200,4,0,99,-58.0464,-118.601,2,37.4491,2,37.4491,1,1,2,115.082,92.1938
42,20,62,10,200,4,0,100,13.5621,-64.1979,8,24.8463,8,24.8463,1,1,4,115.401,25.0554
42,20,62,10,200,4,0,101,-53.7969,-85.9343,4,40.2102,4,40.2102,1,1,3,115.276,69.465
42,20,62,10,200,4,0,102,66.2902,-176.292,5,56.9454,5,56.9454,1,1,3,115.277,58.3145
42,20,62,10,200,4,0,103,21.6688,22.1547,0,16.9259,0,16.9259,1,1,1,114.553,114.528
42,20,62,10,200,4,0,104,-22.3303,-115.289,2,4.59989,2,4.59989,1,1,2,115.086,92.1973
42,20,62,10,200,4,0,105,-28.7265,165.656,1,87.5879,1,87.5879,1,1,2,115.087,104.127
42,20,62,10,200,4,0,106,40.4548,29.2589,0,5.2318,0,5.2318,1,1,1,114.555,114.53
42,20,62,10,200,4,0,107,24.9549,147.103,1,31.7149,1,31.7149,1,1,2,115.088,104.128
42,20,62,10,200,4,0,108,62.3742,166.254,3,32.472,3,32.472,1,1,3,115.278,81.6237
42,20,62,10,200,4,0,109,-67.9276,-127.69,2,47.6473,2,47.6473,1,1,2,115.09,92.2015
42,20,62,10,200,4,0,110,34.1048,-74.4075,8,13.333,8,13.333,1,1,4,115.401,25.056
42,20,62,10,200,4,0,111,61.7309,116.32,3,10.2306,3,10.2306,1,1,3,115.279,81.625
42,20,62,10,200,4,0,112,26.6109,129.567,1,20.4197,1,20.4197,1,1,2,115.093,104.133
42,20,62,10,200,4,0,113,-0.660881,-163.703,5,17.8826,5,17.8826,1,1,3,115.28,58.3173
42,20,62,10,200,4,0,114,0.119453,62.5854,0,45.7819,0,45.7819,1,1,1,114.561,114.536
42,20,62,10,200,4,0,115,-51.1518,-152.637,2,40.4659,2,40.4659,1,1,2,115.095,92.2061
42,20,62,10,200,4,0,116,89.1938,-29.8974,6,35.8291,6,35.8291,1,1,3,115.28,46.1037
42,20,62,10,200,4,0,117,-29.2856,130.968,1,74.6283,1,74.6283,1,1,2,115.097,104.136
42,20,62,10,200,4,0,118,-13.0946,164.767,1,73.721,1,73.721,1,1,2,115.098,104.137
42,20,62,10,200,4,0,119,-13.4387,109.15,1,57.7542,1,57.7542,1,1,2,115.099,104.139
42,20,62,10,200,4,0,120,-65.2612,95.6695,9,96.3215,9,96.3215,1,1,4,115.402,11.6332
42,20,62,10,200,4,0,121,47.403,130.387,1,10.4684,1,10.4684,1,1,2,115.101,104.141
42,20,62,10,200,4,0,122,-27.5358,-35.2841,7,23.7074,7,23.7074,1,1,4,115.403,35.38
42,20,62,10,200,4,0,123,48.7453,-110.323,8,39.1602,8,39.1602,1,1,4,115.403,25.0578
42,20,62,10,200,4,0,124,-24.515,141.635,1,72.8452,1,72.8452,1,1,2,115.104,104.143
42,20,62,10,200,4,0,125,-29.0067,-160.82,2,38.105,2,38.105,1,1,2,115.105,92.2161
42,20,62,10,200,4,0,126,-56.3861,-114.552,2,36.0174,2,36.0174,1,1,2,115.106,92.217
42,20,62,10,200,4,0,127,67.7498,120.45,3,11.3118,3,11.3118,1,1,3,115.283,81.6292
42,20,62,10,200,4,0,128,-82.4922,-45.8222,9,73.947,9,73.947,1,1,5,115.431,11.6625
42,20,62,10,200,4,0,129,68.3734,15.2546,6,20.3553,6,20.3553,1,1,3,115.285,46.1079
42,20,62,10,200,4,0,130,-81.6184,-145.557,2,63.1027,2,63.1027,1,1,2,115.109,92.2203
42,20,62,10,200,4,0,131,21.3089,-164.849,5,17.8045,5,17.8045,1,1,3,115.285,58.323
42,20,62,10,200,4,0,132,2.27287,164.047,1,60.5367,1,60.5367,1,1,2,115.111,104.15
42,20,62,10,200,4,0,133,73.0593,158.357,3,25.1493,3,25.1493,1,1,3,115.286,81.6322
42,20,62,10,200,4,0,134,74.4066,-60.7588,8,36.5338,8,36.5338,1,1,4,115.404,25.059
42,20,62,10,200,4,0,135,43.7535,-161.709,5,37.5352,5,37.5352,1,1,3,115.288,58.3253
42,20,62,10,200,4,0,136,-72.5446,2.313,9,60.1418,9,60.1418,1,1,5,115.432,11.6633
42,20,62,10,200,4,0,137,74.3391,-20.1608,6,32.8874,6,32.8874,1,1,3,115.289,46.1124
42,20,62,10,200,4,0,138,73.5145,66.1688,6,12.1167,6,12.1167,1,1,4,115.406,46.229
42,20,62,10,200,4,0,139,24.758,-82.0011,8,23.9143,8,23.9143,1,1,4,115.406,25.0609
42,20,62,10,200,4,0,140,13.9021,171.503,1,56.9037,1,56.9037,1,1,2,115.118,104.157
42,20,62,10,200,4,0,141,-31.4108,95.0321,1,78.2194,1,78.2194,1,1,2,115.119,104.158
42,20,62,10,200,4,0,142,-61.5245,-107.322,2,41.9943,2,41.9943,1,1,2,115.119,92.2305
42,20,62,10,200,4,0,143,17.7409,-108.033,4,34.0984,4,34.0984,1,1,3,115.293,69.4816
42,20,62,10,200,4,0,144,13.4279,-7.77155,7,26.1402,7,26.1402,1,1,2,115.12,35.0978
42,20,62,10,200,4,0,145,43.6106,43.619,0,11.4547,0,11.4547,1,1,1,114.589,114.564
42,20,62,10,200,4,0,146,13.3358,-50.161,8,25.7105,8,25.7105,1,1,5,115.433,25.0876
42,20,62,10,200,4,0,147,29.3849,-148.783,5,34.4809,5,34.4809,1,1,3,115.294,58.3318
42,20,62,10,200,4,0,148,-33.0572,24.8884,9,36.761,9,36.761,1,1,3,115.295,11.5263
42,20,62,10,200,4,0,149,-85.213,-97.3012,2,66.0212,2,66.0212,1,1,2,115.123,92.2344
42,20,62,10,200,4,0,150,72.0648,97.0808,3,8.19726,3,8.19726,1,1,3,115.296,81.6419
42,20,62,10,200,4,0,151,-39.5052,179.04,1,104.362,1,104.362,1,1,2,115.124,104.164
42,20,62,10,200,4,0,152,-40.3031,-110.332,2,21.3412,2,21.3412,1,1,2,115.125,92.2364
42,20,62,10,200,4,0,153,-10.5602,-113.577,2,11.738,2,11.738,1,1,2,115.172,92.2831
42,20,62,10,200,4,0,154,67.9183,-151.604,5,62.2128,5,62.2128,1,1,3,115.296,58.3341
42,20,62,10,200,4,0,155,-7.78919,-16.3592,7,3.25012,7,3.25012,1,1,2,115.175,35.1528
42,20,62,10,200,4,0,156,-80.0508,101.6,9,101.26,9,101.26,1,1,4,115.407,11.6386
42,20,62,10,200,4,0,157,-50.6636,-103.151,2,32.9835,2,32.9835,1,1,2,115.177,92.2883
42,20,62,10,200,4,0,158,87.139,114.154,3,23.7283,3,23.7283,1,1,3,115.298,81.644
42,20,62,10,200,4,0,159,-15.592,21.1339,9,28.8725,9,28.8725,1,1,3,115.298,11.5296
42,20,62,10,200,4,0,160,-36.8085,-123.963,2,16.5906,2,16.5906,1,1,2,115.179,92.2902
42,20,62,10,200,4,0,161,-57.6236,133.055,1,102.887,1,102.887,1,1,2,115.18,104.219
42,20,62,10,200,4,0,162,2.93813,123.523,1,41.504,1,41.504,1,1,2,115.18,104.22
42,20,62,10,200,4,0,163,82.1359,119.762,3,19.651,3,19.651,1,1,3,115.299,81.6454
42,20,62,10,200,4,0,164,-15.7945,173.846,1,81.7517,1,81.7517,1,1,2,115.182,104.221
42,20,62,10,200,4,0,165,-78.7696,-67.4594,4,67.1719,4,67.1719,1,1,3,115.3,69.4888
42,20,62,10,200,4,0,166,45.4633,-56.5496,8,7.72504,8,7.72504,1,1,3,115.301,24.9551
42,20,62,10,200,4,0,167,-34.2095,-169.68,5,44.4345,5,44.4345,1,1,3,115.301,58.3389
42,20,62,10,200,4,0,168,6.55907,90.4605,1,44.0441,1,44.0441,1,1,2,115.184,104.224
42,20,62,10,200,4,0,169,-51.6285,-31.0453,7,42.3963,7,42.3963,1,1,4,115.408,35.3855
42,20,62,10,200,4,0,170,59.4281,61.1647,6,2.17236,6,2.17236,1,1,3,115.303,46.126
42,20,62,10,200,4,0,171,66.2977,138.754,3,18.7997,3,18.7997,1,1,3,115.303,81.6495
42,20,62,10,200,4,0,172,-8.61762,-148.732,2,30.3912,2,30.3912,1,1,2,115.187,92.2983
42,20,62,10,200,4,0,173,-72.1981,-22.9572,9,60.2106,9,60.2106,1,1,5,115.434,11.665
42,20,62,10,200,4,0,174,72.7114,4.41985,6,24.5003,6,24.5003,1,1,3,115.305,46.128
42,20,62,10,200,4,0,175,89.0883,-108.194,6,50.8217,6,50.8217,1,1,3,115.305,46.1287
42,20,62,10,200,4,0,176,30.2285,-117.07,4,48.4044,4,48.4044,1,1,3,115.306,69.4952
42,20,62,10,200,4,0,177,-77.5699,-113.667,2,57.1045,2,57.1045,1,1,2,115.191,92.3021
42,20,62,10,200,4,0,178,-86.7739,-170.868,2,72.7281,2,72.7281,1,1,2,115.191,92.3027
42,20,62,10,200,4,0,179,-86.9524,-25.1368,9,74.7875,9,74.7875,1,1,5,115.435,11.6657
42,20,62,10,200,4,0,180,-88.5111,-151.444,2,70.3252,2,70.3252,1,1,2,115.193,92.3041
42,20,62,10,200,4,0,181,43.7019,93.9043,1,16.1441,1,16.1441,1,1,2,115.194,104.233
42,20,62,10,200,4,0,182,-13.9968,-161.015,5,29.2069,5,29.2069,1,1,3,115.309,58.3464
42,20,62,10,200,4,0,183,52.1123,165.124,1,33.6981,1,33.6981,1,1,2,115.195,104.235
42,20,62,10,200,4,0,184,54.7227,-179.032,5,45.3519,5,45.3519,1,1,3,115.309,58.3471
42,20,62,10,200,4,0,185,-22.9604,48.3015,9,54.9887,9,54.9887,1,1,2,115.196,11.4275
42,20,62,10,200,4,0,186,31.0662,-93.3255,8,29.4228,8,29.4228,1,1,4,115.41,25.0644
42,20,62,10,200,4,0,187,3.52803,-135.103,2,28.4514,2,28.4514,1,1,2,115.198,92.3089
42,20,62,10,200,4,0,188,-31.0286,42.6599,9,50.8015,9,50.8015,1,1,3,115.311,11.542
42,20,62,10,200,4,0,189,10.97,-96.6345,4,27.3492,4,27.3492,1,1,3,115.311,69.5003
42,20,62,10,200,4,0,190,-66.4601,20.1167,9,57.8884,9,57.8884,1,1,3,115.312,11.5432
42,20,62,10,200,4,0,191,-12.4144,107.537,1,56.9437,1,56.9437,1,1,2,115.2,104.239
42,20,62,10,200,4,0,192,41.5231,0.0313263,0,26.0027,0,26.0027,1,1,1,114.707,114.682
42,20,62,10,200,4,0,193,86.9351,89.4984,3,23.0411,3,23.0411,1,1,3,115.313,81.6588
42,20,62,10,200,4,0,194,4.58167,179.965,1,70.1373,1,70.1373,1,1,2,115.201,104.241
42,20,62,10,200,4,0,195,-57.8192,12.1411,9,47.9469,9,47.9469,1,1,3,115.313,11.5446
42,20,62,10,200,4,0,196,-75.7393,151.765,1,124.418,1,124.418,1,1,2,115.203,104.242
42,20,62,10,200,4,0,197,-36.9773,0.527679,9,25.4086,9,25.4086,1,1,3,115.361,11.5925
42,20,62,10,200,4,0,198,85.3751,-149.73,8,64.2566,8,64.2566,1,1,4,115.41,25.065
42,20,62,10,200,4,0,199,-7.17393,100.196,1,53.3091,1,53.3091,1,1,2,115.205,104.244
42,21,63,10,200,4,0,0,-0.403336,37.0936,1,16.3765,1,16.3765,1,1,2,109.49,98.9021
42,21,63,10,200,4,0,1,37.5001,110.865,7,44.055,7,44.055,1,1,4,109.835,31.7239
42,21,63,10,200,4,0,2,-19.7159,41.243,1,29.4344,1,29.4344,1,1,2,109.492,98.9041
42,21,63,10,200,4,0,3,23.1424,-97.5772,0,78.9263,0,78.9263,1,1,1,109.278,109.25
42,21,63,10,200,4,0,4,41.7299,60.543,3,30.7561,3,30.7561,1,1,3,109.643,75.8102
42,21,63,10,200,4,0,5,-53.1146,-75.9254,9,62.8519,9,62.8519,1,1,4,109.836,11.19
42,21,63,10,200,4,0,6,30.8251,89.7927,5,35.251,5,35.251,1,1,3,109.645,52.7935
42,21,63,10,200,4,0,7,77.6243,176.504,7,6.52178,7,6.52178,1,1,4,109.837,31.725
42,21,63,10,200,4,0,8,24.2768,52.6105,5,14.4645,5,14.4645,1,1,3,109.646,52.7949
42,21,63,10,200,4,0,9,8.48747,125.87,2,42.9523,2,42.9523,1,1,3,109.647,86.6143
42,21,63,10,200,4,0,10,-9.80113,-141.052,0,42.8514,0,42.8514,1,1,1,109.285,109.257
42,21,63,10,200,4,0,11,2.23553,67.2218,5,12.2441,5,12.2441,1,1,3,109.648,52.7963
42,21,63,10,200,4,0,12,59.0105,-21.5524,8,26.7488,3,34.3233,1.28317,0,3,109.648,75.8152
42,21,63,10,200,4,0,13,17.0939,78.9739,5,20.6867,5,20.6867,1,1,3,109.649,52.7977
42,21,63,10,200,4,0,14,-83.2324,76.5343,9,15.8166,9,15.8166,1,1,5,109.903,11.257
42,21,63,10,200,4,0,15,-25.7705,12.7286,9,49.7516,9,49.7516,1,1,3,109.651,11.0045
42,21,63,10,200,4,0,16,-33.1861,-156.541,0,48.6995,0,48.6995,1,1,1,109.291,109.263
42,21,63,10,200,4,0,17,-28.2031,74.1961,6,18.7887,6,18.7887,1,1,4,109.838,42.0884
42,21,63,10,200,4,0,18,32.3511,169.879,7,46.5622,7,46.5622,1,1,4,109.838,31.7269
42,21,63,10,200,4,0,19,78.3095,-31.8379,8,19.6356,7,38.2694,1.94898,0,4,109.839,31.7274
42,21,63,10,200,4,0,20,25.2109,-129.61,0,49.2434,0,49.2434,1,1,1,109.295,109.267
42,21,63,10,200,4,0,21,36.1183,-67.928,3,70.2724,3,70.2724,1,1,2,109.503,75.6699
42,21,63,10,200,4,0,22,70.0912,47.4854,8,4.20023,7,29.0194,6.90901,0,4,109.839,31.7279
42,21,63,10,200,4,0,23,-35.7119,8.73587,9,41.4539,9,41.4539,1,1,4,109.84,11.1939
42,21,63,10,200,4,0,24,-39.952,125.551,2,12.9575,2,12.9575,1,1,3,109.656,86.6238
42,21,63,10,200,4,0,25,-22.6969,80.4936,6,23.9196,6,23.9196,1,1,4,109.841,42.0912
42,21,63,10,200,4,0,26,82.2495,139.077,7,5.4499,7,5.4499,1,1,4,109.841,31.7294
42,21,63,10,200,4,0,27,-16.1423,102.52,4,35.4707,4,35.4707,1,1,4,109.842,63.6949
42,21,63,10,200,4,0,28,-31.2376,-178.097,0,41.5523,0,41.5523,1,1,1,109.303,109.275
42,21,63,10,200,4,0,29,0.746964,-48.9399,3,75.5554,3,75.5554,1,1,3,109.659,75.8258
42,21,63,10,200,4,0,30,39.2188,129.953,7,38.8246,7,38.8246,1,1,5,109.904,31.7924
42,21,63,10,200,4,0,31,71.8943,-167.935,0,62.1381,0,62.1381,1,1,1,109.306,109.278
42,21,63,10,200,4,0,32,76.7061,-92.6175,8,36.6091,7,54.5176,1.48918,0,3,109.66,31.5486
42,21,63,10,200,4,0,33,43.1307,38.1145,3,14.0578,3,14.0578,1,1,3,109.661,75.8278
42,21,63,10,200,4,0,34,-51.3694,62.8804,6,11.654,6,11.654,1,1,5,109.905,42.1555
42,21,63,10,200,4,0,35,-86.8617,127.683,9,24.4211,9,24.4211,1,1,5,109.906,11.2594
42,21,63,10,200,4,0,36,56.635,78.5133,8,23.7817,7,33.7751,1.42021,0,4,109.844,31.7322
42,21,63,10,200,4,0,37,-60.1226,73.4523,9,13.5064,9,13.5064,1,1,6,109.944,11.2983
42,21,63,10,200,4,0,38,-27.0007,-11.6691,9,58.5618,9,58.5618,1,1,3,109.664,11.0181
42,21,63,10,200,4,0,39,-48.9059,46.0945,9,19.9978,9,19.9978,1,1,5,109.907,11.2606
42,21,63,10,200,4,0,40,-33.059,36.7944,6,35.1766,6,35.1766,1,1,3,109.666,41.9162
42,21,63,10,200,4,0,41,-26.7059,-81.619,9,97.6715,9,97.6715,1,1,2,109.517,10.8708
42,21,63,10,200,4,0,42,-2.06417,94.3036,5,37.9118,5,37.9118,1,1,3,109.666,52.815
42,21,63,10,200,4,0,43,-79.5494,113.397,9,20.451,9,20.451,1,1,5,109.907,11.2612
42,21,63,10,200,4,0,44,48.1034,22.3951,3,9.52566,3,9.52566,1,1,3,109.668,75.8345
42,21,63,10,200,4,0,45,-57.7717,-5.35571,9,27.008,9,27.008,1,1,5,109.908,11.2617
42,21,63,10,200,4,0,46,-13.826,-151.755,0,36.307,0,36.307,1,1,1,109.32,109.292
42,21,63,10,200,4,0,47,3.35481,-54.2397,3,78.1766,3,78.1766,1,1,3,109.669,75.8363
42,21,63,10,200,4,0,48,-32.1861,-87.0289,9,94.2368,9,94.2368,1,1,2,109.521,10.875
42,21,63,10,200,4,0,49,81.9374,12.8889,8,12.624,7,25.0136,1.98143,0,4,109.847,31.7351
42,21,63,10,200,4,0,50,77.9257,170.151,7,5.12176,7,5.12176,1,1,4,109.847,31.7356
42,21,63,10,200,4,0,51,-19.7141,89.1214,6,28.1598,6,28.1598,1,1,5,109.911,42.1617
42,21,63,10,200,4,0,52,34.3324,20.3265,3,4.35013,3,4.35013,1,1,3,109.672,75.8392
42,21,63,10,200,4,0,53,-8.71315,-165.337,0,23.3562,0,23.3562,1,1,1,109.327,109.299
42,21,63,10,200,4,0,54,-85.6713,64.7619,9,17.1787,9,17.1787,1,1,5,109.912,11.2658
42,21,63,10,200,4,0,55,30.3789,-57.4606,3,64.7367,3,64.7367,1,1,3,109.674,75.8405
42,21,63,10,200,4,0,56,-39.2219,-172.654,0,49.8963,0,49.8963,1,1,1,109.33,109.302
42,21,63,10,200,4,0,57,20.4602,97.4279,5,38.5564,5,38.5564,1,1,3,109.674,52.823
42,21,63,10,200,4,0,58,50.8248,61.8216,8,23.6195,3,31.7773,1.34538,0,3,109.675,75.8419
42,21,63,10,200,4,0,59,15.4122,17.8564,3,23.3849,3,23.3849,1,1,3,109.676,75.8426
42,21,63,10,200,4,0,60,-47.8917,95.2811,4,8.80653,4,8.80653,1,1,4,109.852,63.7049
42,21,63,10,200,4,0,61,-83.7497,56.5647,9,15.017,9,15.017,1,1,5,109.913,11.2665
42,21,63,10,200,4,0,62,61.7632,19.2103,8,10.8274,3,23.0963,2.13313,0,3,109.678,75.8446
42,21,63,10,200,4,0,63,-88.8375,-120.846,9,38.585,9,38.585,1,1,3,109.678,11.0322
42,21,63,10,200,4,0,64,56.0907,166.2,7,22.2563,7,22.2563,1,1,4,109.853,31.741
42,21,63,10,200,4,0,65,36.0215,88.0328,5,36.8133,5,36.8133,1,1,3,109.68,52.8283
42,21,63,10,200,4,0,66,78.1756,-147.385,8,49.8951,7,63.3093,1.26885,0,2,109.533,31.421
42,21,63,10,200,4,0,67,-1.42291,45.0159,1,11.2604,1,11.2604,1,1,2,109.535,98.9471
42,21,63,10,200,4,0,68,26.4706,159.728,7,51.1323,7,51.1323,1,1,4,109.853,31.7415
42,21,63,10,200,4,0,69,29.8396,61.5986,5,19.0613,5,19.0613,1,1,3,109.682,52.8306
42,21,63,10,200,4,0,70,22.2449,-59.5629,3,70.9166,3,70.9166,1,1,3,109.683,75.8495
42,21,63,10,200,4,0,71,-87.931,146.046,9,27.2639,9,27.2639,1,1,5,109.913,11.2672
42,21,63,10,200,4,0,72,-26.1085,45.0585,6,34.2048,6,34.2048,1,1,3,109.684,41.9345
42,21,63,10,200,4,0,73,31.737,-130.567,0,49.9404,0,49.9404,1,1,1,109.346,109.318
42,21,63,10,200,4,0,74,-36.56,-85.7016,9,88.0587,9,88.0587,1,1,2,109.539,10.8932
42,21,63,10,200,4,0,75,33.6445,11.0967,3,9.09075,3,9.09075,1,1,3,109.685,75.8515
42,21,63,10,200,4,0,76,-85.2102,79.7897,9,17.7415,9,17.7415,1,1,5,109.914,11.2678
42,21,63,10,200,4,0,77,-56.1693,133.106,4,15.7285,4,15.7285,1,1,4,109.855,63.7081
42,21,63,10,200,4,0,78,-40.5,-110.014,0,83.6894,0,83.6894,1,1,1,109.35,109.322
42,21,63,10,200,4,0,79,-83.87,-148.819,9,49.1614,9,49.1614,1,1,2,109.542,10.8958
42,21,63,10,200,4,0,80,-61.9069,84.303,6,15.6208,6,15.6208,1,1,5,109.915,42.1653
42,21,63,10,200,4,0,81,59.6071,-147.463,0,55.6239,0,55.6239,1,1,1,109.353,109.325
42,21,63,10,200,4,0,82,58.4589,-63.6317,8,44.2146,3,59.0611,1.33578,0,2,109.543,75.7102
42,21,63,10,200,4,0,83,38.7767,-10.1411,3,23.881,3,23.881,1,1,3,109.687,75.8541
42,21,63,10,200,4,0,84,-41.9519,-42.7674,9,58.8892,9,58.8892,1,1,5,109.915,11.2691
42,21,63,10,200,4,0,85,-64.2712,140.586,4,21.7379,4,21.7379,1,1,4,109.856,63.7098
42,21,63,10,200,4,0,86,38.8348,-124.404,0,57.179,0,57.179,1,1,1,109.357,109.329
42,21,63,10,200,4,0,87,53.316,-154.547,0,47.7258,0,47.7258,1,1,1,109.358,109.33
42,21,63,10,200,4,0,88,50.327,-9.8941,3,24.5891,3,24.5891,1,1,3,109.689,75.8563
42,21,63,10,200,4,0,89,-52.5573,-152.466,0,67.5251,0,67.5251,1,1,1,109.36,109.332
42,21,63,10,200,4,0,90,42.2022,142.174,7,34.8705,7,34.8705,1,1,4,109.857,31.7453
42,21,63,10,200,4,0,91,19.3154,93.9839,5,35.1542,5,35.1542,1,1,3,109.692,52.8406
42,21,63,10,200,4,0,92,20.982,106.292,5,46.9246,5,46.9246,1,1,3,109.693,52.8413
42,21,63,10,200,4,0,93,23.5449,140.964,7,53.5809,7,53.5809,1,1,4,109.857,31.7458
42,21,63,10,200,4,0,94,88.1393,59.3499,7,15.9037,7,15.9037,1,1,4,109.858,31.7463
42,21,63,10,200,4,0,95,86.0726,-127.535,8,36.5439,7,41.4376,1.13391,0,2,109.55,31.4386
42,21,63,10,200,4,0,96,-18.1735,111.359,2,28.6411,2,28.6411,1,1,3,109.694,86.662
42,21,63,10,200,4,0,97,-47.4989,-99.4293,9,81.3973,9,81.3973,1,1,2,109.552,10.9054
42,21,63,10,200,4,0,98,-66.1362,162.555,4,32.0415,4,32.0415,1,1,4,109.859,63.7118
42,21,63,10,200,4,0,99,35.2148,-36.1762,3,45.4037,3,45.4037,1,1,3,109.696,75.8626
42,21,63,10,200,4,0,100,-30.106,121.887,2,14.6214,2,14.6214,1,1,3,109.697,86.6641
42,21,63,10,200,4,0,101,-37.7951,-162.542,0,50.6567,0,50.6567,1,1,1,109.37,109.342
42,21,63,10,200,4,0,102,88.7414,-148.958,8,37.8888,7,38.5902,1.01851,0,2,109.554,31.4428
42,21,63,10,200,4,0,103,-68.5448,98.1368,9,17.6863,9,17.6863,1,1,5,109.916,11.2697
42,21,63,10,200,4,0,104,10.5738,-62.2043,3,80.2387,3,80.2387,1,1,3,109.698,75.8647
42,21,63,10,200,4,0,105,62.8355,-74.4481,8,44.0711,3,64.7214,1.46857,0,2,109.557,75.7237
42,21,63,10,200,4,0,106,-50.015,-15.6982,9,38.1249,9,38.1249,1,1,5,109.917,11.2704
42,21,63,10,200,4,0,107,-80.2321,121.934,9,22.4398,9,22.4398,1,1,5,109.917,11.2711
42,21,63,10,200,4,0,108,-44.7029,66.6256,6,8.90382,6,8.90382,1,1,4,109.861,42.1113
42,21,63,10,200,4,0,109,41.449,-93.1273,8,77.4142,0,83.2122,1.0749,0,1,109.377,109.349
42,21,63,10,200,4,0,110,-27.0123,75.0432,6,19.8399,6,19.8399,1,1,4,109.861,42.1119
42,21,63,10,200,4,0,111,-20.3313,89.6284,6,27.6941,6,27.6941,1,1,5,109.918,42.1685
42,21,63,10,200,4,0,112,3.20131,44.3396,1,8.33051,1,8.33051,1,1,2,109.563,98.9751
42,21,63,10,200,4,0,113,85.0996,54.1303,8,15.1678,7,16.573,1.09264,0,4,109.862,31.7508
42,21,63,10,200,4,0,114,13.4476,60.6288,5,3.16004,5,3.16004,1,1,3,109.703,52.8514
42,21,63,10,200,4,0,115,-81.0229,146.683,9,28.068,9,28.068,1,1,5,109.918,11.2723
42,21,63,10,200,4,0,116,1.258,-57.6362,3,82.3991,3,82.3991,1,1,3,109.704,75.871
42,21,63,10,200,4,0,117,82.0704,-0.00125122,8,14.274,7,27.1878,1.90471,0,4,109.863,31.7518
42,21,63,10,200,4,0,118,-13.2972,-152.949,0,35.0686,0,35.0686,1,1,1,109.385,109.357
42,21,63,10,200,4,0,119,-40.9322,174.553,2,29.8712,2,29.8712,1,1,3,109.705,86.673
42,21,63,10,200,4,0,120,-17.5766,-136.193,0,50.9256,0,50.9256,1,1,1,109.386,109.358
42,21,63,10,200,4,0,121,-39.9475,44.8169,6,25.8127,6,25.8127,1,1,4,109.864,42.1147
42,21,63,10,200,4,0,122,14.0542,-60.3593,3,76.4934,3,76.4934,1,1,3,109.707,75.8737
42,21,63,10,200,4,0,123,-6.62455,118.703,2,32.0997,2,32.0997,1,1,3,109.707,86.675
42,21,63,10,200,4,0,124,-86.8668,-110.351,9,38.1805,9,38.1805,1,1,4,109.865,11.2184
42,21,63,10,200,4,0,125,-77.2124,-47.7582,9,29.6116,9,29.6116,1,1,6,109.945,11.299
42,21,63,10,200,4,0,126,72.346,-15.0873,8,16.1033,3,39.2262,2.4359,0,3,109.71,75.8765
42,21,63,10,200,4,0,127,-69.0649,-28.9053,9,28.1629,9,28.1629,1,1,5,109.92,11.2735
42,21,63,10,200,4,0,128,-75.3738,-147.931,9,61.0283,9,61.0283,1,1,2,109.573,10.9264
42,21,63,10,200,4,0,129,-77.3875,56.1474,9,8.77691,9,8.77691,1,1,6,109.946,11.2996
42,21,63,10,200,4,0,130,46.3491,-136.821,0,51.6768,0,51.6768,1,1,1,109.399,109.37
42,21,63,10,200,4,0,131,11.4153,-84.7858,0,92.4278,0,92.4278,1,1,1,109.399,109.371
42,21,63,10,200,4,0,132,-7.22852,6.97141,1,46.755,1,46.755,1,1,2,109.574,98.9862
42,21,63,10,200,4,0,133,47.6065,138.948,7,29.6173,7,29.6173,1,1,5,109.921,31.8093
42,21,63,10,200,4,0,134,17.0113,-166.651,0,13.6542,0,13.6542,1,1,1,109.402,109.374
42,21,63,10,200,4,0,135,66.7508,178.869,7,14.2607,7,14.2607,1,1,5,109.922,31.8099
42,21,63,10,200,4,0,136,-61.4224,-126.394,9,74.3524,9,74.3524,1,1,2,109.576,10.9297
42,21,63,10,200,4,0,137,21.8432,85.2635,5,27.785,5,27.785,1,1,3,109.713,52.862
42,21,63,10,200,4,0,138,-3.3764,-149.563,0,32.3165,0,32.3165,1,1,1,109.405,109.377
42,21,63,10,200,4,0,139,11.983,-0.486481,3,32.735,3,32.735,1,1,3,109.714,75.8809
42,21,63,10,200,4,0,140,-39.9569,49.5413,6,22.5014,6,22.5014,1,1,4,109.868,42.1185
42,21,63,10,200,4,0,141,65.8777,-115.222,8,56.0649,0,74.827,1.33465,0,1,109.408,109.38
42,21,63,10,200,4,0,142,-72.773,173.626,4,37.5646,4,37.5646,1,1,4,109.869,63.722
42,21,63,10,200,4,0,143,17.9365,-116.294,0,61.1848,0,61.1848,1,1,1,109.41,109.382
42,21,63,10,200,4,0,144,-77.1525,61.0979,9,8.99216,9,8.99216,1,1,6,109.946,11.3003
42,21,63,10,200,4,0,145,59.9269,118.393,7,20.0291,7,20.0291,1,1,4,109.87,31.7581
42,21,63,10,200,4,0,146,52.1385,-37.3157,8,39.3019,3,42.7418,1.08753,0,3,109.717,75.8842
42,21,63,10,200,4,0,147,-73.1962,-90.18,9,45.6536,9,45.6536,1,1,4,109.87,11.2241
42,21,63,10,200,4,0,148,74.8279,128.82,7,4.91797,7,4.91797,1,1,4,109.871,31.7591
42,21,63,10,200,4,0,149,-65.6158,3.6783,9,18.0236,9,18.0236,1,1,5,109.923,11.2767
42,21,63,10,200,4,0,150,71.0845,-177.73,0,60.7835,0,60.7835,1,1,1,109.415,109.387
42,21,63,10,200,4,0,151,1.27389,-160.676,0,20.2505,0,20.2505,1,1,1,109.416,109.388
42,21,63,10,200,4,0,152,-62.0618,-133.766,9,76.4551,9,76.4551,1,1,2,109.583,10.9373
42,21,63,10,200,4,0,153,52.2939,49.1237,8,19.3854,3,24.2657,1.25175,0,3,109.721,75.8881
42,21,63,10,200,4,0,154,-51.6643,-51.4462,9,52.9493,9,52.9493,1,1,5,109.923,11.2773
42,21,63,10,200,4,0,155,-65.6814,-3.24246,9,20.6281,9,20.6281,1,1,5,109.924,11.2779
42,21,63,10,200,4,0,156,89.0476,-179.607,7,41.4892,7,41.4892,1,1,2,109.586,31.4745
42,21,63,10,200,4,0,157,30.7679,-147.451,0,35.8546,0,35.8546,1,1,1,109.421,109.393
42,21,63,10,200,4,0,158,87.0091,-82.5913,8,28.3032,7,33.4879,1.18318,0,3,109.723,31.6117
42,21,63,10,200,4,0,159,-41.8723,-160.287,0,55.166,0,55.166,1,1,1,109.426,109.398
42,21,63,10,200,4,0,160,79.2533,-143.891,8,47.5477,7,59.9154,1.26011,0,2,109.587,31.4758
42,21,63,10,200,4,0,161,69.0533,82.7837,8,16.5581,7,20.3533,1.2292,0,4,109.874,31.7623
42,21,63,10,200,4,0,162,-0.603264,171.714,2,44.9386,2,44.9386,1,1,3,109.726,86.6933
42,21,63,10,200,4,0,163,86.3019,-31.5508,8,20.7443,7,27.5607,1.32859,0,4,109.874,31.7628
42,21,63,10,200,4,0,164,60.2673,-138.628,0,59.8016,0,59.8016,1,1,1,109.429,109.401
42,21,63,10,200,4,0,165,76.0637,82.7036,8,14.8018,7,15.0019,1.01352,0,4,109.875,31.7632
42,21,63,10,200,4,0,166,-68.1789,-25.3248,9,27.4222,9,27.4222,1,1,5,109.925,11.2786
42,21,63,10,200,4,0,167,51.0139,-80.4813,8,59.7373,3,72.6285,1.2158,0,2,109.593,75.7596
42,21,63,10,200,4,0,168,10.4547,26.6154,1,24.3633,1,24.3633,1,1,2,109.594,99.0059
42,21,63,10,200,4,0,169,74.3212,97.5808,7,12.5232,7,12.5232,1,1,4,109.876,31.7643
42,21,63,10,200,4,0,170,77.5846,-162.72,8,54.8842,7,68.1574,1.24184,0,2,109.595,31.4832
42,21,63,10,200,4,0,171,-42.8308,153.264,2,15.3917,2,15.3917,1,1,3,109.729,86.6968
42,21,63,10,200,4,0,172,-81.164,155.874,9,30.1806,9,30.1806,1,1,5,109.925,11.2792
42,21,63,10,200,4,0,173,-87.0932,-168.31,9,48.9656,9,48.9656,1,1,2,109.597,10.9507
42,21,63,10,200,4,0,174,-53.3586,-77.9311,9,63.5049,9,63.5049,1,1,4,109.877,11.2309
42,21,63,10,200,4,0,175,-74.2983,-128.211,9,56.4655,9,56.4655,1,1,2,109.598,10.9519
42,21,63,10,200,4,0,176,-20.911,169.51,2,29.834,2,29.834,1,1,3,109.731,86.6987
42,21,63,10,200,4,0,177,67.2866,136.972,7,10.1745,7,10.1745,1,1,4,109.878,31.766
42,21,63,10,200,4,0,178,80.612,127.177,7,5.2825,7,5.2825,1,1,4,109.878,31.7665
42,21,63,10,200,4,0,179,-37.2896,101.758,4,14.6991,4,14.6991,1,1,4,109.879,63.7319
42,21,63,10,200,4,0,180,84.2746,-102.452,8,33.0762,7,41.25,1.24712,0,3,109.803,31.691
42,21,63,10,200,4,0,181,2.23097,-147.809,0,31.9364,0,31.9364,1,1,1,109.443,109.415
42,21,63,10,200,4,0,182,26.1117,-73.5103,3,80.3433,3,80.3433,1,1,2,109.605,75.7717
42,21,63,10,200,4,0,183,-24.1449,-106.867,0,79.3686,0,79.3686,1,1,1,109.445,109.417
42,21,63,10,200,4,0,184,66.5526,-79.6475,8,42.2063,3,66.8714,1.58439,0,2,109.606,75.7724
42,21,63,10,200,4,0,185,85.3568,108.274,7,10.261,7,10.261,1,1,4,109.879,31.7675
42,21,63,10,200,4,0,186,-31.184,-94.948,0,92.3956,0,92.3956,1,1,1,109.447,109.419
42,21,63,10,200,4,0,187,40.7694,-44.6958,3,50.1643,3,50.1643,1,1,3,109.804,75.9712
42,21,63,10,200,4,0,188,-59.537,87.3523,6,13.8719,6,13.8719,1,1,5,109.926,42.1767
42,21,63,10,200,4,0,189,-16.5028,-45.7911,3,85.2846,3,85.2846,1,1,3,109.806,75.9726
42,21,63,10,200,4,0,190,-85.2894,-1.60216,9,20.0482,9,20.0482,1,1,6,109.947,11.301
42,21,63,10,200,4,0,191,2.99915,-32.4007,3,60.949,3,60.949,1,1,3,109.807,75.974
42,21,63,10,200,4,0,192,-6.04613,-39.4286,3,72.8369,3,72.8369,1,1,3,109.808,75.9746
42,21,63,10,200,4,0,193,-37.7146,-30.8683,9,57.2467,9,57.2467,1,1,4,109.882,11.2358
42,21,63,10,200,4,0,194,-46.1258,29.9916,9,25.0035,9,25.0035,1,1,5,109.927,11.2812
42,21,63,10,200,4,0,195,-54.555,-103.703,9,74.0346,9,74.0346,1,1,2,109.612,10.9661
42,21,63,10,200,4,0,196,53.7699,75.352,8,25.1703,7,37.8052,1.50198,0,4,109.883,31.7714
42,21,63,10,200,4,0,197,-35.7556,-20.2367,9,53.966,9,53.966,1,1,4,109.884,11.2374
42,21,63,10,200,4,0,198,-89.0791,60.199,9,20.3562,9,20.3562,1,1,5,109.928,11.2819
42,21,63,10,200,4,0,199,26.4481,134.947,7,51.0858,7,51.0858,1,1,4,109.885,31.7729
42,22,64,10,200,4,0,0,14.1056,151.452,4,14.2844,4,14.2844,1,1,3,111.809,69.5832
42,22,64,10,200,4,0,1,76.2757,67.9794,1,37.2156,1,37.2156,1,1,2,111.316,100.029
42,22,64,10,200,4,0,2,-65.5662,-140.628,2,21.7465,2,21.7465,1,1,2,111.317,89.6708
42,22,64,10,200,4,0,3,62.9887,-20.6289,8,52.5995,8,52.5995,1,1,5,112.135,22.5582
42,22,64,10,200,4,0,4,61.801,-1.478,8,59.2968,8,59.2968,1,1,5,112.137,22.5597
42,22,64,10,200,4,0,5,-28.4192,-85.272,9,14.8655,9,14.8655,1,1,4,111.954,11.2857
42,22,64,10,200,4,0,6,-15.3254,-110.664,2,38.4591,2,38.4591,1,1,2,111.32,89.6739
42,22,64,10,200,4,0,7,-48.5361,61.7086,0,83.2963,0,83.2963,1,1,1,111.092,111.058
42,22,64,10,200,4,0,8,-35.5129,112.384,0,40.726,0,40.726,1,1,1,111.093,111.06
42,22,64,10,200,4,0,9,4.97277,117.863,3,14.129,3,14.129,1,1,2,111.321,79.396
42,22,64,10,200,4,0,10,36.5874,-142.74,6,54.2099,6,54.2099,1,1,5,112.138,45.1776
42,22,64,10,200,4,0,11,-61.7012,-52.5509,9,31.6738,9,31.6738,1,1,4,111.956,11.2874
42,22,64,10,200,4,0,12,-21.3149,29.7073,7,70.8371,7,70.8371,1,1,4,111.956,33.7902
42,22,64,10,200,4,0,13,41.6949,166.675,1,21.4125,1,21.4125,1,1,2,111.324,100.037
42,22,64,10,200,4,0,14,81.2269,-160.578,6,71.8011,6,71.8011,1,1,4,112.063,45.1033
42,22,64,10,200,4,0,15,-40.9495,10.6649,7,55.9072,7,55.9072,1,1,4,112.066,33.8996
42,22,64,10,200,4,0,16,85.437,-109.348,6,60.5491,6,60.5491,1,1,4,112.067,45.1066
42,22,64,10,200,4,0,17,-50.6778,-140.258,2,6.85793,2,6.85793,1,1,2,111.328,89.6816
42,22,64,10,200,4,0,18,-34.9878,-155.378,2,14.5822,2,14.5822,1,1,2,111.328,89.6823
42,22,64,10,200,4,0,19,9.55637,-126.374,6,47.4946,6,47.4946,1,1,4,112.068,45.1075
42,22,64,10,200,4,0,20,11.5719,142.274,4,7.27712,4,7.27712,1,1,3,111.842,69.6162
42,22,64,10,200,4,0,21,-15.8228,172.493,0,20.9606,0,20.9606,1,1,1,111.108,111.074
42,22,64,10,200,4,0,22,-74.1948,51.2821,9,83.4452,9,83.4452,1,1,3,111.842,11.1742
42,22,64,10,200,4,0,23,27.1007,-39.4153,8,14.443,8,14.443,1,1,5,112.138,22.5615
42,22,64,10,200,4,0,24,-8.16697,-115.853,2,41.9101,2,41.9101,1,1,2,111.333,89.6866
42,22,64,10,200,4,0,25,-50.776,-123.159,2,13.5828,2,13.5828,1,1,2,111.333,89.6873
42,22,64,10,200,4,0,26,-39.2965,-44.9544,9,20.5409,9,20.5409,1,1,5,112.139,11.4709
42,22,64,10,200,4,0,27,2.14493,58.7771,3,69.851,3,69.851,1,1,2,111.335,79.4103
42,22,64,10,200,4,0,28,82.3764,-92.3202,6,55.703,6,55.703,1,1,4,112.07,45.1103
42,22,64,10,200,4,0,29,22.7259,147.207,4,19.3157,4,19.3157,1,1,3,111.846,69.6202
42,22,64,10,200,4,0,30,-36.4491,143.553,0,22.9713,0,22.9713,1,1,1,111.117,111.083
42,22,64,10,200,4,0,31,-11.0642,-82.0243,9,24.3763,9,24.3763,1,1,4,112.071,11.4027
42,22,64,10,200,4,0,32,-72.8975,56.5159,9,86.5352,9,86.5352,1,1,2,111.338,10.6701
42,22,64,10,200,4,0,33,-21.1413,-35.7706,7,11.0391,7,11.0391,1,1,4,112.072,33.9055
42,22,64,10,200,4,0,34,40.5688,156.83,1,23.5893,1,23.5893,1,1,2,111.34,100.053
42,22,64,10,200,4,0,35,8.92793,-75.7186,5,14.9412,5,14.9412,1,1,4,112.072,58.815
42,22,64,10,200,4,0,36,59.5522,166.21,1,3.66174,1,3.66174,1,1,2,111.342,100.055
42,22,64,10,200,4,0,37,-41.6129,150.715,0,27.176,0,27.176,1,1,1,111.124,111.091
42,22,64,10,200,4,0,38,18.7462,150.976,4,17.4377,4,17.4377,1,1,3,111.851,69.6258
42,22,64,10,200,4,0,39,-34.3502,-158.842,2,17.1882,2,17.1882,1,1,2,111.343,89.6974
42,22,64,10,200,4,0,40,-72.4388,9.7476,9,62.7675,9,62.7675,1,1,4,112.073,11.4048
42,22,64,10,200,4,0,41,-51.0004,-43.4706,9,26.7431,9,26.7431,1,1,4,112.074,11.4055
42,22,64,10,200,4,0,42,72.3966,82.2891,1,33.8466,1,33.8466,1,1,2,111.346,100.058
42,22,64,10,200,4,0,43,-82.3468,129.546,0,69.3644,0,69.3644,1,1,1,111.13,111.096
42,22,64,10,200,4,0,44,84.9844,60.7582,1,36.7792,1,36.7792,1,1,2,111.346,100.059
42,22,64,10,200,4,0,45,48.3763,-82.9294,6,21.3747,6,21.3747,1,1,5,112.14,45.1799
42,22,64,10,200,4,0,46,12.1554,-105.376,6,28.2942,6,28.2942,1,1,5,112.141,45.1807
42,22,64,10,200,4,0,47,7.52313,58.5159,3,68.7891,3,68.7891,1,1,2,111.352,79.4273
42,22,64,10,200,4,0,48,65.5701,152.764,1,7.13314,1,7.13314,1,1,2,111.353,100.066
42,22,64,10,200,4,0,49,-78.6273,32.2778,9,73.9654,9,73.9654,1,1,4,112.076,11.4075
42,22,64,10,200,4,0,50,64.7968,40.6012,1,56.0776,1,56.0776,1,1,2,111.354,100.067
42,22,64,10,200,4,0,51,68.2796,68.698,1,41.3004,1,41.3004,1,1,2,111.356,100.068
42,22,64,10,200,4,0,52,13.4057,-126.667,6,45.9779,6,45.9779,1,1,4,112.076,45.1163
42,22,64,10,200,4,0,53,19.7064,-115.696,6,33.6858,6,33.6858,1,1,5,112.142,45.1816
42,22,64,10,200,4,0,54,-77.8456,150.712,0,63.4086,0,63.4086,1,1,1,111.14,111.106
42,22,64,10,200,4,0,55,-47.2689,-120.569,2,14.2848,2,14.2848,1,1,2,111.358,89.7118
42,22,64,10,200,4,0,56,-9.77001,-16.5386,7,27.2071,7,27.2071,1,1,4,112.078,33.9116
42,22,64,10,200,4,0,57,7.98038,-54.7468,5,8.55722,5,8.55722,1,1,4,112.078,58.8211
42,22,64,10,200,4,0,58,-57.1247,31.2672,7,75.4235,7,75.4235,1,1,2,111.36,33.194
42,22,64,10,200,4,0,59,-52.6004,-124.281,2,13.8541,2,13.8541,1,1,2,111.361,89.7148
42,22,64,10,200,4,0,60,-43.9873,171.552,0,34.6472,0,34.6472,1,1,1,111.146,111.113
42,22,64,10,200,4,0,61,-13.605,116.336,4,30.3315,4,30.3315,1,1,3,111.859,69.6337
42,22,64,10,200,4,0,62,-56.912,167.836,0,44.6658,0,44.6658,1,1,1,111.148,111.115
42,22,64,10,200,4,0,63,-2.57385,-162.684,2,46.0676,2,46.0676,1,1,3,111.86,90.2139
42,22,64,10,200,4,0,64,70.2999,17.5977,1,60.0205,1,60.0205,1,1,2,111.363,100.076
42,22,64,10,200,4,0,65,24.797,90.1934,3,37.1918,3,37.1918,1,1,3,111.861,79.9361
42,22,64,10,200,4,0,66,-60.9006,6.15315,9,59.0569,9,59.0569,1,1,4,112.079,11.4108
42,22,64,10,200,4,0,67,-10.5543,85.0104,3,50.0526,3,50.0526,1,1,2,111.366,79.4409
42,22,64,10,200,4,0,68,29.7432,-161.696,6,71.9804,6,71.9804,1,1,4,112.08,45.1197
42,22,64,10,200,4,0,69,74.6571,83.7953,1,32.5493,1,32.5493,1,1,2,111.367,100.08
42,22,64,10,200,4,0,70,84.5083,-125.224,6,62.7693,6,62.7693,1,1,4,112.08,45.1204
42,22,64,10,200,4,0,71,71.6133,-30.5235,6,54.8751,6,54.8751,1,1,4,112.081,45.121
42,22,64,10,200,4,0,72,19.1189,-20.8125,8,25.6923,8,25.6923,1,1,5,112.142,22.5655
42,22,64,10,200,4,0,73,47.3648,103.988,3,38.6879,3,38.6879,1,1,3,111.866,79.9411
42,22,64,10,200,4,0,74,-84.7727,169.529,0,71.3722,0,71.3722,1,1,1,111.16,111.126
42,22,64,10,200,4,0,75,79.8539,-77.5199,6,52.7356,6,52.7356,1,1,4,112.082,45.1224
42,22,64,10,200,4,0,76,80.5404,-47.5023,6,56.7196,6,56.7196,1,1,4,112.083,45.123
42,22,64,10,200,4,0,77,-70.5918,-132.743,2,27.0877,2,27.0877,1,1,2,111.373,89.727
42,22,64,10,200,4,0,78,-29.8331,33.6688,7,74.0853,7,74.0853,1,1,4,112.084,33.9175
42,22,64,10,200,4,0,79,-57.7135,-99.0664,2,29.5837,2,29.5837,1,1,2,111.375,89.7289
42,22,64,10,200,4,0,80,-64.3668,114.167,0,57.4059,0,57.4059,1,1,1,111.166,111.132
42,22,64,10,200,4,0,81,85.5635,-70.5347,6,58.6558,6,58.6558,1,1,3,111.872,44.9119
42,22,64,10,200,4,0,82,-29.8399,-29.9818,7,20.9763,7,20.9763,1,1,4,112.084,33.9181
42,22,64,10,200,4,0,83,-82.7622,179.807,0,70.962,0,70.962,1,1,1,111.169,111.135
42,22,64,10,200,4,0,84,-5.83879,163.79,0,15.3869,0,15.3869,1,1,1,111.17,111.136
42,22,64,10,200,4,0,85,41.801,-22.661,8,34.7355,8,34.7355,1,1,4,112.085,22.508
42,22,64,10,200,4,0,86,-70.7169,46.8287,9,81.8234,9,81.8234,1,1,3,111.874,11.2061
42,22,64,10,200,4,0,87,63.4078,76.8041,1,41.1418,1,41.1418,1,1,2,111.379,100.092
42,22,64,10,200,4,0,88,-76.9919,41.5452,9,78.2129,9,78.2129,1,1,4,112.085,11.4172
42,22,64,10,200,4,0,89,0.396248,-143.529,2,44.3143,2,44.3143,1,1,3,111.876,90.2298
42,22,64,10,200,4,0,90,15.537,-19.4998,8,26.8108,8,26.8108,1,1,6,112.197,22.6199
42,22,64,10,200,4,0,91,-20.5245,12.1548,7,54.2261,7,54.2261,1,1,5,112.144,33.9778
42,22,64,10,200,4,0,92,56.4989,-2.23254,8,55.6058,8,55.6058,1,1,4,112.088,22.511
42,22,64,10,200,4,0,93,29.7058,-126.668,6,41.2203,6,41.2203,1,1,5,112.145,45.1846
42,22,64,10,200,4,0,94,-74.2819,123.985,0,62.8468,0,62.8468,1,1,1,111.179,111.145
42,22,64,10,200,4,0,95,-22.8674,-97.2974,9,27.0763,9,27.0763,1,1,3,111.88,11.2115
42,22,64,10,200,4,0,96,29.0758,-54.6078,8,15.9569,8,15.9569,1,1,5,112.145,22.5684
42,22,64,10,200,4,0,97,6.08398,178.472,0,34.37,0,34.37,1,1,1,111.181,111.148
42,22,64,10,200,4,0,98,47.7052,26.6436,8,71.3419,8,71.3419,1,1,3,111.881,22.3042
42,22,64,10,200,4,0,99,89.1393,-96.2671,6,62.6019,6,62.6019,1,1,3,111.882,44.9218
42,22,64,10,200,4,0,100,5.21676,81.8806,3,46.6362,3,46.6362,1,1,2,111.39,79.465
42,22,64,10,200,4,0,101,30.5359,48.9998,3,74.8244,3,74.8244,1,1,3,111.883,79.9579
42,22,64,10,200,4,0,102,-25.6454,7.88737,7,50.4506,7,50.4506,1,1,4,112.09,33.9239
42,22,64,10,200,4,0,103,-27.098,-25.2746,7,22.2913,7,22.2913,1,1,4,112.091,33.9247
42,22,64,10,200,4,0,104,-65.2837,126.596,0,54.1418,0,54.1418,1,1,1,111.189,111.155
42,22,64,10,200,4,0,105,5.59812,80.5066,3,47.8603,3,47.8603,1,1,2,111.393,79.4682
42,22,64,10,200,4,0,106,-36.4517,150.147,0,22.0232,0,22.0232,1,1,1,111.19,111.157
42,22,64,10,200,4,0,107,-43.6693,-139.905,2,0.362644,2,0.362644,1,1,2,111.394,89.7476
42,22,64,10,200,4,0,108,-16.0426,152.073,0,2.00576,0,2.00576,1,1,1,111.192,111.159
42,22,64,10,200,4,0,109,-43.2869,-0.649094,7,48.4727,7,48.4727,1,1,4,112.091,33.9252
42,22,64,10,200,4,0,110,48.0288,47.6915,1,69.7997,1,69.7997,1,1,2,111.396,100.108
42,22,64,10,200,4,0,111,41.0268,-25.7906,8,32.4932,8,32.4932,1,1,4,112.092,22.5151
42,22,64,10,200,4,0,112,86.5419,-85.7785,6,59.492,6,59.492,1,1,3,111.887,44.9269
42,22,64,10,200,4,0,113,-13.6594,88.4942,3,48.8385,3,48.8385,1,1,2,111.398,79.4733
42,22,64,10,200,4,0,114,60.4326,-29.0402,8,48.0041,8,48.0041,1,1,5,112.146,22.569
42,22,64,10,200,4,0,115,86.1136,-48.7013,6,61.4214,6,61.4214,1,1,3,111.889,44.9285
42,22,64,10,200,4,0,116,-63.5798,53.299,9,87.7767,9,87.7767,1,1,2,111.401,10.7324
42,22,64,10,200,4,0,117,-89.8508,1.54967,9,67.1591,9,67.1591,1,1,3,111.889,11.2211
42,22,64,10,200,4,0,118,-59.4068,-53.8976,9,29.2762,9,29.2762,1,1,4,112.093,11.425
42,22,64,10,200,4,0,119,78.1375,-69.3811,6,51.3976,6,51.3976,1,1,4,112.094,45.1339
42,22,64,10,200,4,0,120,-53.6506,-12.5287,9,46.4705,9,46.4705,1,1,5,112.147,11.4785
42,22,64,10,200,4,0,121,-84.4373,-0.204529,9,63.6282,9,63.6282,1,1,3,111.892,11.2241
42,22,64,10,200,4,0,122,-21.1907,-76.2131,9,12.7736,9,12.7736,1,1,5,112.147,11.4792
42,22,64,10,200,4,0,123,19.945,105.533,3,22.2913,3,22.2913,1,1,2,111.406,79.4811
42,22,64,10,200,4,0,124,-52.07,133.316,0,40.3816,0,40.3816,1,1,1,111.207,111.173
42,22,64,10,200,4,0,125,-37.5579,171.918,0,29.8985,0,29.8985,1,1,1,111.208,111.174
42,22,64,10,200,4,0,126,0.503883,-173.062,2,53.7428,2,53.7428,1,1,3,111.894,90.2478
42,22,64,10,200,4,0,127,-16.9365,-5.90849,7,36.9828,7,36.9828,1,1,4,112.096,33.9296
42,22,64,10,200,4,0,128,-39.4204,118.808,0,37.9355,0,37.9355,1,1,1,111.214,111.18
42,22,64,10,200,4,0,129,-48.7071,-137.976,2,5.15784,2,5.15784,1,1,2,111.408,89.762
42,22,64,10,200,4,0,130,-45.116,-105.187,2,25.1355,2,25.1355,1,1,2,111.409,89.7627
42,22,64,10,200,4,0,131,-3.33846,-37.3915,7,12.0688,7,12.0688,1,1,4,112.096,33.9302
42,22,64,10,200,4,0,132,64.0559,-6.37845,8,58.6488,8,58.6488,1,1,5,112.148,22.5712
42,22,64,10,200,4,0,133,72.0791,-170.702,6,74.0458,6,74.0458,1,1,5,112.149,45.1888
42,22,64,10,200,4,0,134,59.862,120.433,1,23.0377,1,23.0377,1,1,2,111.412,100.125
42,22,64,10,200,4,0,135,-30.0415,-167.577,2,25.7513,2,25.7513,1,1,2,111.413,89.7668
42,22,64,10,200,4,0,136,-36.0477,-48.9575,9,16.7596,9,16.7596,1,1,5,112.149,11.4812
42,22,64,10,200,4,0,137,6.10912,65.5231,3,62.2791,3,62.2791,1,1,2,111.414,79.4897
42,22,64,10,200,4,0,138,27.4147,-127.892,6,42.6655,6,42.6655,1,1,5,112.15,45.1901
42,22,64,10,200,4,0,139,-4.47179,130.689,4,13.4737,4,13.4737,1,1,3,111.899,69.6741
42,22,64,10,200,4,0,140,-87.2878,95.9406,0,80.6685,0,80.6685,1,1,1,111.224,111.19
42,22,64,10,200,4,0,141,61.3035,6.43227,8,62.9851,8,62.9851,1,1,5,112.151,22.5739
42,22,64,10,200,4,0,142,51.4391,-91.2661,6,25.8479,6,25.8479,1,1,5,112.151,45.1915
42,22,64,10,200,4,0,143,-89.7381,-155.962,2,46.328,2,46.328,1,1,2,111.418,89.7723
42,22,64,10,200,4,0,144,-76.2289,-96.8905,2,39.0136,2,39.0136,1,1,2,111.419,89.7732
42,22,64,10,200,4,0,145,-56.9691,-62.6898,9,25.3354,9,25.3354,1,1,4,112.101,11.4325
42,22,64,10,200,4,0,146,-11.0388,59.385,3,73.4821,3,73.4821,1,1,2,111.421,79.496
42,22,64,10,200,4,0,147,39.9594,-73.9659,6,13.7399,6,13.7399,1,1,5,112.152,45.1921
42,22,64,10,200,4,0,148,-63.4967,44.0769,9,82.0494,9,82.0494,1,1,3,111.904,11.2357
42,22,64,10,200,4,0,149,-32.3339,172.73,0,26.916,0,26.916,1,1,1,111.232,111.199
42,22,64,10,200,4,0,150,-7.74492,55.2493,3,76.2396,3,76.2396,1,1,2,111.423,79.4984
42,22,64,10,200,4,0,151,-87.4234,92.4147,0,81.7458,0,81.7458,1,1,1,111.234,111.201
42,22,64,10,200,4,0,152,-86.8541,17.3715,9,70.1613,9,70.1613,1,1,3,111.905,11.2364
42,22,64,10,200,4,0,153,-11.0311,61.1212,3,71.8566,3,71.8566,1,1,2,111.425,79.4999
42,22,64,10,200,4,0,154,34.7399,148.994,3,27.4938,3,27.4938,1,1,3,111.905,79.9808
42,22,64,10,200,4,0,155,5.90526,74.9042,3,53.2071,3,53.2071,1,1,2,111.426,79.5015
42,22,64,10,200,4,0,156,32.4674,-45.5825,8,17.8809,8,17.8809,1,1,5,112.156,22.5795
42,22,64,10,200,4,0,157,-49.3318,-12.1868,7,45.0347,7,45.0347,1,1,4,112.103,33.9365
42,22,64,10,200,4,0,158,21.5757,-98.1398,6,17.5311,6,17.5311,1,1,5,112.157,45.1973
42,22,64,10,200,4,0,159,5.92535,70.6936,3,57.2916,3,57.2916,1,1,2,111.429,79.5047
42,22,64,10,200,4,0,160,-7.51513,77.9126,3,54.9298,3,54.9298,1,1,2,111.43,79.5055
42,22,64,10,200,4,0,161,-85.9981,142.892,0,71.7409,0,71.7409,1,1,1,111.245,111.211
42,22,64,10,200,4,0,162,-21.3512,87.9225,3,54.0513,3,54.0513,1,1,2,111.431,79.5064
42,22,64,10,200,4,0,163,-55.5369,10.3041,7,61.4767,7,61.4767,1,1,4,112.104,33.9378
42,22,64,10,200,4,0,164,-24.0003,4.25847,7,46.9623,7,46.9623,1,1,4,112.105,33.9385
42,22,64,10,200,4,0,165,1.51727,116.51,3,17.5872,3,17.5872,1,1,2,111.434,79.509
42,22,64,10,200,4,0,166,-60.2461,8.18777,9,60.2517,9,60.2517,1,1,4,112.105,11.4369
42,22,64,10,200,4,0,167,14.4622,-114.201,6,34.4881,6,34.4881,1,1,5,112.158,45.198
42,22,64,10,200,4,0,168,-77.2204,-173.138,2,37.0908,2,37.0908,1,1,2,111.438,89.7918
42,22,64,10,200,4,0,169,63.4603,95.039,1,32.9045,1,32.9045,1,1,2,111.439,100.151
42,22,64,10,200,4,0,170,77.9283,-41.2688,6,55.9614,6,55.9614,1,1,4,112.107,45.1466
42,22,64,10,200,4,0,171,-5.0284,40.7914,7,84.1722,7,84.1722,1,1,3,111.914,33.748
42,22,64,10,200,4,0,172,46.5743,71.2797,1,58.2163,1,58.2163,1,1,2,111.441,100.154
42,22,64,10,200,4,0,173,-75.6977,-43.7,9,46.1116,9,46.1116,1,1,3,111.915,11.2465
42,22,64,10,200,4,0,174,76.57,40.4553,1,46.0673,1,46.0673,1,1,2,111.442,100.155
42,22,64,10,200,4,0,175,-76.5032,-41.8903,9,47.1707,9,47.1707,1,1,3,111.916,11.2475
42,22,64,10,200,4,0,176,-30.8161,-145.003,2,13.5177,2,13.5177,1,1,2,111.444,89.7978
42,22,64,10,200,4,0,177,-39.4991,75.6654,0,71.5233,0,71.5233,1,1,1,111.26,111.226
42,22,64,10,200,4,0,178,61.46,-10.0721,8,55.2096,8,55.2096,1,1,5,112.159,22.5819
42,22,64,10,200,4,0,179,-47.0153,-105.081,2,24.9703,2,24.9703,1,1,2,111.445,89.7994
42,22,64,10,200,4,0,180,87.0932,89.004,1,31.4881,1,31.4881,1,1,2,111.446,100.159
42,22,64,10,200,4,0,181,-84.2855,-126.306,2,40.9299,2,40.9299,1,1,2,111.447,89.801
42,22,64,10,200,4,0,182,-41.4041,40.3534,7,79.9726,7,79.9726,1,1,2,111.448,33.2817
42,22,64,10,200,4,0,183,-30.2532,-57.249,9,9.84836,9,9.84836,1,1,5,112.16,11.4913
42,22,64,10,200,4,0,184,23.6078,-113.586,6,30.6495,6,30.6495,1,1,5,112.16,45.2002
42,22,64,10,200,4,0,185,-71.105,23.0721,9,69.1296,9,69.1296,1,1,4,112.109,11.4407
42,22,64,10,200,4,0,186,12.5727,27.7332,8,72.91,8,72.91,1,1,6,112.198,22.6207
42,22,64,10,200,4,0,187,-58.0682,-61.706,9,26.5321,9,26.5321,1,1,4,112.11,11.4419
42,22,64,10,200,4,0,188,-40.4935,-87.5319,9,17.4993,9,17.4993,1,1,3,111.922,11.254
42,22,64,10,200,4,0,189,37.297,-107.847,6,25.7426,6,25.7426,1,1,5,112.162,45.2016
42,22,64,10,200,4,0,190,66.4617,101.588,1,28.5888,1,28.5888,1,1,2,111.744,100.457
42,22,64,10,200,4,0,191,15.1313,-108.709,6,29.4398,6,29.4398,1,1,5,112.162,45.2024
42,22,64,10,200,4,0,192,68.2925,131.264,1,16.0717,1,16.0717,1,1,2,111.751,100.463
42,22,64,10,200,4,0,193,73.4783,79.505,1,34.4251,1,34.4251,1,1,2,111.752,100.465
42,22,64,10,200,4,0,194,-29.4039,-127.074,2,17.9331,2,17.9331,1,1,2,111.754,90.1078
42,22,64,10,200,4,0,195,77.2122,-64.6214,6,50.943,6,50.943,1,1,4,112.112,45.1521
42,22,64,10,200,4,0,196,70.965,165.853,1,7.93081,1,7.93081,1,1,2,111.757,100.47
42,22,64,10,200,4,0,197,-5.46365,-120.878,2,42.2475,2,42.2475,1,1,3,111.925,90.2794
42,22,64,10,200,4,0,198,13.1034,108.566,3,19.1623,3,19.1623,1,1,2,111.76,79.8357
42,22,64,10,200,4,0,199,0.936424,-106.578,6,36.8349,6,36.8349,1,1,5,112.163,45.2031
42,23,65,10,200,4,0,0,27.0233,-98.7449,2,33.3186,2,33.3186,1,1,2,108.315,87.4016
42,23,65,10,200,4,0,1,-67.0162,-158.657,3,62.4523,3,62.4523,1,1,2,108.316,76.9724
42,23,65,10,200,4,0,2,65.9028,32.4463,1,62.0682,1,62.0682,1,1,2,108.317,97.741
42,23,65,10,200,4,0,3,10.6174,-129.977,3,21.2871,3,21.2871,1,1,3,108.502,77.1574
42,23,65,10,200,4,0,4,78.7877,111.237,4,28.9696,4,28.9696,1,1,3,108.502,66.4305
42,23,65,10,200,4,0,5,-7.41453,-102.132,3,23.2577,3,23.2577,1,1,2,108.319,76.9748
42,23,65,10,200,4,0,6,-64.6124,-139.761,0,54.5142,0,54.5142,1,1,1,107.911,107.882
42,23,65,10,200,4,0,7,-89.2616,119.411,9,2.7226,9,2.7226,1,1,2,108.32,12.6678
42,23,65,10,200,4,0,8,-10.3544,-18.9095,7,38.7589,7,38.7589,1,1,2,108.32,34.1257
42,23,65,10,200,4,0,9,86.9565,-81.9487,8,44.0626,8,44.0626,1,1,4,108.628,23.3771
42,23,65,10,200,4,0,10,-13.7138,24.7314,0,80.4195,0,80.4195,1,1,1,107.915,107.886
42,23,65,10,200,4,0,11,-42.5316,171.545,9,44.5453,9,44.5453,1,1,4,108.629,12.9773
42,23,65,10,200,4,0,12,-18.1861,64.8653,1,59.8448,1,59.8448,1,1,2,108.323,97.7465
42,23,65,10,200,4,0,13,-33.4019,-121.474,3,23.5076,3,23.5076,1,1,2,108.323,76.9792
42,23,65,10,200,4,0,14,56.2804,-60.9476,2,21.9623,2,21.9623,1,1,2,108.324,87.4108
42,23,65,10,200,4,0,15,-65.7422,-13.3927,0,38.4724,0,38.4724,1,1,1,107.919,107.89
42,23,65,10,200,4,0,16,10.1537,-85.5168,2,33.1832,2,33.1832,1,1,2,108.325,87.4116
42,23,65,10,200,4,0,17,3.97534,-27.8869,7,35.7873,7,35.7873,1,1,3,108.504,34.3096
42,23,65,10,200,4,0,18,63.4647,-150.814,8,19.1482,8,19.1482,1,1,3,108.505,23.2536
42,23,65,10,200,4,0,19,11.068,104.505,6,14.2488,6,14.2488,1,1,3,108.506,45.118
42,23,65,10,200,4,0,20,70.2111,-172.693,8,30.9044,8,30.9044,1,1,3,108.506,23.255
42,23,65,10,200,4,0,21,-88.8136,-168.803,9,12.2861,9,12.2861,1,1,2,108.328,12.6765
42,23,65,10,200,4,0,22,-66.2272,-176.15,3,68.73,3,68.73,1,1,2,108.329,76.9848
42,23,65,10,200,4,0,23,65.3044,26.8367,2,64.5688,2,64.5688,1,1,3,108.507,87.5937
42,23,65,10,200,4,0,24,-7.52991,124.522,6,17.9217,6,17.9217,1,1,3,108.508,45.1201
42,23,65,10,200,4,0,25,62.444,137.513,4,16.7961,4,16.7961,1,1,3,108.508,66.4366
42,23,65,10,200,4,0,26,-15.3734,-140.175,3,15.2216,3,15.2216,1,1,2,108.332,76.9875
42,23,65,10,200,4,0,27,64.5288,112.881,4,28.0295,4,28.0295,1,1,3,108.509,66.4372
42,23,65,10,200,4,0,28,52.3451,-117.746,8,10.579,8,10.579,1,1,3,108.51,23.2584
42,23,65,10,200,4,0,29,85.7037,37.2509,4,48.1107,4,48.1107,1,1,3,108.51,66.4386
42,23,65,10,200,4,0,30,0.653084,-140.077,3,18.1303,3,18.1303,1,1,3,108.511,77.1669
42,23,65,10,200,4,0,31,-78.0709,-158.386,9,43.3993,9,43.3993,1,1,2,108.335,12.6828
42,23,65,10,200,4,0,32,-22.7969,31.8088,0,80.6443,0,80.6443,1,1,1,107.934,107.905
42,23,65,10,200,4,0,33,-3.13668,-98.6643,3,27.5711,3,27.5711,1,1,2,108.335,76.9911
42,23,65,10,200,4,0,34,30.4972,-164.137,8,29.9973,8,29.9973,1,1,4,108.63,23.3784
42,23,65,10,200,4,0,35,-87.0797,21.4165,9,7.57937,9,7.57937,1,1,2,108.336,12.6846
42,23,65,10,200,4,0,36,-78.4152,-171.787,9,44.0293,9,44.0293,1,1,2,108.337,12.6852
42,23,65,10,200,4,0,37,16.307,-109.285,3,31.0547,3,31.0547,1,1,3,108.512,77.1682
42,23,65,10,200,4,0,38,-83.9684,-16.7772,9,14.9145,9,14.9145,1,1,2,108.338,12.6864
42,23,65,10,200,4,0,39,48.7759,-2.99661,2,45.7174,2,45.7174,1,1,3,108.513,87.5995
42,23,65,10,200,4,0,40,-36.1277,42.4398,9,79.2191,9,79.2191,1,1,2,108.34,12.6878
42,23,65,10,200,4,0,41,-22.742,76.9977,6,52.6383,6,52.6383,1,1,3,108.514,45.1259
42,23,65,10,200,4,0,42,41.1324,-96.4264,8,26.4472,8,26.4472,1,1,3,108.515,23.2632
42,23,65,10,200,4,0,43,4.93939,6.95483,7,68.0482,7,68.0482,1,1,3,108.515,34.3205
42,23,65,10,200,4,0,44,-17.0863,1.28621,7,57.344,7,57.344,1,1,2,108.342,34.1472
42,23,65,10,200,4,0,45,-67.8971,147.134,9,19.8041,9,19.8041,1,1,5,108.665,13.0134
42,23,65,10,200,4,0,46,20.6046,-111.936,8,31.7111,8,31.7111,1,1,4,108.631,23.3798
42,23,65,10,200,4,0,47,84.3736,175.616,4,25.0265,4,25.0265,1,1,3,108.517,66.4453
42,23,65,10,200,4,0,48,49.9363,-17.5263,2,35.7911,2,35.7911,1,1,3,108.518,87.6044
42,23,65,10,200,4,0,49,-51.5244,-19.1329,0,31.1397,0,31.1397,1,1,1,107.946,107.917
42,23,65,10,200,4,0,50,-0.831802,-97.2082,3,29.6747,3,29.6747,1,1,3,108.562,77.2182
42,23,65,10,200,4,0,51,-88.8582,21.506,9,5.56684,9,5.56684,1,1,2,108.345,12.6936
42,23,65,10,200,4,0,52,-44.4973,34.8976,9,69.8777,9,69.8777,1,1,2,108.346,12.6942
42,23,65,10,200,4,0,53,46.1106,-76.9315,2,16.9721,2,16.9721,1,1,2,108.347,87.4333
42,23,65,10,200,4,0,54,-80.9398,9.77304,9,17.8192,9,17.8192,1,1,2,108.347,12.6956
42,23,65,10,200,4,0,55,50.0359,-54.135,2,16.5088,2,16.5088,1,1,2,108.348,87.4346
42,23,65,10,200,4,0,56,-63.8936,-125.412,0,46.7543,0,46.7543,1,1,1,107.952,107.923
42,23,65,10,200,4,0,57,-78.5686,134.478,9,9.59191,9,9.59191,1,1,4,108.632,12.98
42,23,65,10,200,4,0,58,-20.9193,32.7415,0,82.5993,0,82.5993,1,1,1,107.954,107.924
42,23,65,10,200,4,0,59,-19.2838,103.989,6,32.378,6,32.378,1,1,3,108.566,45.1785
42,23,65,10,200,4,0,60,-72.9861,5.63817,9,31.7526,9,31.7526,1,1,2,108.35,12.6983
42,23,65,10,200,4,0,61,35.5612,75.237,1,25.4764,1,25.4764,1,1,2,108.351,97.7747
42,23,65,10,200,4,0,62,36.851,59.8694,1,38.1697,1,38.1697,1,1,2,108.352,97.7755
42,23,65,10,200,4,0,63,35.4263,-6.42535,2,44.7452,2,44.7452,1,1,2,108.352,87.4388
42,23,65,10,200,4,0,64,-68.8284,147.804,9,18.8222,9,18.8222,1,1,5,108.666,13.0143
42,23,65,10,200,4,0,65,77.2209,40.6795,4,51.5485,4,51.5485,1,1,3,108.568,66.4959
42,23,65,10,200,4,0,66,-64.7022,156.725,9,22.6023,9,22.6023,1,1,5,108.667,13.015
42,23,65,10,200,4,0,67,-58.9072,-38.3991,0,23.8608,0,23.8608,1,1,1,108.012,107.983
42,23,65,10,200,4,0,68,5.81145,154.407,5,24.089,5,24.089,1,1,3,108.569,55.4704
42,23,65,10,200,4,0,69,32.3347,29.7433,1,64.1916,1,64.1916,1,1,2,108.355,97.779
42,23,65,10,200,4,0,70,-7.9101,-15.2587,7,42.8261,7,42.8261,1,1,2,108.356,34.1611
42,23,65,10,200,4,0,71,77.8041,36.3927,4,52.6379,4,52.6379,1,1,3,108.57,66.4981
42,23,65,10,200,4,0,72,19.6646,178.471,5,4.51595,5,4.51595,1,1,4,108.634,55.5349
42,23,65,10,200,4,0,73,-4.56485,177.491,5,19.9831,5,19.9831,1,1,4,108.634,55.5356
42,23,65,10,200,4,0,74,15.6063,132.303,6,14.4464,6,14.4464,1,1,3,108.572,45.1841
42,23,65,10,200,4,0,75,50.7397,65.2403,1,37.7384,1,37.7384,1,1,2,108.405,97.8288
42,23,65,10,200,4,0,76,-21.0295,-7.39824,7,48.8172,7,48.8172,1,1,2,108.406,34.211
42,23,65,10,200,4,0,77,-19.7614,-148.357,3,24.066,3,24.066,1,1,2,108.406,77.0624
42,23,65,10,200,4,0,78,-63.7644,-148.67,3,56.6792,3,56.6792,1,1,2,108.407,77.0631
42,23,65,10,200,4,0,79,12.6088,-85.1857,2,31.0749,2,31.0749,1,1,2,108.408,87.4946
42,23,65,10,200,4,0,80,89.5668,-0.340729,4,55.0157,4,55.0157,1,1,4,108.635,66.5632
42,23,65,10,200,4,0,81,67.7469,-130.271,8,20.3269,8,20.3269,1,1,3,108.573,23.3219
42,23,65,10,200,4,0,82,-11.8077,-162.321,3,36.1816,3,36.1816,1,1,2,108.41,77.0659
42,23,65,10,200,4,0,83,5.66502,168.007,5,13.0818,5,13.0818,1,1,4,108.636,55.5369
42,23,65,10,200,4,0,84,86.0431,-104.001,8,40.1791,8,40.1791,1,1,4,108.636,23.385
42,23,65,10,200,4,0,85,8.87537,-23.734,7,42.0294,7,42.0294,1,1,3,108.575,34.3804
42,23,65,10,200,4,0,86,30.3704,-6.64101,2,46.0502,2,46.0502,1,1,2,108.412,87.4991
42,23,65,10,200,4,0,87,-83.6706,-79.93,9,20.4529,9,20.4529,1,1,2,108.413,12.7614
42,23,65,10,200,4,0,88,-4.08501,3.52902,7,61.9933,7,61.9933,1,1,2,108.414,34.2191
42,23,65,10,200,4,0,89,-41.2197,-156.957,3,42.0251,3,42.0251,1,1,2,108.414,77.0703
42,23,65,10,200,4,0,90,-22.0841,-160.96,3,36.0798,3,36.0798,1,1,2,108.415,77.0709
42,23,65,10,200,4,0,91,44.1414,93.7727,1,18.4227,1,18.4227,1,1,2,108.416,97.8396
42,23,65,10,200,4,0,92,5.82092,-131.24,3,17.0109,3,17.0109,1,1,3,108.576,77.2317
42,23,65,10,200,4,0,93,62.7078,64.113,1,44.8763,1,44.8763,1,1,2,108.417,97.8411
42,23,65,10,200,4,0,94,-49.9551,-29.3668,0,24.2298,0,24.2298,1,1,1,108.157,108.128
42,23,65,10,200,4,0,95,79.4637,-100.777,8,34.9775,8,34.9775,1,1,3,108.577,23.3252
42,23,65,10,200,4,0,96,75.1462,114.421,4,27.1099,4,27.1099,1,1,3,108.577,66.5053
42,23,65,10,200,4,0,97,-25.5237,-53.323,7,11.4988,7,11.4988,1,1,2,108.419,34.2243
42,23,65,10,200,4,0,98,66.0503,140.283,4,15.7812,4,15.7812,1,1,3,108.578,66.506
42,23,65,10,200,4,0,99,-32.6578,124.187,6,42.4615,6,42.4615,1,1,3,108.579,45.1912
42,23,65,10,200,4,0,100,-71.859,132.435,9,16.6905,9,16.6905,1,1,5,108.668,13.0161
42,23,65,10,200,4,0,101,-39.7735,97.0228,6,53.5942,6,53.5942,1,1,3,108.58,45.1926
42,23,65,10,200,4,0,102,-27.1029,-66.8884,0,13.8319,0,13.8319,1,1,1,108.163,108.134
42,23,65,10,200,4,0,103,-81.4536,117.624,9,7.67909,9,7.67909,1,1,3,108.581,12.9292
42,23,65,10,200,4,0,104,58.3203,-65.3465,2,24.1938,2,24.1938,1,1,2,108.423,87.5096
42,23,65,10,200,4,0,105,70.3333,-107.528,8,26.2213,8,26.2213,1,1,3,108.582,23.3303
42,23,65,10,200,4,0,106,-23.1532,48.9495,1,74.5148,1,74.5148,1,1,2,108.424,97.8483
42,23,65,10,200,4,0,107,83.1226,145.335,4,25.186,4,25.186,1,1,3,108.582,66.5105
42,23,65,10,200,4,0,108,48.8548,111.661,1,22.2403,1,22.2403,1,1,2,108.426,97.8498
42,23,65,10,200,4,0,109,14.7242,177.799,5,1.11707,5,1.11707,1,1,4,108.638,55.539
42,23,65,10,200,4,0,110,-48.853,8.37579,0,50.0373,0,50.0373,1,1,1,108.17,108.141
42,23,65,10,200,4,0,111,-51.4886,-127.414,3,41.3281,3,41.3281,1,1,2,108.427,77.083
42,23,65,10,200,4,0,112,-28.6015,25.9753,0,72.347,0,72.347,1,1,1,108.171,108.142
42,23,65,10,200,4,0,113,-0.368271,-105.102,3,22.5612,3,22.5612,1,1,3,108.584,77.2394
42,23,65,10,200,4,0,114,-6.87106,113.948,6,17.0892,6,17.0892,1,1,3,108.584,45.1966
42,23,65,10,200,4,0,115,-80.4577,22.5399,9,17.3266,9,17.3266,1,1,2,108.429,12.7773
42,23,65,10,200,4,0,116,33.1916,-60.4625,2,1.19645,2,1.19645,1,1,2,108.43,87.5165
42,23,65,10,200,4,0,117,-30.2186,-167.823,3,44.4821,3,44.4821,1,1,2,108.43,77.0864
42,23,65,10,200,4,0,118,26.3246,-43.3444,2,17.1693,2,17.1693,1,1,2,108.431,87.5177
42,23,65,10,200,4,0,119,64.9007,-10.7102,2,44.6658,2,44.6658,1,1,3,108.585,87.6716
42,23,65,10,200,4,0,120,35.6545,90.4682,1,13.8286,1,13.8286,1,1,2,108.432,97.8562
42,23,65,10,200,4,0,121,30.8811,-154.997,8,24.1674,8,24.1674,1,1,4,108.639,23.3872
42,23,65,10,200,4,0,122,-20.2912,48.0074,1,73.2558,1,73.2558,1,1,2,108.434,97.8576
42,23,65,10,200,4,0,123,85.169,-122.873,8,37.9097,8,37.9097,1,1,3,108.587,23.3351
42,23,65,10,200,4,0,124,-10.1659,19.7864,7,76.4086,7,76.4086,1,1,2,108.435,34.2403
42,23,65,10,200,4,0,125,-62.5367,61.9622,9,37.4667,9,37.4667,1,1,2,108.436,12.7839
42,23,65,10,200,4,0,126,-75.9189,-48.0506,9,34.1199,9,34.1199,1,1,2,108.436,12.7845
42,23,65,10,200,4,0,127,57.2743,-29.0408,2,31.9666,2,31.9666,1,1,2,108.437,87.5234
42,23,65,10,200,4,0,128,78.9623,-66.188,8,43.3749,8,43.3749,1,1,4,108.639,23.3879
42,23,65,10,200,4,0,129,22.9285,-35.8174,2,24.8256,2,24.8256,1,1,2,108.438,87.5249
42,23,65,10,200,4,0,130,-66.12,64.9416,9,32.1246,9,32.1246,1,1,2,108.439,12.7871
42,23,65,10,200,4,0,131,83.3612,114.143,4,30.1761,4,30.1761,1,1,3,108.588,66.5159
42,23,65,10,200,4,0,132,-87.7605,-73.7148,9,11.0079,9,11.0079,1,1,2,108.44,12.7883
42,23,65,10,200,4,0,133,63.1602,57.1283,1,48.3361,1,48.3361,1,1,2,108.441,97.8646
42,23,65,10,200,4,0,134,31.4704,76.1219,1,24.2447,1,24.2447,1,1,2,108.441,97.8652
42,23,65,10,200,4,0,135,-66.791,-45.7502,0,28.3342,0,28.3342,1,1,1,108.189,108.16
42,23,65,10,200,4,0,136,-6.70498,108.18,6,19.4146,6,19.4146,1,1,3,108.589,45.2008
42,23,65,10,200,4,0,137,-10.3738,126.008,6,21.0948,6,21.0948,1,1,3,108.589,45.2017
42,23,65,10,200,4,0,138,-11.9061,-30.4096,7,27.3502,7,27.3502,1,1,2,108.443,34.2485
42,23,65,10,200,4,0,139,-88.4326,135.856,9,1.90881,9,1.90881,1,1,2,108.444,12.7923
42,23,65,10,200,4,0,140,84.6884,-121.939,8,37.4758,8,37.4758,1,1,3,108.591,23.3398
42,23,65,10,200,4,0,141,8.90909,-162.461,3,41.6047,3,41.6047,1,1,3,108.592,77.2477
42,23,65,10,200,4,0,142,5.00536,-47.6333,7,22.7067,7,22.7067,1,1,3,108.592,34.3977
42,23,65,10,200,4,0,143,-5.75084,-12.0646,7,46.462,7,46.462,1,1,2,108.447,34.252
42,23,65,10,200,4,0,144,33.0894,-145.645,8,17.6015,8,17.6015,1,1,4,108.64,23.3885
42,23,65,10,200,4,0,145,66.059,113.939,4,27.2072,4,27.2072,1,1,3,108.594,66.5218
42,23,65,10,200,4,0,146,49.6484,118.84,1,25.1156,1,25.1156,1,1,2,108.449,97.8724
42,23,65,10,200,4,0,147,24.0409,103.776,1,3.4961,1,3.4961,1,1,2,108.449,97.8733
42,23,65,10,200,4,0,148,-67.4372,-5.59773,0,42.6442,0,42.6442,1,1,1,108.199,108.17
42,23,65,10,200,4,0,149,-9.54791,108.066,6,21.8996,6,21.8996,1,1,3,108.594,45.2066
42,23,65,10,200,4,0,150,-54.7379,27.3223,9,56.7779,9,56.7779,1,1,2,108.451,12.7988
42,23,65,10,200,4,0,151,-58.8419,57.1142,9,43.4902,9,43.4902,1,1,2,108.451,12.7995
42,23,65,10,200,4,0,152,-22.2487,41.5686,1,79.4928,1,79.4928,1,1,2,108.452,97.8758
42,23,65,10,200,4,0,153,1.56095,111.69,6,10.6892,6,10.6892,1,1,3,108.595,45.2074
42,23,65,10,200,4,0,154,-84.4205,6.25671,9,12.4308,9,12.4308,1,1,2,108.453,12.8013
42,23,65,10,200,4,0,155,33.7732,-179.464,8,38.3241,8,38.3241,1,1,4,108.641,23.3892
42,23,65,10,200,4,0,156,32.159,-94.6354,2,28.2591,2,28.2591,1,1,2,108.454,87.5409
42,23,65,10,200,4,0,157,-80.9625,-105.671,9,29.3743,9,29.3743,1,1,2,108.455,12.8031
42,23,65,10,200,4,0,158,18.8657,6.5733,2,62.3242,2,62.3242,1,1,2,108.456,87.5421
42,23,65,10,200,4,0,159,31.1321,-76.0899,2,13.1313,2,13.1313,1,1,2,108.456,87.5429
42,23,65,10,200,4,0,160,20.4643,14.3821,2,68.3038,2,68.3038,1,1,3,108.596,87.683
42,23,65,10,200,4,0,161,-71.0755,-39.7746,0,33.3517,0,33.3517,1,1,1,108.209,108.18
42,23,65,10,200,4,0,162,-23.3887,85.9308,6,46.3853,6,46.3853,1,1,3,108.597,45.2095
42,23,65,10,200,4,0,163,-57.9993,-1.65176,0,42.688,0,42.688,1,1,1,108.21,108.181
42,23,65,10,200,4,0,164,-49.8335,44.9055,9,59.1365,9,59.1365,1,1,2,108.458,12.8063
42,23,65,10,200,4,0,165,-36.7927,-29.1428,0,24.7601,0,24.7601,1,1,1,108.254,108.225
42,23,65,10,200,4,0,166,-53.8861,-11.2691,0,36.4407,0,36.4407,1,1,1,108.257,108.227
42,23,65,10,200,4,0,167,-76.0143,27.7304,9,23.6638,9,23.6638,1,1,2,108.459,12.8069
42,23,65,10,200,4,0,168,-74.8502,31.0933,9,25.0108,9,25.0108,1,1,2,108.459,12.8075
42,23,65,10,200,4,0,169,-20.2896,-138.541,3,16.1338,3,16.1338,1,1,2,108.46,77.116
42,23,65,10,200,4,0,170,-71.325,-153.033,0,61.0508,0,61.0508,1,1,1,108.26,108.231
42,23,65,10,200,4,0,171,-69.0028,101.668,9,22.9572,9,22.9572,1,1,4,108.641,12.9894
42,23,65,10,200,4,0,172,-33.834,-119.931,3,24.1978,3,24.1978,1,1,2,108.461,77.1172
42,23,65,10,200,4,0,173,87.9984,150.063,4,29.2437,4,29.2437,1,1,3,108.599,66.5269
42,23,65,10,200,4,0,174,33.3214,58.261,1,39.5281,1,39.5281,1,1,2,108.463,97.8865
42,23,65,10,200,4,0,175,-53.0133,-72.4287,0,15.5307,0,15.5307,1,1,1,108.264,108.234
42,23,65,10,200,4,0,176,-53.6784,-68.1777,0,14.8007,0,14.8007,1,1,1,108.264,108.235
42,23,65,10,200,4,0,177,33.8984,25.8657,1,67.1388,1,67.1388,1,1,2,108.463,97.8871
42,23,65,10,200,4,0,178,-81.1235,131.798,9,7.12795,9,7.12795,1,1,3,108.599,12.9476
42,23,65,10,200,4,0,179,-77.893,-81.9139,9,34.2107,9,34.2107,1,1,2,108.465,12.8132
42,23,65,10,200,4,0,180,-1.64821,-49.3714,7,16.0663,7,16.0663,1,1,3,108.6,34.4053
42,23,65,10,200,4,0,181,34.4716,68.9314,1,30.5225,1,30.5225,1,1,2,108.466,97.8901
42,23,65,10,200,4,0,182,59.6798,96.9147,1,32.5094,1,32.5094,1,1,2,108.467,97.8907
42,23,65,10,200,4,0,183,-41.6691,149.659,9,46.2466,9,46.2466,1,1,5,108.669,13.0169
42,23,65,10,200,4,0,184,-25.996,56.0826,6,71.5769,6,71.5769,1,1,3,108.601,45.2137
42,23,65,10,200,4,0,185,-84.4412,-14.642,9,13.9127,9,13.9127,1,1,2,108.469,12.8172
42,23,65,10,200,4,0,186,41.525,-126.888,8,7.0732,8,7.0732,1,1,4,108.643,23.3911
42,23,65,10,200,4,0,187,-46.487,-164.618,3,50.0274,3,50.0274,1,1,2,108.47,77.126
42,23,65,10,200,4,0,188,-33.4092,-96.9771,0,30.0039,0,30.0039,1,1,1,108.274,108.245
42,23,65,10,200,4,0,189,82.7225,179.824,4,23.4991,4,23.4991,1,1,3,108.603,66.5308
42,23,65,10,200,4,0,190,70.642,-120.582,8,23.9637,8,23.9637,1,1,3,108.603,23.352
42,23,65,10,200,4,0,191,-36.3021,-146.073,3,32.2341,3,32.2341,1,1,2,108.472,77.1279
42,23,65,10,200,4,0,192,-4.37963,175.193,5,19.8605,5,19.8605,1,1,4,108.643,55.5443
42,23,65,10,200,4,0,193,29.8964,8.99379,2,59.4088,2,59.4088,1,1,3,108.605,87.6915
42,23,65,10,200,4,0,194,63.4953,84.0068,1,38.4954,1,38.4954,1,1,2,108.474,97.898
42,23,65,10,200,4,0,195,53.5399,-56.3058,2,19.5104,2,19.5104,1,1,2,108.475,87.5613
42,23,65,10,200,4,0,196,-72.6823,-3.97687,9,33.7931,9,33.7931,1,1,2,108.475,12.8235
42,23,65,10,200,4,0,197,-83.6872,153.995,9,3.62162,9,3.62162,1,1,4,108.644,12.992
42,23,65,10,200,4,0,198,-43.5311,-70.7127,0,8.4925,0,8.4925,1,1,1,108.281,108.252
42,23,65,10,200,4,0,199,61.827,40.9458,1,56.225,1,56.225,1,1,2,108.477,97.9007
42,24,66,10,200,4,0,0,38.7272,6.43269,4,18.8732,4,18.8732,1,1,3,108.609,66.8304
42,24,66,10,200,4,0,1,57.5121,-28.1598,6,23.6076,6,23.6076,1,1,6,108.808,45.797
42,24,66,10,200,4,0,2,-75.3031,20.1271,5,9.04389,5,9.04389,1,1,2,108.482,56.5456
42,24,66,10,200,4,0,3,46.5368,114.505,8,34.4478,8,34.4478,1,1,4,108.727,21.6512
42,24,66,10,200,4,0,4,2.45468,39.8367,4,28.8825,4,28.8825,1,1,3,108.611,66.8325
42,24,66,10,200,4,0,5,10.0418,52.8755,4,34.5564,4,34.5564,1,1,2,108.483,66.7047
42,24,66,10,200,4,0,6,-26.3962,-177.005,1,37.2239,1,37.2239,1,1,2,108.484,97.6303
42,24,66,10,200,4,0,7,45.0569,171.007,8,36.6919,8,36.6919,1,1,4,108.729,21.6532
42,24,66,10,200,4,0,8,-79.8646,-162.226,5,49.6516,5,49.6516,1,1,3,108.612,56.6763
42,24,66,10,200,4,0,9,-14.8178,67.5455,0,53.3776,0,53.3776,1,1,1,107.897,107.866
42,24,66,10,200,4,0,10,18.7285,2.90811,4,16.3933,4,16.3933,1,1,3,108.613,66.8342
42,24,66,10,200,4,0,11,-29.4849,18.2026,3,33.3193,3,33.3193,1,1,2,108.487,77.1018
42,24,66,10,200,4,0,12,69.176,-94.0102,7,6.75767,7,6.75767,1,1,5,108.779,33.092
42,24,66,10,200,4,0,13,61.0714,116.036,8,19.6597,8,19.6597,1,1,4,108.73,21.6546
42,24,66,10,200,4,0,14,-66.7199,13.8375,5,15.1347,5,15.1347,1,1,2,108.489,56.5528
42,24,66,10,200,4,0,15,80.5406,124.015,8,3.41499,8,3.41499,1,1,4,108.731,21.6552
42,24,66,10,200,4,0,16,-79.8649,96.1053,5,11.5078,5,11.5078,1,1,2,108.49,56.5542
42,24,66,10,200,4,0,17,-42.0726,-130.336,1,35.3599,1,35.3599,1,1,2,108.491,97.6374
42,24,66,10,200,4,0,18,-31.8838,-171.072,1,35.3623,1,35.3623,1,1,2,108.492,97.638
42,24,66,10,200,4,0,19,82.0846,121.142,8,4.5689,8,4.5689,1,1,4,108.731,21.6558
42,24,66,10,200,4,0,20,24.3825,4.25281,4,14.1144,4,14.1144,1,1,3,108.616,66.8369
42,24,66,10,200,4,0,21,-2.99139,175.973,8,86.4672,8,86.4672,1,1,2,108.494,21.4181
42,24,66,10,200,4,0,22,3.62374,-95.869,1,48.4039,1,48.4039,1,1,2,108.494,97.6406
42,24,66,10,200,4,0,23,83.4897,27.5182,6,10.5857,6,10.5857,1,1,5,108.78,45.7691
42,24,66,10,200,4,0,24,-39.0473,-42.6562,3,17.6752,3,17.6752,1,1,2,108.496,77.1107
42,24,66,10,200,4,0,25,-42.4681,139.362,0,38.4394,0,38.4394,1,1,1,107.911,107.881
42,24,66,10,200,4,0,26,70.1259,36.094,6,22.9492,6,22.9492,1,1,4,108.733,45.7216
42,24,66,10,200,4,0,27,-11.2175,98.6039,0,55.4978,0,55.4978,1,1,1,107.913,107.883
42,24,66,10,200,4,0,28,61.0419,-80.2922,7,11.5591,7,11.5591,1,1,5,108.781,33.0934
42,24,66,10,200,4,0,29,17.32,168.644,8,64.3175,8,64.3175,1,1,2,108.497,21.4217
42,24,66,10,200,4,0,30,56.7726,15.7212,6,32.278,6,32.278,1,1,4,108.734,45.7227
42,24,66,10,200,4,0,31,56.3292,133.815,8,22.6597,8,22.6597,1,1,4,108.734,21.6586
42,24,66,10,200,4,0,32,-34.0867,-151.487,1,26.8044,1,26.8044,1,1,2,108.502,97.6479
42,24,66,10,200,4,0,33,-88.2603,48.0589,5,14.557,5,14.557,1,1,2,108.502,56.5663
42,24,66,10,200,4,0,34,-71.2792,167.649,0,29.6987,0,29.6987,1,1,1,107.919,107.888
42,24,66,10,200,4,0,35,-5.39969,86.2067,0,60.6246,0,60.6246,1,1,1,107.92,107.889
42,24,66,10,200,4,0,36,-4.0493,163.218,8,84.8217,8,84.8217,1,1,2,108.503,21.4273
42,24,66,10,200,4,0,37,41.0897,179.149,8,42.4039,8,42.4039,1,1,4,108.735,21.6591
42,24,66,10,200,4,0,38,-56.3256,69.1587,0,13.0783,0,13.0783,1,1,1,107.922,107.892
42,24,66,10,200,4,0,39,13.3335,-10.7458,4,30.6428,4,30.6428,1,1,3,108.62,66.8413
42,24,66,10,200,4,0,40,-76.7488,121.731,0,15.3459,0,15.3459,1,1,1,107.923,107.893
42,24,66,10,200,4,0,41,-25.6917,166.754,0,68.4328,0,68.4328,1,1,1,107.924,107.894
42,24,66,10,200,4,0,42,-11.0876,106.182,0,56.8651,0,56.8651,1,1,1,107.925,107.895
42,24,66,10,200,4,0,43,42.6791,-80.0913,7,29.8789,7,29.8789,1,1,5,108.781,33.094
42,24,66,10,200,4,0,44,-77.0553,-60.0017,5,28.8151,5,28.8151,1,1,3,108.621,56.6852
42,24,66,10,200,4,0,45,-45.7237,139.435,0,35.5685,0,35.5685,1,1,1,107.928,107.897
42,24,66,10,200,4,0,46,67.8597,-158.789,7,28.4422,7,28.4422,1,1,5,108.782,33.0947
42,24,66,10,200,4,0,47,46.625,-112.454,9,20.0617,9,20.0617,1,1,6,108.809,11.4496
42,24,66,10,200,4,0,48,-65.1378,96.7295,0,3.96809,0,3.96809,1,1,1,107.93,107.899
42,24,66,10,200,4,0,49,57.8025,-92.834,7,16.2834,7,16.2834,1,1,5,108.783,33.0961
42,24,66,10,200,4,0,50,42.1891,-75.1944,7,30.2943,7,30.2943,1,1,5,108.784,33.0969
42,24,66,10,200,4,0,51,86.6863,-103.72,6,9.18221,6,9.18221,1,1,4,108.738,45.7269
42,24,66,10,200,4,0,52,-45.9883,75.552,0,21.0907,0,21.0907,1,1,1,107.933,107.902
42,24,66,10,200,4,0,53,-52.2858,-24.6278,3,16.3672,3,16.3672,1,1,2,108.509,77.1239
42,24,66,10,200,4,0,54,-17.6446,102.095,0,49.601,0,49.601,1,1,1,107.935,107.904
42,24,66,10,200,4,0,55,72.3132,-8.78677,6,11.674,6,11.674,1,1,6,108.809,45.7983
42,24,66,10,200,4,0,56,21.9132,-86.7571,9,44.4444,9,44.4444,1,1,4,108.739,11.38
42,24,66,10,200,4,0,57,-11.0162,-158.349,1,15.5581,1,15.5581,1,1,2,108.511,97.6567
42,24,66,10,200,4,0,58,-80.2877,-116.674,5,38.8128,5,38.8128,1,1,2,108.511,56.5751
42,24,66,10,200,4,0,59,-29.2201,-134.686,1,22.0423,1,22.0423,1,1,2,108.512,97.6579
42,24,66,10,200,4,0,60,1.66205,30.1126,4,24.2174,4,24.2174,1,1,3,108.626,66.847
42,24,66,10,200,4,0,61,-87.6258,-40.9564,5,20.6693,5,20.6693,1,1,2,108.513,56.5774
42,24,66,10,200,4,0,62,25.6619,97.9986,8,59.223,8,59.223,1,1,3,108.626,21.5507
42,24,66,10,200,4,0,63,13.2948,101.048,8,71.0516,8,71.0516,1,1,3,108.627,21.5512
42,24,66,10,200,4,0,64,7.36404,-37.8054,3,46.5997,3,46.5997,1,1,3,108.627,77.2425
42,24,66,10,200,4,0,65,-85.8929,-80.8938,5,26.7039,5,26.7039,1,1,2,108.516,56.5798
42,24,66,10,200,4,0,66,33.5001,-178.413,2,18.0979,2,18.0979,1,1,3,108.628,87.5662
42,24,66,10,200,4,0,67,-2.30713,155.024,8,81.9388,8,81.9388,1,1,2,108.517,21.4413
42,24,66,10,200,4,0,68,38.5694,70.8142,4,46.257,4,46.257,1,1,2,108.517,66.7388
42,24,66,10,200,4,0,69,-24.8021,-138.15,1,16.8471,1,16.8471,1,1,2,108.518,97.6643
42,24,66,10,200,4,0,70,-3.54517,-84.9779,1,57.6797,1,57.6797,1,1,2,108.519,97.6648
42,24,66,10,200,4,0,71,16.5314,-143.264,2,19.1439,2,19.1439,1,1,3,108.63,87.568
42,24,66,10,200,4,0,72,4.13255,-168.97,2,18.7802,2,18.7802,1,1,3,108.63,87.5686
42,24,66,10,200,4,0,73,-60.8064,27.6896,5,16.3197,5,16.3197,1,1,2,108.52,56.5846
42,24,66,10,200,4,0,74,-52.8219,-0.0529327,3,22.2034,3,22.2034,1,1,2,108.521,77.1362
42,24,66,10,200,4,0,75,36.5017,77.6803,4,51.8146,4,51.8146,1,1,2,108.522,66.7431
42,24,66,10,200,4,0,76,-74.9702,77.752,5,6.66345,5,6.66345,1,1,2,108.522,56.5865
42,24,66,10,200,4,0,77,-71.638,81.3834,0,6.02274,0,6.02274,1,1,1,107.952,107.921
42,24,66,10,200,4,0,78,-2.12474,63.3136,4,50.0104,4,50.0104,1,1,2,108.523,66.7443
42,24,66,10,200,4,0,79,1.21575,-169.521,2,21.7295,2,21.7295,1,1,3,108.632,87.5703
42,24,66,10,200,4,0,80,-77.2459,10.6457,5,11.2971,5,11.2971,1,1,2,108.524,56.5881
42,24,66,10,200,4,0,81,-35.2076,92.5083,0,30.9813,0,30.9813,1,1,1,107.954,107.924
42,24,66,10,200,4,0,82,6.11625,104.971,0,73.7275,0,73.7275,1,1,1,107.955,107.925
42,24,66,10,200,4,0,83,33.7659,-90.6286,9,36.4551,9,36.4551,1,1,6,108.81,11.451
42,24,66,10,200,4,0,84,-2.10764,-162.072,1,20.2761,1,20.2761,1,1,2,108.525,97.6714
42,24,66,10,200,4,0,85,-24.3895,168.694,0,70.8247,0,70.8247,1,1,1,107.958,107.927
42,24,66,10,200,4,0,86,-33.5251,164.284,0,59.3565,0,59.3565,1,1,1,107.959,107.928
42,24,66,10,200,4,0,87,-77.2848,121.215,0,15.5074,0,15.5074,1,1,1,107.96,107.929
42,24,66,10,200,4,0,88,87.6571,-96.1825,6,9.05748,6,9.05748,1,1,4,108.74,45.7294
42,24,66,10,200,4,0,89,-15.5478,-110.33,1,32.482,1,32.482,1,1,2,108.528,97.6746
42,24,66,10,200,4,0,90,41.8823,-138.092,9,6.51052,9,6.51052,1,1,4,108.741,11.3819
42,24,66,10,200,4,0,91,73.6754,113.824,8,8.18888,8,8.18888,1,1,4,108.741,21.6659
42,24,66,10,200,4,0,92,59.8299,-175.925,9,36.4886,9,36.4886,1,1,4,108.742,11.383
42,24,66,10,200,4,0,93,7.60378,-64.5897,3,61.0731,3,61.0731,1,1,3,108.636,77.2508
42,24,66,10,200,4,0,94,33.6942,-162.361,2,11.7989,2,11.7989,1,1,3,108.636,87.5745
42,24,66,10,200,4,0,95,-27.0555,92.8965,0,39.1464,0,39.1464,1,1,1,107.965,107.934
42,24,66,10,200,4,0,96,14.1424,55.4737,4,35.1695,4,35.1695,1,1,2,108.532,66.7531
42,24,66,10,200,4,0,97,2.70238,-139.483,1,11.7139,1,11.7139,1,1,2,108.532,97.6786
42,24,66,10,200,4,0,98,-9.77785,-107.063,1,35.2646,1,35.2646,1,1,2,108.533,97.6791
42,24,66,10,200,4,0,99,-25.0557,156.229,0,63.2785,0,63.2785,1,1,1,107.968,107.938
42,24,66,10,200,4,0,100,-44.5679,81.1096,0,21.7433,0,21.7433,1,1,1,107.969,107.939
42,24,66,10,200,4,0,101,72.4617,23.8139,6,17.8998,6,17.8998,1,1,5,108.786,45.7752
42,24,66,10,200,4,0,102,32.6967,170.354,8,49.0927,8,49.0927,1,1,2,108.534,21.4586
42,24,66,10,200,4,0,103,-17.4856,60.7076,0,52.4497,0,52.4497,1,1,1,107.971,107.941
42,24,66,10,200,4,0,104,-52.9143,113.933,0,18.8094,0,18.8094,1,1,1,107.972,107.941
42,24,66,10,200,4,0,105,65.1891,157.936,8,14.6682,8,14.6682,1,1,4,108.743,21.6675
42,24,66,10,200,4,0,106,77.9205,97.7289,8,8.67722,8,8.67722,1,1,4,108.744,21.668
42,24,66,10,200,4,0,107,45.8801,95.5008,8,39.0336,8,39.0336,1,1,3,108.638,21.5629
42,24,66,10,200,4,0,108,50.9018,-73.0323,7,21.6257,7,21.6257,1,1,5,108.787,33.0994
42,24,66,10,200,4,0,109,-74.5445,-10.808,5,17.5934,5,17.5934,1,1,2,108.537,56.6015
42,24,66,10,200,4,0,110,-27.6966,-23.2,3,8.74666,3,8.74666,1,1,2,108.538,77.1531
42,24,66,10,200,4,0,111,-48.9557,152.892,0,39.1325,0,39.1325,1,1,1,107.977,107.946
42,24,66,10,200,4,0,112,-73.8631,87.4933,0,7.84632,0,7.84632,1,1,1,107.978,107.947
42,24,66,10,200,4,0,113,-83.2956,12.718,5,12.5483,5,12.5483,1,1,2,108.538,56.6026
42,24,66,10,200,4,0,114,80.2149,-36.7026,6,1.33344,6,1.33344,1,1,5,108.787,45.7764
42,24,66,10,200,4,0,115,-5.52647,-108.706,1,33.9339,1,33.9339,1,1,2,108.54,97.6859
42,24,66,10,200,4,0,116,-67.7965,-46.1295,5,33.3534,5,33.3534,1,1,3,108.64,56.7042
42,24,66,10,200,4,0,117,47.554,109.8,8,34.2264,8,34.2264,1,1,4,108.745,21.6696
42,24,66,10,200,4,0,118,-27.8879,-119.863,1,29.1079,1,29.1079,1,1,2,108.542,97.6878
42,24,66,10,200,4,0,119,-4.746,18.3955,4,28.4118,4,28.4118,1,1,3,108.641,66.8627
42,24,66,10,200,4,0,120,87.0349,-59.1139,6,6.85072,6,6.85072,1,1,5,108.788,45.7771
42,24,66,10,200,4,0,121,-1.83427,149.911,8,81.0069,8,81.0069,1,1,2,108.543,21.4677
42,24,66,10,200,4,0,122,-70.6925,-91.9084,5,44.5247,5,44.5247,1,1,3,108.642,56.7066
42,24,66,10,200,4,0,123,32.7058,140.419,8,46.1364,8,46.1364,1,1,3,108.643,21.5675
42,24,66,10,200,4,0,124,7.52966,96.3226,0,73.9602,0,73.9602,1,1,1,107.986,107.956
42,24,66,10,200,4,0,125,-25.1946,139.666,0,54.8174,0,54.8174,1,1,1,107.987,107.956
42,24,66,10,200,4,0,126,-53.4387,31.6993,5,22.4855,5,22.4855,1,1,2,108.545,56.609
42,24,66,10,200,4,0,127,56.2788,-74.6037,7,16.2132,7,16.2132,1,1,5,108.789,33.1013
42,24,66,10,200,4,0,128,-30.4037,125.966,0,43.9297,0,43.9297,1,1,1,107.992,107.962
42,24,66,10,200,4,0,129,59.0572,-80.3775,7,13.5391,7,13.5391,1,1,5,108.789,33.102
42,24,66,10,200,4,0,130,-45.3681,-72.9386,3,40.6606,3,40.6606,1,1,3,108.645,77.2599
42,24,66,10,200,4,0,131,-4.54173,-46.3293,3,39.7531,3,39.7531,1,1,3,108.645,77.2605
42,24,66,10,200,4,0,132,30.4659,-93.9755,9,34.7266,9,34.7266,1,1,5,108.79,11.4314
42,24,66,10,200,4,0,133,-58.2645,-174.844,1,56.4745,1,56.4745,1,1,2,108.548,97.6947
42,24,66,10,200,4,0,134,-16.9194,53.9791,4,53.076,4,53.076,1,1,2,108.549,66.7704
42,24,66,10,200,4,0,135,11.7758,-39.7691,3,51.4613,3,51.4613,1,1,3,108.647,77.2617
42,24,66,10,200,4,0,136,87.4326,-160.117,6,14.16,6,14.16,1,1,4,108.748,45.737
42,24,66,10,200,4,0,137,-34.9292,-146.52,1,26.6146,1,26.6146,1,1,2,108.553,97.6992
42,24,66,10,200,4,0,138,-36.0127,175.553,0,63.0713,0,63.0713,1,1,1,107.999,107.968
42,24,66,10,200,4,0,139,86.9495,123.034,8,8.39243,8,8.39243,1,1,4,108.748,21.673
42,24,66,10,200,4,0,140,45.9379,-56.4902,7,28.3695,7,28.3695,1,1,7,108.847,33.1592
42,24,66,10,200,4,0,141,41.3501,164.998,8,39.4205,8,39.4205,1,1,4,108.75,21.6741
42,24,66,10,200,4,0,142,77.6045,15.2577,6,11.7552,6,11.7552,1,1,6,108.811,45.8
42,24,66,10,200,4,0,143,-44.8026,-85.5983,3,50.1517,3,50.1517,1,1,3,108.65,77.2655
42,24,66,10,200,4,0,144,-19.388,-151.491,1,13.7601,1,13.7601,1,1,2,108.556,97.7025
42,24,66,10,200,4,0,145,7.01208,50.4878,4,34.0452,4,34.0452,1,1,2,108.557,66.7783
42,24,66,10,200,4,0,146,-22.2147,-175.059,1,34.0094,1,34.0094,1,1,2,108.558,97.7038
42,24,66,10,200,4,0,147,-87.9208,-163.498,5,37.3978,5,37.3978,1,1,2,108.558,56.6223
42,24,66,10,200,4,0,148,-44.5174,-112.37,1,45.0932,1,45.0932,1,1,2,108.559,97.7051
42,24,66,10,200,4,0,149,-79.1708,57.1263,5,5.50914,5,5.50914,1,1,2,108.559,56.6235
42,24,66,10,200,4,0,150,60.8043,45.2101,6,35.6788,6,35.6788,1,1,4,108.751,45.7399
42,24,66,10,200,4,0,151,-81.3214,116.474,5,15.5821,5,15.5821,1,1,2,108.56,56.6246
42,24,66,10,200,4,0,152,32.5466,-52.5011,7,42.429,7,42.429,1,1,6,108.812,33.1242
42,24,66,10,200,4,0,153,74.977,173.068,8,8.31346,8,8.31346,1,1,4,108.752,21.6764
42,24,66,10,200,4,0,154,-28.4739,143.853,0,53.6628,0,53.6628,1,1,1,108.01,107.979
42,24,66,10,200,4,0,155,58.0509,-145.072,9,23.2528,9,23.2528,1,1,5,108.793,11.4338
42,24,66,10,200,4,0,156,-46.3186,18.8019,3,31.3469,3,31.3469,1,1,2,108.563,77.1779
42,24,66,10,200,4,0,157,-80.0368,-117.428,5,39.2983,5,39.2983,1,1,2,108.563,56.6273
42,24,66,10,200,4,0,158,-72.9702,-69.6788,5,35.2993,5,35.2993,1,1,3,108.653,56.7176
42,24,66,10,200,4,0,159,-11.5133,-4.71629,3,28.6381,3,28.6381,1,1,2,108.564,77.1795
42,24,66,10,200,4,0,160,-20.5848,170.998,0,75.9478,0,75.9478,1,1,1,108.016,107.985
42,24,66,10,200,4,0,161,-67.1143,94.4008,0,3.00345,0,3.00345,1,1,1,108.413,108.382
42,24,66,10,200,4,0,162,87.9692,-130.07,6,11.5382,6,11.5382,1,1,4,108.753,45.742
42,24,66,10,200,4,0,163,55.4516,-93.0965,7,18.5976,7,18.5976,1,1,5,108.793,33.1059
42,24,66,10,200,4,0,164,-31.2202,132.562,0,45.8615,0,45.8615,1,1,1,108.418,108.387
42,24,66,10,200,4,0,165,72.0149,-120.832,7,13.6593,7,13.6593,1,1,5,108.794,33.1066
42,24,66,10,200,4,0,166,-1.11415,161.387,8,81.5826,8,81.5826,1,1,2,108.567,21.4911
42,24,66,10,200,4,0,167,87.821,-117.135,6,10.5449,6,10.5449,1,1,4,108.755,45.7438
42,24,66,10,200,4,0,168,-35.557,145.596,0,47.7787,0,47.7787,1,1,1,108.421,108.391
42,24,66,10,200,4,0,169,-62.0337,51.9382,5,11.7089,5,11.7089,1,1,2,108.568,56.6318
42,24,66,10,200,4,0,170,54.7245,172.034,8,27.1202,8,27.1202,1,1,4,108.755,21.6798
42,24,66,10,200,4,0,171,43.4331,-163.188,2,21.537,2,21.537,1,1,3,108.658,87.5963
42,24,66,10,200,4,0,172,5.41818,106.793,0,73.3769,0,73.3769,1,1,1,108.424,108.394
42,24,66,10,200,4,0,173,-50.3082,44.896,5,23.764,5,23.764,1,1,2,108.569,56.6335
42,24,66,10,200,4,0,174,-71.4431,56.357,5,2.44137,5,2.44137,1,1,2,108.57,56.6341
42,24,66,10,200,4,0,175,-69.9102,-4.05585,5,18.3551,5,18.3551,1,1,2,108.57,56.6346
42,24,66,10,200,4,0,176,23.6773,-94.0488,9,37.5379,9,37.5379,1,1,4,108.756,11.3969
42,24,66,10,200,4,0,177,-44.8275,43.293,5,29.3659,5,29.3659,1,1,2,108.572,56.6357
42,24,66,10,200,4,0,178,-22.0594,-158.752,1,20.5068,1,20.5068,1,1,2,108.572,97.7184
42,24,66,10,200,4,0,179,65.0982,73.4407,8,24.9117,8,24.9117,1,1,4,108.756,21.6808
42,24,66,10,200,4,0,180,76.9049,94.2263,8,9.92636,8,9.92636,1,1,4,108.757,21.6813
42,24,66,10,200,4,0,181,66.3044,-28.4185,6,14.8097,6,14.8097,1,1,6,108.812,45.8012
42,24,66,10,200,4,0,182,37.8067,128.251,8,41.5422,8,41.5422,1,1,3,108.661,21.5852
42,24,66,10,200,4,0,183,17.2232,-175.501,2,12.9156,2,12.9156,1,1,3,108.662,87.6
42,24,66,10,200,4,0,184,46.9234,90.379,8,39.2708,8,39.2708,1,1,3,108.662,21.5867
42,24,66,10,200,4,0,185,28.2188,23.2958,4,5.61674,4,5.61674,1,1,3,108.663,66.8842
42,24,66,10,200,4,0,186,41.2067,-36.6963,7,37.9672,7,37.9672,1,1,7,108.847,33.1598
42,24,66,10,200,4,0,187,20.0537,-86.7502,9,45.4164,9,45.4164,1,1,4,108.759,11.3998
42,24,66,10,200,4,0,188,-54.9518,119.491,0,19.3092,0,19.3092,1,1,1,108.438,108.407
42,24,66,10,200,4,0,189,69.0729,-72.7898,7,3.57299,7,3.57299,1,1,6,108.813,33.1261
42,24,66,10,200,4,0,190,-2.07603,178.325,8,86.1605,8,86.1605,1,1,2,108.58,21.505
42,24,66,10,200,4,0,191,51.5772,-136.797,9,15.7861,9,15.7861,1,1,5,108.796,11.4373
42,24,66,10,200,4,0,192,-47.8617,-166.501,1,44.5367,1,44.5367,1,1,2,108.585,97.7314
42,24,66,10,200,4,0,193,43.2478,40.1577,4,26.0091,4,26.0091,1,1,3,108.666,66.8873
42,24,66,10,200,4,0,194,-72.6262,36.692,5,4.98338,5,4.98338,1,1,2,108.586,56.6504
42,24,66,10,200,4,0,195,-33.2008,-171.443,1,36.4157,1,36.4157,1,1,2,108.587,97.7334
42,24,66,10,200,4,0,196,-24.5408,-113.793,1,32.0477,1,32.0477,1,1,2,108.588,97.734
42,24,66,10,200,4,0,197,-9.93055,-153.468,1,10.6582,1,10.6582,1,1,2,108.588,97.7346
42,24,66,10,200,4,0,198,-82.7709,-165.415,5,45.4868,5,45.4868,1,1,2,108.589,56.653
42,24,66,10,200,4,0,199,-74.4845,108.305,0,11.0335,0,11.0335,1,1,1,108.448,108.417
42,25,67,10,200,4,0,0,49.3447,111.776,2,42.7795,2,42.7795,1,1,3,111.285,90.6224
42,25,67,10,200,4,0,1,1.99654,-80.2508,9,23.0839,0,45.239,1.95976,0,1,110.328,110.302
42,25,67,10,200,4,0,2,53.4735,7.92285,4,76.1043,4,76.1043,1,1,4,111.38,69.2996
42,25,67,10,200,4,0,3,-9.06491,-1.34044,6,32.2216,1,43.3902,1.34662,0,2,111.073,100.779
42,25,67,10,200,4,0,4,16.3035,-35.093,6,45.3305,1,61.5064,1.35684,0,2,111.074,100.779
42,25,67,10,200,4,0,5,-62.8706,-151.459,3,25.5541,3,25.5541,1,1,2,111.075,80.1877
42,25,67,10,200,4,0,6,9.79848,-35.54,6,38.9744,1,55.0746,1.4131,0,2,111.076,100.781
42,25,67,10,200,4,0,7,-0.126968,-141.966,0,16.7621,0,16.7621,1,1,1,110.334,110.308
42,25,67,10,200,4,0,8,-60.3842,55.8256,4,48.1943,4,48.1943,1,1,3,111.287,69.2066
42,25,67,10,200,4,0,9,-29.1372,34.0843,4,21.2189,4,21.2189,1,1,3,111.287,69.2072
42,25,67,10,200,4,0,10,-37.9489,-24.5022,1,7.65972,1,7.65972,1,1,2,111.078,100.784
42,25,67,10,200,4,0,11,71.4923,47.0143,2,72.1284,2,72.1284,1,1,3,111.288,90.6251
42,25,67,10,200,4,0,12,63.5215,-78.4953,8,57.1981,8,57.1981,1,1,2,111.079,23.386
42,25,67,10,200,4,0,13,66.8036,-12.8511,8,96.0313,8,96.0313,1,1,5,111.416,23.7231
42,25,67,10,200,4,0,14,-13.4252,-88.5669,7,8.6551,0,38.15,4.4078,0,1,110.34,110.314
42,25,67,10,200,4,0,15,43.5018,-108.161,8,29.0612,8,29.0612,1,1,2,111.081,23.3874
42,25,67,10,200,4,0,16,-78.3957,-89.0032,5,6.87802,5,6.87802,1,1,4,111.381,58.8837
42,25,67,10,200,4,0,17,-4.20598,130.156,2,37.8133,2,37.8133,1,1,3,111.29,90.627
42,25,67,10,200,4,0,18,49.4598,153.458,2,65.0895,2,65.0895,1,1,3,111.291,90.6278
42,25,67,10,200,4,0,19,-25.5924,-48.4733,6,18.0685,1,25.1203,1.39028,0,2,111.084,100.79
42,25,67,10,200,4,0,20,-30.8174,3.07401,6,27.4864,1,28.8343,1.04904,0,2,111.085,100.791
42,25,67,10,200,4,0,21,-9.96601,137.962,2,47.2587,2,47.2587,1,1,3,111.292,90.6285
42,25,67,10,200,4,0,22,73.767,159.814,2,80.871,2,80.871,1,1,3,111.292,90.6291
42,25,67,10,200,4,0,23,87.9979,-153.234,8,69.4989,8,69.4989,1,1,2,111.087,23.3939
42,25,67,10,200,4,0,24,17.8198,-62.2787,9,42.8101,8,62.5403,1.46088,0,2,111.088,23.3946
42,25,67,10,200,4,0,25,30.425,139.742,2,47.3234,2,47.3234,1,1,3,111.293,90.6298
42,25,67,10,200,4,0,26,46.6095,23.8346,4,63.6309,4,63.6309,1,1,4,111.382,69.3014
42,25,67,10,200,4,0,27,3.37805,40.2621,4,17.8403,4,17.8403,1,1,4,111.382,69.3019
42,25,67,10,200,4,0,28,62.6697,-39.6367,8,79.0581,8,79.0581,1,1,2,111.09,23.3971
42,25,67,10,200,4,0,29,-76.2945,-81.5112,5,4.20241,5,4.20241,1,1,4,111.383,58.8854
42,25,67,10,200,4,0,30,25.8982,114.415,2,25.079,2,25.079,1,1,3,111.295,90.6323
42,25,67,10,200,4,0,31,-4.83613,75.005,2,24.242,2,24.242,1,1,3,111.296,90.6331
42,25,67,10,200,4,0,32,-77.2943,161.916,5,59.6535,5,59.6535,1,1,4,111.383,58.886
42,25,67,10,200,4,0,33,12.5803,124.331,2,29.2204,2,29.2204,1,1,3,111.297,90.6343
42,25,67,10,200,4,0,34,67.687,153.976,2,74.6204,2,74.6204,1,1,3,111.298,90.6351
42,25,67,10,200,4,0,35,-52.0711,-106.261,3,11.2762,3,11.2762,1,1,3,111.299,80.4118
42,25,67,10,200,4,0,36,-11.4751,55.9258,4,7.56167,4,7.56167,1,1,4,111.384,69.3038
42,25,67,10,200,4,0,37,-74.1493,-55.4162,5,4.53945,5,4.53945,1,1,4,111.385,58.8873
42,25,67,10,200,4,0,38,17.8699,-152.303,8,22.7532,8,22.7532,1,1,2,111.098,23.4045
42,25,67,10,200,4,0,39,-14.3253,-108.621,7,15.8617,0,20.5914,1.29818,0,1,110.36,110.334
42,25,67,10,200,4,0,40,-17.2908,-147.801,0,26.9143,0,26.9143,1,1,1,110.361,110.335
42,25,67,10,200,4,0,41,-74.4394,-121.362,5,14.105,5,14.105,1,1,4,111.385,58.8879
42,25,67,10,200,4,0,42,28.017,37.8773,4,41.8784,4,41.8784,1,1,4,111.386,69.3055
42,25,67,10,200,4,0,43,49.4498,1.3734,4,76.3332,4,76.3332,1,1,4,111.386,69.306
42,25,67,10,200,4,0,44,89.1203,126.311,2,82.52,2,82.52,1,1,3,111.303,90.6396
42,25,67,10,200,4,0,45,49.9311,50.0371,2,56.3136,2,56.3136,1,1,3,111.303,90.6403
42,25,67,10,200,4,0,46,30.3626,-89.81,8,36.3664,8,36.3664,1,1,2,111.102,23.4087
42,25,67,10,200,4,0,47,-27.479,86.1368,2,37.6746,2,37.6746,1,1,3,111.304,90.641
42,25,67,10,200,4,0,48,-53.9471,150.203,2,81.3488,2,81.3488,1,1,3,111.305,90.6416
42,25,67,10,200,4,0,49,15.234,-152.52,8,23.5272,8,23.5272,1,1,2,111.104,23.4109
42,25,67,10,200,4,0,50,62.0892,106.326,2,53.6979,2,53.6979,1,1,3,111.305,90.6423
42,25,67,10,200,4,0,51,-39.3905,-78.7719,9,18.3418,3,25.1573,1.37158,0,3,111.306,80.419
42,25,67,10,200,4,0,52,-8.87427,-47.0797,6,26.4214,1,39.5444,1.49668,0,2,111.107,100.813
42,25,67,10,200,4,0,53,22.9059,-162.009,8,31.446,8,31.446,1,1,2,111.107,23.4141
42,25,67,10,200,4,0,54,-9.69127,-162.839,0,38.1098,0,38.1098,1,1,1,110.372,110.346
42,25,67,10,200,4,0,55,-45.3146,126.036,2,62.1086,2,62.1086,1,1,3,111.307,90.6436
42,25,67,10,200,4,0,56,-65.3196,-59.508,5,8.81295,5,8.81295,1,1,4,111.387,58.8895
42,25,67,10,200,4,0,57,-87.6633,105.395,5,32.8645,5,32.8645,1,1,4,111.388,58.8902
42,25,67,10,200,4,0,58,79.1846,103.573,2,70.2502,2,70.2502,1,1,3,111.309,90.6462
42,25,67,10,200,4,0,59,-36.6159,156.61,2,75.5666,2,75.5666,1,1,3,111.31,90.6472
42,25,67,10,200,4,0,60,24.9418,-153.369,8,23.6221,8,23.6221,1,1,2,111.111,23.418
42,25,67,10,200,4,0,61,13.3235,-69.391,9,36.0446,8,56.8801,1.57805,0,2,111.112,23.4188
42,25,67,10,200,4,0,62,-31.5898,151.689,2,69.1592,2,69.1592,1,1,3,111.311,90.6478
42,25,67,10,200,4,0,63,-81.6271,8.92627,5,19.4585,5,19.4585,1,1,4,111.388,58.8907
42,25,67,10,200,4,0,64,60.9458,47.2137,2,64.7329,2,64.7329,1,1,3,111.312,90.649
42,25,67,10,200,4,0,65,18.203,66.07,2,29.2955,2,29.2955,1,1,3,111.313,90.6497
42,25,67,10,200,4,0,66,-13.2303,137.625,2,48.354,2,48.354,1,1,3,111.313,90.6503
42,25,67,10,200,4,0,67,83.649,135.791,2,79.6187,2,79.6187,1,1,3,111.314,90.6511
42,25,67,10,200,4,0,68,-44.7273,33.11,4,34.7994,4,34.7994,1,1,3,111.315,69.2345
42,25,67,10,200,4,0,69,76.8911,71.1628,2,69.8369,2,69.8369,1,1,3,111.315,90.6524
42,25,67,10,200,4,0,70,25.1357,-116.847,8,11.7779,8,11.7779,1,1,2,111.184,23.4902
42,25,67,10,200,4,0,71,8.59938,99.6321,2,4.84166,2,4.84166,1,1,3,111.316,90.653
42,25,67,10,200,4,0,72,1.82243,21.8722,4,29.9719,4,29.9719,1,1,3,111.317,69.2364
42,25,67,10,200,4,0,73,12.5135,-17.9858,6,42.346,1,58.3438,1.37779,0,2,111.185,100.891
42,25,67,10,200,4,0,74,-27.2774,131.795,2,51.6617,2,51.6617,1,1,3,111.317,90.6542
42,25,67,10,200,4,0,75,-20.6879,175.329,2,85.5517,2,85.5517,1,1,3,111.318,90.6551
42,25,67,10,200,4,0,76,79.2129,165.271,2,86.3271,2,86.3271,1,1,3,111.319,90.6558
42,25,67,10,200,4,0,77,-37.031,-84.7537,9,16.4449,3,26.0343,1.58312,0,3,111.319,80.4324
42,25,67,10,200,4,0,78,68.4801,-57.3163,8,70.2356,8,70.2356,1,1,2,111.189,23.4953
42,25,67,10,200,4,0,79,52.0863,78.8519,2,45.0025,2,45.0025,1,1,3,111.32,90.657
42,25,67,10,200,4,0,80,84.9487,-39.4214,8,84.5129,8,84.5129,1,1,2,111.19,23.4966
42,25,67,10,200,4,0,81,-17.5391,-36.5632,6,13.2959,1,28.1552,2.11759,0,2,111.191,100.897
42,25,67,10,200,4,0,82,-40.8982,-47.7801,1,14.4716,1,14.4716,1,1,2,111.191,100.897
42,25,67,10,200,4,0,83,-40.3862,8.74904,1,27.9836,1,27.9836,1,1,2,111.192,100.898
42,25,67,10,200,4,0,84,82.6649,-106.99,8,64.0175,8,64.0175,1,1,2,111.193,23.4992
42,25,67,10,200,4,0,85,-50.0441,35.6013,4,39.0039,4,39.0039,1,1,3,111.321,69.2404
42,25,67,10,200,4,0,86,-21.9187,97.1106,2,31.2237,2,31.2237,1,1,3,111.321,90.6584
42,25,67,10,200,4,0,87,-22.3833,139.808,2,54.7745,2,54.7745,1,1,3,111.322,90.6592
42,25,67,10,200,4,0,88,-30.5086,160.26,2,75.6351,2,75.6351,1,1,3,111.323,90.6598
42,25,67,10,200,4,0,89,-29.0891,64.4281,4,22.3751,4,22.3751,1,1,4,111.389,69.3084
42,25,67,10,200,4,0,90,56.0279,80.4458,2,48.3395,2,48.3395,1,1,3,111.326,90.663
42,25,67,10,200,4,0,91,29.8786,90.4815,2,21.052,2,21.052,1,1,3,111.327,90.6637
42,25,67,10,200,4,0,92,32.8585,165.695,2,70.2903,2,70.2903,1,1,3,111.327,90.6644
42,25,67,10,200,4,0,93,-87.1361,22.6772,5,21.3372,5,21.3372,1,1,4,111.391,58.8939
42,25,67,10,200,4,0,94,-35.8106,109.9,2,47.3749,2,47.3749,1,1,3,111.329,90.6658
42,25,67,10,200,4,0,95,-39.2355,-81.7238,9,18.1996,3,24.5381,1.34827,0,3,111.329,80.4425
42,25,67,10,200,4,0,96,-54.7605,66.4509,4,44.8166,4,44.8166,1,1,3,111.33,69.2498
42,25,67,10,200,4,0,97,30.8565,-11.3173,6,61.8222,4,73.1298,1.18291,0,3,111.331,69.2505
42,25,67,10,200,4,0,98,-80.6646,160.941,5,53.1736,5,53.1736,1,1,4,111.392,58.8945
42,25,67,10,200,4,0,99,88.7159,-175.999,8,74.0567,8,74.0567,1,1,2,111.202,23.5085
42,25,67,10,200,4,0,100,-63.0248,-102.656,3,3.1193,3,3.1193,1,1,3,111.332,80.445
42,25,67,10,200,4,0,101,19.801,10.1132,4,49.9877,4,49.9877,1,1,3,111.333,69.2524
42,25,67,10,200,4,0,102,87.2271,174.835,2,94.5023,2,94.5023,1,1,3,111.333,90.6703
42,25,67,10,200,4,0,103,-15.0396,-66.5629,9,14.2588,1,44.2951,3.10651,0,2,111.205,100.91
42,25,67,10,200,4,0,104,77.5479,91.7424,2,68.365,2,68.365,1,1,3,111.334,90.671
42,25,67,10,200,4,0,105,88.9326,87.1516,2,79.8704,2,79.8704,1,1,3,111.335,90.6717
42,25,67,10,200,4,0,106,-3.90587,57.6223,4,12.676,4,12.676,1,1,4,111.392,69.3121
42,25,67,10,200,4,0,107,-1.18343,-122.095,0,3.32434,0,3.32434,1,1,1,110.465,110.439
42,25,67,10,200,4,0,108,21.6587,3.36096,4,56.3614,4,56.3614,1,1,3,111.336,69.2556
42,25,67,10,200,4,0,109,40.2912,151.696,2,60.3138,2,60.3138,1,1,3,111.337,90.6735
42,25,67,10,200,4,0,110,-33.3693,-177.888,0,59.0839,0,59.0839,1,1,1,110.468,110.442
42,25,67,10,200,4,0,111,-55.0139,3.74037,1,23.2479,1,23.2479,1,1,2,111.208,100.914
42,25,67,10,200,4,0,112,34.2812,131.685,2,42.4696,2,42.4696,1,1,3,111.337,90.6742
42,25,67,10,200,4,0,113,86.2115,87.2332,2,77.16,2,77.16,1,1,3,111.338,90.6748
42,25,67,10,200,4,0,114,56.313,169.855,2,78.7665,2,78.7665,1,1,3,111.34,90.6773
42,25,67,10,200,4,0,115,45.617,166.576,2,73.3999,2,73.3999,1,1,3,111.341,90.6779
42,25,67,10,200,4,0,116,-56.4008,-49.164,1,17.2938,1,17.2938,1,1,2,111.211,100.917
42,25,67,10,200,4,0,117,-1.6552,-118.347,0,6.96923,0,6.96923,1,1,1,110.473,110.447
42,25,67,10,200,4,0,118,-27.1643,146.61,2,62.8139,2,62.8139,1,1,3,111.342,90.6785
42,25,67,10,200,4,0,119,-2.45517,-79.2327,9,18.6533,0,46.0439,2.4684,0,1,110.475,110.449
42,25,67,10,200,4,0,120,29.1764,-7.04515,6,61.5629,4,68.8459,1.1183,0,3,111.342,69.2619
42,25,67,10,200,4,0,121,-86.0406,-129.459,5,16.6903,5,16.6903,1,1,4,111.393,58.8957
42,25,67,10,200,4,0,122,-64.7114,5.55199,1,28.0073,1,28.0073,1,1,2,111.213,100.919
42,25,67,10,200,4,0,123,-35.7769,93.8945,2,45.0033,2,45.0033,1,1,3,111.343,90.6803
42,25,67,10,200,4,0,124,-85.5435,-170.971,5,22.2826,5,22.2826,1,1,4,111.394,58.8963
42,25,67,10,200,4,0,125,32.7953,-57.8257,9,58.2777,8,64.4334,1.10563,0,2,111.215,23.5216
42,25,67,10,200,4,0,126,-84.4299,135.563,5,41.8013,5,41.8013,1,1,4,111.394,58.8969
42,25,67,10,200,4,0,127,62.9573,79.7027,2,55.1014,2,55.1014,1,1,3,111.345,90.6819
42,25,67,10,200,4,0,128,43.6241,118.338,2,40.3628,2,40.3628,1,1,3,111.345,90.6824
42,25,67,10,200,4,0,129,-6.53204,19.8741,4,28.6527,4,28.6527,1,1,3,111.346,69.2658
42,25,67,10,200,4,0,130,54.0963,-101.83,8,40.0852,8,40.0852,1,1,2,111.218,23.5248
42,25,67,10,200,4,0,131,3.22528,175.391,2,80.3682,2,80.3682,1,1,3,111.347,90.6837
42,25,67,10,200,4,0,132,14.503,-176.86,8,46.6473,8,46.6473,1,1,2,111.219,23.5262
42,25,67,10,200,4,0,133,-61.4783,154.677,5,87.9163,5,87.9163,1,1,4,111.395,58.8975
42,25,67,10,200,4,0,134,74.8752,52.1331,2,72.893,2,72.893,1,1,3,111.348,90.6848
42,25,67,10,200,4,0,135,-52.2777,28.1032,1,38.3526,1,38.3526,1,1,2,111.221,100.927
42,25,67,10,200,4,0,136,-67.456,-96.6366,3,5.49758,3,5.49758,1,1,3,111.349,80.4616
42,25,67,10,200,4,0,137,39.3221,-84.3349,8,42.8224,8,42.8224,1,1,2,111.222,23.5291
42,25,67,10,200,4,0,138,44.4577,-172.91,8,44.8918,8,44.8918,1,1,2,111.223,23.5298
42,25,67,10,200,4,0,139,-85.2202,97.8283,5,33.9792,5,33.9792,1,1,4,111.395,58.8981
42,25,67,10,200,4,0,140,-81.9404,75.1502,5,32.7967,5,32.7967,1,1,4,111.396,58.8988
42,25,67,10,200,4,0,141,-69.9987,-152.741,3,24.3375,3,24.3375,1,1,3,111.35,80.4633
42,25,67,10,200,4,0,142,15.3566,165.917,2,69.7864,2,69.7864,1,1,3,111.351,90.6879
42,25,67,10,200,4,0,143,53.4811,-62.0387,8,62.7667,8,62.7667,1,1,2,111.226,23.5328
42,25,67,10,200,4,0,144,52.1275,-86.102,8,46.8467,8,46.8467,1,1,2,111.227,23.5335
42,25,67,10,200,4,0,145,68.9177,32.4475,2,76.8469,2,76.8469,1,1,3,111.351,90.6884
42,25,67,10,200,4,0,146,-3.96602,-35.714,6,25.5468,1,41.4152,1.62115,0,2,111.228,100.934
42,25,67,10,200,4,0,147,13.9192,-158.926,8,29.8738,8,29.8738,1,1,2,111.229,23.5356
42,25,67,10,200,4,0,148,-16.2869,84.8819,2,27.3487,2,27.3487,1,1,3,111.352,90.689
42,25,67,10,200,4,0,149,87.8756,-62.8234,8,78.0137,8,78.0137,1,1,2,111.23,23.5368
42,25,67,10,200,4,0,150,-21.4925,-108.804,7,14.383,0,25.2942,1.75861,0,1,110.498,110.472
42,25,67,10,200,4,0,151,72.6399,2.103,4,94.1238,4,94.1238,1,1,4,111.397,69.3164
42,25,67,10,200,4,0,152,-12.7204,43.924,4,4.2494,4,4.2494,1,1,4,111.397,69.3169
42,25,67,10,200,4,0,153,48.8841,-116.525,8,30.436,8,30.436,1,1,2,111.233,23.5392
42,25,67,10,200,4,0,154,25.5073,107.328,2,20.2224,2,20.2224,1,1,3,111.354,90.691
42,25,67,10,200,4,0,155,80.6514,67.1337,2,74.064,2,74.064,1,1,3,111.354,90.6915
42,25,67,10,200,4,0,156,1.23898,-158.695,0,33.5437,0,33.5437,1,1,1,110.502,110.477
42,25,67,10,200,4,0,157,47.1966,-146.809,8,31.1912,8,31.1912,1,1,2,111.235,23.5413
42,25,67,10,200,4,0,158,-86.3886,21.3553,5,21.138,5,21.138,1,1,4,111.398,58.9004
42,25,67,10,200,4,0,159,-14.4238,111.478,2,28.9392,2,28.9392,1,1,3,111.356,90.6925
42,25,67,10,200,4,0,160,57.6267,-71.0121,8,58.367,8,58.367,1,1,2,111.237,23.544
42,25,67,10,200,4,0,161,-18.0373,-72.6787,9,7.66813,1,46.071,6.00811,0,2,111.238,100.944
42,25,67,10,200,4,0,162,36.6369,171.764,2,76.026,2,76.026,1,1,3,111.356,90.6931
42,25,67,10,200,4,0,163,-25.8024,-139.3,0,27.375,0,27.375,1,1,1,110.508,110.482
42,25,67,10,200,4,0,164,38.3228,-55.8537,9,64.081,8,65.8796,1.02807,0,2,111.239,23.5461
42,25,67,10,200,4,0,165,-11.0617,-146.339,0,22.7596,0,22.7596,1,1,1,110.509,110.484
42,25,67,10,200,4,0,166,7.67101,-56.8435,9,36.9133,1,58.9084,1.59586,0,2,111.24,100.946
42,25,67,10,200,4,0,167,17.8819,169.901,2,73.5504,2,73.5504,1,1,3,111.357,90.6937
42,25,67,10,200,4,0,168,83.5403,-46.4682,8,81.212,8,81.212,1,1,2,111.241,23.548
42,25,67,10,200,4,0,169,-63.3122,38.095,5,41.6967,5,41.6967,1,1,3,111.357,58.86
42,25,67,10,200,4,0,170,-59.5702,-145.322,3,24.0566,3,24.0566,1,1,2,111.243,80.3557
42,25,67,10,200,4,0,171,-37.3856,63.3376,4,28.3199,4,28.3199,1,1,4,111.398,69.318
42,25,67,10,200,4,0,172,-62.008,-160.378,3,30.0947,3,30.0947,1,1,2,111.244,80.3572
42,25,67,10,200,4,0,173,48.2643,-116.793,8,29.7895,8,29.7895,1,1,2,111.245,23.5515
42,25,67,10,200,4,0,174,20.4886,-112.319,8,15.0493,8,15.0493,1,1,2,111.245,23.5521
42,25,67,10,200,4,0,175,87.3423,-23.7695,8,91.4434,8,91.4434,1,1,3,111.359,23.6652
42,25,67,10,200,4,0,176,-1.66556,-41.39,6,29.6379,1,44.755,1.51006,0,2,111.247,100.953
42,25,67,10,200,4,0,177,41.7759,-110.057,8,26.8016,8,26.8016,1,1,2,111.247,23.554
42,25,67,10,200,4,0,178,-24.8131,-148.053,0,31.7539,0,31.7539,1,1,1,110.518,110.492
42,25,67,10,200,4,0,179,-34.6786,-152.98,0,41.8983,0,41.8983,1,1,1,110.519,110.493
42,25,67,10,200,4,0,180,-11.9534,88.5194,2,22.0751,2,22.0751,1,1,3,111.359,90.6961
42,25,67,10,200,4,0,181,-59.6599,171.435,2,97.7467,2,97.7467,1,1,3,111.36,90.6966
42,25,67,10,200,4,0,182,-74.162,96.4439,5,47.2096,5,47.2096,1,1,3,111.36,58.8629
42,25,67,10,200,4,0,183,80.6682,-161.244,8,64.1437,8,64.1437,1,1,2,111.25,23.5567
42,25,67,10,200,4,0,184,-65.0121,-145.288,3,22.0772,3,22.0772,1,1,2,111.251,80.3637
42,25,67,10,200,4,0,185,28.4257,-69.1646,9,50.711,8,54.6178,1.07704,0,2,111.252,23.5582
42,25,67,10,200,4,0,186,-55.3047,162.08,2,89.4403,2,89.4403,1,1,3,111.361,90.6978
42,25,67,10,200,4,0,187,87.0865,-54.6255,8,80.0657,8,80.0657,1,1,2,111.253,23.5594
42,25,67,10,200,4,0,188,-89.1489,90.7015,5,29.654,5,29.654,1,1,4,111.399,58.9015
42,25,67,10,200,4,0,189,4.29066,42.6793,4,17.7643,4,17.7643,1,1,4,111.399,69.3191
42,25,67,10,200,4,0,190,79.1913,3.26599,2,95.9116,2,95.9116,1,1,3,111.362,90.6993
42,25,67,10,200,4,0,191,-80.5451,-24.9485,5,12.8763,5,12.8763,1,1,4,111.4,58.9026
42,25,67,10,200,4,0,192,70.938,102.462,2,61.9995,2,61.9995,1,1,3,111.363,90.7004
42,25,67,10,200,4,0,193,22.4971,-87.7501,8,37.9166,8,37.9166,1,1,2,111.257,23.5632
42,25,67,10,200,4,0,194,67.2043,155.637,2,75.1632,2,75.1632,1,1,3,111.364,90.7009
42,25,67,10,200,4,0,195,-30.3653,-69.4982,9,13.3449,1,35.3596,2.64967,0,2,111.258,100.964
42,25,67,10,200,4,0,196,32.0782,-0.0503998,4,65.286,4,65.286,1,1,3,111.364,69.2842
42,25,67,10,200,4,0,197,-39.0314,95.8322,2,48.2607,2,48.2607,1,1,3,111.365,90.702
42,25,67,10,200,4,0,198,-41.8032,-96.7264,3,20.1586,3,20.1586,1,1,2,111.26,80.3727
42,25,67,10,200,4,0,199,57.2944,-33.6307,8,82.8008,8,82.8008,1,1,2,111.26,23.5669
42,26,68,10,200,4,0,0,66.7765,-129.851,0,10.4416,0,10.4416,1,1,1,111.206,111.171
42,26,68,10,200,4,0,1,43.2949,63.8791,8,59.4177,8,59.4177,1,1,3,111.849,23.8522
42,26,68,10,200,4,0,2,-79.8976,11.8587,3,5.28004,3,5.28004,1,1,3,111.85,79.3668
42,26,68,10,200,4,0,3,34.9748,-98.2606,1,24.937,1,24.937,1,1,2,111.487,99.8078
42,26,68,10,200,4,0,4,39.7224,92.8739,2,61.5062,2,61.5062,1,1,2,111.488,89.3732
42,26,68,10,200,4,0,5,55.6177,26.936,8,29.6126,8,29.6126,1,1,3,111.851,23.8535
42,26,68,10,200,4,0,6,59.5732,-46.6151,8,11.5726,8,11.5726,1,1,3,111.851,23.8541
42,26,68,10,200,4,0,7,58.2037,117.249,2,35.2626,2,35.2626,1,1,2,111.491,89.3762
42,26,68,10,200,4,0,8,-24.3788,126.066,4,41.0685,4,41.0685,1,1,5,112.125,69.0522
42,26,68,10,200,4,0,9,-24.3976,40.3729,4,40.8458,4,40.8458,1,1,4,112.021,68.9486
42,26,68,10,200,4,0,10,14.5684,-6.79922,8,44.3768,8,44.3768,1,1,4,112.022,24.0246
42,26,68,10,200,4,0,11,16.3537,121.673,4,72.2084,4,72.2084,1,1,4,112.022,68.9497
42,26,68,10,200,4,0,12,84.5511,-5.62971,2,11.1841,2,11.1841,1,1,2,111.497,89.3822
42,26,68,10,200,4,0,13,-80.0516,101.377,3,12.3532,3,12.3532,1,1,3,111.854,79.3707
42,26,68,10,200,4,0,14,74.2627,-125.332,7,7.85405,7,7.85405,1,1,2,111.499,34.0386
42,26,68,10,200,4,0,15,43.7809,102.078,2,54.4851,2,54.4851,1,1,2,111.5,89.3854
42,26,68,10,200,4,0,16,-37.5915,-5.84857,6,6.28209,6,6.28209,1,1,4,112.023,47.0786
42,26,68,10,200,4,0,17,-7.02126,-54.9783,1,39.8711,1,39.8711,1,1,2,111.502,99.8233
42,26,68,10,200,4,0,18,-86.9949,-124.093,3,9.60564,3,9.60564,1,1,3,111.855,79.3719
42,26,68,10,200,4,0,19,13.3805,85.4548,4,58.8599,4,58.8599,1,1,4,112.023,68.9508
42,26,68,10,200,4,0,20,74.3905,-42.0034,7,18.2147,7,18.2147,1,1,3,111.856,34.3961
42,26,68,10,200,4,0,21,-33.8046,87.9273,4,12.2171,4,12.2171,1,1,5,112.126,69.0535
42,26,68,10,200,4,0,22,45.6907,-131.202,0,22.2545,0,22.2545,1,1,1,111.228,111.193
42,26,68,10,200,4,0,23,12.588,-137.376,1,45.8772,1,45.8772,1,1,2,111.508,99.829
42,26,68,10,200,4,0,24,87.4321,156.381,2,1.74804,2,1.74804,1,1,2,111.509,89.3945
42,26,68,10,200,4,0,25,41.4984,24.001,8,35.9379,8,35.9379,1,1,5,112.127,24.1297
42,26,68,10,200,4,0,26,-15.2092,-64.2958,1,37.1229,1,37.1229,1,1,2,111.511,99.8323
42,26,68,10,200,4,0,27,-17.1629,-41.3161,6,41.6576,6,41.6576,1,1,3,111.858,46.9137
42,26,68,10,200,4,0,28,55.0373,-14.429,8,6.54487,8,6.54487,1,1,4,112.025,24.0279
42,26,68,10,200,4,0,29,-59.9693,78.5999,4,14.7848,4,14.7848,1,1,4,112.026,68.9529
42,26,68,10,200,4,0,30,20.1194,147.623,2,71.1236,2,71.1236,1,1,2,111.515,89.4006
42,26,68,10,200,4,0,31,0.339127,145.056,5,72.9084,5,72.9084,1,1,5,112.128,58.2117
42,26,68,10,200,4,0,32,-19.1127,166.636,5,50.0571,5,50.0571,1,1,5,112.128,58.2123
42,26,68,10,200,4,0,33,-44.9613,-32.2153,6,20.1446,6,20.1446,1,1,4,112.027,47.0829
42,26,68,10,200,4,0,34,-68.7286,116.839,9,16.7885,9,16.7885,1,1,6,112.169,12.1382
42,26,68,10,200,4,0,35,-63.3803,-168.676,3,54.08,3,54.08,1,1,3,111.862,79.3785
42,26,68,10,200,4,0,36,-52.5825,-14.3697,6,11.193,6,11.193,1,1,4,112.028,47.084
42,26,68,10,200,4,0,37,49.6256,166.217,2,39.639,2,39.639,1,1,2,111.522,89.4075
42,26,68,10,200,4,0,38,17.2142,-55.5728,1,34.4476,1,34.4476,1,1,2,111.523,99.8443
42,26,68,10,200,4,0,39,-75.5798,29.2927,3,9.92774,3,9.92774,1,1,3,111.863,79.3796
42,26,68,10,200,4,0,40,-39.5959,111.837,4,21.9931,4,21.9931,1,1,5,112.129,69.0568
42,26,68,10,200,4,0,41,-63.3531,70.3899,4,19.3797,4,19.3797,1,1,4,112.029,68.9566
42,26,68,10,200,4,0,42,-66.2292,18.968,3,18.9818,3,18.9818,1,1,3,111.902,79.4186
42,26,68,10,200,4,0,43,-75.4631,157.616,9,3.69672,9,3.69672,1,1,6,112.169,12.1388
42,26,68,10,200,4,0,44,-87.7305,-90.8649,3,6.97607,3,6.97607,1,1,3,111.903,79.4199
42,26,68,10,200,4,0,45,28.108,44.7777,8,59.4094,8,59.4094,1,1,5,112.131,24.1336
42,26,68,10,200,4,0,46,-61.6209,-123.106,3,45.7015,3,45.7015,1,1,3,111.904,79.4211
42,26,68,10,200,4,0,47,4.91673,18.5328,6,53.1253,6,53.1253,1,1,5,112.134,47.1902
42,26,68,10,200,4,0,48,-68.235,99.9109,9,22.6323,9,22.6323,1,1,6,112.17,12.1394
42,26,68,10,200,4,0,49,83.1587,-93.9271,7,12.4532,7,12.4532,1,1,3,111.907,34.4462
42,26,68,10,200,4,0,50,18.3747,-140.443,0,46.4635,0,46.4635,1,1,1,111.251,111.215
42,26,68,10,200,4,0,51,-41.3016,111.584,4,21.1363,4,21.1363,1,1,5,112.136,69.0631
42,26,68,10,200,4,0,52,12.5936,-163.352,0,51.7086,0,51.7086,1,1,1,111.252,111.217
42,26,68,10,200,4,0,53,48.9005,-120.384,0,23.7113,0,23.7113,1,1,1,111.253,111.217
42,26,68,10,200,4,0,54,-19.4624,126.641,4,45.0163,4,45.0163,1,1,5,112.136,69.0637
42,26,68,10,200,4,0,55,44.4542,61.8834,8,57.2477,8,57.2477,1,1,3,111.908,23.911
42,26,68,10,200,4,0,56,29.2394,142.202,2,62.5447,2,62.5447,1,1,2,111.543,89.4286
42,26,68,10,200,4,0,57,-23.8634,106.02,4,28.6664,4,28.6664,1,1,5,112.137,69.0644
42,26,68,10,200,4,0,58,-9.41495,-18.653,6,36.7026,6,36.7026,1,1,3,111.91,46.9653
42,26,68,10,200,4,0,59,41.8183,-14.2909,8,16.2035,8,16.2035,1,1,4,112.033,24.0361
42,26,68,10,200,4,0,60,35.2411,-40.1475,8,23.1622,8,23.1622,1,1,4,112.034,24.0366
42,26,68,10,200,4,0,61,-74.7566,127.24,9,11.1474,9,11.1474,1,1,6,112.171,12.1401
42,26,68,10,200,4,0,62,8.37341,40.3203,6,67.1268,6,67.1268,1,1,6,112.171,47.2269
42,26,68,10,200,4,0,63,-17.1134,60.2769,4,34.3749,4,34.3749,1,1,5,112.139,69.0662
42,26,68,10,200,4,0,64,-19.8844,-47.9093,6,44.2137,6,44.2137,1,1,3,111.913,46.9684
42,26,68,10,200,4,0,65,73.1749,176.981,2,15.8769,2,15.8769,1,1,2,111.55,89.4351
42,26,68,10,200,4,0,66,-4.17619,-116.253,1,29.8657,1,29.8657,1,1,2,111.55,99.8714
42,26,68,10,200,4,0,67,54.2825,-163.165,0,10.6376,0,10.6376,1,1,1,111.321,111.285
42,26,68,10,200,4,0,68,-49.8027,26.3659,6,21.7323,6,21.7323,1,1,4,112.036,47.0916
42,26,68,10,200,4,0,69,-51.7747,41.4698,4,28.2297,4,28.2297,1,1,4,112.036,68.9637
42,26,68,10,200,4,0,70,-13.4963,165.359,5,55.7529,5,55.7529,1,1,5,112.14,58.2236
42,26,68,10,200,4,0,71,-38.3234,-148.514,1,74.9394,1,74.9394,1,1,2,111.553,99.8739
42,26,68,10,200,4,0,72,63.7806,55.6264,2,38.2465,2,38.2465,1,1,2,111.554,89.4391
42,26,68,10,200,4,0,73,68.7532,-71.2687,7,10.7411,7,10.7411,1,1,2,111.554,34.0942
42,26,68,10,200,4,0,74,-71.5133,41.1429,3,14.7208,3,14.7208,1,1,3,111.915,79.4316
42,26,68,10,200,4,0,75,47.2202,107.456,2,49.3684,2,49.3684,1,1,2,111.556,89.4412
42,26,68,10,200,4,0,76,-89.5023,124.927,3,6.73475,3,6.73475,1,1,4,112.037,79.5541
42,26,68,10,200,4,0,77,27.348,17.7423,8,43.4343,8,43.4343,1,1,5,112.14,24.143
42,26,68,10,200,4,0,78,-7.37628,-159.531,0,71.3056,0,71.3056,1,1,1,111.33,111.294
42,26,68,10,200,4,0,79,-50.9904,125.479,4,28.8003,4,28.8003,1,1,5,112.141,69.0682
42,26,68,10,200,4,0,80,-13.7201,-135.631,1,51.4581,1,51.4581,1,1,2,111.558,99.8794
42,26,68,10,200,4,0,81,61.2295,144.207,2,29.1293,2,29.1293,1,1,2,111.559,89.4446
42,26,68,10,200,4,0,82,-35.9423,51.024,4,26.0881,4,26.0881,1,1,4,112.039,68.9663
42,26,68,10,200,4,0,83,80.5212,8.51003,2,17.595,2,17.595,1,1,2,111.56,89.4459
42,26,68,10,200,4,0,84,-51.305,-122.507,3,60.8824,3,60.8824,1,1,3,111.918,79.4345
42,26,68,10,200,4,0,85,-65.0101,50.3972,3,22.2342,3,22.2342,1,1,3,111.918,79.4351
42,26,68,10,200,4,0,86,-68.574,-26.667,3,18.9888,3,18.9888,1,1,3,111.919,79.4357
42,26,68,10,200,4,0,87,40.9417,170.413,2,48.2123,2,48.2123,1,1,2,111.563,89.4488
42,26,68,10,200,4,0,88,-75.5203,39.3897,3,10.551,3,10.551,1,1,3,111.92,79.4363
42,26,68,10,200,4,0,89,-40.4278,-114.067,1,56.3117,1,56.3117,1,1,2,111.565,99.8856
42,26,68,10,200,4,0,90,-49.7337,-166.415,3,77.7141,3,77.7141,1,1,3,111.92,79.4368
42,26,68,10,200,4,0,91,86.6942,-98.4719,2,10.5246,2,10.5246,1,1,2,111.566,89.4513
42,26,68,10,200,4,0,92,69.256,48.0844,2,31.4357,2,31.4357,1,1,2,111.567,89.452
42,26,68,10,200,4,0,93,49.6352,-56.2405,8,19.4592,8,19.4592,1,1,4,112.04,24.0426
42,26,68,10,200,4,0,94,34.2768,177.29,2,54.7751,2,54.7751,1,1,2,111.568,89.4532
42,26,68,10,200,4,0,95,-55.381,-138.887,3,59.5673,3,59.5673,1,1,3,111.921,79.4381
42,26,68,10,200,4,0,96,-69.1708,-168.303,3,43.5181,3,43.5181,1,1,3,111.922,79.4389
42,26,68,10,200,4,0,97,-87.3395,-30.2261,3,3.60993,3,3.60993,1,1,3,111.923,79.4394
42,26,68,10,200,4,0,98,31.3606,166.363,2,57.9727,2,57.9727,1,1,2,111.57,89.4559
42,26,68,10,200,4,0,99,79.142,140.111,2,10.6426,2,10.6426,1,1,2,111.571,89.4565
42,26,68,10,200,4,0,100,-68.0719,-151.736,3,41.9792,3,41.9792,1,1,3,111.923,79.44
42,26,68,10,200,4,0,101,5.25414,-93.2918,1,6.4312,1,6.4312,1,1,2,111.572,99.8934
42,26,68,10,200,4,0,102,0.798401,-87.6084,1,10.6789,1,10.6789,1,1,2,111.573,99.894
42,26,68,10,200,4,0,103,-51.4393,30.5562,6,24.6123,6,24.6123,1,1,4,112.04,47.0961
42,26,68,10,200,4,0,104,65.8907,-3.73415,8,14.4889,8,14.4889,1,1,4,112.041,24.0437
42,26,68,10,200,4,0,105,48.2446,-147.686,0,15.865,0,15.865,1,1,1,111.351,111.315
42,26,68,10,200,4,0,106,4.92534,89.8775,4,50.7634,4,50.7634,1,1,4,112.041,68.9687
42,26,68,10,200,4,0,107,-33.0789,-31.6373,6,24.0664,6,24.0664,1,1,4,112.042,47.0976
42,26,68,10,200,4,0,108,-21.019,-146.887,1,64.672,1,64.672,1,1,2,111.576,99.8974
42,26,68,10,200,4,0,109,46.0611,-153.484,0,17.6851,0,17.6851,1,1,1,111.354,111.318
42,26,68,10,200,4,0,110,-74.7989,161.36,9,2.5697,9,2.5697,1,1,6,112.172,12.1414
42,26,68,10,200,4,0,111,-56.1855,-107.939,3,49.6672,3,49.6672,1,1,3,111.927,79.4434
42,26,68,10,200,4,0,112,86.5286,-107.05,2,11.273,2,11.273,1,1,2,111.578,89.4637
42,26,68,10,200,4,0,113,20.9173,55.7784,4,71.5114,4,71.5114,1,1,4,112.043,68.9703
42,26,68,10,200,4,0,114,-60.3434,20.1185,6,22.3129,6,22.3129,1,1,4,112.044,47.0993
42,26,68,10,200,4,0,115,7.94473,-76.8306,1,13.8676,1,13.8676,1,1,2,111.58,99.9012
42,26,68,10,200,4,0,116,24.1911,-153.602,0,39.5546,0,39.5546,1,1,1,111.36,111.324
42,26,68,10,200,4,0,117,4.93883,-130.021,1,39.5859,1,39.5859,1,1,2,111.581,99.9019
42,26,68,10,200,4,0,118,-30.6054,86.9991,4,15.1489,4,15.1489,1,1,5,112.142,69.0695
42,26,68,10,200,4,0,119,40.2676,-109.429,7,30.8689,7,30.8689,1,1,3,111.929,34.4687
42,26,68,10,200,4,0,120,-48.3675,-2.97568,6,4.70086,6,4.70086,1,1,4,112.045,47.1003
42,26,68,10,200,4,0,121,-38.5577,93.1156,4,10.1501,4,10.1501,1,1,5,112.143,69.0701
42,26,68,10,200,4,0,122,-46.5491,36.7267,6,28.9345,6,28.9345,1,1,5,112.144,47.1993
42,26,68,10,200,4,0,123,-59.2609,44.8638,4,27.1272,4,27.1272,1,1,4,112.046,68.9734
42,26,68,10,200,4,0,124,34.9196,153.6,2,55.3176,2,55.3176,1,1,2,111.639,89.5246
42,26,68,10,200,4,0,125,35.6897,100.241,2,64.3667,2,64.3667,1,1,2,111.64,89.5254
42,26,68,10,200,4,0,126,67.4803,139.008,2,22.9723,2,22.9723,1,1,2,111.641,89.5262
42,26,68,10,200,4,0,127,86.151,128.018,2,3.57259,2,3.57259,1,1,2,111.642,89.527
42,26,68,10,200,4,0,128,-74.0209,34.1364,3,11.7302,3,11.7302,1,1,3,111.932,79.4483
42,26,68,10,200,4,0,129,1.89812,-88.7286,1,9.34925,1,9.34925,1,1,2,111.643,99.9639
42,26,68,10,200,4,0,130,-62.8726,-160.314,3,52.9013,3,52.9013,1,1,3,111.932,79.449
42,26,68,10,200,4,0,131,7.22043,102.637,4,55.8068,4,55.8068,1,1,4,112.047,68.9739
42,26,68,10,200,4,0,132,-66.9583,-155.681,3,44.7295,3,44.7295,1,1,3,111.933,79.4501
42,26,68,10,200,4,0,133,76.308,-15.1273,8,20.6281,8,20.6281,1,1,4,112.047,24.0501
42,26,68,10,200,4,0,134,55.6588,53.1513,8,44.293,8,44.293,1,1,3,111.934,23.9372
42,26,68,10,200,4,0,135,27.7216,-165.418,0,36.9365,0,36.9365,1,1,1,111.375,111.34
42,26,68,10,200,4,0,136,-64.9122,158.328,5,6.83991,5,6.83991,1,1,5,112.144,58.2282
42,26,68,10,200,4,0,137,53.849,-42.9225,8,10.0607,8,10.0607,1,1,3,111.936,23.9383
42,26,68,10,200,4,0,138,7.52727,169.176,5,76.5774,5,76.5774,1,1,4,112.048,58.1324
42,26,68,10,200,4,0,139,-89.0294,-95.1062,3,6.73318,3,6.73318,1,1,3,111.937,79.4535
42,26,68,10,200,4,0,140,71.3884,73.3206,2,25.0461,2,25.0461,1,1,2,111.649,89.5344
42,26,68,10,200,4,0,141,-87.4325,97.7373,3,5.85855,3,5.85855,1,1,3,111.937,79.4541
42,26,68,10,200,4,0,142,16.1645,177.437,2,72.8872,2,72.8872,1,1,2,111.65,89.5355
42,26,68,10,200,4,0,143,22.8776,64.2872,4,70.7524,4,70.7524,1,1,4,112.049,68.9762
42,26,68,10,200,4,0,144,15.7867,-130.449,1,39.1131,1,39.1131,1,1,2,111.652,99.9725
42,26,68,10,200,4,0,145,77.7793,85.8282,2,15.4411,2,15.4411,1,1,2,111.652,89.5375
42,26,68,10,200,4,0,146,-55.3815,-10.0006,6,12.2627,6,12.2627,1,1,4,112.049,47.1052
42,26,68,10,200,4,0,147,4.23265,-64.6795,1,26.5167,1,26.5167,1,1,2,111.653,99.9744
42,26,68,10,200,4,0,148,7.15897,-18.9186,8,49.3323,8,49.3323,1,1,4,112.05,24.0528
42,26,68,10,200,4,0,149,50.0966,-54.3645,8,18.1516,8,18.1516,1,1,4,112.05,24.0533
42,26,68,10,200,4,0,150,-72.8837,-24.3635,3,14.2888,3,14.2888,1,1,3,111.941,79.4576
42,26,68,10,200,4,0,151,-19.891,-95.5917,1,31.3745,1,31.3745,1,1,2,111.656,99.9766
42,26,68,10,200,4,0,152,-23.0178,-112.084,1,40.2729,1,40.2729,1,1,2,111.656,99.9773
42,26,68,10,200,4,0,153,20.7429,149.019,2,70.2925,2,70.2925,1,1,2,111.657,89.5423
42,26,68,10,200,4,0,154,-61.4538,43.4271,3,25.1815,3,25.1815,1,1,3,111.942,79.4583
42,26,68,10,200,4,0,155,-63.0437,-160.131,3,52.5567,3,52.5567,1,1,3,111.942,79.4591
42,26,68,10,200,4,0,156,-31.6261,-120.952,1,52.1489,1,52.1489,1,1,2,111.658,99.9794
42,26,68,10,200,4,0,157,58.8032,149.077,2,31.28,2,31.28,1,1,2,111.659,89.5447
42,26,68,10,200,4,0,158,-61.7577,-16.6385,6,19.5592,6,19.5592,1,1,4,112.051,47.1067
42,26,68,10,200,4,0,159,16.6819,88.0581,4,62.3043,4,62.3043,1,1,4,112.052,68.9789
42,26,68,10,200,4,0,160,16.4564,8.92242,8,48.5775,8,48.5775,1,1,5,112.145,24.1477
42,26,68,10,200,4,0,161,-3.05684,102.15,4,45.8097,4,45.8097,1,1,5,112.146,69.0729
42,26,68,10,200,4,0,162,89.4609,-177.648,2,4.63395,2,4.63395,1,1,2,111.8,89.6854
42,26,68,10,200,4,0,163,-71.2647,13.2398,3,13.9067,3,13.9067,1,1,3,111.946,79.4625
42,26,68,10,200,4,0,164,-8.28349,137.664,4,61.2557,4,61.2557,1,1,4,112.096,69.0231
42,26,68,10,200,4,0,165,69.4377,17.6657,8,23.9328,8,23.9328,1,1,3,111.947,23.9498
42,26,68,10,200,4,0,166,-33.3499,-80.9067,1,45.4167,1,45.4167,1,1,2,111.803,100.124
42,26,68,10,200,4,0,167,51.037,67.2645,2,53.5702,2,53.5702,1,1,2,111.803,89.6888
42,26,68,10,200,4,0,168,-6.49532,-36.4401,6,47.3721,6,47.3721,1,1,3,111.948,47.0036
42,26,68,10,200,4,0,169,18.1417,44.1017,8,67.4742,8,67.4742,1,1,6,112.172,24.1752
42,26,68,10,200,4,0,170,-86.5065,90.196,3,5.69149,3,5.69149,1,1,3,111.95,79.467
42,26,68,10,200,4,0,171,31.9854,-56.2652,8,32.5758,8,32.5758,1,1,3,111.951,23.9536
42,26,68,10,200,4,0,172,74.6219,1.57716,8,21.7296,8,21.7296,1,1,3,111.951,23.9543
42,26,68,10,200,4,0,173,-43.5943,-154.272,1,82.0569,1,82.0569,1,1,2,111.807,100.128
42,26,68,10,200,4,0,174,82.4693,126.175,2,7.61052,2,7.61052,1,1,2,111.807,89.6927
42,26,68,10,200,4,0,175,56.8932,17.8516,8,24.1197,8,24.1197,1,1,4,112.097,24.0999
42,26,68,10,200,4,0,176,-22.4511,-72.3272,1,38.1053,1,38.1053,1,1,2,111.808,100.129
42,26,68,10,200,4,0,177,-29.9992,-45.9804,6,36.2122,6,36.2122,1,1,3,111.953,47.0085
42,26,68,10,200,4,0,178,-34.9878,-22.528,6,16.7182,6,16.7182,1,1,4,112.098,47.1536
42,26,68,10,200,4,0,179,73.6297,93.4574,2,19.9826,2,19.9826,1,1,2,111.81,89.6955
42,26,68,10,200,4,0,180,-32.4321,106.135,4,22.1574,4,22.1574,1,1,5,112.147,69.0742
42,26,68,10,200,4,0,181,-34.4384,48.436,4,28.7429,4,28.7429,1,1,4,112.099,69.0263
42,26,68,10,200,4,0,182,-77.3859,-146.803,3,25.5896,3,25.5896,1,1,3,111.955,79.472
42,26,68,10,200,4,0,183,-32.1497,12.2375,6,17.3241,6,17.3241,1,1,4,112.1,47.1553
42,26,68,10,200,4,0,184,-1.62143,151.984,5,69.3968,5,69.3968,1,1,5,112.148,58.2316
42,26,68,10,200,4,0,185,-61.8304,3.74417,6,18.71,6,18.71,1,1,4,112.101,47.1563
42,26,68,10,200,4,0,186,31.09,120.31,2,64.6831,2,64.6831,1,1,2,111.814,89.6997
42,26,68,10,200,4,0,187,63.7395,31.4236,8,29.6776,8,29.6776,1,1,3,111.958,23.9608
42,26,68,10,200,4,0,188,-29.0564,-139.71,1,63.0095,1,63.0095,1,1,2,111.815,100.136
42,26,68,10,200,4,0,189,28.576,-73.1742,1,23.9338,1,23.9338,1,1,2,111.816,100.137
42,26,68,10,200,4,0,190,83.2329,-9.06154,2,13.8571,2,13.8571,1,1,2,111.817,89.7021
42,26,68,10,200,4,0,191,62.3387,-58.4364,8,17.7856,8,17.7856,1,1,3,111.959,23.9613
42,26,68,10,200,4,0,192,49.3056,-115.321,7,22.5618,7,22.5618,1,1,2,111.818,34.3574
42,26,68,10,200,4,0,193,37.7916,-151.364,0,25.997,0,25.997,1,1,1,111.431,111.395
42,26,68,10,200,4,0,194,21.0755,42.8427,8,64.1128,8,64.1128,1,1,5,112.148,24.151
42,26,68,10,200,4,0,195,61.0465,157.287,2,28.5031,2,28.5031,1,1,2,111.819,89.7042
42,26,68,10,200,4,0,196,-15.5113,-126.784,1,44.9364,1,44.9364,1,1,2,111.82,100.141
42,26,68,10,200,4,0,197,12.8613,-5.79437,8,46.3237,8,46.3237,1,1,4,112.102,24.1045
42,26,68,10,200,4,0,198,-46.7933,141.423,5,27.624,5,27.624,1,1,6,112.173,58.2571
42,26,68,10,200,4,0,199,-86.7784,83.1706,3,5.11794,3,5.11794,1,1,3,111.961,79.4775
42,27,69,10,200,4,0,0,-11.6095,-22.3427,4,76.1274,4,76.1274,1,1,3,113.22,68.231
42,27,69,10,200,4,0,1,78.2782,14.0464,8,11.4197,8,11.4197,1,1,3,113.221,21.535
42,27,69,10,200,4,0,2,-39.7823,0.885086,4,53.3186,4,53.3186,1,1,4,113.35,68.3612
42,27,69,10,200,4,0,3,70.6481,149.182,2,21.3902,2,21.3902,1,1,2,113.034,88.8527
42,27,69,10,200,4,0,4,-35.6605,-159.185,9,17.0039,9,17.0039,1,1,6,113.476,11.5173
42,27,69,10,200,4,0,5,74.7109,-175.461,7,19.3399,7,19.3399,1,1,4,113.351,35.0315
42,27,69,10,200,4,0,6,-82.6194,99.7117,4,23.7691,4,23.7691,1,1,3,113.223,68.2339
42,27,69,10,200,4,0,7,14.2483,167.896,0,24.2969,0,24.2969,1,1,1,112.562,112.533
42,27,69,10,200,4,0,8,-1.97061,167.246,0,40.4061,0,40.4061,1,1,1,112.564,112.534
42,27,69,10,200,4,0,9,53.315,13.9217,1,12.8962,1,12.8962,1,1,2,113.037,101.266
42,27,69,10,200,4,0,10,-40.1139,150.36,3,33.5311,3,33.5311,1,1,2,113.038,78.2907
42,27,69,10,200,4,0,11,31.5028,-24.4278,1,46.5498,1,46.5498,1,1,2,113.038,101.267
42,27,69,10,200,4,0,12,81.4734,19.7613,8,7.65133,8,7.65133,1,1,4,113.352,21.6662
42,27,69,10,200,4,0,13,18.9173,158.33,0,23.4539,0,23.4539,1,1,1,112.568,112.538
42,27,69,10,200,4,0,14,-46.6287,140.475,3,31.6842,3,31.6842,1,1,2,113.04,78.2929
42,27,69,10,200,4,0,15,-79.9275,63.5236,4,21.6555,4,21.6555,1,1,4,113.352,68.3635
42,27,69,10,200,4,0,16,-30.9338,176.701,3,53.2062,3,53.2062,1,1,2,113.041,78.2943
42,27,69,10,200,4,0,17,-51.215,38.5678,4,52.258,4,52.258,1,1,4,113.353,68.364
42,27,69,10,200,4,0,18,-1.20674,-141.134,9,37.5753,9,37.5753,1,1,6,113.477,11.5179
42,27,69,10,200,4,0,19,3.87479,106.265,3,27.4303,3,27.4303,1,1,2,113.043,78.2961
42,27,69,10,200,4,0,20,-60.1595,-22.8286,4,25.628,4,25.628,1,1,4,113.354,68.365
42,27,69,10,200,4,0,21,55.402,-105.558,7,14.1882,7,14.1882,1,1,3,113.226,34.9061
42,27,69,10,200,4,0,22,-51.5584,-40.6993,4,31.4092,4,31.4092,1,1,4,113.354,68.3655
42,27,69,10,200,4,0,23,-58.831,72.9419,3,51.9616,3,51.9616,1,1,3,113.227,78.48
42,27,69,10,200,4,0,24,-26.7266,168.968,3,46.4086,3,46.4086,1,1,2,113.046,78.2991
42,27,69,10,200,4,0,25,-46.5682,46.319,4,60.9186,4,60.9186,1,1,4,113.355,68.366
42,27,69,10,200,4,0,26,69.664,149.869,2,22.442,2,22.442,1,1,2,113.047,88.8662
42,27,69,10,200,4,0,27,-79.0544,122.275,4,32.8109,4,32.8109,1,1,3,113.228,68.2392
42,27,69,10,200,4,0,28,-5.18474,59.7257,3,59.5545,3,59.5545,1,1,3,113.229,78.4817
42,27,69,10,200,4,0,29,50.3025,76.3731,2,26.2649,2,26.2649,1,1,3,113.229,89.048
42,27,69,10,200,4,0,30,10.1004,120.75,3,30.7912,3,30.7912,1,1,2,113.05,78.303
42,27,69,10,200,4,0,31,-20.0516,138.333,3,18.3861,3,18.3861,1,1,2,113.051,78.3038
42,27,69,10,200,4,0,32,58.7257,37.4669,1,9.03316,1,9.03316,1,1,2,113.051,101.28
42,27,69,10,200,4,0,33,-1.54951,-64.962,9,78.1421,9,78.1421,1,1,4,113.356,11.3966
42,27,69,10,200,4,0,34,38.1665,-175.349,7,45.8226,7,45.8226,1,1,5,113.442,35.1225
42,27,69,10,200,4,0,35,-69.3483,136.014,3,50.2324,3,50.2324,1,1,2,113.053,78.3063
42,27,69,10,200,4,0,36,-9.08902,152.107,3,34.2583,3,34.2583,1,1,2,113.054,78.3069
42,27,69,10,200,4,0,37,-74.7719,58.7051,4,27.1463,4,27.1463,1,1,4,113.357,68.3678
42,27,69,10,200,4,0,38,-34.2959,-87.2058,9,41.2204,9,41.2204,1,1,5,113.443,11.4842
42,27,69,10,200,4,0,39,-24.1765,57.9549,3,56.305,3,56.305,1,1,3,113.232,78.4851
42,27,69,10,200,4,0,40,-49.1188,38.5106,4,54.8905,4,54.8905,1,1,4,113.358,68.3688
42,27,69,10,200,4,0,41,-37.863,-138.91,9,0.995254,9,0.995254,1,1,6,113.477,11.5185
42,27,69,10,200,4,0,42,4.18988,-53.8348,7,82.3016,7,82.3016,1,1,4,113.359,35.0389
42,27,69,10,200,4,0,43,81.6825,178.01,8,11.9081,8,11.9081,1,1,3,113.234,21.5487
42,27,69,10,200,4,0,44,-87.0546,83.9699,4,16.773,4,16.773,1,1,3,113.235,68.246
42,27,69,10,200,4,0,45,37.1917,26.0917,1,27.9853,1,27.9853,1,1,2,113.06,101.289
42,27,69,10,200,4,0,46,12.36,-145.72,9,51.5643,9,51.5643,1,1,7,113.506,11.5471
42,27,69,10,200,4,0,47,-7.78752,-37.8286,4,76.2778,4,76.2778,1,1,3,113.236,68.2471
42,27,69,10,200,4,0,48,35.8735,161.326,0,10.2994,0,10.2994,1,1,1,112.596,112.566
42,27,69,10,200,4,0,49,38.6047,-31.9199,1,43.5259,1,43.5259,1,1,2,113.062,101.291
42,27,69,10,200,4,0,50,82.9883,118.513,8,6.29683,8,6.29683,1,1,4,113.36,21.6741
42,27,69,10,200,4,0,51,-37.9529,-32.2015,4,46.6823,4,46.6823,1,1,3,113.237,68.2483
42,27,69,10,200,4,0,52,45.3102,-45.4496,1,44.2759,1,44.2759,1,1,2,113.064,101.293
42,27,69,10,200,4,0,53,-76.7482,-157.972,5,11.8661,5,11.8661,1,1,5,113.445,55.8948
42,27,69,10,200,4,0,54,23.6723,-21.8495,1,52.8281,1,52.8281,1,1,2,113.065,101.294
42,27,69,10,200,4,0,55,39.9917,129.107,0,34.9269,0,34.9269,1,1,1,112.601,112.571
42,27,69,10,200,4,0,56,-81.6695,-175.743,4,16.2591,4,16.2591,1,1,4,113.361,68.3719
42,27,69,10,200,4,0,57,85.0986,25.0408,8,3.69838,8,3.69838,1,1,4,113.361,21.6756
42,27,69,10,200,4,0,58,-24.7888,153.562,3,32.3972,3,32.3972,1,1,2,113.067,78.3204
42,27,69,10,200,4,0,59,11.5256,-43.6866,1,75.4349,1,75.4349,1,1,2,113.068,101.297
42,27,69,10,200,4,0,60,28.7661,-82.5655,7,45.9425,7,45.9425,1,1,3,113.239,34.9196
42,27,69,10,200,4,0,61,81.2026,-97.7479,7,13.8556,7,13.8556,1,1,4,113.362,35.042
42,27,69,10,200,4,0,62,-24.1426,-33.1699,4,60.6182,4,60.6182,1,1,3,113.24,68.2515
42,27,69,10,200,4,0,63,22.2118,-156.538,7,53.6312,7,53.6312,1,1,6,113.479,35.1589
42,27,69,10,200,4,0,64,-25.922,-58.367,4,55.412,4,55.412,1,1,3,113.241,68.2526
42,27,69,10,200,4,0,65,-4.22904,-65.8674,9,75.6112,9,75.6112,1,1,4,113.363,11.4037
42,27,69,10,200,4,0,66,-59.9271,95.6361,3,43.0718,3,43.0718,1,1,2,113.072,78.3254
42,27,69,10,200,4,0,67,40.9655,150.766,0,18.1554,0,18.1554,1,1,1,112.847,112.817
42,27,69,10,200,4,0,68,-64.9068,108.435,3,44.9224,3,44.9224,1,1,2,113.073,78.3261
42,27,69,10,200,4,0,69,86.3973,97.5311,8,2.03878,8,2.03878,1,1,4,113.363,21.6776
42,27,69,10,200,4,0,70,-46.7074,72.778,3,46.295,3,46.295,1,1,3,113.243,78.4962
42,27,69,10,200,4,0,71,23.319,-76.7538,7,53.3411,7,53.3411,1,1,3,113.283,34.9628
42,27,69,10,200,4,0,72,38.5177,36.8353,1,27.791,1,27.791,1,1,2,113.123,101.352
42,27,69,10,200,4,0,73,64.1435,-152.542,7,14.6373,7,14.6373,1,1,3,113.285,34.9652
42,27,69,10,200,4,0,74,5.19875,-28.6618,1,73.7812,1,73.7812,1,1,2,113.124,101.353
42,27,69,10,200,4,0,75,-8.11441,-112.07,9,38.8417,9,38.8417,1,1,5,113.446,11.4872
42,27,69,10,200,4,0,76,34.3864,-33.8237,1,48.3636,1,48.3636,1,1,2,113.125,101.354
42,27,69,10,200,4,0,77,-14.9091,-159.513,9,30.4543,9,30.4543,1,1,6,113.479,11.5203
42,27,69,10,200,4,0,78,56.5032,-165.395,7,25.0436,7,25.0436,1,1,3,113.287,34.9671
42,27,69,10,200,4,0,79,-68.0253,-118.838,5,4.51036,5,4.51036,1,1,5,113.448,55.8983
42,27,69,10,200,4,0,80,-21.8808,35.4912,3,77.5917,3,77.5917,1,1,3,113.288,78.5411
42,27,69,10,200,4,0,81,-2.35251,16.3842,1,67.8064,1,67.8064,1,1,2,113.128,101.357
42,27,69,10,200,4,0,82,-24.4363,-102.774,9,33.3671,9,33.3671,1,1,5,113.452,11.493
42,27,69,10,200,4,0,83,-6.42477,1.31383,1,74.241,1,74.241,1,1,2,113.129,101.358
42,27,69,10,200,4,0,84,-87.1697,-20.0549,4,7.79936,4,7.79936,1,1,4,113.366,68.3768
42,27,69,10,200,4,0,85,-40.5775,-87.7542,5,37.3103,5,37.3103,1,1,4,113.366,55.8161
42,27,69,10,200,4,0,86,-63.6385,145.483,3,47.3671,3,47.3671,1,1,2,113.131,78.3841
42,27,69,10,200,4,0,87,7.74602,129.758,3,30.4127,3,30.4127,1,1,2,113.132,78.3847
42,27,69,10,200,4,0,88,1.15913,-36.2209,1,81.4411,1,81.4411,1,1,2,113.132,101.361
42,27,69,10,200,4,0,89,78.6081,-167.284,7,17.4024,7,17.4024,1,1,4,113.367,35.047
42,27,69,10,200,4,0,90,57.5586,-39.0127,1,31.1287,1,31.1287,1,1,2,113.134,101.363
42,27,69,10,200,4,0,91,-49.6773,3.89,4,43.2408,4,43.2408,1,1,4,113.367,68.3784
42,27,69,10,200,4,0,92,53.5818,50.8272,1,17.9216,1,17.9216,1,1,2,113.135,101.364
42,27,69,10,200,4,0,93,12.1888,40.17,1,54.448,1,54.448,1,1,2,113.135,101.364
42,27,69,10,200,4,0,94,32.7163,68.3268,1,43.6037,1,43.6037,1,1,2,113.136,101.365
42,27,69,10,200,4,0,95,50.6662,-158.329,7,27.1584,7,27.1584,1,1,3,113.291,34.9717
42,27,69,10,200,4,0,96,-38.091,-83.3726,5,41.4372,5,41.4372,1,1,4,113.368,55.8176
42,27,69,10,200,4,0,97,19.0276,54.9454,1,51.5332,1,51.5332,1,1,2,113.138,101.367
42,27,69,10,200,4,0,98,-3.07326,-154.794,9,38.8414,9,38.8414,1,1,6,113.48,11.5209
42,27,69,10,200,4,0,99,-61.8704,-0.48587,4,28.6672,4,28.6672,1,1,4,113.369,68.3801
42,27,69,10,200,4,0,100,2.57535,-24.8958,1,74.5704,1,74.5704,1,1,2,113.139,101.368
42,27,69,10,200,4,0,101,45.88,57.8738,1,27.2017,1,27.2017,1,1,2,113.14,101.369
42,27,69,10,200,4,0,102,-29.7064,-72.748,4,51.4494,4,51.4494,1,1,3,113.294,68.3052
42,27,69,10,200,4,0,103,3.81608,122.905,3,24.7872,3,24.7872,1,1,2,113.141,78.3943
42,27,69,10,200,4,0,104,35.5155,-15.1517,1,38.7455,1,38.7455,1,1,2,113.142,101.371
42,27,69,10,200,4,0,105,67.8106,6.14832,1,7.59137,1,7.59137,1,1,2,113.142,101.371
42,27,69,10,200,4,0,106,62.9178,-143.733,7,12.0297,7,12.0297,1,1,3,113.295,34.9749
42,27,69,10,200,4,0,107,-84.9808,52.9993,4,15.1445,4,15.1445,1,1,4,113.369,68.3806
42,27,69,10,200,4,0,108,43.5469,34.4158,1,22.4418,1,22.4418,1,1,2,113.144,101.373
42,27,69,10,200,4,0,109,-43.4153,-27.4737,4,42.0099,4,42.0099,1,1,3,113.296,68.3069
42,27,69,10,200,4,0,110,-38.6287,-165.498,9,21.3296,9,21.3296,1,1,6,113.48,11.5215
42,27,69,10,200,4,0,111,-2.90139,26.5607,1,68.0828,1,68.0828,1,1,2,113.145,101.374
42,27,69,10,200,4,0,112,-34.4354,-147.748,9,8.77578,9,8.77578,1,1,6,113.481,11.522
42,27,69,10,200,4,0,113,-49.247,104.983,3,30.7619,3,30.7619,1,1,2,113.146,78.3995
42,27,69,10,200,4,0,114,-61.271,-42.2348,4,21.408,4,21.408,1,1,4,113.371,68.3824
42,27,69,10,200,4,0,115,-37.7516,62.6086,3,51.9056,3,51.9056,1,1,3,113.298,78.5513
42,27,69,10,200,4,0,116,56.4347,-163.743,7,24.4283,7,24.4283,1,1,3,113.299,34.979
42,27,69,10,200,4,0,117,-29.7588,-126.543,9,13.1244,9,13.1244,1,1,5,113.454,11.4952
42,27,69,10,200,4,0,118,-28.2456,128.115,3,11.4457,3,11.4457,1,1,2,113.149,78.4025
42,27,69,10,200,4,0,119,88.181,-165.46,8,8.38435,8,8.38435,1,1,5,113.455,21.7693
42,27,69,10,200,4,0,120,-33.5186,131.983,3,17.4761,3,17.4761,1,1,2,113.15,78.4036
42,27,69,10,200,4,0,121,10.3441,-121.201,9,51.7155,9,51.7155,1,1,6,113.482,11.5227
42,27,69,10,200,4,0,122,84.1249,30.7264,8,4.4062,8,4.4062,1,1,4,113.373,21.6876
42,27,69,10,200,4,0,123,55.8989,75.3436,2,20.6724,2,20.6724,1,1,3,113.301,89.1203
42,27,69,10,200,4,0,124,-57.4289,-155.033,6,7.79004,6,7.79004,1,1,6,113.482,45.3491
42,27,69,10,200,4,0,125,-66.0651,-12.1151,4,21.6879,4,21.6879,1,1,4,113.374,68.3853
42,27,69,10,200,4,0,126,-70.2655,42.0671,4,29.1903,4,29.1903,1,1,4,113.375,68.3858
42,27,69,10,200,4,0,127,-82.7772,-29.4017,4,5.61564,4,5.61564,1,1,4,113.375,68.3863
42,27,69,10,200,4,0,128,37.1597,-84.0484,7,37.2833,7,37.2833,1,1,3,113.304,34.9843
42,27,69,10,200,4,0,129,-52.2095,131.777,3,33.2826,3,33.2826,1,1,2,113.155,78.4083
42,27,69,10,200,4,0,130,26.8584,0.0778961,1,41.7256,1,41.7256,1,1,2,113.156,101.385
42,27,69,10,200,4,0,131,7.19303,-13.4138,1,65.3348,1,65.3348,1,1,2,113.156,101.385
42,27,69,10,200,4,0,132,8.16735,134.868,3,32.9585,3,32.9585,1,1,2,113.157,78.4099
42,27,69,10,200,4,0,133,20.0214,139.843,0,34.7963,0,34.7963,1,1,1,112.948,112.918
42,27,69,10,200,4,0,134,41.4915,36.4047,1,24.7945,1,24.7945,1,1,2,113.158,101.387
42,27,69,10,200,4,0,135,77.1916,-164.054,7,16.2969,7,16.2969,1,1,4,113.376,35.0559
42,27,69,10,200,4,0,136,-5.80607,-4.9286,1,75.2598,1,75.2598,1,1,2,113.159,101.388
42,27,69,10,200,4,0,137,-52.6278,-23.3624,4,33.3117,4,33.3117,1,1,4,113.376,68.3873
42,27,69,10,200,4,0,138,-77.1011,-173.458,6,15.1483,6,15.1483,1,1,6,113.483,45.3497
42,27,69,10,200,4,0,139,-64.0094,-89.0599,5,17.4704,5,17.4704,1,1,5,113.457,55.9072
42,27,69,10,200,4,0,140,-74.2452,-80.149,4,7.34157,4,7.34157,1,1,4,113.378,68.3888
42,27,69,10,200,4,0,141,39.4125,-109.021,7,29.4172,7,29.4172,1,1,3,113.307,34.9877
42,27,69,10,200,4,0,142,70.9591,93.2705,2,7.33787,2,7.33787,1,1,3,113.308,89.1269
42,27,69,10,200,4,0,143,20.7884,36.2376,1,45.2575,1,45.2575,1,1,2,113.164,101.393
42,27,69,10,200,4,0,144,-85.389,117.158,4,22.1937,4,22.1937,1,1,3,113.309,68.3198
42,27,69,10,200,4,0,145,-5.99251,62.9388,3,56.2341,3,56.2341,1,1,3,113.309,78.5624
42,27,69,10,200,4,0,146,-31.3822,-177.599,6,31.501,6,31.501,1,1,5,113.458,45.3249
42,27,69,10,200,4,0,147,-65.2375,133.57,3,45.9157,3,45.9157,1,1,2,113.166,78.4192
42,27,69,10,200,4,0,148,68.6348,89.5677,2,8.86314,2,8.86314,1,1,3,113.31,89.1292
42,27,69,10,200,4,0,149,46.7069,40.2525,1,20.5743,1,20.5743,1,1,2,113.167,101.396
42,27,69,10,200,4,0,150,-27.0138,67.7971,3,47.0343,3,47.0343,1,1,3,113.311,78.5639
42,27,69,10,200,4,0,151,28.0993,114.36,3,48.9196,3,48.9196,1,1,2,113.169,78.4218
42,27,69,10,200,4,0,152,-58.5657,130.943,3,39.0894,3,39.0894,1,1,2,113.169,78.4224
42,27,69,10,200,4,0,153,-44.501,-91.3336,5,32.256,5,32.256,1,1,4,113.379,55.8285
42,27,69,10,200,4,0,154,68.7427,-37.0209,1,24.1509,1,24.1509,1,1,2,113.17,101.399
42,27,69,10,200,4,0,155,-0.196785,168.995,0,38.4134,0,38.4134,1,1,1,112.964,112.935
42,27,69,10,200,4,0,156,31.4151,-101.569,7,38.4022,7,38.4022,1,1,3,113.312,34.9921
42,27,69,10,200,4,0,157,-60.0133,24.7483,4,37.2449,4,37.2449,1,1,4,113.379,68.3903
42,27,69,10,200,4,0,158,85.8509,101.55,8,2.67941,8,2.67941,1,1,4,113.38,21.694
42,27,69,10,200,4,0,159,-59.5071,-179.076,6,6.25231,6,6.25231,1,1,6,113.483,45.3503
42,27,69,10,200,4,0,160,19.354,49.0009,1,49.4008,1,49.4008,1,1,2,113.174,101.403
42,27,69,10,200,4,0,161,31.9314,155.944,0,15.9317,0,15.9317,1,1,1,112.969,112.939
42,27,69,10,200,4,0,162,25.7009,113.388,3,46.6331,3,46.6331,1,1,2,113.174,78.4274
42,27,69,10,200,4,0,163,54.757,8.67139,1,12.9036,1,12.9036,1,1,2,113.175,101.404
42,27,69,10,200,4,0,164,11.4778,22.9279,1,53.6733,1,53.6733,1,1,2,113.176,101.405
42,27,69,10,200,4,0,165,-65.538,148.928,3,50.0349,3,50.0349,1,1,2,113.176,78.4294
42,27,69,10,200,4,0,166,-44.6375,105.122,3,26.6081,3,26.6081,1,1,2,113.177,78.43
42,27,69,10,200,4,0,167,41.6441,-26.4064,1,38.1345,1,38.1345,1,1,2,113.177,101.406
42,27,69,10,200,4,0,168,28.0327,174.286,0,9.90118,0,9.90118,1,1,1,112.975,112.945
42,27,69,10,200,4,0,169,31.13,13.5507,1,34.7168,1,34.7168,1,1,2,113.178,101.407
42,27,69,10,200,4,0,170,-21.3673,-118.134,9,24.5178,9,24.5178,1,1,5,113.459,11.5001
42,27,69,10,200,4,0,171,1.2728,-159.904,9,44.938,9,44.938,1,1,6,113.484,11.525
42,27,69,10,200,4,0,172,-19.8511,62.519,3,52.7503,3,52.7503,1,1,3,113.315,78.5685
42,27,69,10,200,4,0,173,22.4219,-48.0004,7,67.154,7,67.154,1,1,3,113.316,34.9961
42,27,69,10,200,4,0,174,-7.96539,105.83,3,17.7946,3,17.7946,1,1,2,113.181,78.4342
42,27,69,10,200,4,0,175,-23.5382,-157.223,9,22.2473,9,22.2473,1,1,6,113.485,11.5257
42,27,69,10,200,4,0,176,-12.5847,-163.214,9,34.4985,9,34.4985,1,1,6,113.485,11.5262
42,27,69,10,200,4,0,177,89.3605,-153.768,8,5.91806,8,5.91806,1,1,5,113.461,21.7758
42,27,69,10,200,4,0,178,65.087,108.235,2,15.5395,2,15.5395,1,1,3,113.318,89.137
42,27,69,10,200,4,0,179,17.4519,-26.8705,1,61.097,1,61.097,1,1,2,113.184,101.413
42,27,69,10,200,4,0,180,-24.4185,83.8278,3,32.4666,3,32.4666,1,1,4,113.415,78.668
42,27,69,10,200,4,0,181,-28.9713,41.8881,3,70.2576,3,70.2576,1,1,3,113.319,78.5724
42,27,69,10,200,4,0,182,4.4751,-154.654,9,45.9359,9,45.9359,1,1,6,113.486,11.5268
42,27,69,10,200,4,0,183,-82.2592,-114.984,4,6.99025,4,6.99025,1,1,4,113.417,68.4284
42,27,69,10,200,4,0,184,-80.184,77.7416,4,23.6683,4,23.6683,1,1,3,113.321,68.3324
42,27,69,10,200,4,0,185,39.2832,-23.1027,1,38.7334,1,38.7334,1,1,2,113.187,101.416
42,27,69,10,200,4,0,186,69.804,-98.8881,7,6.87666,7,6.87666,1,1,3,113.322,35.0022
42,27,69,10,200,4,0,187,-1.50359,-80.0942,9,66.0182,9,66.0182,1,1,6,113.486,11.5274
42,27,69,10,200,4,0,188,71.8155,-138.163,7,7.75693,7,7.75693,1,1,4,113.418,35.0986
42,27,69,10,200,4,0,189,25.9527,-52.2998,7,61.4758,7,61.4758,1,1,3,113.324,35.0039
42,27,69,10,200,4,0,190,73.8331,-175.171,7,19.382,7,19.382,1,1,4,113.419,35.0991
42,27,69,10,200,4,0,191,-14.7613,-57.5032,4,66.6431,4,66.6431,1,1,3,113.325,68.3362
42,27,69,10,200,4,0,192,-79.1924,-30.8016,4,6.55986,4,6.55986,1,1,4,113.419,68.4306
42,27,69,10,200,4,0,193,-15.6354,151.789,3,31.8077,3,31.8077,1,1,2,113.192,78.445
42,27,69,10,200,4,0,194,-51.2833,-176.367,6,11.8819,6,11.8819,1,1,5,113.463,45.33
42,27,69,10,200,4,0,195,-27.5406,28.5965,4,77.5073,4,77.5073,1,1,4,113.42,68.4316
42,27,69,10,200,4,0,196,43.7304,66.9763,1,32.9322,1,32.9322,1,1,2,113.193,101.422
42,27,69,10,200,4,0,197,-54.7577,-83.5891,5,26.2808,5,26.2808,1,1,4,113.421,55.8708
42,27,69,10,200,4,0,198,46.161,-94.0337,7,25.6486,7,25.6486,1,1,3,113.328,35.0085
42,27,69,10,200,4,0,199,-9.28674,111.954,3,13.0947,3,13.0947,1,1,2,113.195,78.4482
42,28,70,10,200,4,0,0,-87.7003,88.4416,1,30.9978,1,30.9978,1,1,2,109.665,99.3488
42,28,70,10,200,4,0,1,25.7885,149.819,0,14.5069,0,14.5069,1,1,1,109.256,109.226
42,28,70,10,200,4,0,2,2.30586,-4.23936,8,31.0997,8,31.0997,1,1,6,110.095,21.5508
42,28,70,10,200,4,0,3,-70.2697,-138.598,3,25.0123,3,25.0123,1,1,3,109.836,76.976
42,28,70,10,200,4,0,4,72.3382,137.015,5,51.8796,5,51.8796,1,1,2,109.667,54.2273
42,28,70,10,200,4,0,5,6.71119,-10.0421,8,25.1535,8,25.1535,1,1,6,110.096,21.5516
42,28,70,10,200,4,0,6,50.1708,73.1427,5,38.2658,5,38.2658,1,1,2,109.669,54.2286
42,28,70,10,200,4,0,7,-25.1889,-129.48,3,20.5354,3,20.5354,1,1,3,109.837,76.9772
42,28,70,10,200,4,0,8,24.7916,38.8798,6,15.5268,6,15.5268,1,1,3,109.838,43.7092
42,28,70,10,200,4,0,9,-41.8022,178.17,2,24.7939,2,24.7939,1,1,3,109.838,87.9364
42,28,70,10,200,4,0,10,1.25867,144.625,0,11.4549,0,11.4549,1,1,1,109.263,109.232
42,28,70,10,200,4,0,11,53.2341,-156.473,7,18.8666,7,18.8666,1,1,3,109.839,33.2983
42,28,70,10,200,4,0,12,-1.43775,61.3604,6,31.1505,6,31.1505,1,1,3,109.84,43.711
42,28,70,10,200,4,0,13,-53.9359,-120.628,3,12.2355,3,12.2355,1,1,3,109.841,76.9803
42,28,70,10,200,4,0,14,-67.5437,65.3752,1,33.5769,1,33.5769,1,1,2,109.672,99.3561
42,28,70,10,200,4,0,15,-9.4108,-130.488,3,36.1051,3,36.1051,1,1,3,109.841,76.9808
42,28,70,10,200,4,0,16,-13.0916,-147.245,3,34.2498,3,34.2498,1,1,3,109.842,76.9814
42,28,70,10,200,4,0,17,-80.3345,158.429,1,21.1679,1,21.1679,1,1,2,109.674,99.3576
42,28,70,10,200,4,0,18,14.258,-121.208,9,46.3099,9,46.3099,1,1,5,110.02,11.3132
42,28,70,10,200,4,0,19,-80.0846,-6.80763,1,53.6702,1,53.6702,1,1,2,109.675,99.3587
42,28,70,10,200,4,0,20,-82.0966,33.2532,1,40.8407,1,40.8407,1,1,2,109.676,99.3592
42,28,70,10,200,4,0,21,81.5751,116.148,5,57.6558,5,57.6558,1,1,2,109.676,54.2363
42,28,70,10,200,4,0,22,-36.802,-67.2276,9,34.9762,9,34.9762,1,1,4,109.976,11.2691
42,28,70,10,200,4,0,23,83.3344,155.979,5,65.5961,5,65.5961,1,1,2,109.677,54.2373
42,28,70,10,200,4,0,24,75.8261,-96.9356,7,13.7154,7,13.7154,1,1,4,109.976,33.4357
42,28,70,10,200,4,0,25,77.0744,-25.8305,7,33.5761,7,33.5761,1,1,4,109.977,33.4362
42,28,70,10,200,4,0,26,-66.1554,80.6171,1,27.3412,1,27.3412,1,1,2,109.679,99.3624
42,28,70,10,200,4,0,27,-1.15196,44.8138,6,16.9264,6,16.9264,1,1,3,109.844,43.7158
42,28,70,10,200,4,0,28,-19.0113,69.8242,6,47.5042,6,47.5042,1,1,4,109.977,43.8487
42,28,70,10,200,4,0,29,52.0929,6.88991,8,27.28,8,27.28,1,1,4,109.978,21.434
42,28,70,10,200,4,0,30,-22.4003,-94.6357,9,24.8756,9,24.8756,1,1,4,109.979,11.2718
42,28,70,10,200,4,0,31,28.2009,109.016,5,4.13674,5,4.13674,1,1,2,109.681,54.2415
42,28,70,10,200,4,0,32,-30.9402,75.7329,1,53.4576,1,53.4576,1,1,2,109.682,99.3657
42,28,70,10,200,4,0,33,43.7224,146.636,0,31.2181,0,31.2181,1,1,1,109.28,109.25
42,28,70,10,200,4,0,34,67.2623,107.276,5,43.1535,5,43.1535,1,1,2,109.683,54.2426
42,28,70,10,200,4,0,35,-20.086,150.331,2,7.4253,2,7.4253,1,1,2,109.683,87.781
42,28,70,10,200,4,0,36,-19.7356,-57.0216,9,26.4176,9,26.4176,1,1,5,110.021,11.3138
42,28,70,10,200,4,0,37,43.2398,66.9247,5,39.3856,5,39.3856,1,1,2,109.684,54.2441
42,28,70,10,200,4,0,38,27.8754,73.1485,5,31.8171,5,31.8171,1,1,2,109.685,54.2446
42,28,70,10,200,4,0,39,21.4519,27.4031,6,11.9938,6,11.9938,1,1,3,109.847,43.7184
42,28,70,10,200,4,0,40,78.1065,17.0525,7,45.2311,7,45.2311,1,1,4,109.98,33.4389
42,28,70,10,200,4,0,41,-89.2137,-156.098,3,44.6555,3,44.6555,1,1,3,109.848,76.9881
42,28,70,10,200,4,0,42,-41.1652,-0.731339,6,60.802,6,60.802,1,1,3,109.849,43.7201
42,28,70,10,200,4,0,43,34.358,59.647,6,34.6216,6,34.6216,1,1,3,109.849,43.7207
42,28,70,10,200,4,0,44,-55.4535,-7.09816,6,75.4277,6,75.4277,1,1,3,109.85,43.7212
42,28,70,10,200,4,0,45,-56.7316,24.2923,1,60.4881,1,60.4881,1,1,2,109.688,99.3721
42,28,70,10,200,4,0,46,39.133,122.939,5,19.5181,5,19.5181,1,1,2,109.689,54.249
42,28,70,10,200,4,0,47,-23.3457,-163.614,3,32.8292,3,32.8292,1,1,3,109.85,76.9902
42,28,70,10,200,4,0,48,9.33582,-139.247,3,54.9234,3,54.9234,1,1,3,109.851,76.9907
42,28,70,10,200,4,0,49,81.5108,-26.8039,7,31.3247,7,31.3247,1,1,4,109.98,33.4397
42,28,70,10,200,4,0,50,74.0144,-57.1504,7,25.3681,7,25.3681,1,1,5,110.021,33.4804
42,28,70,10,200,4,0,51,-28.2363,-71.4423,9,25.6946,9,25.6946,1,1,4,109.981,11.2746
42,28,70,10,200,4,0,52,32.914,-149.993,7,36.5274,7,36.5274,1,1,3,109.853,33.3122
42,28,70,10,200,4,0,53,87.7412,-58.4212,7,25.646,7,25.646,1,1,4,109.982,33.4411
42,28,70,10,200,4,0,54,51.5778,38.3861,6,41.3817,6,41.3817,1,1,3,109.854,43.7253
42,28,70,10,200,4,0,55,74.4909,79.3684,5,53.7925,5,53.7925,1,1,2,109.693,54.2535
42,28,70,10,200,4,0,56,-62.2807,150.554,1,5.6648,1,5.6648,1,1,2,109.694,99.3776
42,28,70,10,200,4,0,57,51.6353,-26.8918,8,21.9576,8,21.9576,1,1,6,110.096,21.5523
42,28,70,10,200,4,0,58,-15.0884,-8.01332,8,46.9609,8,46.9609,1,1,5,110.022,21.4783
42,28,70,10,200,4,0,59,-73.6224,38.916,1,41.7923,1,41.7923,1,1,2,109.695,99.3791
42,28,70,10,200,4,0,60,82.4443,-80.7079,7,19.9576,7,19.9576,1,1,5,110.023,33.4823
42,28,70,10,200,4,0,61,-58.3958,63.1546,1,39.1373,1,39.1373,1,1,2,109.696,99.3801
42,28,70,10,200,4,0,62,-68.8846,16.517,1,53.7093,1,53.7093,1,1,2,109.697,99.3806
42,28,70,10,200,4,0,63,39.7702,60.9025,6,38.9567,6,38.9567,1,1,3,109.856,43.7277
42,28,70,10,200,4,0,64,28.6351,62.5619,6,33.6312,6,33.6312,1,1,3,109.857,43.7282
42,28,70,10,200,4,0,65,-72.9507,25.2991,1,47.2885,1,47.2885,1,1,2,109.699,99.3824
42,28,70,10,200,4,0,66,-87.2943,-22.374,1,52.9289,1,52.9289,1,1,2,109.699,99.383
42,28,70,10,200,4,0,67,66.9284,71.2395,5,50.0721,5,50.0721,1,1,2,109.737,54.2973
42,28,70,10,200,4,0,68,3.81651,129.339,0,16.4166,0,16.4166,1,1,1,109.507,109.476
42,28,70,10,200,4,0,69,-83.5909,-69.2115,3,47.3583,3,47.3583,1,1,3,109.857,76.9972
42,28,70,10,200,4,0,70,-6.13734,161.8,2,19.4706,2,19.4706,1,1,2,109.74,87.8383
42,28,70,10,200,4,0,71,-84.9215,43.164,1,38.1226,1,38.1226,1,1,2,109.741,99.4246
42,28,70,10,200,4,0,72,66.1773,113.428,5,42.218,5,42.218,1,1,2,109.742,54.3016
42,28,70,10,200,4,0,73,-81.8639,-77.8223,3,44.2454,3,44.2454,1,1,3,109.858,76.9977
42,28,70,10,200,4,0,74,-37.2928,-130.973,3,8.41799,3,8.41799,1,1,3,109.859,76.9983
42,28,70,10,200,4,0,75,70.5469,-89.6971,7,15.2651,7,15.2651,1,1,4,109.984,33.4431
42,28,70,10,200,4,0,76,-15.8403,-155.698,3,34.8831,3,34.8831,1,1,3,109.897,77.0372
42,28,70,10,200,4,0,77,76.7287,10.5503,7,44.6345,7,44.6345,1,1,4,109.984,33.4436
42,28,70,10,200,4,0,78,20.4096,52.9979,6,22.1007,6,22.1007,1,1,3,109.9,43.7717
42,28,70,10,200,4,0,79,-54.2736,-81.9106,3,34.843,3,34.843,1,1,3,109.901,77.0408
42,28,70,10,200,4,0,80,-32.2201,-74.4486,9,29.0632,9,29.0632,1,1,4,109.985,11.2781
42,28,70,10,200,4,0,81,61.6943,-59.0287,7,31.6037,7,31.6037,1,1,5,110.024,33.4829
42,28,70,10,200,4,0,82,41.5887,77.2454,5,31.3988,5,31.3988,1,1,2,109.747,54.3069
42,28,70,10,200,4,0,83,-83.8946,-89.1896,3,43.0657,3,43.0657,1,1,3,109.903,77.0428
42,28,70,10,200,4,0,84,13.2923,-154.971,7,57.0542,7,57.0542,1,1,4,109.986,33.4452
42,28,70,10,200,4,0,85,10.7995,-165.69,7,62.5825,7,62.5825,1,1,4,109.986,33.4457
42,28,70,10,200,4,0,86,-86.5854,31.756,1,40.6683,1,40.6683,1,1,2,109.749,99.4326
42,28,70,10,200,4,0,87,28.7369,139.184,0,16.5561,0,16.5561,1,1,1,109.521,109.491
42,28,70,10,200,4,0,88,-17.4082,73.746,6,49.7415,6,49.7415,1,1,5,110.024,43.8956
42,28,70,10,200,4,0,89,-59.3192,70.598,1,34.8248,1,34.8248,1,1,2,109.75,99.4338
42,28,70,10,200,4,0,90,61.3867,-157.545,7,12.8139,7,12.8139,1,1,3,109.905,33.3646
42,28,70,10,200,4,0,91,80.4504,-88.9071,7,17.5258,7,17.5258,1,1,4,109.987,33.4466
42,28,70,10,200,4,0,92,-66.6213,134.358,1,6.90368,1,6.90368,1,1,2,109.752,99.4357
42,28,70,10,200,4,0,93,50.8216,87.5766,5,31.365,5,31.365,1,1,2,109.753,54.3126
42,28,70,10,200,4,0,94,3.67809,173.096,0,30.801,0,30.801,1,1,1,109.527,109.496
42,28,70,10,200,4,0,95,-87.167,122.916,1,27.4352,1,27.4352,1,1,2,109.753,99.4368
42,28,70,10,200,4,0,96,-40.6763,129.054,4,19.3137,4,19.3137,1,1,3,109.906,66.7062
42,28,70,10,200,4,0,97,-58.0564,-178.175,3,30.097,3,30.097,1,1,3,109.907,77.0468
42,28,70,10,200,4,0,98,13.1499,-103.902,9,30.4835,9,30.4835,1,1,5,110.025,11.3183
42,28,70,10,200,4,0,99,-43.6823,-127.116,3,5.27477,3,5.27477,1,1,3,109.908,77.0481
42,28,70,10,200,4,0,100,-39.4365,114.234,1,26.4231,1,26.4231,1,1,2,109.756,99.4397
42,28,70,10,200,4,0,101,-56.4029,-72.0437,3,40.688,3,40.688,1,1,3,109.909,77.0486
42,28,70,10,200,4,0,102,-17.0049,124.668,4,19.6938,4,19.6938,1,1,3,109.909,66.7091
42,28,70,10,200,4,0,103,-56.43,111.174,1,15.4299,1,15.4299,1,1,2,109.758,99.4414
42,28,70,10,200,4,0,104,9.20704,-51.4983,9,29.4812,9,29.4812,1,1,6,110.097,11.3902
42,28,70,10,200,4,0,105,0.885933,-38.8125,8,37.101,8,37.101,1,1,5,110.028,21.4838
42,28,70,10,200,4,0,106,-14.5215,-17.3273,8,45.6536,8,45.6536,1,1,5,110.029,21.4846
42,28,70,10,200,4,0,107,26.1402,17.7145,6,21.0111,6,21.0111,1,1,3,109.912,43.7828
42,28,70,10,200,4,0,108,-31.4845,-26.0765,9,57.1187,9,57.1187,1,1,6,110.098,11.391
42,28,70,10,200,4,0,109,-37.3544,124.387,4,20.1221,4,20.1221,1,1,3,109.913,66.7124
42,28,70,10,200,4,0,110,-16.4902,-69.0429,9,15.9127,9,15.9127,1,1,4,109.99,11.2835
42,28,70,10,200,4,0,111,33.6516,65.667,6,38.4765,6,38.4765,1,1,3,109.914,43.785
42,28,70,10,200,4,0,112,-59.9942,131.19,1,4.23086,1,4.23086,1,1,2,109.762,99.4461
42,28,70,10,200,4,0,113,33.7459,86.3114,5,21.5191,5,21.5191,1,1,2,109.763,54.3232
42,28,70,10,200,4,0,114,-76.3558,160.127,1,17.9016,1,17.9016,1,1,2,109.764,99.4474
42,28,70,10,200,4,0,115,69.5979,-51.5846,7,29.3025,7,29.3025,1,1,5,110.03,33.4892
42,28,70,10,200,4,0,116,47.1807,-153.61,7,23.5492,7,23.5492,1,1,3,109.915,33.3743
42,28,70,10,200,4,0,117,28.1858,-119.648,7,40.0452,7,40.0452,1,1,3,109.915,33.3748
42,28,70,10,200,4,0,118,75.5291,123.512,5,52.3429,5,52.3429,1,1,2,109.766,54.3259
42,28,70,10,200,4,0,119,85.7628,-10.5277,7,33.461,7,33.461,1,1,4,109.991,33.4505
42,28,70,10,200,4,0,120,-53.9933,-6.7025,6,74.0666,6,74.0666,1,1,3,109.917,43.7878
42,28,70,10,200,4,0,121,65.3299,42.9704,8,52.3155,8,52.3155,1,1,4,109.992,21.4478
42,28,70,10,200,4,0,122,77.9851,2.94002,7,41.282,7,41.282,1,1,4,109.992,33.4516
42,28,70,10,200,4,0,123,-59.6575,-86.9988,3,32.0405,3,32.0405,1,1,3,109.918,77.0579
42,28,70,10,200,4,0,124,78.4318,-14.0239,7,36.1465,7,36.1465,1,1,4,109.993,33.4521
42,28,70,10,200,4,0,125,-71.3058,-56.1169,3,48.4687,3,48.4687,1,1,3,109.919,77.0589
42,28,70,10,200,4,0,126,48.4666,104.692,5,24.5249,5,24.5249,1,1,2,109.77,54.3302
42,28,70,10,200,4,0,127,-85.225,156.945,1,25.6071,1,25.6071,1,1,2,109.771,99.4543
42,28,70,10,200,4,0,128,27.941,77.042,5,28.3461,5,28.3461,1,1,2,109.771,54.3312
42,28,70,10,200,4,0,129,31.6281,83.1703,5,23.4497,5,23.4497,1,1,2,109.772,54.3318
42,28,70,10,200,4,0,130,28.5846,22.452,6,20.4094,6,20.4094,1,1,3,109.92,43.791
42,28,70,10,200,4,0,131,-74.2071,-28.4694,3,60.4809,3,60.4809,1,1,3,109.92,77.0599
42,28,70,10,200,4,0,132,24.4211,87.9574,5,18.5463,5,18.5463,1,1,2,109.773,54.3333
42,28,70,10,200,4,0,133,15.9412,19.9003,6,13.4162,6,13.4162,1,1,3,109.921,43.792
42,28,70,10,200,4,0,134,15.7346,23.408,6,10.2836,6,10.2836,1,1,3,109.921,43.7926
42,28,70,10,200,4,0,135,-85.3137,103.483,1,27.3705,1,27.3705,1,1,2,109.775,99.4589
42,28,70,10,200,4,0,136,-81.6472,140.032,1,21.5078,1,21.5078,1,1,2,109.776,99.4595
42,28,70,10,200,4,0,137,-16.7735,172.676,2,17.2171,2,17.2171,1,1,2,109.776,87.8745
42,28,70,10,200,4,0,138,-18.5138,27.138,6,29.5072,6,29.5072,1,1,4,109.993,43.8646
42,28,70,10,200,4,0,139,-47.1615,-60.1641,9,46.7222,9,46.7222,1,1,4,109.994,11.2871
42,28,70,10,200,4,0,140,-83.443,-56.9346,3,50.6093,3,50.6093,1,1,3,109.923,77.0626
42,28,70,10,200,4,0,141,31.8595,110.047,5,7.89727,5,7.89727,1,1,2,109.779,54.3393
42,28,70,10,200,4,0,142,-66.1215,73.269,1,30.5982,1,30.5982,1,1,2,109.78,99.4635
42,28,70,10,200,4,0,143,43.4959,103.639,5,19.7643,5,19.7643,1,1,2,109.78,54.3405
42,28,70,10,200,4,0,144,-14.8445,-29.752,8,47.8177,8,47.8177,1,1,5,110.031,21.4865
42,28,70,10,200,4,0,145,3.40462,-152.52,3,51.7114,3,51.7114,1,1,3,109.924,77.0637
42,28,70,10,200,4,0,146,86.35,38.395,7,42.8814,7,42.8814,1,1,3,109.924,33.3838
42,28,70,10,200,4,0,147,-0.494644,41.5421,6,14.2171,6,14.2171,1,1,3,109.925,43.7963
42,28,70,10,200,4,0,148,-26.8238,-149.107,3,22.1484,3,22.1484,1,1,3,109.926,77.0653
42,28,70,10,200,4,0,149,-59.2788,157.822,1,9.19869,1,9.19869,1,1,2,109.784,99.4676
42,28,70,10,200,4,0,150,27.1505,-109.185,7,43.0194,7,43.0194,1,1,3,109.926,33.3855
42,28,70,10,200,4,0,151,40.652,71.0066,5,35.5706,5,35.5706,1,1,2,109.785,54.3455
42,28,70,10,200,4,0,152,-74.5764,-132.243,3,29.2204,3,29.2204,1,1,3,109.927,77.0665
42,28,70,10,200,4,0,153,31.8412,-6.18044,8,8.7854,8,8.7854,1,1,4,109.995,21.4508
42,28,70,10,200,4,0,154,37.4475,149.359,0,25.4017,0,25.4017,1,1,1,109.606,109.575
42,28,70,10,200,4,0,155,56.8277,88.0091,5,36.1716,5,36.1716,1,1,2,109.787,54.3474
42,28,70,10,200,4,0,156,-43.7877,-2.62561,6,63.8768,6,63.8768,1,1,3,109.928,43.7994
42,28,70,10,200,4,0,157,9.02814,-39.8185,8,31.1456,8,31.1456,1,1,5,110.031,21.4872
42,28,70,10,200,4,0,158,-54.6783,-74.9518,3,39.1389,3,39.1389,1,1,3,109.929,77.0689
42,28,70,10,200,4,0,159,-58.0898,40.9544,1,50.7111,1,50.7111,1,1,2,109.79,99.4736
42,28,70,10,200,4,0,160,37.6481,70.6297,5,35.0471,5,35.0471,1,1,2,109.791,54.3506
42,28,70,10,200,4,0,161,34.2173,67.9962,5,36.6139,5,36.6139,1,1,2,109.791,54.3512
42,28,70,10,200,4,0,162,-35.4877,-112.555,3,19.1645,3,19.1645,1,1,3,109.93,77.0695
42,28,70,10,200,4,0,163,-35.2309,55.377,6,50.903,6,50.903,1,1,3,109.93,43.8015
42,28,70,10,200,4,0,164,-40.8309,-9.01932,6,65.1246,6,65.1246,1,1,4,109.996,43.8671
42,28,70,10,200,4,0,165,16.5993,152.639,0,9.84243,0,9.84243,1,1,1,109.613,109.583
42,28,70,10,200,4,0,166,30.8978,-65.4974,9,36.4253,9,36.4253,1,1,6,110.098,11.3916
42,28,70,10,200,4,0,167,21.823,92.6429,5,14.5956,5,14.5956,1,1,2,109.794,54.3541
42,28,70,10,200,4,0,168,-8.87013,-72.6717,9,7.76695,9,7.76695,1,1,4,109.997,11.2901
42,28,70,10,200,4,0,169,-46.7688,-122.845,3,7.94945,3,7.94945,1,1,3,109.932,77.0721
42,28,70,10,200,4,0,170,-51.6562,-159.882,3,18.1834,3,18.1834,1,1,3,109.933,77.0727
42,28,70,10,200,4,0,171,72.582,-10.8879,7,41.5083,7,41.5083,1,1,4,109.997,33.4566
42,28,70,10,200,4,0,172,8.74612,-16.7798,8,22.3798,8,22.3798,1,1,6,110.099,21.5549
42,28,70,10,200,4,0,173,64.6468,88.1357,5,43.0177,5,43.0177,1,1,2,109.798,54.3578
42,28,70,10,200,4,0,174,44.1342,-166.886,7,30.6843,7,30.6843,1,1,3,109.935,33.3942
42,28,70,10,200,4,0,175,-25.455,-16.4354,8,56.5788,8,56.5788,1,1,5,110.073,21.5291
42,28,70,10,200,4,0,176,41.8719,-162.475,7,31.26,7,31.26,1,1,3,109.936,33.3954
42,28,70,10,200,4,0,177,-64.2196,-167.232,3,26.8242,3,26.8242,1,1,3,109.937,77.0764
42,28,70,10,200,4,0,178,-47.5151,-18.9009,9,69.3891,9,69.3891,1,1,5,110.074,11.3673
42,28,70,10,200,4,0,179,34.0727,3.30806,8,16.903,8,16.903,1,1,4,109.999,21.4552
42,28,70,10,200,4,0,180,76.0399,-78.6561,7,18.6244,7,18.6244,1,1,5,110.075,33.5341
42,28,70,10,200,4,0,181,-12.0263,33.8755,6,22.5728,6,22.5728,1,1,4,110,43.8717
42,28,70,10,200,4,0,182,17.9233,-160.407,7,53.9185,7,53.9185,1,1,4,110.001,33.4602
42,28,70,10,200,4,0,183,-26.7408,-161.894,3,29.1731,3,29.1731,1,1,3,109.942,77.0821
42,28,70,10,200,4,0,184,-26.5391,32.9808,6,37.0468,6,37.0468,1,1,3,109.943,43.8142
42,28,70,10,200,4,0,185,-52.3694,23.6093,6,63.42,6,63.42,1,1,3,109.943,43.8148
42,28,70,10,200,4,0,186,26.5493,-139.575,7,41.2752,7,41.2752,1,1,3,109.944,33.4034
42,28,70,10,200,4,0,187,-83.6393,-109.409,3,39.7193,3,39.7193,1,1,3,109.945,77.0844
42,28,70,10,200,4,0,188,11.8226,142.015,0,1.52059,0,1.52059,1,1,1,109.628,109.597
42,28,70,10,200,4,0,189,79.3633,-68.0863,7,21.6564,7,21.6564,1,1,5,110.076,33.5348
42,28,70,10,200,4,0,190,77.5645,-72.1833,7,20.4759,7,20.4759,1,1,5,110.076,33.5355
42,28,70,10,200,4,0,191,47.7392,58.8728,6,43.7861,6,43.7861,1,1,3,109.947,43.8181
42,28,70,10,200,4,0,192,-27.3294,147.039,4,3.44924,4,3.44924,1,1,4,110.002,66.8021
42,28,70,10,200,4,0,193,35.8206,30.311,6,25.3958,6,25.3958,1,1,3,109.948,43.8193
42,28,70,10,200,4,0,194,-25.9309,-40.2134,9,43.1148,9,43.1148,1,1,5,110.077,11.3701
42,28,70,10,200,4,0,195,-73.1905,-79.7819,3,39.3006,3,39.3006,1,1,3,109.952,77.0914
42,28,70,10,200,4,0,196,30.5652,9.56651,8,22.3419,8,22.3419,1,1,4,110.004,21.4595
42,28,70,10,200,4,0,197,67.0468,-83.023,7,18.7144,7,18.7144,1,1,4,110.004,33.4634
42,28,70,10,200,4,0,198,14.58,-99.3881,9,27.7012,9,27.7012,1,1,5,110.078,11.3708
42,28,70,10,200,4,0,199,-32.4584,156.082,2,7.55432,2,7.55432,1,1,3,109.954,88.0522
42,29,71,10,200,4,0,0,-76.5468,13.8016,9,54.6179,9,54.6179,1,1,3,108.135,10.8596
42,29,71,10,200,4,0,1,-30.1988,98.8989,8,20.5008,8,20.5008,1,1,5,108.474,21.5617
42,29,71,10,200,4,0,2,41.1886,-17.6359,5,16.677,5,16.677,1,1,4,108.417,53.7125
42,29,71,10,200,4,0,3,54.7528,106.028,2,30.7255,2,30.7255,1,1,3,108.137,86.9146
42,29,71,10,200,4,0,4,85.4521,63.3788,1,1.97447,1,1.97447,1,1,2,107.83,97.5999
42,29,71,10,200,4,0,5,24.2013,-36.1479,5,18.756,5,18.756,1,1,2,107.831,53.1257
42,29,71,10,200,4,0,6,87.0116,35.8315,1,4.47791,1,4.47791,1,1,2,107.831,97.601
42,29,71,10,200,4,0,7,-71.4179,98.7752,9,25.8088,9,25.8088,1,1,5,108.475,11.199
42,29,71,10,200,4,0,8,-44.8594,74.5164,8,16.9468,8,16.9468,1,1,5,108.475,21.5635
42,29,71,10,200,4,0,9,34.419,147.063,3,15.9699,3,15.9699,1,1,3,108.139,76.6227
42,29,71,10,200,4,0,10,33.217,-61.9555,5,41.5199,5,41.5199,1,1,2,107.834,53.1289
42,29,71,10,200,4,0,11,-24.2468,-130.672,6,15.7299,6,15.7299,1,1,2,107.834,42.6938
42,29,71,10,200,4,0,12,-6.86772,-99.1963,0,30.1146,0,30.1146,1,1,1,107.61,107.587
42,29,71,10,200,4,0,13,-49.819,110.396,9,28.0905,9,28.0905,1,1,6,108.514,11.2378
42,29,71,10,200,4,0,14,78.1956,-40.3839,1,18.7066,1,18.7066,1,1,2,108.017,97.787
42,29,71,10,200,4,0,15,43.143,-176.702,7,27.0112,7,27.0112,1,1,3,108.324,32.4998
42,29,71,10,200,4,0,16,76.7088,-154.112,7,12.1798,7,12.1798,1,1,3,108.327,32.5025
42,29,71,10,200,4,0,17,51.0983,55.795,2,1.52536,2,1.52536,1,1,3,108.328,87.1052
42,29,71,10,200,4,0,18,4.12629,31.7021,5,50.1521,5,50.1521,1,1,4,108.422,53.7168
42,29,71,10,200,4,0,19,-9.08847,-0.843231,5,36.7107,5,36.7107,1,1,2,108.021,53.3157
42,29,71,10,200,4,0,20,-42.4595,-149.774,6,37.5955,6,37.5955,1,1,2,108.021,42.8807
42,29,71,10,200,4,0,21,71.5045,-90.8959,7,22.7397,7,22.7397,1,1,3,108.329,32.5047
42,29,71,10,200,4,0,22,33.0286,-179.827,7,37.5819,7,37.5819,1,1,3,108.33,32.5053
42,29,71,10,200,4,0,23,-86.0604,156.338,9,25.6877,9,25.6877,1,1,4,108.422,11.1465
42,29,71,10,200,4,0,24,37.3447,76.7172,2,21.7961,2,21.7961,1,1,3,108.331,87.1083
42,29,71,10,200,4,0,25,61.7007,-38.8765,1,39.9585,1,39.9585,1,1,2,108.024,97.794
42,29,71,10,200,4,0,26,-82.6192,-105.092,0,73.103,0,73.103,1,1,1,107.621,107.598
42,29,71,10,200,4,0,27,5.22593,1.02623,5,25.1448,5,25.1448,1,1,3,108.332,53.6266
42,29,71,10,200,4,0,28,-12.1442,90.8139,8,21.3062,8,21.3062,1,1,5,108.477,21.5648
42,29,71,10,200,4,0,29,-34.2891,-47.8972,0,28.5648,0,28.5648,1,1,1,107.624,107.601
42,29,71,10,200,4,0,30,-64.785,-162.292,6,61.3272,6,61.3272,1,1,2,108.026,42.8854
42,29,71,10,200,4,0,31,-22.2998,-156.152,6,27.2207,6,27.2207,1,1,2,108.026,42.886
42,29,71,10,200,4,0,32,-68.2019,-122.403,6,60.1003,6,60.1003,1,1,2,108.027,42.8866
42,29,71,10,200,4,0,33,39.8213,51.8488,2,12.6836,2,12.6836,1,1,3,108.333,87.1104
42,29,71,10,200,4,0,34,44.6495,-118.534,7,26.6455,7,26.6455,1,1,3,108.334,32.5092
42,29,71,10,200,4,0,35,-64.4972,-175.62,6,66.1129,6,66.1129,1,1,2,108.029,42.8884
42,29,71,10,200,4,0,36,-44.1543,-165.986,6,46.978,6,46.978,1,1,2,108.03,42.889
42,29,71,10,200,4,0,37,-43.2579,157.748,9,17.1536,9,17.1536,1,1,5,108.477,11.2016
42,29,71,10,200,4,0,38,-82.9063,-78.6366,0,69.6553,0,69.6553,1,1,1,107.63,107.608
42,29,71,10,200,4,0,39,67.0434,88.8769,1,17.1278,1,17.1278,1,1,2,108.031,97.8005
42,29,71,10,200,4,0,40,89.0403,77.4883,1,5.33235,1,5.33235,1,1,2,108.031,97.801
42,29,71,10,200,4,0,41,-64.9998,-167.158,6,63.1604,6,63.1604,1,1,2,108.032,42.8912
42,29,71,10,200,4,0,42,76.1981,60.4523,1,7.84386,1,7.84386,1,1,2,108.032,97.8023
42,29,71,10,200,4,0,43,6.93427,-51.8923,0,26.881,0,26.881,1,1,1,107.634,107.611
42,29,71,10,200,4,0,44,-14.3669,125.29,3,41.2874,3,41.2874,1,1,4,108.424,76.9083
42,29,71,10,200,4,0,45,40.1053,21.6962,2,25.7632,2,25.7632,1,1,3,108.335,87.1128
42,29,71,10,200,4,0,46,71.499,-144.389,7,7.0604,7,7.0604,1,1,3,108.336,32.5115
42,29,71,10,200,4,0,47,22.7719,-173.406,7,45.4505,7,45.4505,1,1,3,108.336,32.5122
42,29,71,10,200,4,0,48,-43.396,-54.8136,0,32.491,0,32.491,1,1,1,107.638,107.615
42,29,71,10,200,4,0,49,29.2215,-177.493,7,40.429,7,40.429,1,1,3,108.337,32.5129
42,29,71,10,200,4,0,50,3.32605,109.449,3,42.7208,3,42.7208,1,1,4,108.425,76.9091
42,29,71,10,200,4,0,51,-86.5565,98.3434,9,30.884,9,30.884,1,1,4,108.426,11.1498
42,29,71,10,200,4,0,52,61.7315,-79.6289,7,31.4092,7,31.4092,1,1,3,108.339,32.5145
42,29,71,10,200,4,0,53,38.0459,137.651,3,22.2371,3,22.2371,1,1,3,108.339,76.8235
42,29,71,10,200,4,0,54,10.8673,30.1787,5,45.6761,5,45.6761,1,1,4,108.426,53.7212
42,29,71,10,200,4,0,55,23.2637,19.8152,5,32.3583,5,32.3583,1,1,4,108.427,53.7218
42,29,71,10,200,4,0,56,-36.1665,96.5279,8,19.5647,8,19.5647,1,1,5,108.478,21.5661
42,29,71,10,200,4,0,57,16.3288,-99.9368,6,40.3536,6,40.3536,1,1,2,108.039,42.8989
42,29,71,10,200,4,0,58,-11.5099,-133.474,6,3.39516,6,3.39516,1,1,2,108.04,42.8994
42,29,71,10,200,4,0,59,14.0855,128.246,3,21.4284,3,21.4284,1,1,4,108.428,76.9121
42,29,71,10,200,4,0,60,85.9082,-71.6185,1,13.2892,1,13.2892,1,1,2,108.041,97.811
42,29,71,10,200,4,0,61,-15.0288,134.814,3,36.9905,3,36.9905,1,1,4,108.429,76.913
42,29,71,10,200,4,0,62,-18.0038,-164.514,6,33.2309,6,33.2309,1,1,2,108.042,42.9016
42,29,71,10,200,4,0,63,70.7043,57.2004,1,13.4903,1,13.4903,1,1,2,108.043,97.8125
42,29,71,10,200,4,0,64,-19.6636,19.8517,8,51.6628,8,51.6628,1,1,4,108.43,21.5176
42,29,71,10,200,4,0,65,29.8537,147.325,3,11.4529,3,11.4529,1,1,3,108.343,76.8276
42,29,71,10,200,4,0,66,-25.3499,66.5944,8,8.44363,8,8.44363,1,1,4,108.43,21.5182
42,29,71,10,200,4,0,67,32.8341,-107.237,7,42.0649,7,42.0649,1,1,3,108.345,32.5206
42,29,71,10,200,4,0,68,83.4828,-38.2399,1,12.4394,1,12.4394,1,1,2,108.046,97.8154
42,29,71,10,200,4,0,69,-74.7931,8.70013,9,57.9529,9,57.9529,1,1,3,108.345,11.0697
42,29,71,10,200,4,0,70,85.9694,76.9412,1,2.2784,1,2.2784,1,1,2,108.047,97.8165
42,29,71,10,200,4,0,71,-75.7423,-80.3942,0,62.7102,0,62.7102,1,1,1,107.705,107.682
42,29,71,10,200,4,0,72,-3.26546,61.1728,8,28.3076,8,28.3076,1,1,4,108.431,21.5188
42,29,71,10,200,4,0,73,-0.16552,150.449,3,18.8455,3,18.8455,1,1,4,108.431,76.9156
42,29,71,10,200,4,0,74,53.8495,-152.16,7,10.922,7,10.922,1,1,4,108.432,32.6078
42,29,71,10,200,4,0,75,49.3477,99.5153,2,28.6058,2,28.6058,1,1,3,108.348,87.1254
42,29,71,10,200,4,0,76,-21.8893,-111.362,6,23.7911,6,23.7911,1,1,2,108.05,42.909
42,29,71,10,200,4,0,77,27.1648,100.214,2,43.2768,2,43.2768,1,1,3,108.348,87.126
42,29,71,10,200,4,0,78,-47.9379,15.7383,8,51.2664,8,51.2664,1,1,3,108.349,21.437
42,29,71,10,200,4,0,79,-11.2929,44.797,8,33.4392,8,33.4392,1,1,4,108.433,21.5207
42,29,71,10,200,4,0,80,-72.205,-142.878,6,64.2112,6,64.2112,1,1,2,108.052,42.9111
42,29,71,10,200,4,0,81,6.06088,-15.1098,5,18.5474,5,18.5474,1,1,2,108.052,53.3472
42,29,71,10,200,4,0,82,51.858,-102.21,7,27.7278,7,27.7278,1,1,3,108.35,32.5258
42,29,71,10,200,4,0,83,28.8268,90.6816,2,36.2123,2,36.2123,1,1,3,108.351,87.1282
42,29,71,10,200,4,0,84,19.775,88.0673,2,42.4394,2,42.4394,1,1,3,108.351,87.1288
42,29,71,10,200,4,0,85,-40.3091,31.4889,8,38.5472,8,38.5472,1,1,3,108.352,21.4398
42,29,71,10,200,4,0,86,-7.49574,-52.1029,0,18.0033,0,18.0033,1,1,1,107.716,107.694
42,29,71,10,200,4,0,87,65.5473,158.478,1,28.9748,1,28.9748,1,1,2,108.055,97.825
42,29,71,10,200,4,0,88,-85.465,-49.2364,9,65.2667,9,65.2667,1,1,2,108.056,10.78
42,29,71,10,200,4,0,89,64.4634,116.769,1,22.6393,1,22.6393,1,1,2,108.056,97.8262
42,29,71,10,200,4,0,90,-10.6983,47.6223,8,31.5211,8,31.5211,1,1,4,108.433,21.5214
42,29,71,10,200,4,0,91,18.1421,114.825,3,33.4389,3,33.4389,1,1,4,108.434,76.9181
42,29,71,10,200,4,0,92,58.1301,-89.3862,7,29.2654,7,29.2654,1,1,3,108.353,32.5291
42,29,71,10,200,4,0,93,17.5193,-159.616,6,38.0768,6,38.0768,1,1,2,108.059,42.9182
42,29,71,10,200,4,0,94,53.176,-167.547,7,14.9556,7,14.9556,1,1,4,108.435,32.6103
42,29,71,10,200,4,0,95,32.5907,141.942,3,15.7232,3,15.7232,1,1,3,108.354,76.8386
42,29,71,10,200,4,0,96,-65.2128,-102.697,0,57.757,0,57.757,1,1,1,107.724,107.701
42,29,71,10,200,4,0,97,-26.5839,153.291,9,33.8417,9,33.8417,1,1,5,108.479,11.203
42,29,71,10,200,4,0,98,-12.4534,-175.514,6,43.1781,6,43.1781,1,1,2,108.061,42.9203
42,29,71,10,200,4,0,99,31.9861,-165.357,7,34.4332,7,34.4332,1,1,3,108.356,32.5313
42,29,71,10,200,4,0,100,46.2765,163.354,4,19.1378,4,19.1378,1,1,4,108.436,66.6626
42,29,71,10,200,4,0,101,23.066,-102.438,6,42.976,6,42.976,1,1,2,108.062,42.9218
42,29,71,10,200,4,0,102,-34.3744,-2.77335,5,60.3374,5,60.3374,1,1,2,108.063,53.358
42,29,71,10,200,4,0,103,-61.9804,-59.6788,0,49.0547,0,49.0547,1,1,1,107.729,107.706
42,29,71,10,200,4,0,104,63.9951,-175.034,7,11.3144,7,11.3144,1,1,3,108.357,32.5323
42,29,71,10,200,4,0,105,-61.455,-73.4063,0,48.0366,0,48.0366,1,1,1,107.73,107.707
42,29,71,10,200,4,0,106,26.2941,93.3742,2,39.8328,2,39.8328,1,1,3,108.357,87.1347
42,29,71,10,200,4,0,107,-69.2907,-11.1516,8,70.7039,8,70.7039,1,1,2,108.065,21.1528
42,29,71,10,200,4,0,108,-88.006,76.4572,9,35.0994,9,35.0994,1,1,3,108.358,11.082
42,29,71,10,200,4,0,109,4.61645,110.34,3,41.3674,3,41.3674,1,1,4,108.437,76.9207
42,29,71,10,200,4,0,110,44.455,-105.586,7,32.261,7,32.261,1,1,3,108.359,32.5345
42,29,71,10,200,4,0,111,36.141,138.485,3,20.265,3,20.265,1,1,3,108.36,76.8437
42,29,71,10,200,4,0,112,-14.1413,-160.886,6,29.0789,6,29.0789,1,1,2,108.068,42.927
42,29,71,10,200,4,0,113,55.8876,126.811,1,33.3999,1,33.3999,1,1,2,108.068,97.8379
42,29,71,10,200,4,0,114,-78.2,-4.25266,9,59.3811,9,59.3811,1,1,3,108.36,11.0843
42,29,71,10,200,4,0,115,70.7269,116.153,1,16.0773,1,16.0773,1,1,2,108.069,97.8389
42,29,71,10,200,4,0,116,-10.4493,7.58575,5,41.9062,5,41.9062,1,1,2,108.07,53.3647
42,29,71,10,200,4,0,117,-83.1426,90.3525,9,30.6488,9,30.6488,1,1,4,108.437,11.1614
42,29,71,10,200,4,0,118,-87.5938,-110.246,9,78.3143,9,78.3143,1,1,2,108.071,10.7951
42,29,71,10,200,4,0,119,-74.6631,132.803,9,16.7974,9,16.7974,1,1,5,108.48,11.2037
42,29,71,10,200,4,0,120,-52.64,-92.2362,0,43.5596,0,43.5596,1,1,1,107.74,107.718
42,29,71,10,200,4,0,121,-60.3018,127.308,9,14.1453,9,14.1453,1,1,6,108.514,11.2386
42,29,71,10,200,4,0,122,-89.431,-79.185,9,67.7755,9,67.7755,1,1,2,108.073,10.7968
42,29,71,10,200,4,0,123,-31.9217,-174.874,6,46.7012,6,46.7012,1,1,2,108.073,42.9326
42,29,71,10,200,4,0,124,88.6361,125.39,1,6.02405,1,6.02405,1,1,2,108.074,97.8435
42,29,71,10,200,4,0,125,57.733,86.1822,2,18.9493,2,18.9493,1,1,3,108.363,87.1402
42,29,71,10,200,4,0,126,-80.0981,7.748,9,53.8386,9,53.8386,1,1,3,108.363,11.0875
42,29,71,10,200,4,0,127,22.3334,-8.47876,5,6.87782,5,6.87782,1,1,3,108.364,53.6592
42,29,71,10,200,4,0,128,13.4312,-23.5581,5,13.4923,5,13.4923,1,1,2,108.076,53.3709
42,29,71,10,200,4,0,129,-30.8341,50.4624,8,22.084,8,22.084,1,1,3,108.365,21.4527
42,29,71,10,200,4,0,130,76.0946,-100.214,7,19.9801,7,19.9801,1,1,3,108.365,32.5411
42,29,71,10,200,4,0,131,-6.69224,-48.7094,0,21.4438,0,21.4438,1,1,1,107.748,107.725
42,29,71,10,200,4,0,132,43.6856,0.330276,5,23.1737,5,23.1737,1,1,4,108.441,53.7359
42,29,71,10,200,4,0,133,-69.1784,92.1837,9,28.5417,9,28.5417,1,1,5,108.481,11.205
42,29,71,10,200,4,0,134,35.0421,-107.683,7,39.8152,7,39.8152,1,1,3,108.367,32.543
42,29,71,10,200,4,0,135,22.4932,144.804,3,6.22925,3,6.22925,1,1,3,108.368,76.852
42,29,71,10,200,4,0,136,-9.95969,104.383,8,32.6319,8,32.6319,1,1,5,108.481,21.5694
42,29,71,10,200,4,0,137,46.0562,-18.7814,5,21.6136,5,21.6136,1,1,4,108.443,53.7377
42,29,71,10,200,4,0,138,-77.4011,-151.731,6,70.3786,6,70.3786,1,1,2,108.081,42.9401
42,29,71,10,200,4,0,139,-6.82775,-157.53,6,25.5769,6,25.5769,1,1,2,108.081,42.9406
42,29,71,10,200,4,0,140,76.8293,-78.1896,7,26.3337,7,26.3337,1,1,3,108.37,32.5455
42,29,71,10,200,4,0,141,54.326,173.462,4,25.9609,4,25.9609,1,1,4,108.443,66.6699
42,29,71,10,200,4,0,142,54.7792,-26.6812,5,31.3666,5,31.3666,1,1,3,108.371,53.6661
42,29,71,10,200,4,0,143,-7.5082,-43.5793,0,26.0481,0,26.0481,1,1,1,107.758,107.735
42,29,71,10,200,4,0,144,64.8803,103.315,1,20.5101,1,20.5101,1,1,2,108.083,97.8531
42,29,71,10,200,4,0,145,-86.5584,101.95,9,30.3534,9,30.3534,1,1,4,108.444,11.1681
42,29,71,10,200,4,0,146,-88.4495,-6.50137,9,51.8913,9,51.8913,1,1,3,108.372,11.0965
42,29,71,10,200,4,0,147,-63.3798,90.4722,9,30.9829,9,30.9829,1,1,5,108.482,11.2063
42,29,71,10,200,4,0,148,86.9144,-85.1164,1,13.3313,1,13.3313,1,1,2,108.085,97.8553
42,29,71,10,200,4,0,149,1.32793,63.9132,8,31.3906,8,31.3906,1,1,4,108.445,21.5333
42,29,71,10,200,4,0,150,-6.39978,-132.358,6,2.22798,6,2.22798,1,1,2,108.086,42.946
42,29,71,10,200,4,0,151,14.3587,147.281,3,5.07469,3,5.07469,1,1,3,108.374,76.8585
42,29,71,10,200,4,0,152,76.0125,-59.1702,1,24.5552,1,24.5552,1,1,2,108.088,97.8575
42,29,71,10,200,4,0,153,-25.7502,177.223,9,37.9691,9,37.9691,1,1,4,108.446,11.1701
42,29,71,10,200,4,0,154,-15.4506,114.844,8,38.5536,8,38.5536,1,1,5,108.483,21.5708
42,29,71,10,200,4,0,155,-80.1537,-57.2427,0,67.1409,0,67.1409,1,1,1,107.766,107.743
42,29,71,10,200,4,0,156,-71.6727,128.345,9,15.9056,9,15.9056,1,1,5,108.484,11.2079
42,29,71,10,200,4,0,157,-31.8901,146.213,9,29.2618,9,29.2618,1,1,5,108.487,11.2111
42,29,71,10,200,4,0,158,-39.1683,101.203,8,24.1232,8,24.1232,1,1,5,108.488,21.5756
42,29,71,10,200,4,0,159,-38.6831,-128.576,6,30.273,6,30.273,1,1,2,108.091,42.9504
42,29,71,10,200,4,0,160,12.2594,-70.4832,0,25.81,0,25.81,1,1,1,107.77,107.747
42,29,71,10,200,4,0,161,76.6869,27.6196,1,10.4816,1,10.4816,1,1,2,108.091,97.8613
42,29,71,10,200,4,0,162,51.5077,-153.386,7,13.3471,7,13.3471,1,1,4,108.45,32.6259
42,29,71,10,200,4,0,163,-30.9541,96.8444,8,18.7558,8,18.7558,1,1,5,108.488,21.5763
42,29,71,10,200,4,0,164,-29.2511,120.748,8,39.6743,8,39.6743,1,1,5,108.489,21.577
42,29,71,10,200,4,0,165,-9.62124,108.698,8,36.3056,8,36.3056,1,1,5,108.49,21.5776
42,29,71,10,200,4,0,166,84.1949,-170.525,7,20.3857,7,20.3857,1,1,3,108.382,32.558
42,29,71,10,200,4,0,167,37.9897,140.415,3,21.0981,3,21.0981,1,1,3,108.383,76.8671
42,29,71,10,200,4,0,168,-24.8477,-155.521,6,27.9753,6,27.9753,1,1,2,108.095,42.9549
42,29,71,10,200,4,0,169,68.8188,99.4034,1,16.1323,1,16.1323,1,1,2,108.096,97.8658
42,29,71,10,200,4,0,170,69.6616,157.33,1,23.9109,1,23.9109,1,1,2,108.096,97.8663
42,29,71,10,200,4,0,171,-68.9196,175.978,9,12.1256,9,12.1256,1,1,6,108.515,11.2393
42,29,71,10,200,4,0,172,52.8374,-21.6195,5,28.6276,5,28.6276,1,1,4,108.453,53.7479
42,29,71,10,200,4,0,173,71.0954,-152.662,7,6.59529,7,6.59529,1,1,3,108.385,32.5609
42,29,71,10,200,4,0,174,-50.2081,-115.176,6,44.0965,6,44.0965,1,1,2,108.099,42.9583
42,29,71,10,200,4,0,175,-50.6189,104.103,9,30.9152,9,30.9152,1,1,6,108.516,11.24
42,29,71,10,200,4,0,176,-2.82937,-127.864,6,6.92401,6,6.92401,1,1,2,108.1,42.9593
42,29,71,10,200,4,0,177,-24.1389,-82.6433,0,16.4559,0,16.4559,1,1,1,107.782,107.76
42,29,71,10,200,4,0,178,-50.6248,69.8139,8,23.1263,8,23.1263,1,1,4,108.454,21.5419
42,29,71,10,200,4,0,179,-82.8995,20.2482,9,48.3077,9,48.3077,1,1,3,108.387,11.1115
42,29,71,10,200,4,0,180,5.28078,-5.04141,5,21.8307,5,21.8307,1,1,2,108.102,53.3966
42,29,71,10,200,4,0,181,-25.5267,-1.04854,5,52.1871,5,52.1871,1,1,2,108.102,53.3972
42,29,71,10,200,4,0,182,2.21673,-155.074,6,25.631,6,25.631,1,1,2,108.103,42.9622
42,29,71,10,200,4,0,183,-20.3168,134.738,3,41.8957,3,41.8957,1,1,4,108.454,76.9386
42,29,71,10,200,4,0,184,-65.2976,-82.9961,0,52.8333,0,52.8333,1,1,1,107.787,107.764
42,29,71,10,200,4,0,185,27.0708,-171.272,7,40.6621,7,40.6621,1,1,3,108.389,32.5643
42,29,71,10,200,4,0,186,-52.833,96.3023,8,29.4772,8,29.4772,1,1,5,108.491,21.5795
42,29,71,10,200,4,0,187,-87.6472,-179.991,6,85.3965,6,85.3965,1,1,2,108.105,42.9644
42,29,71,10,200,4,0,188,-52.6586,146.896,9,9.17247,9,9.17247,1,1,6,108.516,11.2407
42,29,71,10,200,4,0,189,-76.3265,-25.7335,9,68.8813,9,68.8813,1,1,2,108.106,10.8302
42,29,71,10,200,4,0,190,-74.1396,-73.8909,0,60.7018,0,60.7018,1,1,1,107.791,107.768
42,29,71,10,200,4,0,191,-50.8155,26.0621,8,44.6003,8,44.6003,1,1,3,108.391,21.4787
42,29,71,10,200,4,0,192,-10.8774,30.0912,8,46.1774,8,46.1774,1,1,4,108.456,21.5442
42,29,71,10,200,4,0,193,61.7094,56.9955,2,9.43559,2,9.43559,1,1,3,108.392,87.1695
42,29,71,10,200,4,0,194,-40.0475,137.62,9,23.4488,9,23.4488,1,1,6,108.517,11.2413
42,29,71,10,200,4,0,195,-51.3782,110.467,9,27.0233,9,27.0233,1,1,6,108.518,11.2419
42,29,71,10,200,4,0,196,-23.7108,26.1902,8,44.6651,8,44.6651,1,1,4,108.458,21.5458
42,29,71,10,200,4,0,197,-35.2909,137.012,9,28.102,9,28.102,1,1,6,108.518,11.2426
42,29,71,10,200,4,0,198,25.558,68.7845,2,29.0418,2,29.0418,1,1,3,108.395,87.173
42,29,71,10,200,4,0,199,45.875,100.521,2,30.8422,2,30.8422,1,1,3,108.396,87.1738
