trial,num_pubs,num_subs,brake_limit,sub_id,sub_lat,sub_lon,optimal_pub_id,optimal_dist,received_pub_id,received_dist,stretch,recall,num_received
0,100,1000,4,0,62.9269,124.506,80,9.95505,80,9.95505,1,1,6
0,100,1000,4,1,-62.5476,159.979,88,6.64041,88,6.64041,1,1,6
0,100,1000,4,2,0.125473,52.7951,56,10.8757,56,10.8757,1,1,8
0,100,1000,4,3,72.7774,43.3494,43,6.37266,43,6.37266,1,1,8
0,100,1000,4,4,20.0535,-71.8794,91,17.6197,91,17.6197,1,1,8
0,100,1000,4,5,53.4475,-75.7333,48,4.33507,48,4.33507,1,1,6
0,100,1000,4,6,53.7604,1.68779,40,6.84467,40,6.84467,1,1,5
0,100,1000,4,7,17.9674,148.965,3,18.0828,3,18.0828,1,1,3
0,100,1000,4,8,-26.3282,-150.943,6,18.3986,6,18.3986,1,1,4
0,100,1000,4,9,31.506,-69.0508,91,5.92016,91,5.92016,1,1,4
0,100,1000,4,10,-74.1682,-31.2636,0,11.3322,0,11.3322,1,1,1
0,100,1000,4,11,-68.3466,136.586,92,4.05855,92,4.05855,1,1,5
0,100,1000,4,12,5.48862,-78.6323,47,26.1882,47,26.1882,1,1,7
0,100,1000,4,13,20.5237,43.0693,76,3.36721,76,3.36721,1,1,7
0,100,1000,4,14,-43.8054,29.5798,37,7.02841,37,7.02841,1,1,4
0,100,1000,4,15,-78.0407,-141.757,0,13.9175,0,13.9175,1,1,1
0,100,1000,4,16,-12.9572,-101.177,70,14.4005,70,14.4005,1,1,7
0,100,1000,4,17,-80.889,154.337,98,7.82924,98,7.82924,1,1,5
0,100,1000,4,18,65.8092,163.777,16,8.74737,16,8.74737,1,1,4
0,100,1000,4,19,8.84301,-8.27457,67,8.95633,67,8.95633,1,1,4
0,100,1000,4,20,-44.0513,-55.419,68,12.5364,68,12.5364,1,1,4
0,100,1000,4,21,47.996,-160.582,96,15.2676,96,15.2676,1,1,8
0,100,1000,4,22,63.1344,-48.0732,20,11.5457,20,11.5457,1,1,4
0,100,1000,4,23,84.1916,-106.387,10,2.55829,10,2.55829,1,1,3
0,100,1000,4,24,-9.50831,51.3952,56,1.43518,56,1.43518,1,1,8
0,100,1000,4,25,2.28083,12.647,41,8.60582,41,8.60582,1,1,4
0,100,1000,4,26,-79.9342,47.8683,69,1.13922,69,1.13922,1,1,4
0,100,1000,4,27,-15.3837,31.1089,41,17.0087,41,17.0087,1,1,6
0,100,1000,4,28,74.618,-169.72,94,7.35375,94,7.35375,1,1,6
0,100,1000,4,29,-52.9109,-118.375,32,6.10081,32,6.10081,1,1,4
0,100,1000,4,30,19.9299,-81.9033,38,16.9745,38,16.9745,1,1,6
0,100,1000,4,31,-40.0659,-166.054,4,5.86933,4,5.86933,1,1,3
0,100,1000,4,32,-1.53992,-61.9098,47,10.2833,47,10.2833,1,1,5
0,100,1000,4,33,84.1411,-51.4614,63,0.600372,63,0.600372,1,1,4
0,100,1000,4,34,-39.0664,5.96826,39,23.2726,39,23.2726,1,1,5
0,100,1000,4,35,60.132,13.7646,14,11.2856,14,11.2856,1,1,4
0,100,1000,4,36,65.2746,36.2562,43,9.09,43,9.09,1,1,6
0,100,1000,4,37,16.5914,76.8181,9,11.5508,9,11.5508,1,1,5
0,100,1000,4,38,84.0915,21.5661,19,3.18114,19,3.18114,1,1,4
0,100,1000,4,39,75.2153,-30.8336,20,6.24645,20,6.24645,1,1,5
0,100,1000,4,40,-53.5194,-25.0077,65,11.9941,65,11.9941,1,1,4
0,100,1000,4,41,80.9067,-86.9071,63,5.41223,63,5.41223,1,1,4
0,100,1000,4,42,-78.5697,-48.954,0,5.7168,0,5.7168,1,1,1
0,100,1000,4,43,62.1009,172.097,16,12.4757,16,12.4757,1,1,4
0,100,1000,4,44,-19.337,-161.62,4,18.3689,4,18.3689,1,1,3
0,100,1000,4,45,-63.1391,-178.814,55,21.8404,55,21.8404,1,1,3
0,100,1000,4,46,-31.7617,-26.41,68,13.4629,68,13.4629,1,1,7
0,100,1000,4,47,-82.4342,113.397,74,6.24498,74,6.24498,1,1,5
0,100,1000,4,48,45.8401,-176.586,96,26.2446,96,26.2446,1,1,9
0,100,1000,4,49,-59.0323,-166.453,55,17.2257,55,17.2257,1,1,4
0,100,1000,4,50,4.691,-177.8,62,8.62376,62,8.62376,1,1,4
0,100,1000,4,51,13.656,-40.0687,22,16.4855,22,16.4855,1,1,3
0,100,1000,4,52,19.2278,-119.505,38,18.5415,38,18.5415,1,1,8
0,100,1000,4,53,-71.6253,26.6386,8,4.36693,8,4.36693,1,1,3
0,100,1000,4,54,41.0304,-172.82,96,26.6056,96,26.6056,1,1,9
0,100,1000,4,55,87.9025,155.022,23,4.0877,23,4.0877,1,1,6
0,100,1000,4,56,-8.91389,157.618,60,8.14555,60,8.14555,1,1,5
0,100,1000,4,57,-55.9425,5.03284,39,10.1572,39,10.1572,1,1,3
0,100,1000,4,58,-35.6678,-167.683,4,2.7165,4,2.7165,1,1,3
0,100,1000,4,59,-1.43524,69.9904,56,20.0216,56,20.0216,1,1,6
0,100,1000,4,60,-74.6516,50.8514,86,2.19182,86,2.19182,1,1,5
0,100,1000,4,61,35.5882,-32.8266,1,4.23045,1,4.23045,1,1,2
0,100,1000,4,62,-77.7793,86.3078,50,0.662531,50,0.662531,1,1,4
0,100,1000,4,63,-49.7149,116.122,15,9.34542,15,9.34542,1,1,5
0,100,1000,4,64,44.8608,-37.4944,33,11.3571,33,11.3571,1,1,3
0,100,1000,4,65,64.8345,-80.8964,48,9.03374,48,9.03374,1,1,5
0,100,1000,4,66,-17.6474,-23.019,73,12.3583,73,12.3583,1,1,5
0,100,1000,4,67,29.5174,-176.839,62,23.6143,62,23.6143,1,1,7
0,100,1000,4,68,18.7379,95.7842,9,10.6371,9,10.6371,1,1,4
0,100,1000,4,69,14.8997,-60.4633,47,14.5231,47,14.5231,1,1,5
0,100,1000,4,70,51.4821,25.6043,14,3.31199,14,3.31199,1,1,5
0,100,1000,4,71,-42.7206,-94.8636,21,3.83814,21,3.83814,1,1,3
0,100,1000,4,72,1.61134,-17.3261,73,8.93814,73,8.93814,1,1,6
0,100,1000,4,73,45.0846,111.887,95,2.24805,95,2.24805,1,1,6
0,100,1000,4,74,-2.50463,-92.7013,38,25.6684,38,25.6684,1,1,6
0,100,1000,4,75,0.938698,25.6875,41,6.95958,41,6.95958,1,1,5
0,100,1000,4,76,69.075,-106.946,51,3.46901,51,3.46901,1,1,5
0,100,1000,4,77,86.4304,162.592,35,5.52578,35,5.52578,1,1,8
0,100,1000,4,78,79.6808,-106.569,52,6.46754,52,6.46754,1,1,4
0,100,1000,4,79,49.3566,69.0831,57,15.784,57,15.784,1,1,7
0,100,1000,4,80,17.9683,48.3823,76,8.27994,76,8.27994,1,1,9
0,100,1000,4,81,84.0934,-179.358,94,2.30334,94,2.30334,1,1,5
0,100,1000,4,82,-77.3184,47.2216,69,1.99127,69,1.99127,1,1,4
0,100,1000,4,83,-88.0988,62.8391,74,8.45284,74,8.45284,1,1,3
0,100,1000,4,84,-18.4971,33.6019,56,19.5625,56,19.5625,1,1,7
0,100,1000,4,85,-88.8121,-114.03,0,5.86772,0,5.86772,1,1,1
0,100,1000,4,86,-60.3969,-83.0652,2,8.42452,2,8.42452,1,1,2
0,100,1000,4,87,-14.4468,62.4289,56,10.6908,56,10.6908,1,1,5
0,100,1000,4,88,39.8043,-118.724,96,18.2809,96,18.2809,1,1,7
0,100,1000,4,89,-2.84203,-105.401,66,17.4118,66,17.4118,1,1,8
0,100,1000,4,90,-15.7129,176.193,54,14.0034,54,14.0034,1,1,6
0,100,1000,4,91,50.1434,-73.2756,48,6.98089,48,6.98089,1,1,5
0,100,1000,4,92,-55.3765,93.1477,97,7.22934,97,7.22934,1,1,4
0,100,1000,4,93,-45.342,-131.391,17,3.90597,17,3.90597,1,1,4
0,100,1000,4,94,83.2894,-171.971,94,1.64464,94,1.64464,1,1,5
0,100,1000,4,95,58.8459,22.5153,14,6.98719,14,6.98719,1,1,4
0,100,1000,4,96,28.2057,105.879,95,15.576,95,15.576,1,1,5
0,100,1000,4,97,11.5785,81.7747,9,5.68436,9,5.68436,1,1,5
0,100,1000,4,98,-13.4499,26.9595,41,12.9815,41,12.9815,1,1,6
0,100,1000,4,99,-17.6931,116.106,84,19.1252,84,19.1252,1,1,4
0,100,1000,4,100,-59.7193,-33.0103,65,16.1892,65,16.1892,1,1,3
0,100,1000,4,101,-88.962,-60.2324,0,4.98698,0,4.98698,1,1,1
0,100,1000,4,102,31.9622,-26.8177,1,2.5222,1,2.5222,1,1,2
0,100,1000,4,103,-88.9017,-36.4669,0,5.16056,0,5.16056,1,1,1
0,100,1000,4,104,17.2289,-3.48749,67,8.87134,67,8.87134,1,1,5
0,100,1000,4,105,19.0663,-176.968,62,14.1434,62,14.1434,1,1,5
0,100,1000,4,106,-3.64707,-41.5806,22,1.91437,22,1.91437,1,1,3
0,100,1000,4,107,-35.1217,61.9529,59,11.279,59,11.279,1,1,4
0,100,1000,4,108,-64.2164,19.0725,39,4.94984,39,4.94984,1,1,4
0,100,1000,4,109,55.2808,-141.854,96,3.71222,96,3.71222,1,1,6
0,100,1000,4,110,13.5508,48.2533,76,11.7781,76,11.7781,1,1,9
0,100,1000,4,111,30.3306,-96.4871,38,8.74082,38,8.74082,1,1,6
0,100,1000,4,112,-12.9341,-96.1818,70,15.0298,70,15.0298,1,1,5
0,100,1000,4,113,82.6438,127.232,82,7.12079,82,7.12079,1,1,8
0,100,1000,4,114,55.3889,-50.0986,48,12.0066,48,12.0066,1,1,5
0,100,1000,4,115,31.669,171.339,79,26.9283,79,26.9283,1,1,5
0,100,1000,4,116,48.4455,65.4139,57,14.6553,57,14.6553,1,1,6
0,100,1000,4,117,-34.4466,-19.1845,65,15.4143,65,15.4143,1,1,4
0,100,1000,4,118,-70.7019,-66.6966,36,10.3361,36,10.3361,1,1,2
0,100,1000,4,119,62.1743,73.0541,85,5.82773,85,5.82773,1,1,10
0,100,1000,4,120,54.9079,-17.5189,33,4.99801,33,4.99801,1,1,3
0,100,1000,4,121,38.0431,-77.4783,91,7.2637,91,7.2637,1,1,5
0,100,1000,4,122,60.4503,-174.157,94,21.3781,94,21.3781,1,1,7
0,100,1000,4,123,82.2373,172.468,35,1.44733,35,1.44733,1,1,6
0,100,1000,4,124,12.4576,95.0362,9,7.3405,9,7.3405,1,1,4
0,100,1000,4,125,-74.6933,-127.983,77,10.6443,77,10.6443,1,1,3
0,100,1000,4,126,-18.3553,91.2746,5,7.14992,5,7.14992,1,1,3
0,100,1000,4,127,-22.2351,117.421,84,16.2709,84,16.2709,1,1,5
0,100,1000,4,128,87.5464,-59.1827,10,2.26101,10,2.26101,1,1,3
0,100,1000,4,129,32.3267,105.871,95,11.7225,95,11.7225,1,1,6
0,100,1000,4,130,35.3593,-52.0087,91,13.2991,91,13.2991,1,1,3
0,100,1000,4,131,48.6048,-12.3903,40,3.37644,40,3.37644,1,1,4
0,100,1000,4,132,-83.2974,-151.684,0,10.0504,0,10.0504,1,1,1
0,100,1000,4,133,74.2126,-127.999,51,5.17451,51,5.17451,1,1,5
0,100,1000,4,134,-19.1901,92.7738,5,5.71948,5,5.71948,1,1,3
0,100,1000,4,135,62.5277,-108.564,83,8.81391,83,8.81391,1,1,8
0,100,1000,4,136,-52.3726,21.1416,39,7.27673,39,7.27673,1,1,5
0,100,1000,4,137,-3.0213,-163.845,62,11.4526,62,11.4526,1,1,4
0,100,1000,4,138,13.4922,-21.5679,67,9.09342,67,9.09342,1,1,3
0,100,1000,4,139,-85.6885,-128.1,0,6.26385,0,6.26385,1,1,1
0,100,1000,4,140,-53.2659,-140.763,17,9.02099,17,9.02099,1,1,5
0,100,1000,4,141,-38.0418,36.7577,37,10.5054,37,10.5054,1,1,5
0,100,1000,4,142,65.2556,59.4461,85,6.40826,85,6.40826,1,1,9
0,100,1000,4,143,-12.9105,125.604,84,15.4097,84,15.4097,1,1,6
0,100,1000,4,144,-89.8683,-141.168,0,7.29105,0,7.29105,1,1,1
0,100,1000,4,145,25.7372,70.9821,57,9.31642,57,9.31642,1,1,5
0,100,1000,4,146,-6.58816,-31.3159,73,8.36288,73,8.36288,1,1,5
0,100,1000,4,147,-60.7041,0.228851,39,11.2936,39,11.2936,1,1,3
0,100,1000,4,148,-1.49973,-152.983,62,18.4939,62,18.4939,1,1,5
0,100,1000,4,149,26.1151,138.62,3,7.14025,3,7.14025,1,1,3
0,100,1000,4,150,59.8954,-2.71443,72,7.38807,72,7.38807,1,1,6
0,100,1000,4,151,-74.972,-164.954,55,18.3492,55,18.3492,1,1,2
0,100,1000,4,152,-80.7864,24.0134,69,5.1739,69,5.1739,1,1,3
0,100,1000,4,153,-74.3994,45.4116,86,3.25285,86,3.25285,1,1,5
0,100,1000,4,154,-88.7773,-140.176,0,6.92565,0,6.92565,1,1,1
0,100,1000,4,155,48.6556,-104.086,83,9.26316,83,9.26316,1,1,6
0,100,1000,4,156,-50.4696,-158.772,17,15.9288,17,15.9288,1,1,4
0,100,1000,4,157,56.3357,-150.428,96,8.33105,96,8.33105,1,1,6
0,100,1000,4,158,40.3368,-93.1495,30,6.05763,30,6.05763,1,1,5
0,100,1000,4,159,77.5879,80.9371,31,4.74163,31,4.74163,1,1,9
0,100,1000,4,160,-27.1586,26.6503,37,22.9156,37,22.9156,1,1,6
0,100,1000,4,161,-14.0404,112.507,5,19.0314,5,19.0314,1,1,3
0,100,1000,4,162,87.6672,30.511,23,0.937214,23,0.937214,1,1,5
0,100,1000,4,163,-33.6323,-7.66504,65,23.6793,65,23.6793,1,1,4
0,100,1000,4,164,28.764,164.966,79,24.8663,79,24.8663,1,1,5
0,100,1000,4,165,-24.5223,-2.68109,11,18.6392,11,18.6392,1,1,4
0,100,1000,4,166,-8.87444,-18.9887,73,5.36458,73,5.36458,1,1,5
0,100,1000,4,167,6.18233,0.678299,11,15.6057,11,15.6057,1,1,3
0,100,1000,4,168,-87.4876,43.5658,69,8.47997,69,8.47997,1,1,2
0,100,1000,4,169,-66.9551,-172.53,55,18.5199,55,18.5199,1,1,5
0,100,1000,4,170,41.695,143.401,49,10.208,49,10.208,1,1,5
0,100,1000,4,171,-48.3081,162.451,42,6.40711,42,6.40711,1,1,7
0,100,1000,4,172,82.3143,-163.945,94,1.92717,94,1.92717,1,1,6
0,100,1000,4,173,-83.9887,65.3022,74,4.51674,74,4.51674,1,1,6
0,100,1000,4,174,-38.5471,167.199,54,12.2521,54,12.2521,1,1,9
0,100,1000,4,175,-16.8803,48.5886,56,7.05813,56,7.05813,1,1,8
0,100,1000,4,176,6.9244,118.159,3,21.4992,3,21.4992,1,1,3
0,100,1000,4,177,-9.45243,9.18321,11,2.73735,11,2.73735,1,1,3
0,100,1000,4,178,-15.6652,93.8305,5,8.78374,5,8.78374,1,1,3
0,100,1000,4,179,-89.2409,-153.802,0,7.59828,0,7.59828,1,1,1
0,100,1000,4,180,39.398,-47.5265,91,16.4281,91,16.4281,1,1,3
0,100,1000,4,181,11.7582,-118.953,66,13.8174,66,13.8174,1,1,9
0,100,1000,4,182,56.7424,-144.119,96,5.64814,96,5.64814,1,1,6
0,100,1000,4,183,30.8627,118.51,45,5.90972,45,5.90972,1,1,4
0,100,1000,4,184,39.7235,107.815,95,4.63666,95,4.63666,1,1,6
0,100,1000,4,185,62.9899,-17.163,72,3.36183,72,3.36183,1,1,7
0,100,1000,4,186,35.6082,-150.636,78,11.8671,78,11.8671,1,1,11
0,100,1000,4,187,-17.3561,55.8449,56,7.52858,56,7.52858,1,1,6
0,100,1000,4,188,-67.2906,-22.6895,75,12.6692,75,12.6692,1,1,3
0,100,1000,4,189,-29.4264,-31.6754,68,11.4279,68,11.4279,1,1,6
0,100,1000,4,190,-17.7455,87.3864,5,10.043,5,10.043,1,1,3
0,100,1000,4,191,-81.5434,158.358,98,8.05113,98,8.05113,1,1,5
0,100,1000,4,192,12.7725,-1.99165,67,11.1041,67,11.1041,1,1,5
0,100,1000,4,193,-6.2295,174.214,87,10.055,87,10.055,1,1,6
0,100,1000,4,194,-44.0806,-10.9408,65,17.4786,65,17.4786,1,1,5
0,100,1000,4,195,-79.794,170.635,98,5.84069,98,5.84069,1,1,5
0,100,1000,4,196,60.7663,43.9285,53,9.47279,53,9.47279,1,1,6
0,100,1000,4,197,-64.1589,55.0175,46,5.18354,46,5.18354,1,1,4
0,100,1000,4,198,39.9048,113.408,95,3.06056,95,3.06056,1,1,7
0,100,1000,4,199,-3.23651,-20.7434,73,3.0532,73,3.0532,1,1,5
0,100,1000,4,200,20.6115,-60.4933,91,18.131,91,18.131,1,1,5
0,100,1000,4,201,71.0468,-67.5607,20,5.14743,20,5.14743,1,1,4
0,100,1000,4,202,-15.5648,-72.6187,81,18.4259,81,18.4259,1,1,6
0,100,1000,4,203,84.1421,14.2892,19,2.96615,19,2.96615,1,1,4
0,100,1000,4,204,42.3459,-70.5687,91,5.23876,91,5.23876,1,1,5
0,100,1000,4,205,81.3069,-130.799,52,3.85241,52,3.85241,1,1,5
0,100,1000,4,206,-81.5911,179.527,98,7.84672,98,7.84672,1,1,5
0,100,1000,4,207,-76.2207,42.3627,69,3.50044,69,3.50044,1,1,4
0,100,1000,4,208,-1.23235,15.0996,41,4.81842,41,4.81842,1,1,4
0,100,1000,4,209,18.2886,89.3741,9,6.87399,9,6.87399,1,1,4
0,100,1000,4,210,-87.9206,56.9891,74,8.41765,74,8.41765,1,1,3
0,100,1000,4,211,40.0045,125.691,45,8.39151,45,8.39151,1,1,4
0,100,1000,4,212,-39.5412,131.691,15,10.0301,15,10.0301,1,1,4
0,100,1000,4,213,0.354424,-179.273,62,11.8354,62,11.8354,1,1,4
0,100,1000,4,214,32.5494,174.236,79,27.9123,79,27.9123,1,1,5
0,100,1000,4,215,-10.0081,-73.6782,27,19.1727,27,19.1727,1,1,6
0,100,1000,4,216,-33.1287,-57.9227,81,11.833,81,11.833,1,1,6
0,100,1000,4,217,19.3805,82.6128,9,9.10176,9,9.10176,1,1,4
0,100,1000,4,218,24.7293,27.0453,58,13.2603,58,13.2603,1,1,5
0,100,1000,4,219,-41.549,-45.8495,68,5.28769,68,5.28769,1,1,5
0,100,1000,4,220,68.2383,-100.484,51,5.43927,51,5.43927,1,1,5
0,100,1000,4,221,1.67564,153.294,60,6.80559,60,6.80559,1,1,5
0,100,1000,4,222,-50.4786,30.9098,37,4.4458,37,4.4458,1,1,4
0,100,1000,4,223,7.82853,76.578,9,11.4907,9,11.4907,1,1,5
0,100,1000,4,224,-66.9953,-127.766,77,4.49368,77,4.49368,1,1,7
0,100,1000,4,225,-7.02393,-129.832,66,8.93122,66,8.93122,1,1,5
0,100,1000,4,226,54.6116,-114.039,83,10.4143,83,10.4143,1,1,7
0,100,1000,4,227,87.9298,-149.859,29,1.92436,29,1.92436,1,1,4
0,100,1000,4,228,-81.1738,-3.43155,8,7.36359,8,7.36359,1,1,2
0,100,1000,4,229,-74.566,82.7513,50,2.68358,50,2.68358,1,1,4
0,100,1000,4,230,-4.59785,10.8518,11,5.47126,11,5.47126,1,1,3
0,100,1000,4,231,-85.4635,104.547,74,6.70833,74,6.70833,1,1,5
0,100,1000,4,232,66.4645,47.8342,85,10.2638,85,10.2638,1,1,9
0,100,1000,4,233,3.57983,2.38773,11,12.5566,11,12.5566,1,1,3
0,100,1000,4,234,-52.5603,104.062,97,13.6422,97,13.6422,1,1,5
0,100,1000,4,235,68.2691,-148.644,51,13.1603,51,13.1603,1,1,5
0,100,1000,4,236,-88.2113,-40.1105,0,4.47324,0,4.47324,1,1,1
0,100,1000,4,237,-87.6748,-97.3799,0,4.5407,0,4.5407,1,1,1
0,100,1000,4,238,85.3997,20.3075,19,1.88784,19,1.88784,1,1,4
0,100,1000,4,239,79.599,-143.191,52,5.72571,52,5.72571,1,1,5
0,100,1000,4,240,36.2709,-34.8498,1,5.99671,1,5.99671,1,1,2
0,100,1000,4,241,-46.5115,1.76498,39,18.1935,39,18.1935,1,1,4
0,100,1000,4,242,15.5557,-97.1635,38,7.10061,38,7.10061,1,1,7
0,100,1000,4,243,15.9529,48.7639,76,10.0405,76,10.0405,1,1,9
0,100,1000,4,244,39.7025,62.7738,57,6.3268,57,6.3268,1,1,6
0,100,1000,4,245,-24.2424,-109.791,89,8.30538,89,8.30538,1,1,7
0,100,1000,4,246,-53.1872,-39.4117,65,10.0084,65,10.0084,1,1,3
0,100,1000,4,247,87.3781,-153.445,29,1.53446,29,1.53446,1,1,4
0,100,1000,4,248,-85.7888,1.9158,0,5.91619,0,5.91619,1,1,1
0,100,1000,4,249,14.4712,-96.698,38,8.27476,38,8.27476,1,1,7
0,100,1000,4,250,-37.0113,-14.5194,65,17.0605,65,17.0605,1,1,5
0,100,1000,4,251,-32.671,-70.4451,81,18.0475,81,18.0475,1,1,4
0,100,1000,4,252,62.685,-60.6915,48,7.8229,48,7.8229,1,1,5
0,100,1000,4,253,6.08748,116.169,3,23.3221,3,23.3221,1,1,3
0,100,1000,4,254,69.808,-8.62695,72,4.35696,72,4.35696,1,1,9
0,100,1000,4,255,76.4891,32.1578,24,3.69969,24,3.69969,1,1,5
0,100,1000,4,256,68.2616,-120.045,51,4.88239,51,4.88239,1,1,5
0,100,1000,4,257,-73.0386,-12.3653,75,7.32099,75,7.32099,1,1,3
0,100,1000,4,258,-18.6042,65.8286,56,15.3913,56,15.3913,1,1,4
0,100,1000,4,259,-71.8007,-137.803,77,10.1744,77,10.1744,1,1,4
0,100,1000,4,260,-25.6988,-12.0862,73,22.9645,73,22.9645,1,1,5
0,100,1000,4,261,-33.797,22.228,37,18.5041,37,18.5041,1,1,6
0,100,1000,4,262,64.2511,-72.8379,48,7.23858,48,7.23858,1,1,5
0,100,1000,4,263,24.3913,136.925,3,5.48236,3,5.48236,1,1,3
0,100,1000,4,264,54.5389,-102.275,83,4.08417,83,4.08417,1,1,6
0,100,1000,4,265,-69.8867,-144.945,55,10.0974,55,10.0974,1,1,3
0,100,1000,4,266,31.6028,-25.1153,1,3.58204,1,3.58204,1,1,2
0,100,1000,4,267,-17.6949,8.57567,11,9.65784,11,9.65784,1,1,4
0,100,1000,4,268,47.0966,156.785,49,9.12854,49,9.12854,1,1,5
0,100,1000,4,269,-27.6275,53.8093,56,16.9677,56,16.9677,1,1,4
0,100,1000,4,270,-15.9209,-82.2768,70,20.5947,70,20.5947,1,1,4
0,100,1000,4,271,-47.0164,-75.3185,2,11.0903,2,11.0903,1,1,2
0,100,1000,4,272,-11.1608,-60.1101,27,5.82253,27,5.82253,1,1,6
0,100,1000,4,273,46.1581,120.47,95,6.65817,95,6.65817,1,1,7
0,100,1000,4,274,-87.1408,128.715,74,9.44179,74,9.44179,1,1,4
0,100,1000,4,275,81.3333,-45.6791,63,2.35984,63,2.35984,1,1,6
0,100,1000,4,276,-31.6857,-84.9275,21,12.1399,21,12.1399,1,1,3
0,100,1000,4,277,78.2744,-114.869,51,6.13705,51,6.13705,1,1,5
0,100,1000,4,278,11.1173,25.3315,12,5.75192,12,5.75192,1,1,4
0,100,1000,4,279,-78.9723,-48.6876,0,5.33667,0,5.33667,1,1,1
0,100,1000,4,280,51.5282,-117.718,96,12.3753,96,12.3753,1,1,7
0,100,1000,4,281,-6.81611,-13.7379,73,9.34588,73,9.34588,1,1,4
0,100,1000,4,282,18.5834,130.978,3,5.99756,3,5.99756,1,1,3
0,100,1000,4,283,87.4189,-48.64,19,2.67578,19,2.67578,1,1,4
0,100,1000,4,284,53.8816,-60.4172,48,7.0262,48,7.0262,1,1,5
0,100,1000,4,285,-87.4154,-104.079,0,4.71013,0,4.71013,1,1,1
0,100,1000,4,286,18.653,-88.8636,38,10.9505,38,10.9505,1,1,6
0,100,1000,4,287,0.301392,-165.016,62,8.00061,62,8.00061,1,1,4
0,100,1000,4,288,15.5132,-87.081,38,13.8595,38,13.8595,1,1,7
0,100,1000,4,289,67.7271,36.7448,43,7.11905,43,7.11905,1,1,7
0,100,1000,4,290,-69.1831,118.121,92,2.67367,92,2.67367,1,1,4
0,100,1000,4,291,85.5329,-21.7375,99,1.28736,99,1.28736,1,1,5
0,100,1000,4,292,-73.4033,147.615,44,2.92938,44,2.92938,1,1,4
0,100,1000,4,293,21.6967,55.428,76,12.5154,76,12.5154,1,1,8
0,100,1000,4,294,-3.52699,65.4488,56,15.0282,56,15.0282,1,1,6
0,100,1000,4,295,-86.6298,-83.9975,0,3.24459,0,3.24459,1,1,1
0,100,1000,4,296,63.8655,-6.8918,72,3.07647,72,3.07647,1,1,8
0,100,1000,4,297,41.1323,-15.1023,40,10.4272,40,10.4272,1,1,4
0,100,1000,4,298,-27.9569,77.1023,64,12.2179,64,12.2179,1,1,4
0,100,1000,4,299,58.1288,-128.151,96,7.87733,96,7.87733,1,1,7
0,100,1000,4,300,-81.6575,121.427,74,7.43312,74,7.43312,1,1,5
0,100,1000,4,301,-26.1147,53.991,56,15.4811,56,15.4811,1,1,4
0,100,1000,4,302,-73.7183,128.373,44,2.82218,44,2.82218,1,1,4
0,100,1000,4,303,34.4877,63.5897,57,1.79387,57,1.79387,1,1,6
0,100,1000,4,304,-69.3538,24.4297,75,4.93885,75,4.93885,1,1,4
0,100,1000,4,305,-39.8327,-97.0738,21,0.756516,21,0.756516,1,1,3
0,100,1000,4,306,-18.7247,-88.5997,70,14.0907,70,14.0907,1,1,4
0,100,1000,4,307,30.5943,-4.25607,90,3.45825,90,3.45825,1,1,5
0,100,1000,4,308,-60.4926,-75.4179,2,11.0371,2,11.0371,1,1,2
0,100,1000,4,309,-64.414,51.9609,46,3.85082,46,3.85082,1,1,5
0,100,1000,4,310,85.0154,-122.088,52,0.919223,52,0.919223,1,1,5
0,100,1000,4,311,73.9817,117.762,80,11.0641,80,11.0641,1,1,6
0,100,1000,4,312,25.5103,50.2279,76,7.64381,76,7.64381,1,1,8
0,100,1000,4,313,-38.6703,175.107,54,14.3773,54,14.3773,1,1,9
0,100,1000,4,314,-26.3349,-141.083,6,10.7907,6,10.7907,1,1,4
0,100,1000,4,315,-66.522,-35.9848,75,17.6281,75,17.6281,1,1,2
0,100,1000,4,316,80.172,-5.27345,99,4.50467,99,4.50467,1,1,6
0,100,1000,4,317,-80.9969,-167.093,0,14.1622,0,14.1622,1,1,1
0,100,1000,4,318,-28.45,86.9817,64,3.88846,64,3.88846,1,1,4
0,100,1000,4,319,38.2486,-15.6077,1,10.6651,1,10.6651,1,1,2
0,100,1000,4,320,-34.2943,176.832,54,12.0383,54,12.0383,1,1,8
0,100,1000,4,321,33.6592,73.9619,57,6.96683,57,6.96683,1,1,7
0,100,1000,4,322,-45.884,-51.4928,68,11.2468,68,11.2468,1,1,4
0,100,1000,4,323,-55.1471,-32.7533,65,11.6678,65,11.6678,1,1,3
0,100,1000,4,324,26.5446,-59.1223,91,13.3716,91,13.3716,1,1,4
0,100,1000,4,325,-80.3962,43.1201,69,2.05584,69,2.05584,1,1,3
0,100,1000,4,326,-0.605003,167.171,87,1.65733,87,1.65733,1,1,7
0,100,1000,4,327,-9.55903,-130.19,66,10.9095,66,10.9095,1,1,5
0,100,1000,4,328,18.6994,83.5414,9,8.06519,9,8.06519,1,1,4
0,100,1000,4,329,-67.5414,164.729,88,1.32793,88,1.32793,1,1,5
0,100,1000,4,330,61.2292,-88.1269,83,6.23208,83,6.23208,1,1,7
0,100,1000,4,331,-25.6278,102.803,5,6.71885,5,6.71885,1,1,3
0,100,1000,4,332,43.2998,-33.2494,1,9.90372,1,9.90372,1,1,2
0,100,1000,4,333,57.855,-150.3,96,8.96839,96,8.96839,1,1,6
0,100,1000,4,334,-63.1339,12.2071,39,6.19419,39,6.19419,1,1,3
0,100,1000,4,335,7.04595,-14.8565,67,9.84132,67,9.84132,1,1,4
0,100,1000,4,336,4.51937,-98.5896,38,17.6837,38,17.6837,1,1,8
0,100,1000,4,337,-60.4473,97.2707,97,6.2885,97,6.2885,1,1,4
0,100,1000,4,338,14.9588,-51.1888,47,12.3551,47,12.3551,1,1,4
0,100,1000,4,339,-57.7413,-96.9932,2,6.30563,2,6.30563,1,1,2
0,100,1000,4,340,34.8444,-96.2749,30,12.0835,30,12.0835,1,1,5
0,100,1000,4,341,63.0635,-111.521,51,9.1341,51,9.1341,1,1,7
0,100,1000,4,342,-54.552,-72.9911,2,10.1788,2,10.1788,1,1,2
0,100,1000,4,343,-30.8553,108.295,15,12.8305,15,12.8305,1,1,4
0,100,1000,4,344,-84.7248,-16.7935,0,4.4368,0,4.4368,1,1,1
0,100,1000,4,345,46.512,133.009,49,9.37873,49,9.37873,1,1,5
0,100,1000,4,346,37.5398,-138.232,78,11.6964,78,11.6964,1,1,9
0,100,1000,4,347,27.9057,-18.3207,1,10.4117,1,10.4117,1,1,2
0,100,1000,4,348,4.25945,-8.47864,67,13.0975,67,13.0975,1,1,4
0,100,1000,4,349,5.68944,62.2511,56,19.2702,56,19.2702,1,1,6
0,100,1000,4,350,-88.1358,-154.529,0,7.6494,0,7.6494,1,1,1
0,100,1000,4,351,-66.3027,12.7672,75,5.30824,75,5.30824,1,1,4
0,100,1000,4,352,-36.5594,-73.5,21,18.4893,21,18.4893,1,1,3
0,100,1000,4,353,-34.9811,136.799,84,9.51244,84,9.51244,1,1,6
0,100,1000,4,354,27.6556,-5.4447,90,6.10131,90,6.10131,1,1,4
0,100,1000,4,355,-70.0972,-54.9999,0,13.948,0,13.948,1,1,1
0,100,1000,4,356,39.1402,165.933,49,19.5238,49,19.5238,1,1,4
0,100,1000,4,357,6.73945,149.176,60,11.4361,60,11.4361,1,1,4
0,100,1000,4,358,-43.5293,131.768,18,9.45145,18,9.45145,1,1,6
0,100,1000,4,359,38.7357,-76.5082,91,6.57501,91,6.57501,1,1,5
0,100,1000,4,360,-32.5126,-9.50467,65,23.0391,65,23.0391,1,1,4
0,100,1000,4,361,-61.7497,-169.946,55,18.038,55,18.038,1,1,3
0,100,1000,4,362,16.1318,112.312,3,19.3705,3,19.3705,1,1,3
0,100,1000,4,363,-4.13321,-139.217,66,16.6283,66,16.6283,1,1,5
0,100,1000,4,364,-38.0833,-176.888,4,5.257,4,5.257,1,1,3
0,100,1000,4,365,51.5168,-72.4382,48,5.55406,48,5.55406,1,1,6
0,100,1000,4,366,-75.7084,150.428,44,4.47973,44,4.47973,1,1,4
0,100,1000,4,367,60.1645,-44.5356,48,14.3822,48,14.3822,1,1,5
0,100,1000,4,368,-51.5358,-129.633,17,8.41519,17,8.41519,1,1,4
0,100,1000,4,369,-43.8684,132.24,18,8.98028,18,8.98028,1,1,6
0,100,1000,4,370,22.4611,-47.9313,47,20.2888,47,20.2888,1,1,3
0,100,1000,4,371,-51.3802,-56.7975,65,16.5702,65,16.5702,1,1,3
0,100,1000,4,372,-30.9994,90.7185,64,0.541353,64,0.541353,1,1,4
0,100,1000,4,373,-43.8105,30.9428,37,6.35945,37,6.35945,1,1,5
0,100,1000,4,374,21.2434,169.85,79,16.5965,79,16.5965,1,1,5
0,100,1000,4,375,67.2173,157.461,16,7.96519,16,7.96519,1,1,4
0,100,1000,4,376,-9.82721,-169.065,62,16.8041,62,16.8041,1,1,4
0,100,1000,4,377,83.7579,-167.391,94,2.32438,94,2.32438,1,1,5
0,100,1000,4,378,61.6236,-20.7507,72,5.45334,72,5.45334,1,1,6
0,100,1000,4,379,-63.3041,-132.919,55,2.04766,55,2.04766,1,1,6
0,100,1000,4,380,-8.8191,156.425,60,7.11204,60,7.11204,1,1,5
0,100,1000,4,381,-12.6788,10.945,11,6.10598,11,6.10598,1,1,3
0,100,1000,4,382,63.4269,-85.0286,83,8.8344,83,8.8344,1,1,6
0,100,1000,4,383,73.2047,-156.218,94,9.7426,94,9.7426,1,1,6
0,100,1000,4,384,-17.3308,-121.327,89,4.83678,89,4.83678,1,1,5
0,100,1000,4,385,78.0108,-169.74,94,4.0221,94,4.0221,1,1,6
0,100,1000,4,386,5.37068,-126.739,66,7.95195,66,7.95195,1,1,7
0,100,1000,4,387,-23.2685,128.743,84,6.02244,84,6.02244,1,1,5
0,100,1000,4,388,71.9899,45.8419,43,7.30873,43,7.30873,1,1,9
0,100,1000,4,389,-10.1573,6.46657,11,1.96398,11,1.96398,1,1,3
0,100,1000,4,390,17.8461,-65.88,91,19.6707,91,19.6707,1,1,6
0,100,1000,4,391,-8.036,-163.962,62,15.9773,62,15.9773,1,1,4
0,100,1000,4,392,-27.4724,-28.5562,68,14.7265,68,14.7265,1,1,6
0,100,1000,4,393,-75.6765,-111.698,36,8.55542,36,8.55542,1,1,2
0,100,1000,4,394,65.3466,-97.9612,51,8.42507,51,8.42507,1,1,6
0,100,1000,4,395,-32.3085,-66.9451,81,15.447,81,15.447,1,1,6
0,100,1000,4,396,-60.7679,90.0255,97,2.71594,97,2.71594,1,1,4
0,100,1000,4,397,62,-174.682,94,19.8206,94,19.8206,1,1,7
0,100,1000,4,398,-87.5016,90.4094,74,7.86993,74,7.86993,1,1,4
0,100,1000,4,399,-75.4499,-29.6648,0,10.2189,0,10.2189,1,1,1
0,100,1000,4,400,74.541,-174.878,94,7.27998,94,7.27998,1,1,6
0,100,1000,4,401,-9.70216,-20.1766,73,5.23121,73,5.23121,1,1,5
0,100,1000,4,402,-60.8084,114.059,92,9.78149,92,9.78149,1,1,4
0,100,1000,4,403,-35.717,-157.637,4,10.8728,4,10.8728,1,1,3
0,100,1000,4,404,-10.0497,88.2515,93,8.76507,93,8.76507,1,1,5
0,100,1000,4,405,14.4148,-164.407,62,8.93584,62,8.93584,1,1,5
0,100,1000,4,406,-78.8143,-167.242,0,16.683,0,16.683,1,1,1
0,100,1000,4,407,-74.1847,-32.5733,0,11.1934,0,11.1934,1,1,1
0,100,1000,4,408,-7.89933,-119.722,66,7.06376,66,7.06376,1,1,5
0,100,1000,4,409,17.8645,-65.1056,47,19.5922,47,19.5922,1,1,5
0,100,1000,4,410,-18.8418,151.112,60,14.2487,60,14.2487,1,1,6
0,100,1000,4,411,23.9747,20.7806,12,10.717,12,10.717,1,1,4
0,100,1000,4,412,30.5688,-8.05074,90,6.54183,90,6.54183,1,1,4
0,100,1000,4,413,13.0493,66.1344,57,20.7476,57,20.7476,1,1,6
0,100,1000,4,414,-48.8207,55.1989,59,4.03111,59,4.03111,1,1,5
0,100,1000,4,415,-71.7652,-128.559,77,8.10316,77,8.10316,1,1,4
0,100,1000,4,416,30.1604,17.0652,90,15.2441,90,15.2441,1,1,4
0,100,1000,4,417,15.632,118.704,3,14.5372,3,14.5372,1,1,3
0,100,1000,4,418,-24.438,139.83,84,4.68048,84,4.68048,1,1,6
0,100,1000,4,419,70.5335,111.025,80,7.00466,80,7.00466,1,1,8
0,100,1000,4,420,24.0408,-10.1035,67,7.77757,67,7.77757,1,1,3
0,100,1000,4,421,63.3087,70.4531,85,4.90819,85,4.90819,1,1,12
0,100,1000,4,422,1.32704,158.248,87,7.70509,87,7.70509,1,1,6
0,100,1000,4,423,-71.0601,166.855,88,2.61411,88,2.61411,1,1,6
0,100,1000,4,424,-70.7372,73.6088,86,5.98731,86,5.98731,1,1,3
0,100,1000,4,425,-39.1251,0.84198,39,24.9691,39,24.9691,1,1,5
0,100,1000,4,426,22.3605,149.699,3,17.3825,3,17.3825,1,1,3
0,100,1000,4,427,-79.1887,-74.1416,0,5.14732,0,5.14732,1,1,1
0,100,1000,4,428,-19.1758,47.7213,56,9.4695,56,9.4695,1,1,6
0,100,1000,4,429,85.9964,44.0071,19,2.52309,19,2.52309,1,1,4
0,100,1000,4,430,-38.5399,-151.538,17,12.5787,17,12.5787,1,1,4
0,100,1000,4,431,47.7239,163.241,49,12.6034,49,12.6034,1,1,5
0,100,1000,4,432,22.7638,-53.2881,91,19.5851,91,19.5851,1,1,4
0,100,1000,4,433,50.9724,176.652,49,19.8857,49,19.8857,1,1,5
0,100,1000,4,434,-46.729,63.0117,59,2.22423,59,2.22423,1,1,5
0,100,1000,4,435,53.8381,134.624,49,6.45595,49,6.45595,1,1,7
0,100,1000,4,436,-63.5459,54.2935,46,5.15119,46,5.15119,1,1,4
0,100,1000,4,437,12.5384,55.5622,76,17.0533,76,17.0533,1,1,11
0,100,1000,4,438,16.2708,62.9566,57,17.6814,57,17.6814,1,1,6
0,100,1000,4,439,21.2088,71.0671,57,13.4884,57,13.4884,1,1,6
0,100,1000,4,440,-21.7173,144.168,84,9.39902,84,9.39902,1,1,6
0,100,1000,4,441,-54.0455,-178.714,4,19.1351,4,19.1351,1,1,2
0,100,1000,4,442,56.9333,-86.4683,83,5.21316,83,5.21316,1,1,7
0,100,1000,4,443,-36.4277,-104.485,21,6.7332,21,6.7332,1,1,3
0,100,1000,4,444,70.6265,-80.8625,20,8.77933,20,8.77933,1,1,4
0,100,1000,4,445,59.7611,-115.827,83,11.0087,83,11.0087,1,1,7
0,100,1000,4,446,-26.2001,34.9701,37,22.4072,37,22.4072,1,1,5
0,100,1000,4,447,-66.293,173.128,88,3.10848,88,3.10848,1,1,6
0,100,1000,4,448,80.841,149.359,82,3.61324,82,3.61324,1,1,7
0,100,1000,4,449,84.8896,-111.776,52,1.83443,52,1.83443,1,1,4
0,100,1000,4,450,16.1852,97.4553,9,10.612,9,10.612,1,1,4
0,100,1000,4,451,-78.5761,85.2785,50,1.46993,50,1.46993,1,1,4
0,100,1000,4,452,-14.1256,47.9245,56,5.34847,56,5.34847,1,1,8
0,100,1000,4,453,-19.5796,-175.71,4,16.6474,4,16.6474,1,1,3
0,100,1000,4,454,-34.5595,-176.742,4,4.81094,4,4.81094,1,1,3
0,100,1000,4,455,37.6787,67.4464,57,4.17064,57,4.17064,1,1,6
0,100,1000,4,456,73.713,147.267,16,5.60988,16,5.60988,1,1,5
0,100,1000,4,457,34.3663,81.2926,57,13.0213,57,13.0213,1,1,6
0,100,1000,4,458,-59.6009,175.877,88,9.61217,88,9.61217,1,1,6
0,100,1000,4,459,78.4039,-157.949,94,4.76662,94,4.76662,1,1,6
0,100,1000,4,460,-42.4926,96.33,64,12.8245,64,12.8245,1,1,5
0,100,1000,4,461,-46.8878,42.6147,37,4.07874,37,4.07874,1,1,5
0,100,1000,4,462,-24.3499,-46.3616,81,7.75349,81,7.75349,1,1,6
0,100,1000,4,463,17.8711,-67.0179,91,19.5599,91,19.5599,1,1,7
0,100,1000,4,464,-38.5014,25.5214,37,13.0787,37,13.0787,1,1,6
0,100,1000,4,465,0.603065,135.368,60,16.1451,60,16.1451,1,1,4
0,100,1000,4,466,-28.5117,24.0539,37,22.4742,37,22.4742,1,1,6
0,100,1000,4,467,20.323,94.7255,9,11.0753,9,11.0753,1,1,4
0,100,1000,4,468,-54.0108,-178.513,4,19.0623,4,19.0623,1,1,2
0,100,1000,4,469,49.5079,2.85945,40,6.94452,40,6.94452,1,1,5
0,100,1000,4,470,-87.6274,-5.62671,0,5.46802,0,5.46802,1,1,1
0,100,1000,4,471,-54.8471,152.171,18,8.22424,18,8.22424,1,1,5
0,100,1000,4,472,-19.1801,139.039,84,7.52418,84,7.52418,1,1,7
0,100,1000,4,473,26.7319,22.4381,12,13.6531,12,13.6531,1,1,4
0,100,1000,4,474,67.458,30.2715,43,6.02513,43,6.02513,1,1,7
0,100,1000,4,475,22.2447,-130.069,78,11.6512,78,11.6512,1,1,9
0,100,1000,4,476,-26.6992,130.714,84,3.85066,84,3.85066,1,1,5
0,100,1000,4,477,46.2728,77.9016,26,11.8694,26,11.8694,1,1,6
0,100,1000,4,478,-47.8239,-51.7122,65,12.3114,65,12.3114,1,1,3
0,100,1000,4,479,-84.5581,7.34927,0,6.87388,0,6.87388,1,1,1
0,100,1000,4,480,76.9046,12.0899,24,2.90906,24,2.90906,1,1,5
0,100,1000,4,481,-18.6416,-83.2141,70,18.3071,70,18.3071,1,1,4
0,100,1000,4,482,-71.9281,-176.637,55,20.6247,55,20.6247,1,1,2
0,100,1000,4,483,-84.2443,-71.8779,0,1.12701,0,1.12701,1,1,1
0,100,1000,4,484,-87.5752,110.527,74,8.63623,74,8.63623,1,1,5
0,100,1000,4,485,55.4908,-170.405,96,19.4375,96,19.4375,1,1,8
0,100,1000,4,486,-37.5498,-178.713,4,6.43853,4,6.43853,1,1,3
0,100,1000,4,487,80.883,66.5403,31,1.38477,31,1.38477,1,1,8
0,100,1000,4,488,70.163,35.2297,43,4.98527,43,4.98527,1,1,7
0,100,1000,4,489,-45.5108,95.242,64,15.4494,64,15.4494,1,1,4
0,100,1000,4,490,-57.2494,133.468,18,7.12252,18,7.12252,1,1,5
0,100,1000,4,491,72.5864,12.1028,43,2.90502,43,2.90502,1,1,7
0,100,1000,4,492,42.0907,57.7185,13,8.51944,13,8.51944,1,1,5
0,100,1000,4,493,-44.9978,168.534,42,10.6777,42,10.6777,1,1,8
0,100,1000,4,494,-86.9968,-79.1119,0,3.33368,0,3.33368,1,1,1
0,100,1000,4,495,-2.05855,159.816,87,5.84486,87,5.84486,1,1,6
0,100,1000,4,496,56.489,138.6,49,5.88303,49,5.88303,1,1,5
0,100,1000,4,497,-51.6993,149.122,18,5.76081,18,5.76081,1,1,6
0,100,1000,4,498,70.9813,-91.8873,51,6.31372,51,6.31372,1,1,5
0,100,1000,4,499,-51.3781,146.812,18,4.31888,18,4.31888,1,1,6
0,100,1000,4,500,-80.6801,-171.775,0,15.1241,0,15.1241,1,1,1
0,100,1000,4,501,78.2035,-56.4597,20,3.78932,20,3.78932,1,1,4
0,100,1000,4,502,-85.2435,138.173,74,9.68469,74,9.68469,1,1,6
0,100,1000,4,503,-84.9597,149.839,74,10.9926,74,10.9926,1,1,5
0,100,1000,4,504,-3.2986,-80.941,27,27.5482,27,27.5482,1,1,5
0,100,1000,4,505,32.5405,58.904,57,5.73216,57,5.73216,1,1,6
0,100,1000,4,506,-63.7366,30.2539,39,5.44946,39,5.44946,1,1,4
0,100,1000,4,507,-54.4966,136.708,18,3.81841,18,3.81841,1,1,5
0,100,1000,4,508,-46.0138,-18.9888,65,11.7296,65,11.7296,1,1,4
0,100,1000,4,509,62.6209,-86.0214,83,7.93224,83,7.93224,1,1,6
0,100,1000,4,510,40.9496,-58.8753,91,8.14693,91,8.14693,1,1,5
0,100,1000,4,511,-53.1029,14.8772,39,7.83465,39,7.83465,1,1,5
0,100,1000,4,512,-50.1378,-29.6045,65,7.57446,65,7.57446,1,1,4
0,100,1000,4,513,-8.00051,-138.313,66,16.7841,66,16.7841,1,1,5
0,100,1000,4,514,29.2541,61.2428,57,5.85611,57,5.85611,1,1,6
0,100,1000,4,515,-85.7504,77.1481,74,5.97414,74,5.97414,1,1,5
0,100,1000,4,516,34.7341,164.906,49,22.5257,49,22.5257,1,1,4
0,100,1000,4,517,-79.6558,78.9812,74,0.399513,74,0.399513,1,1,5
0,100,1000,4,518,61.5396,-149.231,96,11.0208,96,11.0208,1,1,6
0,100,1000,4,519,24.4101,-63.5179,91,13.6274,91,13.6274,1,1,5
0,100,1000,4,520,-25.086,-66.0988,81,11.335,81,11.335,1,1,5
0,100,1000,4,521,87.6931,2.35468,19,0.674273,19,0.674273,1,1,4
0,100,1000,4,522,72.0776,-113.607,51,0.656138,51,0.656138,1,1,5
0,100,1000,4,523,-20.4686,-127.873,89,10.8987,89,10.8987,1,1,5
0,100,1000,4,524,23.702,-95.6953,38,4.19906,38,4.19906,1,1,6
0,100,1000,4,525,-16.9469,-50.6967,81,5.87607,81,5.87607,1,1,7
0,100,1000,4,526,12.7147,39.9003,58,6.63898,58,6.63898,1,1,6
0,100,1000,4,527,72.0903,105.154,80,7.78576,80,7.78576,1,1,8
0,100,1000,4,528,-84.8521,-51.8204,0,1.2667,0,1.2667,1,1,1
0,100,1000,4,529,73.4205,68.804,85,5.70411,85,5.70411,1,1,11
0,100,1000,4,530,-85.2888,155.34,74,11.5951,74,11.5951,1,1,5
0,100,1000,4,531,-17.0239,78.8907,5,17.1919,5,17.1919,1,1,3
0,100,1000,4,532,70.1231,-13.3595,72,4.4061,72,4.4061,1,1,8
0,100,1000,4,533,-11.064,83.3256,93,13.0866,93,13.0866,1,1,5
0,100,1000,4,534,8.70477,-153.308,62,16.0757,62,16.0757,1,1,5
0,100,1000,4,535,-80.0962,147.238,44,7.58371,44,7.58371,1,1,4
0,100,1000,4,536,-19.7033,-164.806,4,16.9203,4,16.9203,1,1,3
0,100,1000,4,537,-15.2039,-75.2515,81,20.9229,81,20.9229,1,1,6
0,100,1000,4,538,-49.2067,108.655,15,11.1936,15,11.1936,1,1,4
0,100,1000,4,539,-11.562,128.991,84,15.1103,84,15.1103,1,1,6
0,100,1000,4,540,-83.5201,122.982,74,7.67585,74,7.67585,1,1,5
0,100,1000,4,541,-50.853,38.3893,37,2.45983,37,2.45983,1,1,4
0,100,1000,4,542,-8.55882,-137.525,66,16.2903,66,16.2903,1,1,5
0,100,1000,4,543,-18.2284,-6.82184,11,16.555,11,16.555,1,1,3
0,100,1000,4,544,-4.6729,-69.6159,27,16.4146,27,16.4146,1,1,6
0,100,1000,4,545,-59.0089,0.0765991,39,11.6191,39,11.6191,1,1,3
0,100,1000,4,546,-47.1379,27.9343,37,6.29442,37,6.29442,1,1,4
0,100,1000,4,547,-50.5163,-134.03,17,6.18504,17,6.18504,1,1,4
0,100,1000,4,548,-82.7126,56.8392,69,3.73134,69,3.73134,1,1,4
0,100,1000,4,549,64.648,31.9844,43,8.90617,43,8.90617,1,1,6
0,100,1000,4,550,41.7657,149.104,49,10.5137,49,10.5137,1,1,5
0,100,1000,4,551,-0.389046,-135.875,66,13.1475,66,13.1475,1,1,5
0,100,1000,4,552,82.1487,148.814,82,4.0726,82,4.0726,1,1,7
0,100,1000,4,553,-15.5634,-114.116,89,3.86509,89,3.86509,1,1,6
0,100,1000,4,554,38.7346,125.749,45,7.1243,45,7.1243,1,1,4
0,100,1000,4,555,-82.5627,90.429,74,3.47994,74,3.47994,1,1,5
0,100,1000,4,556,34.3656,-86.8313,30,11.2755,30,11.2755,1,1,4
0,100,1000,4,557,-25.5909,-128.386,6,7.58471,6,7.58471,1,1,4
0,100,1000,4,558,-22.1783,92.3615,5,3.60854,5,3.60854,1,1,3
0,100,1000,4,559,22.3959,126.298,3,4.75623,3,4.75623,1,1,3
0,100,1000,4,560,-78.6272,106.774,34,4.55133,34,4.55133,1,1,3
0,100,1000,4,561,-26.8129,-71.5302,81,16.5078,81,16.5078,1,1,5
0,100,1000,4,562,-22.6458,25.3415,41,20.754,41,20.754,1,1,6
0,100,1000,4,563,-12.7799,-30.7168,73,10.679,73,10.679,1,1,5
0,100,1000,4,564,-48.9097,-76.2637,2,9.5014,2,9.5014,1,1,2
0,100,1000,4,565,-89.3662,165.712,74,12.7532,74,12.7532,1,1,2
0,100,1000,4,566,-53.5801,0.489471,39,13.6803,39,13.6803,1,1,3
0,100,1000,4,567,-75.0816,-122.863,36,10.5995,36,10.5995,1,1,2
0,100,1000,4,568,-15.3482,-1.29004,11,10.6014,11,10.6014,1,1,3
0,100,1000,4,569,-28.4894,-133.227,6,4.65675,6,4.65675,1,1,4
0,100,1000,4,570,-27.7704,-42.1042,68,10.0004,68,10.0004,1,1,6
0,100,1000,4,571,68.6009,-166.81,94,13.4757,94,13.4757,1,1,6
0,100,1000,4,572,25.5323,-93.98,38,6.40802,38,6.40802,1,1,6
0,100,1000,4,573,-57.5979,-173.292,55,21.2487,55,21.2487,1,1,3
0,100,1000,4,574,89.1908,109.596,23,1.78044,23,1.78044,1,1,6
0,100,1000,4,575,66.5027,-158.873,94,16.1142,94,16.1142,1,1,6
0,100,1000,4,576,18.185,-100.62,38,4.02171,38,4.02171,1,1,8
0,100,1000,4,577,-25.2015,171.078,54,4.36456,54,4.36456,1,1,6
0,100,1000,4,578,52.3605,104.037,71,2.47795,71,2.47795,1,1,5
0,100,1000,4,579,-19.8193,-173.098,4,15.9881,4,15.9881,1,1,3
0,100,1000,4,580,-76.1132,-38.371,0,8.79825,0,8.79825,1,1,1
0,100,1000,4,581,86.3069,-79.3866,10,1.38988,10,1.38988,1,1,3
0,100,1000,4,582,71.0592,-157.55,94,11.7089,94,11.7089,1,1,6
0,100,1000,4,583,-11.1247,-68.578,27,14.1249,27,14.1249,1,1,6
0,100,1000,4,584,10.5802,100.772,9,12.9903,9,12.9903,1,1,4
0,100,1000,4,585,-10.9026,145.62,60,8.04194,60,8.04194,1,1,5
0,100,1000,4,586,-60.6662,-64.6035,36,15.5687,36,15.5687,1,1,3
0,100,1000,4,587,79.405,109.732,31,8.90362,31,8.90362,1,1,7
0,100,1000,4,588,10.7083,-136.386,78,16.4925,78,16.4925,1,1,9
0,100,1000,4,589,58.22,19.7981,14,7.61701,14,7.61701,1,1,4
0,100,1000,4,590,76.605,69.4454,31,3.92032,31,3.92032,1,1,9
0,100,1000,4,591,20.4627,9.57988,12,12.1916,12,12.1916,1,1,4
0,100,1000,4,592,74.4125,170.522,16,0.80042,16,0.80042,1,1,5
0,100,1000,4,593,0.329041,73.5459,9,17.9616,9,17.9616,1,1,5
0,100,1000,4,594,47.2798,141.019,49,5.19291,49,5.19291,1,1,5
0,100,1000,4,595,40.2238,122.333,95,7.91888,95,7.91888,1,1,5
0,100,1000,4,596,-38.6758,73.0613,59,12.367,59,12.367,1,1,3
0,100,1000,4,597,-68.5266,-115.233,77,4.17202,77,4.17202,1,1,5
0,100,1000,4,598,47.7559,20.6974,14,8.17213,14,8.17213,1,1,5
0,100,1000,4,599,-1.90556,-63.3278,47,11.7295,47,11.7295,1,1,6
0,100,1000,4,600,-29.2654,154.384,25,5.48467,25,5.48467,1,1,6
0,100,1000,4,601,-48.8541,0.136765,39,17.0559,39,17.0559,1,1,4
0,100,1000,4,602,-45.1099,-118.898,32,8.5582,32,8.5582,1,1,6
0,100,1000,4,603,-35.0655,111.197,15,8.04498,15,8.04498,1,1,4
0,100,1000,4,604,-37.6421,-133.691,6,5.28597,6,5.28597,1,1,4
0,100,1000,4,605,-24.5026,-102.074,70,3.10233,70,3.10233,1,1,5
0,100,1000,4,606,57.8772,171.92,16,16.6792,16,16.6792,1,1,4
0,100,1000,4,607,43.7529,84.5792,26,9.19119,26,9.19119,1,1,6
0,100,1000,4,608,81.2212,-91.8362,10,5.58323,10,5.58323,1,1,3
0,100,1000,4,609,-10.9374,77.0021,93,18.4988,93,18.4988,1,1,5
0,100,1000,4,610,-65.4084,-121.427,77,1.4796,77,1.4796,1,1,6
0,100,1000,4,611,9.6677,-28.1683,73,15.8202,73,15.8202,1,1,5
0,100,1000,4,612,65.8171,62.2821,85,5.10297,85,5.10297,1,1,10
0,100,1000,4,613,18.2993,47.1459,76,7.24127,76,7.24127,1,1,9
0,100,1000,4,614,-48.5102,-147.213,17,8.1332,17,8.1332,1,1,5
0,100,1000,4,615,81.9091,24.4487,24,2.74079,24,2.74079,1,1,5
0,100,1000,4,616,-86.4145,-113.89,0,5.04179,0,5.04179,1,1,1
0,100,1000,4,617,-77.7073,-83.0488,0,7.16724,0,7.16724,1,1,1
0,100,1000,4,618,-26.3942,-45.5456,81,9.2459,81,9.2459,1,1,6
0,100,1000,4,619,-75.9261,51.9274,69,3.13797,69,3.13797,1,1,5
0,100,1000,4,620,0.381638,-20.8574,73,6.06492,73,6.06492,1,1,6
0,100,1000,4,621,64.9266,-63.4824,48,8.78741,48,8.78741,1,1,5
0,100,1000,4,622,-14.4686,37.359,56,14.9177,56,14.9177,1,1,6
0,100,1000,4,623,-79.4516,-46.4948,0,4.99643,0,4.99643,1,1,1
0,100,1000,4,624,62.7614,-0.778046,72,5.94845,72,5.94845,1,1,7
0,100,1000,4,625,-74.7464,174.706,98,1.27115,98,1.27115,1,1,6
0,100,1000,4,626,28.8974,49.8427,76,8.6783,76,8.6783,1,1,6
0,100,1000,4,627,-16.7311,9.42891,11,8.9247,11,8.9247,1,1,4
0,100,1000,4,628,-33.9376,-176.864,4,5.10583,4,5.10583,1,1,3
0,100,1000,4,629,-61.7126,15.1044,39,4.33092,39,4.33092,1,1,3
0,100,1000,4,630,-72.0381,-139.607,77,10.7897,77,10.7897,1,1,4
0,100,1000,4,631,-70.2235,-136.905,77,9.04283,77,9.04283,1,1,4
0,100,1000,4,632,-36.7486,-115.862,28,4.9153,28,4.9153,1,1,4
0,100,1000,4,633,-19.9769,53.7143,56,9.36634,56,9.36634,1,1,5
0,100,1000,4,634,9.29642,-11.806,67,7.42739,67,7.42739,1,1,4
0,100,1000,4,635,-37.1791,-160.644,4,8.48284,4,8.48284,1,1,3
0,100,1000,4,636,73.6683,-124.505,51,4.08929,51,4.08929,1,1,5
0,100,1000,4,637,-22.0632,-61.6006,81,6.7845,81,6.7845,1,1,6
0,100,1000,4,638,46.427,-23.0296,33,5.17753,33,5.17753,1,1,3
0,100,1000,4,639,35.9523,38.3767,13,8.13754,13,8.13754,1,1,5
0,100,1000,4,640,78.0962,102.412,31,8.27915,31,8.27915,1,1,8
0,100,1000,4,641,16.5414,33.9872,58,3.8693,58,3.8693,1,1,6
0,100,1000,4,642,-13.8727,179.621,54,17.5818,54,17.5818,1,1,6
0,100,1000,4,643,-68.292,84.3794,7,4.14257,7,4.14257,1,1,2
0,100,1000,4,644,-88.6215,-80.0091,0,4.80196,0,4.80196,1,1,1
0,100,1000,4,645,-40.2581,-141.319,17,5.48568,17,5.48568,1,1,5
0,100,1000,4,646,-19.8081,-40.9633,81,12.6154,81,12.6154,1,1,7
0,100,1000,4,647,-49.1121,66.8866,59,5.51767,59,5.51767,1,1,5
0,100,1000,4,648,11.5876,41.8218,58,8.61303,58,8.61303,1,1,7
0,100,1000,4,649,-29.6995,-138.232,6,6.80514,6,6.80514,1,1,4
0,100,1000,4,650,-74.9921,46.2426,86,3.33344,86,3.33344,1,1,5
0,100,1000,4,651,-59.4379,177.352,88,10.034,88,10.034,1,1,6
0,100,1000,4,652,50.8688,16.9978,14,8.43315,14,8.43315,1,1,4
0,100,1000,4,653,-32.1241,14.5916,37,23.7355,37,23.7355,1,1,5
0,100,1000,4,654,86.9841,-172.344,29,2.22078,29,2.22078,1,1,4
0,100,1000,4,655,-63.5158,150.161,88,8.54886,88,8.54886,1,1,6
0,100,1000,4,656,55.0341,86.0511,26,7.6638,26,7.6638,1,1,6
0,100,1000,4,657,2.07388,-97.6773,38,20.2016,38,20.2016,1,1,7
0,100,1000,4,658,42.8359,47.5638,13,1.90708,13,1.90708,1,1,5
0,100,1000,4,659,83.351,88.4287,31,5.28851,31,5.28851,1,1,7
0,100,1000,4,660,73.7773,-93.8143,51,5.41142,51,5.41142,1,1,5
0,100,1000,4,661,63.5548,-72.0615,48,6.51809,48,6.51809,1,1,5
0,100,1000,4,662,22.6112,-151.115,78,9.03868,78,9.03868,1,1,9
0,100,1000,4,663,87.4125,-111.602,10,0.875786,10,0.875786,1,1,3
0,100,1000,4,664,35.3535,-64.574,91,3.65079,91,3.65079,1,1,4
0,100,1000,4,665,-34.9171,100.723,64,9.4629,64,9.4629,1,1,4
0,100,1000,4,666,80.8343,-8.71017,99,3.68921,99,3.68921,1,1,6
0,100,1000,4,667,49.0377,83.4062,26,7.51706,26,7.51706,1,1,6
0,100,1000,4,668,-85.8562,-146.173,0,7.76047,0,7.76047,1,1,1
0,100,1000,4,669,-41.0011,-177.744,4,7.47171,4,7.47171,1,1,3
0,100,1000,4,670,-69.2583,-29.0339,75,13.6974,75,13.6974,1,1,3
0,100,1000,4,671,76.2082,151.552,16,4.40921,16,4.40921,1,1,5
0,100,1000,4,672,-61.4914,-23.4358,75,17.1036,75,17.1036,1,1,4
0,100,1000,4,673,-63.0629,142.689,92,9.2728,92,9.2728,1,1,6
0,100,1000,4,674,-77.936,-139.424,0,13.6978,0,13.6978,1,1,1
0,100,1000,4,675,25.5589,171.683,79,20.8163,79,20.8163,1,1,5
0,100,1000,4,676,-26.619,-1.77272,11,20.113,11,20.113,1,1,4
0,100,1000,4,677,-40.1894,171.984,54,14.6424,54,14.6424,1,1,9
0,100,1000,4,678,13.5563,-85.5538,38,16.164,38,16.164,1,1,7
0,100,1000,4,679,-59.8089,-82.1805,2,8.16574,2,8.16574,1,1,2
0,100,1000,4,680,14.9361,-9.45216,67,3.60892,67,3.60892,1,1,3
0,100,1000,4,681,-80.7288,11.5408,8,5.61062,8,5.61062,1,1,2
0,100,1000,4,682,80.9188,116.618,82,9.00225,82,9.00225,1,1,8
0,100,1000,4,683,-42.5265,170.125,42,12.5776,42,12.5776,1,1,8
0,100,1000,4,684,75.2224,12.9449,43,3.47867,43,3.47867,1,1,6
0,100,1000,4,685,86.1906,-168.072,29,1.98395,29,1.98395,1,1,4
0,100,1000,4,686,81.9555,144.798,82,4.53934,82,4.53934,1,1,7
0,100,1000,4,687,81.74,-139.072,52,3.48958,52,3.48958,1,1,5
0,100,1000,4,688,-29.3192,-142.646,6,10.4504,6,10.4504,1,1,4
0,100,1000,4,689,-88.1913,-34.5104,0,4.59354,0,4.59354,1,1,1
0,100,1000,4,690,-51.0348,54.7351,59,5.82503,59,5.82503,1,1,5
0,100,1000,4,691,-21.4139,24.6925,41,19.4033,41,19.4033,1,1,6
0,100,1000,4,692,-63.5188,56.7934,46,6.16297,46,6.16297,1,1,3
0,100,1000,4,693,8.33849,80.0749,9,8.09177,9,8.09177,1,1,5
0,100,1000,4,694,75.6198,77.0591,31,5.69028,31,5.69028,1,1,9
0,100,1000,4,695,88.9472,1.11188,23,0.612684,23,0.612684,1,1,5
0,100,1000,4,696,-56.1965,-163.563,55,17.086,55,17.086,1,1,5
0,100,1000,4,697,-83.6736,-130.555,0,7.46553,0,7.46553,1,1,1
0,100,1000,4,698,66.5273,-72.4002,48,9.49424,48,9.49424,1,1,5
0,100,1000,4,699,-70.215,103.499,7,3.27389,7,3.27389,1,1,2
0,100,1000,4,700,60.2723,-148.049,96,9.66947,96,9.66947,1,1,6
0,100,1000,4,701,57.7139,104.456,80,6.74226,80,6.74226,1,1,7
0,100,1000,4,702,88.3743,98.9078,23,2.00925,23,2.00925,1,1,6
0,100,1000,4,703,72.692,-61.8898,20,2.7224,20,2.7224,1,1,4
0,100,1000,4,704,68.131,149.001,16,8.68588,16,8.68588,1,1,4
0,100,1000,4,705,41.7999,-145.807,96,11.985,96,11.985,1,1,10
0,100,1000,4,706,11.8682,-139.228,78,14.6777,78,14.6777,1,1,9
0,100,1000,4,707,29.4425,76.6989,57,10.414,57,10.414,1,1,5
0,100,1000,4,708,48.7828,-104.438,83,9.26928,83,9.26928,1,1,6
0,100,1000,4,709,-11.6131,68.8052,56,16.356,56,16.356,1,1,5
0,100,1000,4,710,76.3106,-25.3318,20,7.6019,20,7.6019,1,1,5
0,100,1000,4,711,-55.0415,-139.772,55,7.43508,55,7.43508,1,1,6
0,100,1000,4,712,-4.44745,-97.4302,70,23.1193,70,23.1193,1,1,8
0,100,1000,4,713,-45.1636,-55.8403,68,13.3176,68,13.3176,1,1,4
0,100,1000,4,714,5.08478,-50.7573,47,2.98892,47,2.98892,1,1,4
0,100,1000,4,715,-66.1704,-49.2858,36,18.0589,36,18.0589,1,1,2
0,100,1000,4,716,-9.40311,163.087,87,8.70833,87,8.70833,1,1,7
0,100,1000,4,717,-62.415,-22.0577,75,15.9188,75,15.9188,1,1,3
0,100,1000,4,718,40.9974,-159.446,96,18.7719,96,18.7719,1,1,9
0,100,1000,4,719,48.0262,38.2569,53,5.29516,53,5.29516,1,1,6
0,100,1000,4,720,84.7777,-0.347672,99,1.86647,99,1.86647,1,1,5
0,100,1000,4,721,36.2247,13.2919,90,12.2204,90,12.2204,1,1,6
0,100,1000,4,722,20.2122,-48.6655,47,17.9415,47,17.9415,1,1,3
0,100,1000,4,723,-45.0046,-42.01,65,5.10361,65,5.10361,1,1,3
0,100,1000,4,724,13.4482,66.7645,57,20.3712,57,20.3712,1,1,6
0,100,1000,4,725,-76.6024,-0.482361,8,4.75251,8,4.75251,1,1,2
0,100,1000,4,726,-69.2836,-83.2877,36,4.55436,36,4.55436,1,1,2
0,100,1000,4,727,19.8729,32.5379,58,7.12306,58,7.12306,1,1,6
0,100,1000,4,728,-0.358971,129.419,60,21.6417,60,21.6417,1,1,4
0,100,1000,4,729,78.3488,-170.548,94,3.64982,94,3.64982,1,1,6
0,100,1000,4,730,-50.6693,-155.643,17,14.0482,17,14.0482,1,1,4
0,100,1000,4,731,-19.9171,59.8551,56,11.8104,56,11.8104,1,1,4
0,100,1000,4,732,-86.2781,15.3358,0,6.8986,0,6.8986,1,1,1
0,100,1000,4,733,-71.1013,89.4387,7,1.47179,7,1.47179,1,1,2
0,100,1000,4,734,17.9449,133.85,3,7.1811,3,7.1811,1,1,3
0,100,1000,4,735,-26.1522,25.4452,41,24.1669,41,24.1669,1,1,6
0,100,1000,4,736,-23.2489,-159.855,4,15.8013,4,15.8013,1,1,3
0,100,1000,4,737,-70.6315,173.927,88,3.17821,88,3.17821,1,1,6
0,100,1000,4,738,-14.2603,-51.2722,27,4.58429,27,4.58429,1,1,6
0,100,1000,4,739,-24.0417,178.376,54,11.0807,54,11.0807,1,1,6
0,100,1000,4,740,-82.2538,-21.2882,0,5.08653,0,5.08653,1,1,1
0,100,1000,4,741,-1.05321,-123.075,66,0.558358,66,0.558358,1,1,6
0,100,1000,4,742,37.712,-142.361,78,11.4136,78,11.4136,1,1,10
0,100,1000,4,743,44.7315,-105.294,30,11.6002,30,11.6002,1,1,5
0,100,1000,4,744,83.529,66.1606,31,3.61336,31,3.61336,1,1,6
0,100,1000,4,745,-47.9211,-114.281,32,4.30741,32,4.30741,1,1,5
0,100,1000,4,746,45.2587,44.3236,13,4.38824,13,4.38824,1,1,5
0,100,1000,4,747,62.7872,97.9612,80,2.50534,80,2.50534,1,1,8
0,100,1000,4,748,-60.1703,163.372,88,8.45485,88,8.45485,1,1,6
0,100,1000,4,749,3.69998,95.5493,93,7.29537,93,7.29537,1,1,6
0,100,1000,4,750,58.6108,135.096,49,8.72987,49,8.72987,1,1,5
0,100,1000,4,751,-29.5028,-109.276,70,7.83714,70,7.83714,1,1,6
0,100,1000,4,752,77.6203,-20.2684,99,6.64823,99,6.64823,1,1,8
0,100,1000,4,753,-57.6748,-53.2799,65,18.1828,65,18.1828,1,1,3
0,100,1000,4,754,54.2297,16.567,14,8.07468,14,8.07468,1,1,4
0,100,1000,4,755,-27.452,123.952,84,9.90491,84,9.90491,1,1,5
0,100,1000,4,756,87.6394,122.99,23,3.4073,23,3.4073,1,1,6
0,100,1000,4,757,-89.5615,70.7029,0,9.30065,0,9.30065,1,1,1
0,100,1000,4,758,80.3145,90.34,31,5.19051,31,5.19051,1,1,8
0,100,1000,4,759,72.7045,147.687,16,5.88108,16,5.88108,1,1,5
0,100,1000,4,760,-11.7497,-130.433,66,12.7445,66,12.7445,1,1,5
0,100,1000,4,761,-73.2969,-112.982,36,7.27893,36,7.27893,1,1,2
0,100,1000,4,762,46.9452,158.981,49,10.4552,49,10.4552,1,1,5
0,100,1000,4,763,82.4896,153.55,82,3.70337,82,3.70337,1,1,7
0,100,1000,4,764,71.1761,-7.62088,72,5.75502,72,5.75502,1,1,8
0,100,1000,4,765,34.5496,79.5738,57,11.5973,57,11.5973,1,1,6
0,100,1000,4,766,-26.2626,-169.906,4,9.48814,4,9.48814,1,1,3
0,100,1000,4,767,75.1488,-77.2847,20,6.01252,20,6.01252,1,1,4
0,100,1000,4,768,-5.0874,-145.052,66,22.5234,66,22.5234,1,1,6
0,100,1000,4,769,24.7177,-81.7154,38,16.9107,38,16.9107,1,1,5
0,100,1000,4,770,25.7575,174.531,79,21.1946,79,21.1946,1,1,5
0,100,1000,4,771,-68.8818,46.7939,46,3.55891,46,3.55891,1,1,4
0,100,1000,4,772,58.7606,-136.887,96,6.31883,96,6.31883,1,1,6
0,100,1000,4,773,-31.2516,98.1501,64,6.35663,64,6.35663,1,1,4
0,100,1000,4,774,66.7267,-97.0943,51,7.44898,51,7.44898,1,1,6
0,100,1000,4,775,32.9185,-70.0461,91,4.69206,91,4.69206,1,1,4
0,100,1000,4,776,-23.7638,99.2432,5,3.42724,5,3.42724,1,1,3
0,100,1000,4,777,-1.51408,-133.637,66,10.8583,66,10.8583,1,1,5
0,100,1000,4,778,39.1119,-18.049,1,9.24327,1,9.24327,1,1,2
0,100,1000,4,779,-80.0437,40.576,69,2.27538,69,2.27538,1,1,3
0,100,1000,4,780,77.1651,89.0117,31,6.4129,31,6.4129,1,1,8
0,100,1000,4,781,-29.9251,-78.1952,21,17.8023,21,17.8023,1,1,3
0,100,1000,4,782,49.5527,-89.5526,30,4.04736,30,4.04736,1,1,5
0,100,1000,4,783,12.2601,-91.0695,38,13.0231,38,13.0231,1,1,7
0,100,1000,4,784,-27.3023,-106.044,70,4.74202,70,4.74202,1,1,6
0,100,1000,4,785,3.60758,176.911,79,5.34131,79,5.34131,1,1,7
0,100,1000,4,786,-55.7565,49.4516,46,10.2888,46,10.2888,1,1,6
0,100,1000,4,787,21.8522,-173.992,62,15.5186,62,15.5186,1,1,5
0,100,1000,4,788,46.2825,161.201,49,12.1063,49,12.1063,1,1,5
0,100,1000,4,789,52.0791,46.0183,53,6.98838,53,6.98838,1,1,7
0,100,1000,4,790,-57.9466,-10.0047,75,16.3719,75,16.3719,1,1,4
0,100,1000,4,791,77.9861,16.5793,24,1.47343,24,1.47343,1,1,5
0,100,1000,4,792,-45.3807,-27.056,65,6.05499,65,6.05499,1,1,4
0,100,1000,4,793,31.471,167.462,49,26.5008,49,26.5008,1,1,4
0,100,1000,4,794,67.4475,82.8547,85,3.37978,85,3.37978,1,1,14
0,100,1000,4,795,14.0191,109.225,9,21.2415,9,21.2415,1,1,4
0,100,1000,4,796,-4.06678,148.188,60,2.52244,60,2.52244,1,1,5
0,100,1000,4,797,-74.485,-89.0282,36,6.2351,36,6.2351,1,1,2
0,100,1000,4,798,-60.6822,55.5502,46,7.40416,46,7.40416,1,1,4
0,100,1000,4,799,-0.0488358,4.03102,11,8.58794,11,8.58794,1,1,3
0,100,1000,4,800,64.7529,-172.883,94,17.0992,94,17.0992,1,1,6
0,100,1000,4,801,0.470795,-162.007,62,9.86408,62,9.86408,1,1,4
0,100,1000,4,802,28.2845,-135.354,78,6.27268,78,6.27268,1,1,9
0,100,1000,4,803,-77.9996,-30.866,0,7.63608,0,7.63608,1,1,1
0,100,1000,4,804,-77.0764,128.159,44,4.90086,44,4.90086,1,1,4
0,100,1000,4,805,-82.4239,-90.046,0,3.75014,0,3.75014,1,1,1
0,100,1000,4,806,-30.9228,171.124,54,6.20471,54,6.20471,1,1,8
0,100,1000,4,807,53.2667,27.3929,14,1.64134,14,1.64134,1,1,5
0,100,1000,4,808,-17.9657,-10.5246,73,17.6139,73,17.6139,1,1,4
0,100,1000,4,809,7.42757,-81.0364,38,23.4674,38,23.4674,1,1,6
0,100,1000,4,810,-53.8349,-137.107,55,7.91787,55,7.91787,1,1,5
0,100,1000,4,811,-75.9056,64.1966,86,3.7366,86,3.7366,1,1,6
0,100,1000,4,812,-84.4593,-120.781,0,6.02129,0,6.02129,1,1,1
0,100,1000,4,813,77.5842,-110.283,51,5.39601,51,5.39601,1,1,4
0,100,1000,4,814,57.3845,-24.9293,33,5.84189,33,5.84189,1,1,4
0,100,1000,4,815,36.874,64.2748,57,3.26369,57,3.26369,1,1,6
0,100,1000,4,816,-8.90591,-105.31,89,14.6072,89,14.6072,1,1,7
0,100,1000,4,817,41.1337,-141.243,96,11.5756,96,11.5756,1,1,10
0,100,1000,4,818,-30.3322,106.268,5,11.2818,5,11.2818,1,1,3
0,100,1000,4,819,3.94562,-34.8172,22,8.43706,22,8.43706,1,1,3
0,100,1000,4,820,27.2137,23.0435,12,14.2344,12,14.2344,1,1,4
0,100,1000,4,821,27.5684,172.582,79,22.8424,79,22.8424,1,1,5
0,100,1000,4,822,7.08398,-18.3298,67,11.0333,67,11.0333,1,1,4
0,100,1000,4,823,9.98736,158.236,87,13.2464,87,13.2464,1,1,6
0,100,1000,4,824,75.5728,-145.17,94,8.87484,94,8.87484,1,1,7
0,100,1000,4,825,-51.4,-136.524,17,6.77811,17,6.77811,1,1,4
0,100,1000,4,826,-51.1384,-74.6111,2,9.60258,2,9.60258,1,1,2
0,100,1000,4,827,53.8362,-91.1952,83,3.78237,83,3.78237,1,1,6
0,100,1000,4,828,-7.69616,82.8408,93,11.9383,93,11.9383,1,1,6
0,100,1000,4,829,-10.7391,-80.6233,70,25.2262,70,25.2262,1,1,6
0,100,1000,4,830,-61.0443,-127.73,55,2.13656,55,2.13656,1,1,5
0,100,1000,4,831,81.8257,40.0997,31,3.61637,31,3.61637,1,1,6
0,100,1000,4,832,-26.5203,65.919,59,20.3623,59,20.3623,1,1,5
0,100,1000,4,833,39.4285,66.295,57,5.66619,57,5.66619,1,1,6
0,100,1000,4,834,-3.90634,-93.2519,70,24.5192,70,24.5192,1,1,7
0,100,1000,4,835,-74.2611,-133.385,77,11.0077,77,11.0077,1,1,4
0,100,1000,4,836,54.8958,86.6146,26,7.32962,26,7.32962,1,1,6
0,100,1000,4,837,-70.4017,-56.0404,0,13.6221,0,13.6221,1,1,1
0,100,1000,4,838,-55.8576,59.1713,59,9.58,59,9.58,1,1,6
0,100,1000,4,839,-38.902,-140.57,17,6.36973,17,6.36973,1,1,5
0,100,1000,4,840,47.0006,-0.603836,40,5.78998,40,5.78998,1,1,5
0,100,1000,4,841,-48.5469,171.724,42,12.5613,42,12.5613,1,1,8
0,100,1000,4,842,52.3925,-169.421,96,19.3069,96,19.3069,1,1,8
0,100,1000,4,843,-49.7354,-90.6073,2,3.1634,2,3.1634,1,1,2
0,100,1000,4,844,46.7097,59.051,13,10.6836,13,10.6836,1,1,5
0,100,1000,4,845,4.38469,151.331,60,9.00966,60,9.00966,1,1,4
0,100,1000,4,846,55.6604,-7.57916,40,5.41466,40,5.41466,1,1,5
0,100,1000,4,847,5.71525,-121.72,66,7.31598,66,7.31598,1,1,8
0,100,1000,4,848,-60.8301,-89.7126,2,7.95892,2,7.95892,1,1,2
0,100,1000,4,849,62.2876,50.5271,85,11.4166,85,11.4166,1,1,8
0,100,1000,4,850,-1.48222,156.053,60,6.22235,60,6.22235,1,1,5
0,100,1000,4,851,48.5709,-73.1728,48,8.53322,48,8.53322,1,1,5
0,100,1000,4,852,31.3338,136.339,3,8.2855,3,8.2855,1,1,3
0,100,1000,4,853,25.3934,130.953,3,0.814045,3,0.814045,1,1,3
0,100,1000,4,854,7.7549,152.983,60,12.5711,60,12.5711,1,1,4
0,100,1000,4,855,85.1915,-70.489,63,2.45379,63,2.45379,1,1,4
0,100,1000,4,856,-13.8105,-106.711,89,10.5625,89,10.5625,1,1,8
0,100,1000,4,857,-39.3823,-102.836,21,4.76797,21,4.76797,1,1,3
0,100,1000,4,858,-48.0661,1.76469,39,16.9416,39,16.9416,1,1,4
0,100,1000,4,859,-6.72163,177.287,79,12.7628,79,12.7628,1,1,6
0,100,1000,4,860,-59.5921,175.326,88,9.52888,88,9.52888,1,1,6
0,100,1000,4,861,74.309,172.137,16,1.24541,16,1.24541,1,1,5
0,100,1000,4,862,-6.12652,-19.9515,73,3.15636,73,3.15636,1,1,5
0,100,1000,4,863,-64.7916,46.0867,46,1.42224,46,1.42224,1,1,5
0,100,1000,4,864,35.1679,174.992,49,27.5325,49,27.5325,1,1,5
0,100,1000,4,865,-41.6931,-112.629,32,9.28826,32,9.28826,1,1,6
0,100,1000,4,866,75.5226,-166.244,94,6.65159,94,6.65159,1,1,6
0,100,1000,4,867,-2.90069,33.7128,61,8.07187,61,8.07187,1,1,8
0,100,1000,4,868,75.0471,-135.015,51,7.21567,51,7.21567,1,1,5
0,100,1000,4,869,-7.66734,-14.396,73,8.88319,73,8.88319,1,1,4
0,100,1000,4,870,-81.0158,-24.9517,0,5.5845,0,5.5845,1,1,1
0,100,1000,4,871,47.5575,-9.65263,40,2.9387,40,2.9387,1,1,4
0,100,1000,4,872,24.1687,-163.65,62,18.0783,62,18.0783,1,1,6
0,100,1000,4,873,33.7557,132.205,45,6.14144,45,6.14144,1,1,4
0,100,1000,4,874,9.05759,-125.932,66,11.0408,66,11.0408,1,1,7
0,100,1000,4,875,64.7462,78.9309,85,3.78432,85,3.78432,1,1,13
0,100,1000,4,876,-65.3029,98.1104,7,5.71056,7,5.71056,1,1,3
0,100,1000,4,877,35.5337,37.1413,13,9.17022,13,9.17022,1,1,5
0,100,1000,4,878,-50.9206,121.484,15,10.5647,15,10.5647,1,1,5
0,100,1000,4,879,-48.386,148.495,42,3.81891,42,3.81891,1,1,7
0,100,1000,4,880,58.2382,-0.158157,40,9.16895,40,9.16895,1,1,5
0,100,1000,4,881,-72.0669,87.5215,7,2.38617,7,2.38617,1,1,2
0,100,1000,4,882,6.79879,30.0648,58,6.6756,58,6.6756,1,1,6
0,100,1000,4,883,-29.3828,-16.3082,65,20.7719,65,20.7719,1,1,4
0,100,1000,4,884,37.5251,105.9,95,7.26764,95,7.26764,1,1,6
0,100,1000,4,885,74.6479,93.0186,85,9.01496,85,9.01496,1,1,10
0,100,1000,4,886,-49.526,64.4108,59,4.45665,59,4.45665,1,1,5
0,100,1000,4,887,-48.317,129.285,18,7.44688,18,7.44688,1,1,6
0,100,1000,4,888,40.3806,150.877,49,12.2265,49,12.2265,1,1,5
0,100,1000,4,889,40.7453,-81.1236,30,7.4171,30,7.4171,1,1,4
0,100,1000,4,890,-77.5272,30.983,8,3.71222,8,3.71222,1,1,2
0,100,1000,4,891,88.9037,-105.66,10,2.19343,10,2.19343,1,1,3
0,100,1000,4,892,-25.4533,68.8748,64,20.0059,64,20.0059,1,1,5
0,100,1000,4,893,55.7406,27.2523,14,2.95734,14,2.95734,1,1,5
0,100,1000,4,894,5.17957,-165.291,62,4.49936,62,4.49936,1,1,4
0,100,1000,4,895,-2.12645,-53.1645,47,4.8432,47,4.8432,1,1,5
0,100,1000,4,896,7.27548,31.6133,58,5.68452,58,5.68452,1,1,6
0,100,1000,4,897,-72.8215,-151.851,55,13.8596,55,13.8596,1,1,3
0,100,1000,4,898,-59.1609,-24.4086,65,16.9605,65,16.9605,1,1,3
0,100,1000,4,899,5.92016,136.728,60,17.4572,60,17.4572,1,1,4
0,100,1000,4,900,-49.2545,-18.8639,65,12.5841,65,12.5841,1,1,4
0,100,1000,4,901,24.8735,-17.561,67,9.36124,67,9.36124,1,1,3
0,100,1000,4,902,-67.2265,133.113,92,3.44129,92,3.44129,1,1,6
0,100,1000,4,903,-34.1378,126.308,15,8.83371,15,8.83371,1,1,4
0,100,1000,4,904,51.9952,-166.785,96,17.7849,96,17.7849,1,1,9
0,100,1000,4,905,-67.4077,128.936,92,2.22783,92,2.22783,1,1,6
0,100,1000,4,906,22.0991,-137.008,78,6.23009,78,6.23009,1,1,9
0,100,1000,4,907,-78.3621,173.292,98,4.44144,98,4.44144,1,1,6
0,100,1000,4,908,55.9334,134.757,49,7.18464,49,7.18464,1,1,5
0,100,1000,4,909,10.2719,-57.7741,47,9.21251,47,9.21251,1,1,5
0,100,1000,4,910,74.733,-163.709,94,7.59753,94,7.59753,1,1,6
0,100,1000,4,911,34.5307,-15.983,1,9.83656,1,9.83656,1,1,2
0,100,1000,4,912,23.9521,103.419,9,19.472,9,19.472,1,1,4
0,100,1000,4,913,6.08278,109.582,93,18.2177,93,18.2177,1,1,5
0,100,1000,4,914,-50.495,-155.994,17,14.2086,17,14.2086,1,1,4
0,100,1000,4,915,33.1554,-19.499,1,7.08579,1,7.08579,1,1,2
0,100,1000,4,916,2.57099,-63.9421,47,11.4011,47,11.4011,1,1,5
0,100,1000,4,917,71.47,50.6889,85,8.81339,85,8.81339,1,1,9
0,100,1000,4,918,-55.4145,-105.336,32,5.28015,32,5.28015,1,1,3
0,100,1000,4,919,-1.50146,173.161,79,6.41783,79,6.41783,1,1,6
0,100,1000,4,920,-46.0603,42.1817,37,4.2619,37,4.2619,1,1,5
0,100,1000,4,921,61.0486,132.078,49,11.5708,49,11.5708,1,1,5
0,100,1000,4,922,42.5868,145.373,49,9.27945,49,9.27945,1,1,5
0,100,1000,4,923,62.6846,17.0404,43,10.2346,43,10.2346,1,1,6
0,100,1000,4,924,50.065,-34.087,33,6.70129,33,6.70129,1,1,3
0,100,1000,4,925,69.6332,69.5961,85,2.30413,85,2.30413,1,1,12
0,100,1000,4,926,-8.89803,28.3278,41,10.6176,41,10.6176,1,1,6
0,100,1000,4,927,-63.1934,-149.892,55,8.4882,55,8.4882,1,1,4
0,100,1000,4,928,-24.1268,65.7787,56,18.6634,56,18.6634,1,1,4
0,100,1000,4,929,69.8453,30.7563,43,4.07986,43,4.07986,1,1,7
0,100,1000,4,930,44.8923,26.0016,14,8.83604,14,8.83604,1,1,5
0,100,1000,4,931,-84.3714,-85.0734,0,2.45443,0,2.45443,1,1,1
0,100,1000,4,932,71.0297,154.197,16,5.23991,16,5.23991,1,1,4
0,100,1000,4,933,72.8077,-148.77,94,10.9762,94,10.9762,1,1,6
0,100,1000,4,934,-65.5692,-37.3875,75,18.7549,75,18.7549,1,1,2
0,100,1000,4,935,-77.8041,-43.2589,0,6.79454,0,6.79454,1,1,1
0,100,1000,4,936,-87.6029,146.489,74,10.9474,74,10.9474,1,1,5
0,100,1000,4,937,-45.5907,89.9679,64,15.1421,64,15.1421,1,1,5
0,100,1000,4,938,55.9311,-145.812,96,5.85116,96,5.85116,1,1,6
0,100,1000,4,939,-36.4958,31.9922,37,12.6178,37,12.6178,1,1,6
0,100,1000,4,940,0.0503693,-113.725,66,9.18499,66,9.18499,1,1,7
0,100,1000,4,941,-39.2059,162.305,25,9.63066,25,9.63066,1,1,7
0,100,1000,4,942,47.3013,-24.7986,33,4.33487,33,4.33487,1,1,3
0,100,1000,4,943,-83.7935,-133.651,0,7.71924,0,7.71924,1,1,1
0,100,1000,4,944,-69.5099,152.104,88,5.55692,88,5.55692,1,1,6
0,100,1000,4,945,38.5526,130.765,45,8.22336,45,8.22336,1,1,4
0,100,1000,4,946,-0.947433,88.3624,93,6.20292,93,6.20292,1,1,6
0,100,1000,4,947,-67.1544,-39.8354,0,17.645,0,17.645,1,1,1
0,100,1000,4,948,31.2798,-168.693,78,23.8742,78,23.8742,1,1,9
0,100,1000,4,949,-4.30249,111.421,93,17.356,93,17.356,1,1,5
0,100,1000,4,950,-13.0404,15.7867,11,10.1408,11,10.1408,1,1,4
0,100,1000,4,951,-55.9188,-21.2865,65,15.2472,65,15.2472,1,1,4
0,100,1000,4,952,-8.86213,-23.019,73,3.57296,73,3.57296,1,1,5
0,100,1000,4,953,-55.6593,-85.8622,2,3.6712,2,3.6712,1,1,2
0,100,1000,4,954,5.5844,-4.3103,67,13.831,67,13.831,1,1,4
0,100,1000,4,955,63.065,-168.73,94,18.9192,94,18.9192,1,1,6
0,100,1000,4,956,30.9822,-132.282,78,9.76789,78,9.76789,1,1,9
0,100,1000,4,957,86.7871,-23.4331,19,1.61453,19,1.61453,1,1,4
0,100,1000,4,958,11.4598,-174.013,62,6.3641,62,6.3641,1,1,4
0,100,1000,4,959,11.4579,63.8998,57,22.3872,57,22.3872,1,1,6
0,100,1000,4,960,79.0453,-79.9791,63,6.18105,63,6.18105,1,1,5
0,100,1000,4,961,7.33224,-23.8041,73,12.6464,73,12.6464,1,1,5
0,100,1000,4,962,-85.8083,60.3557,74,6.37697,74,6.37697,1,1,4
0,100,1000,4,963,58.1802,70.943,85,9.90719,85,9.90719,1,1,8
0,100,1000,4,964,35.8312,-72.2445,91,3.50893,91,3.50893,1,1,4
0,100,1000,4,965,1.18212,-134.418,66,11.9536,66,11.9536,1,1,5
0,100,1000,4,966,61.7711,70.5266,85,6.3936,85,6.3936,1,1,9
0,100,1000,4,967,12.1476,-74.182,47,23.4684,47,23.4684,1,1,6
0,100,1000,4,968,-66.2462,92.9766,7,4.55073,7,4.55073,1,1,3
0,100,1000,4,969,9.97791,58.6765,61,20.3299,61,20.3299,1,1,7
0,100,1000,4,970,-45.6668,-33.9142,65,2.26295,65,2.26295,1,1,4
0,100,1000,4,971,34.973,150.631,49,17.4084,49,17.4084,1,1,4
0,100,1000,4,972,6.90205,63.5202,56,20.9742,56,20.9742,1,1,6
0,100,1000,4,973,-26.4012,-143.276,6,12.3354,6,12.3354,1,1,4
0,100,1000,4,974,34.7537,150.113,49,17.5362,49,17.5362,1,1,4
0,100,1000,4,975,50.3118,47.5981,53,8.44404,53,8.44404,1,1,6
0,100,1000,4,976,-54.9329,-64.7119,2,15.0136,2,15.0136,1,1,2
0,100,1000,4,977,-78.103,-101.482,0,8.59226,0,8.59226,1,1,1
0,100,1000,4,978,87.8219,140.154,23,3.73407,23,3.73407,1,1,6
0,100,1000,4,979,74.7303,67.3062,31,5.53137,31,5.53137,1,1,11
0,100,1000,4,980,-56.045,-28.1752,65,13.2502,65,13.2502,1,1,3
0,100,1000,4,981,56.444,-168.548,96,18.3376,96,18.3376,1,1,8
0,100,1000,4,982,-68.8243,-42.8168,0,15.7565,0,15.7565,1,1,1
0,100,1000,4,983,-31.365,-90.1409,21,9.43332,21,9.43332,1,1,3
0,100,1000,4,984,-64.9201,137.226,92,6.26595,92,6.26595,1,1,6
0,100,1000,4,985,74.2678,-41.1739,20,3.60292,20,3.60292,1,1,5
0,100,1000,4,986,-38.3442,38.4816,37,10.2515,37,10.2515,1,1,5
0,100,1000,4,987,-35.2716,117.116,15,5.40861,15,5.40861,1,1,4
0,100,1000,4,988,-38.9991,56.6544,59,7.65628,59,7.65628,1,1,4
0,100,1000,4,989,76.9198,171.509,16,2.64551,16,2.64551,1,1,5
0,100,1000,4,990,13.3839,74.4632,9,12.9214,9,12.9214,1,1,5
0,100,1000,4,991,19.5536,96.902,9,11.9721,9,11.9721,1,1,4
0,100,1000,4,992,-85.1244,62.9012,74,5.65318,74,5.65318,1,1,4
0,100,1000,4,993,87.7098,-174.605,29,2.52649,29,2.52649,1,1,4
0,100,1000,4,994,11.5278,144.88,60,17.1289,60,17.1289,1,1,4
0,100,1000,4,995,36.3506,90.9656,26,13.5673,26,13.5673,1,1,5
0,100,1000,4,996,-31.6476,5.58925,11,23.4627,11,23.4627,1,1,3
0,100,1000,4,997,51.2089,-20.9437,33,1.79308,33,1.79308,1,1,3
0,100,1000,4,998,71.3862,-140.312,51,9.03814,51,9.03814,1,1,5
0,100,1000,4,999,34.4577,-167.068,78,23.072,78,23.072,1,1,8
1,100,1000,4,0,35.6018,127.153,68,20.5214,68,20.5214,1,1,4
1,100,1000,4,1,84.1384,-11.483,64,2.80061,64,2.80061,1,1,2
1,100,1000,4,2,-34.7326,144.624,17,13.3894,17,13.3894,1,1,5
1,100,1000,4,3,-19.1324,-132.678,27,3.71834,27,3.71834,1,1,5
1,100,1000,4,4,-56.6635,6.17494,55,8.29341,55,8.29341,1,1,5
1,100,1000,4,5,-76.0653,175.245,11,4.03415,11,4.03415,1,1,4
1,100,1000,4,6,59.3482,43.6999,24,7.35403,24,7.35403,1,1,4
1,100,1000,4,7,31.7131,-129.035,81,16.7396,81,16.7396,1,1,5
1,100,1000,4,8,75.8899,63.7943,44,6.01472,44,6.01472,1,1,4
1,100,1000,4,9,23.3409,-134.655,6,24.0318,6,24.0318,1,1,4
1,100,1000,4,10,10.1767,-81.2924,52,13.4066,52,13.4066,1,1,4
1,100,1000,4,11,46.2412,-17.4659,86,2.48252,86,2.48252,1,1,6
1,100,1000,4,12,32.013,20.3431,41,11.2014,41,11.2014,1,1,4
1,100,1000,4,13,66.2154,85.979,23,7.46095,23,7.46095,1,1,3
1,100,1000,4,14,44.8089,30.9232,41,5.35503,41,5.35503,1,1,6
1,100,1000,4,15,-43.8351,-19.1786,71,15.4737,71,15.4737,1,1,6
1,100,1000,4,16,-10.9616,-99.3933,62,16.7436,62,16.7436,1,1,3
1,100,1000,4,17,74.6692,88.6116,28,5.23117,28,5.23117,1,1,3
1,100,1000,4,18,-67.3848,-68.9264,18,9.3885,18,9.3885,1,1,4
1,100,1000,4,19,67.9665,-68.0965,88,10.5553,88,10.5553,1,1,4
1,100,1000,4,20,58.6243,163.802,30,8.00987,30,8.00987,1,1,4
1,100,1000,4,21,-36.4259,55.9449,2,23.9057,2,23.9057,1,1,3
1,100,1000,4,22,13.7511,170.574,5,19.9293,5,19.9293,1,1,3
1,100,1000,4,23,53.455,-0.717896,66,10.0539,66,10.0539,1,1,5
1,100,1000,4,24,27.1843,-26.4081,10,19.2214,10,19.2214,1,1,4
1,100,1000,4,25,22.3135,-105.278,50,4.02752,50,4.02752,1,1,6
1,100,1000,4,26,36.1497,-42.8906,16,9.69356,16,9.69356,1,1,4
1,100,1000,4,27,28.6281,-43.6744,16,9.08703,16,9.08703,1,1,4
1,100,1000,4,28,78.7263,9.68713,64,7.70733,64,7.70733,1,1,3
1,100,1000,4,29,-68.8477,67.0704,65,12.2534,65,12.2534,1,1,6
1,100,1000,4,30,-69.6948,-45.3656,18,7.41282,18,7.41282,1,1,4
1,100,1000,4,31,-66.0541,18.6871,63,3.5066,63,3.5066,1,1,5
1,100,1000,4,32,17.6206,-162.77,46,15.2398,46,15.2398,1,1,5
1,100,1000,4,33,-36.3507,80.4716,2,15.6922,2,15.6922,1,1,2
1,100,1000,4,34,-25.8481,-116.768,73,7.26776,73,7.26776,1,1,6
1,100,1000,4,35,-83.8125,-114.448,54,3.45404,54,3.45404,1,1,6
1,100,1000,4,36,-66.4829,-60.4769,72,7.48365,72,7.48365,1,1,5
1,100,1000,4,37,60.7486,74.5364,23,7.14178,23,7.14178,1,1,4
1,100,1000,4,38,-34.9513,48.4073,75,22.9367,75,22.9367,1,1,5
1,100,1000,4,39,-53.0907,164.466,59,9.45676,59,9.45676,1,1,6
1,100,1000,4,40,-79.0004,118.446,57,2.80783,57,2.80783,1,1,6
1,100,1000,4,41,-60.4059,94.2987,48,7.91466,48,7.91466,1,1,4
1,100,1000,4,42,-52.2225,116.445,45,1.91636,45,1.91636,1,1,4
1,100,1000,4,43,-64.6879,-126.993,26,10.8477,26,10.8477,1,1,5
1,100,1000,4,44,-26.9342,-87.0712,39,10.5482,39,10.5482,1,1,3
1,100,1000,4,45,60.039,-13.2579,97,11.0254,97,11.0254,1,1,5
1,100,1000,4,46,23.7816,167.97,5,29.2454,5,29.2454,1,1,2
1,100,1000,4,47,-87.2854,-97.1957,25,3.30997,25,3.30997,1,1,6
1,100,1000,4,48,-87.4,-67.2722,25,2.45455,25,2.45455,1,1,6
1,100,1000,4,49,81.6379,-46.4962,64,7.4266,64,7.4266,1,1,2
1,100,1000,4,50,-2.02022,175.651,5,11.4639,5,11.4639,1,1,3
1,100,1000,4,51,9.52811,42.9937,82,14.6864,82,14.6864,1,1,7
1,100,1000,4,52,-32.413,-39.4466,33,21.0561,33,21.0561,1,1,4
1,100,1000,4,53,-31.2349,45.2715,49,19.7029,49,19.7029,1,1,4
1,100,1000,4,54,-85.5196,11.3487,25,3.71667,25,3.71667,1,1,5
1,100,1000,4,55,14.8688,-149.04,46,20.7105,46,20.7105,1,1,5
1,100,1000,4,56,-25.1029,88.9259,38,13.5186,38,13.5186,1,1,4
1,100,1000,4,57,62.6293,25.3492,31,3.80039,31,3.80039,1,1,4
1,100,1000,4,58,12.6852,175.883,5,21.1808,5,21.1808,1,1,3
1,100,1000,4,59,39.1783,151.502,30,28.514,30,28.514,1,1,5
1,100,1000,4,60,-45.5941,18.4346,75,14.864,75,14.864,1,1,8
1,100,1000,4,61,-20.8779,136.375,13,5.12312,13,5.12312,1,1,4
1,100,1000,4,62,3.20216,-36.3267,60,12.9392,60,12.9392,1,1,7
1,100,1000,4,63,-70.4104,11.6043,74,2.91306,74,2.91306,1,1,5
1,100,1000,4,64,38.2005,-157.545,46,5.98701,46,5.98701,1,1,5
1,100,1000,4,65,72.5541,-107.639,67,2.70685,67,2.70685,1,1,4
1,100,1000,4,66,-80.947,-15.8356,25,8.17886,25,8.17886,1,1,6
1,100,1000,4,67,57.6772,-46.72,97,10.0627,97,10.0627,1,1,4
1,100,1000,4,68,62.3589,-127.115,79,5.91337,79,5.91337,1,1,6
1,100,1000,4,69,89.2757,133.679,12,0.271305,12,0.271305,1,1,2
1,100,1000,4,70,32.1166,28.289,41,11.2292,41,11.2292,1,1,6
1,100,1000,4,71,82.3193,-165.973,14,2.10751,14,2.10751,1,1,2
1,100,1000,4,72,-31.3925,109.897,38,16.9221,38,16.9221,1,1,5
1,100,1000,4,73,19.6883,142.585,56,21.3395,56,21.3395,1,1,3
1,100,1000,4,74,52.8901,-62.2667,9,3.19882,9,3.19882,1,1,2
1,100,1000,4,75,57.0437,-165.408,6,16.8222,6,16.8222,1,1,2
1,100,1000,4,76,68.0839,-107.668,67,4.59752,67,4.59752,1,1,6
1,100,1000,4,77,75.4835,-37.4278,96,4.46358,96,4.46358,1,1,3
1,100,1000,4,78,18.0024,-169.854,46,16.9693,46,16.9693,1,1,5
1,100,1000,4,79,77.0883,-67.5941,67,10.113,67,10.113,1,1,4
1,100,1000,4,80,-73.6993,119.285,69,3.96415,69,3.96415,1,1,7
1,100,1000,4,81,2.38329,-129.293,27,18.0685,27,18.0685,1,1,6
1,100,1000,4,82,-38.2755,-59.879,92,10.6851,92,10.6851,1,1,5
1,100,1000,4,83,1.99365,-131.833,27,17.4281,27,17.4281,1,1,5
1,100,1000,4,84,-3.49724,2.53874,84,4.34636,84,4.34636,1,1,6
1,100,1000,4,85,-89.0773,-122.761,93,1.36196,93,1.36196,1,1,7
1,100,1000,4,86,-74.5861,166.484,11,3.30106,11,3.30106,1,1,4
1,100,1000,4,87,-54.3669,-31.9573,72,10.8841,72,10.8841,1,1,5
1,100,1000,4,88,48.1906,110.643,68,2.92953,68,2.92953,1,1,3
1,100,1000,4,89,-34.686,22.1615,49,12.4462,49,12.4462,1,1,6
1,100,1000,4,90,-65.8119,-135.285,26,7.16569,26,7.16569,1,1,5
1,100,1000,4,91,18.3768,-175.456,46,19.6877,46,19.6877,1,1,5
1,100,1000,4,92,-31.4765,7.72055,71,11.3314,71,11.3314,1,1,7
1,100,1000,4,93,-16.4418,153.052,13,11.6188,13,11.6188,1,1,4
1,100,1000,4,94,8.9334,-58.7072,60,17.6749,60,17.6749,1,1,4
1,100,1000,4,95,-47.2712,50.4681,75,12.8216,75,12.8216,1,1,5
1,100,1000,4,96,-59.7113,90.2242,2,9.19186,2,9.19186,1,1,3
1,100,1000,4,97,50.5877,-15.9735,86,1.97571,86,1.97571,1,1,6
1,100,1000,4,98,-74.8274,-74.8372,18,4.4308,18,4.4308,1,1,4
1,100,1000,4,99,16.0967,23.3507,95,24.3129,95,24.3129,1,1,6
1,100,1000,4,100,53.8508,34.0387,41,12.8777,41,12.8777,1,1,6
1,100,1000,4,101,40.2948,138.529,68,23.8772,68,23.8772,1,1,6
1,100,1000,4,102,10.2613,151.856,56,16.3507,56,16.3507,1,1,4
1,100,1000,4,103,-36.714,-63.096,92,7.74531,92,7.74531,1,1,5
1,100,1000,4,104,41.2493,37.2001,41,9.90773,41,9.90773,1,1,6
1,100,1000,4,105,69.5327,130.875,53,3.97125,53,3.97125,1,1,5
1,100,1000,4,106,40.9578,-4.181,66,5.3308,66,5.3308,1,1,4
1,100,1000,4,107,67.7095,-161.037,79,14.0545,79,14.0545,1,1,5
1,100,1000,4,108,-88.2302,-77.4646,25,1.80833,25,1.80833,1,1,6
1,100,1000,4,109,86.0072,21.4063,64,0.975135,64,0.975135,1,1,2
1,100,1000,4,110,21.9141,-102.528,50,1.48269,50,1.48269,1,1,5
1,100,1000,4,111,-54.0628,104.406,45,6.12135,45,6.12135,1,1,3
1,100,1000,4,112,83.8481,173.05,12,6.25961,12,6.25961,1,1,2
1,100,1000,4,113,-45.7839,-161.959,32,15.4294,32,15.4294,1,1,5
1,100,1000,4,114,-40.8937,120.626,45,13.5579,45,13.5579,1,1,5
1,100,1000,4,115,20.6961,-154.086,46,13.326,46,13.326,1,1,5
1,100,1000,4,116,-12.6679,-58.0183,60,13.8462,60,13.8462,1,1,5
1,100,1000,4,117,82.2217,175.187,15,5.18663,15,5.18663,1,1,3
1,100,1000,4,118,-43.0812,-88.9845,39,6.52459,39,6.52459,1,1,3
1,100,1000,4,119,-33.9545,176.336,47,9.97184,47,9.97184,1,1,4
1,100,1000,4,120,64.1078,-108.844,79,7.21661,79,7.21661,1,1,8
1,100,1000,4,121,63.6056,30.1311,31,5.73531,31,5.73531,1,1,4
1,100,1000,4,122,33.4877,82.6302,7,12.5142,7,12.5142,1,1,2
1,100,1000,4,123,24.5468,70.5149,91,16.7818,91,16.7818,1,1,4
1,100,1000,4,124,-87.4172,41.108,25,2.28058,25,2.28058,1,1,5
1,100,1000,4,125,-44.0394,48.9938,75,14.8243,75,14.8243,1,1,5
1,100,1000,4,126,59.29,-16.2043,97,9.33996,97,9.33996,1,1,5
1,100,1000,4,127,-13.3003,106.276,38,6.69714,38,6.69714,1,1,6
1,100,1000,4,128,-11.5772,61.8316,82,16.2829,82,16.2829,1,1,5
1,100,1000,4,129,62.1589,75.0583,23,5.9917,23,5.9917,1,1,4
1,100,1000,4,130,1.22858,-14.29,84,18.5396,84,18.5396,1,1,4
1,100,1000,4,131,50.4862,157.121,30,16.5711,30,16.5711,1,1,6
1,100,1000,4,132,53.8459,85.416,8,9.7851,8,9.7851,1,1,3
1,100,1000,4,133,76.1542,-158.471,22,7.01732,22,7.01732,1,1,3
1,100,1000,4,134,88.2157,-95.6007,70,0.619953,70,0.619953,1,1,2
1,100,1000,4,135,-81.0673,124.647,57,1.13043,57,1.13043,1,1,7
1,100,1000,4,136,-12.2222,145.077,13,9.49382,13,9.49382,1,1,4
1,100,1000,4,137,-12.6109,-137.469,21,4.20037,21,4.20037,1,1,4
1,100,1000,4,138,23.8534,-156.128,46,9.67264,46,9.67264,1,1,5
1,100,1000,4,139,56.523,52.8723,24,7.93335,24,7.93335,1,1,5
1,100,1000,4,140,32.49,-155.033,46,4.6208,46,4.6208,1,1,5
1,100,1000,4,141,-39.067,3.55991,71,9.80691,71,9.80691,1,1,6
1,100,1000,4,142,4.38151,75.2655,91,7.87996,91,7.87996,1,1,6
1,100,1000,4,143,-35.0819,165.609,47,14.4644,47,14.4644,1,1,6
1,100,1000,4,144,-21.4514,-125.846,42,1.47951,42,1.47951,1,1,6
1,100,1000,4,145,30.3335,139.554,68,31.474,68,31.474,1,1,5
1,100,1000,4,146,19.932,-18.3605,10,11.1506,10,11.1506,1,1,4
1,100,1000,4,147,58.3379,-32.4444,97,4.59659,97,4.59659,1,1,5
1,100,1000,4,148,-56.4723,88.9842,2,6.34819,2,6.34819,1,1,3
1,100,1000,4,149,-5.45757,-116.513,62,8.25685,62,8.25685,1,1,5
1,100,1000,4,150,86.6918,6.95029,64,0.269707,64,0.269707,1,1,2
1,100,1000,4,151,-85.933,-31.0608,25,3.30937,25,3.30937,1,1,6
1,100,1000,4,152,-13.9866,-17.0877,19,7.55486,19,7.55486,1,1,5
1,100,1000,4,153,5.73515,-160.266,80,23.6085,80,23.6085,1,1,6
1,100,1000,4,154,3.39209,-55.4837,60,11.4761,60,11.4761,1,1,5
1,100,1000,4,155,36.303,-108.236,81,13.2446,81,13.2446,1,1,6
1,100,1000,4,156,-15.2582,174.472,47,8.88732,47,8.88732,1,1,4
1,100,1000,4,157,37.662,158.247,30,29.2047,30,29.2047,1,1,4
1,100,1000,4,158,34.8688,-174.84,46,12.0994,46,12.0994,1,1,5
1,100,1000,4,159,71.9276,-153.165,22,8.8336,22,8.8336,1,1,4
1,100,1000,4,160,-60.3429,24.5223,63,3.04903,63,3.04903,1,1,6
1,100,1000,4,161,83.1945,99.1781,44,3.49009,44,3.49009,1,1,4
1,100,1000,4,162,-86.9191,103.065,29,3.17914,29,3.17914,1,1,7
1,100,1000,4,163,-56.6331,-106.783,98,22.4398,98,22.4398,1,1,6
1,100,1000,4,164,6.0245,55.8186,82,2.31395,82,2.31395,1,1,6
1,100,1000,4,165,-21.6479,5.43248,84,14.2556,84,14.2556,1,1,8
1,100,1000,4,166,-58.6156,-35.1618,72,6.61846,72,6.61846,1,1,5
1,100,1000,4,167,77.1858,34.7957,37,4.20956,37,4.20956,1,1,2
1,100,1000,4,168,63.8752,-14.158,96,10.6693,96,10.6693,1,1,3
1,100,1000,4,169,27.2647,-45.4654,16,8.39731,16,8.39731,1,1,4
1,100,1000,4,170,55.1791,-52.8647,90,8.48516,90,8.48516,1,1,3
1,100,1000,4,171,13.1494,-100.158,50,8.94238,50,8.94238,1,1,4
1,100,1000,4,172,-29.1963,-78.3773,51,6.96733,51,6.96733,1,1,4
1,100,1000,4,173,-60.9558,-168.655,26,8.58453,26,8.58453,1,1,5
1,100,1000,4,174,-36.6085,-158.056,32,8.3748,32,8.3748,1,1,4
1,100,1000,4,175,-70.9102,-13.9029,3,3.85325,3,3.85325,1,1,4
1,100,1000,4,176,23.233,-155.431,46,10.4966,46,10.4966,1,1,5
1,100,1000,4,177,-47.3624,52.6277,75,13.772,75,13.772,1,1,4
1,100,1000,4,178,63.8167,-27.9911,96,7.71273,96,7.71273,1,1,5
1,100,1000,4,179,62.9224,-40.3175,96,8.45941,96,8.45941,1,1,4
1,100,1000,4,180,-76.0862,-97.451,98,4.10013,98,4.10013,1,1,6
1,100,1000,4,181,72.5575,-89.4036,67,3.16868,67,3.16868,1,1,5
1,100,1000,4,182,23.6936,119.487,7,26.5875,7,26.5875,1,1,3
1,100,1000,4,183,62.6961,-4.8624,31,10.0182,31,10.0182,1,1,3
1,100,1000,4,184,-37.3357,-0.0784912,71,6.50838,71,6.50838,1,1,6
1,100,1000,4,185,64.8361,-144.313,79,8.85604,79,8.85604,1,1,6
1,100,1000,4,186,63.5284,-24.0291,96,8.60632,96,8.60632,1,1,5
1,100,1000,4,187,-32.2356,-111.336,73,5.55076,73,5.55076,1,1,7
1,100,1000,4,188,38.7968,-6.38286,66,7.97087,66,7.97087,1,1,4
1,100,1000,4,189,-49.9955,-175.623,26,19.8863,26,19.8863,1,1,5
1,100,1000,4,190,7.7804,-61.8113,60,19.1373,60,19.1373,1,1,6
1,100,1000,4,191,-4.76312,-117.973,62,9.09977,62,9.09977,1,1,5
1,100,1000,4,192,-18.6213,75.7489,38,23.5453,38,23.5453,1,1,3
1,100,1000,4,193,57.3272,-89.6091,88,6.29307,88,6.29307,1,1,5
1,100,1000,4,194,-66.1211,60.4993,65,9.71211,65,9.71211,1,1,5
1,100,1000,4,195,25.0367,-104.415,50,4.36113,50,4.36113,1,1,6
1,100,1000,4,196,71.5241,15.1883,37,7.12536,37,7.12536,1,1,4
1,100,1000,4,197,-6.9091,10.4354,84,8.48375,84,8.48375,1,1,8
1,100,1000,4,198,-22.6625,-68.4261,83,4.36889,83,4.36889,1,1,5
1,100,1000,4,199,-87.2135,60.0036,25,2.92394,25,2.92394,1,1,6
1,100,1000,4,200,55.7477,135.245,35,15.792,35,15.792,1,1,5
1,100,1000,4,201,47.8453,58.5523,8,12.7805,8,12.7805,1,1,3
1,100,1000,4,202,-34.3919,-148.781,32,0.624911,32,0.624911,1,1,5
1,100,1000,4,203,63.6082,-171.19,79,19.9433,79,19.9433,1,1,5
1,100,1000,4,204,12.4182,-152.774,46,21.5246,46,21.5246,1,1,6
1,100,1000,4,205,-83.4067,-139.603,54,5.10783,54,5.10783,1,1,6
1,100,1000,4,206,-17.2929,3.66028,84,9.64122,84,9.64122,1,1,7
1,100,1000,4,207,-38.788,108.172,45,15.7588,45,15.7588,1,1,4
1,100,1000,4,208,-50.2954,-142.922,32,16.1586,32,16.1586,1,1,6
1,100,1000,4,209,-80.7188,-52.8329,18,4.71127,18,4.71127,1,1,5
1,100,1000,4,210,48.7888,68.6358,8,6.42581,8,6.42581,1,1,3
1,100,1000,4,211,11.3763,60.6259,91,8.2137,91,8.2137,1,1,6
1,100,1000,4,212,-48.0879,-171.066,26,20.2734,26,20.2734,1,1,4
1,100,1000,4,213,-54.4694,38.4991,75,2.36365,75,2.36365,1,1,8
1,100,1000,4,214,-29.7459,-103.366,73,5.42173,73,5.42173,1,1,4
1,100,1000,4,215,-40.7486,-127.996,32,17.0353,32,17.0353,1,1,6
1,100,1000,4,216,-74.0602,-165.807,26,9.47342,26,9.47342,1,1,6
1,100,1000,4,217,55.278,-36.9042,97,4.16341,97,4.16341,1,1,4
1,100,1000,4,218,-67.2937,57.7724,65,8.5977,65,8.5977,1,1,6
1,100,1000,4,219,-14.0472,70.249,91,22.0593,91,22.0593,1,1,5
1,100,1000,4,220,42.499,-14.9079,86,6.27309,86,6.27309,1,1,5
1,100,1000,4,221,55.3231,-129.588,61,3.7401,61,3.7401,1,1,3
1,100,1000,4,222,84.3762,-146.93,14,0.89503,14,0.89503,1,1,2
1,100,1000,4,223,79.2919,-111.838,22,3.51384,22,3.51384,1,1,3
1,100,1000,4,224,-54.9257,177.146,59,4.66684,59,4.66684,1,1,5
1,100,1000,4,225,7.6644,167.726,5,13.306,5,13.306,1,1,3
1,100,1000,4,226,32.891,-141.919,6,12.4599,6,12.4599,1,1,4
1,100,1000,4,227,24.176,149.606,56,27.2284,56,27.2284,1,1,3
1,100,1000,4,228,-66.4922,119.413,69,3.25963,69,3.25963,1,1,7
1,100,1000,4,229,4.05266,-12.4761,10,17.8448,10,17.8448,1,1,4
1,100,1000,4,230,-81.9762,106.608,58,2.24713,58,2.24713,1,1,8
1,100,1000,4,231,19.7638,-132.073,6,28.3873,6,28.3873,1,1,4
1,100,1000,4,232,60.4007,-29.9164,97,6.47119,97,6.47119,1,1,6
1,100,1000,4,233,5.51149,166.214,5,10.9044,5,10.9044,1,1,3
1,100,1000,4,234,-76.072,162.929,11,1.56268,11,1.56268,1,1,4
1,100,1000,4,235,28.2315,112.854,7,19.0846,7,19.0846,1,1,3
1,100,1000,4,236,-15.9896,-12.8907,19,5.2838,19,5.2838,1,1,5
1,100,1000,4,237,81.6331,-43.2268,64,7.17523,64,7.17523,1,1,2
1,100,1000,4,238,10.0897,141.85,56,11.7185,56,11.7185,1,1,4
1,100,1000,4,239,12.4674,90.328,91,22.2673,91,22.2673,1,1,4
1,100,1000,4,240,69.4981,-139.736,79,5.97039,79,5.97039,1,1,5
1,100,1000,4,241,39.0271,24.7782,41,3.83969,41,3.83969,1,1,6
1,100,1000,4,242,-50.8275,-53.5938,72,11.8686,72,11.8686,1,1,5
1,100,1000,4,243,-2.80783,-54.6394,60,7.84407,60,7.84407,1,1,4
1,100,1000,4,244,-57.0902,-177.51,26,14.6634,26,14.6634,1,1,5
1,100,1000,4,245,56.4423,-98.1328,88,11.042,88,11.042,1,1,5
1,100,1000,4,246,54.5489,-27.5879,97,1.59485,97,1.59485,1,1,5
1,100,1000,4,247,-25.1028,49.8992,49,22.5276,49,22.5276,1,1,3
1,100,1000,4,248,61.2479,140.817,53,10.9701,53,10.9701,1,1,6
1,100,1000,4,249,18.0566,150.352,56,21.8912,56,21.8912,1,1,4
1,100,1000,4,250,61.873,-87.4238,88,5.86196,88,5.86196,1,1,4
1,100,1000,4,251,41.6029,-88.2332,36,10.7094,36,10.7094,1,1,5
1,100,1000,4,252,39.8427,66.4719,8,9.68753,8,9.68753,1,1,3
1,100,1000,4,253,24.27,-80.135,36,8.34594,36,8.34594,1,1,5
1,100,1000,4,254,14.1609,-106.525,50,9.51944,50,9.51944,1,1,4
1,100,1000,4,255,-84.9035,-12.682,25,4.2068,25,4.2068,1,1,6
1,100,1000,4,256,-33.1307,88.2472,2,19.5994,2,19.5994,1,1,2
1,100,1000,4,257,-83.9519,12.0836,25,5.31636,25,5.31636,1,1,5
1,100,1000,4,258,-72.6733,6.4805,3,2.96304,3,2.96304,1,1,4
1,100,1000,4,259,68.7221,-79.527,67,7.322,67,7.322,1,1,4
1,100,1000,4,260,4.48507,70.3288,91,4.04016,91,4.04016,1,1,7
1,100,1000,4,261,1.1701,-61.9321,60,15.959,60,15.959,1,1,4
1,100,1000,4,262,-68.6295,132.135,69,4.43075,69,4.43075,1,1,6
1,100,1000,4,263,83.9835,165.237,12,5.94375,12,5.94375,1,1,2
1,100,1000,4,264,46.476,24.0803,41,3.65125,41,3.65125,1,1,7
1,100,1000,4,265,67.7942,36.6981,37,5.28634,37,5.28634,1,1,4
1,100,1000,4,266,58.3282,38.7942,24,9.87507,24,9.87507,1,1,4
1,100,1000,4,267,64.2325,16.342,31,0.733842,31,0.733842,1,1,4
1,100,1000,4,268,-37.367,-2.99503,71,5.17935,71,5.17935,1,1,6
1,100,1000,4,269,58.1035,133.588,35,13.7297,35,13.7297,1,1,6
1,100,1000,4,270,35.24,126.4,68,20.4395,68,20.4395,1,1,4
1,100,1000,4,271,-29.5471,-175.781,4,10.5621,4,10.5621,1,1,3
1,100,1000,4,272,17.3236,-46.998,16,15.791,16,15.791,1,1,4
1,100,1000,4,273,8.15111,69.3006,91,1.13282,91,1.13282,1,1,6
1,100,1000,4,274,69.7413,-26.2535,96,3.13059,96,3.13059,1,1,4
1,100,1000,4,275,84.8868,-31.5473,64,3.37419,64,3.37419,1,1,2
1,100,1000,4,276,-67.9623,-7.88625,3,3.92881,3,3.92881,1,1,4
1,100,1000,4,277,43.2603,-93.1837,36,13.5896,36,13.5896,1,1,5
1,100,1000,4,278,-27.8758,74.4877,2,24.7023,2,24.7023,1,1,2
1,100,1000,4,279,-53.9735,-142.8,26,12.7635,26,12.7635,1,1,4
1,100,1000,4,280,-40.716,-152.359,32,7.0092,32,7.0092,1,1,4
1,100,1000,4,281,36.9492,-144.776,6,7.79187,6,7.79187,1,1,4
1,100,1000,4,282,33.2178,22.3634,41,9.69645,41,9.69645,1,1,4
1,100,1000,4,283,25.7832,171.702,5,31.8299,5,31.8299,1,1,2
1,100,1000,4,284,-80.3158,-12.2266,25,8.79486,25,8.79486,1,1,5
1,100,1000,4,285,62.6448,89.8483,35,8.08114,35,8.08114,1,1,5
1,100,1000,4,286,-32.9133,-113.805,73,7.22244,73,7.22244,1,1,7
1,100,1000,4,287,47.0334,148.821,30,21.3448,30,21.3448,1,1,5
1,100,1000,4,288,9.59873,-69.631,52,17.2724,52,17.2724,1,1,4
1,100,1000,4,289,19.0605,-21.32,10,14.0427,10,14.0427,1,1,4
1,100,1000,4,290,42.0578,27.8947,41,2.95345,41,2.95345,1,1,6
1,100,1000,4,291,63.5663,128.191,35,9.67673,35,9.67673,1,1,7
1,100,1000,4,292,-79.9958,33.6533,58,9.01583,58,9.01583,1,1,6
1,100,1000,4,293,-72.4965,-35.7432,18,7.01259,18,7.01259,1,1,5
1,100,1000,4,294,-35.9295,-72.94,92,2.22707,92,2.22707,1,1,4
1,100,1000,4,295,0.728592,26.7089,49,23.3368,49,23.3368,1,1,5
1,100,1000,4,296,-22.6493,-104.644,73,5.85725,73,5.85725,1,1,6
1,100,1000,4,297,30.9667,-158.863,46,2.24572,46,2.24572,1,1,5
1,100,1000,4,298,48.8595,-66.5003,9,1.66856,9,1.66856,1,1,2
1,100,1000,4,299,-83.5807,117.087,29,3.00322,29,3.00322,1,1,6
1,100,1000,4,300,50.6366,138.128,68,19.2995,68,19.2995,1,1,6
1,100,1000,4,301,13.4679,-144.554,46,24.2117,46,24.2117,1,1,6
1,100,1000,4,302,-77.8383,-58.9974,18,1.73422,18,1.73422,1,1,5
1,100,1000,4,303,-87.8665,43.521,25,1.86857,25,1.86857,1,1,6
1,100,1000,4,304,25.6858,42.3881,95,4.28675,95,4.28675,1,1,5
1,100,1000,4,305,-78.8995,-44.5128,18,4.01959,18,4.01959,1,1,5
1,100,1000,4,306,-54.8586,149.334,78,4.02191,78,4.02191,1,1,5
1,100,1000,4,307,-48.161,-89.7088,39,11.3813,39,11.3813,1,1,4
1,100,1000,4,308,1.49346,-61.3149,60,15.4976,60,15.4976,1,1,5
1,100,1000,4,309,27.274,111.128,7,18.7661,7,18.7661,1,1,3
1,100,1000,4,310,22.8726,-123.995,50,21.3234,50,21.3234,1,1,4
1,100,1000,4,311,-21.0816,-179.554,80,9.29287,80,9.29287,1,1,4
1,100,1000,4,312,-24.3196,-160.23,4,8.5666,4,8.5666,1,1,3
1,100,1000,4,313,-79.2083,-130.92,98,3.81773,98,3.81773,1,1,8
1,100,1000,4,314,-23.3651,-145.578,21,9.48636,21,9.48636,1,1,4
1,100,1000,4,315,83.0837,-125.457,14,3.28045,14,3.28045,1,1,2
1,100,1000,4,316,86.2749,13.1031,64,0.355095,64,0.355095,1,1,2
1,100,1000,4,317,-45.0053,-163.127,32,15.5725,32,15.5725,1,1,5
1,100,1000,4,318,67.0529,-85.7436,67,6.64728,67,6.64728,1,1,4
1,100,1000,4,319,30.1972,5.47739,99,9.07748,99,9.07748,1,1,6
1,100,1000,4,320,68.3223,82.5953,23,5.92358,23,5.92358,1,1,2
1,100,1000,4,321,70.4823,-153.073,22,10.0558,22,10.0558,1,1,4
1,100,1000,4,322,25.9645,-135.357,6,21.4593,6,21.4593,1,1,4
1,100,1000,4,323,-31.3908,-125.084,42,8.58559,42,8.58559,1,1,6
1,100,1000,4,324,-8.33615,171.766,5,7.711,5,7.711,1,1,3
1,100,1000,4,325,83.0219,-150.927,14,0.821732,14,0.821732,1,1,2
1,100,1000,4,326,-66.1143,-56.1195,72,5.81986,72,5.81986,1,1,5
1,100,1000,4,327,-75.2404,-0.867722,3,3.92611,3,3.92611,1,1,4
1,100,1000,4,328,-18.1748,-128.897,27,4.30497,27,4.30497,1,1,5
1,100,1000,4,329,24.1061,96.9203,7,16.7132,7,16.7132,1,1,2
1,100,1000,4,330,-47.2377,34.3795,75,8.73945,75,8.73945,1,1,7
1,100,1000,4,331,75.7316,-101.926,67,4.12657,67,4.12657,1,1,4
1,100,1000,4,332,-66.2587,-118.547,98,12.9765,98,12.9765,1,1,6
1,100,1000,4,333,-42.5261,-178.412,4,22.9574,4,22.9574,1,1,3
1,100,1000,4,334,-12.1455,155.342,5,11.4707,5,11.4707,1,1,3
1,100,1000,4,335,3.53291,-67.6466,52,15.16,52,15.16,1,1,4
1,100,1000,4,336,28.9687,-31.9696,16,18.7618,16,18.7618,1,1,5
1,100,1000,4,337,-20.3597,-70.1337,83,1.6021,83,1.6021,1,1,5
1,100,1000,4,338,6.33649,76.4991,91,8.40285,91,8.40285,1,1,6
1,100,1000,4,339,-7.60891,176.001,5,11.5296,5,11.5296,1,1,3
1,100,1000,4,340,34.1327,-29.1741,86,17.3107,86,17.3107,1,1,5
1,100,1000,4,341,-77.4632,116.037,57,4.30965,57,4.30965,1,1,6
1,100,1000,4,342,47.3532,-125.407,81,4.24018,81,4.24018,1,1,4
1,100,1000,4,343,-32.4154,-121.643,42,10.1142,42,10.1142,1,1,5
1,100,1000,4,344,-37.1523,163.381,47,17.2212,47,17.2212,1,1,6
1,100,1000,4,345,77.6385,11.22,37,8.18845,37,8.18845,1,1,2
1,100,1000,4,346,8.88044,126.74,56,17.2619,56,17.2619,1,1,7
1,100,1000,4,347,44.6472,65.2436,8,8.3271,8,8.3271,1,1,3
1,100,1000,4,348,-85.9036,-175.758,93,7.50429,93,7.50429,1,1,6
1,100,1000,4,349,33.416,-16.0983,10,15.1312,10,15.1312,1,1,3
1,100,1000,4,350,79.7921,-106.102,22,4.66603,22,4.66603,1,1,3
1,100,1000,4,351,48.1275,37.5216,41,10.8452,41,10.8452,1,1,5
1,100,1000,4,352,20.9641,-124.464,50,21.9159,50,21.9159,1,1,4
1,100,1000,4,353,73.694,-125.399,22,4.27489,22,4.27489,1,1,3
1,100,1000,4,354,66.0174,-47.8299,96,6.98898,96,6.98898,1,1,5
1,100,1000,4,355,-64.6991,20.3002,63,2.08891,63,2.08891,1,1,5
1,100,1000,4,356,51.498,-104.325,81,10.931,81,10.931,1,1,5
1,100,1000,4,357,-21.8314,17.7023,49,7.18948,49,7.18948,1,1,7
1,100,1000,4,358,-24.8659,71.5063,38,28.1621,38,28.1621,1,1,3
1,100,1000,4,359,38.0296,55.9636,95,14.1562,95,14.1562,1,1,4
1,100,1000,4,360,27.4438,51.3363,95,4.01383,95,4.01383,1,1,6
1,100,1000,4,361,-56.4082,-107.352,98,22.6515,98,22.6515,1,1,5
1,100,1000,4,362,-0.961708,156.478,5,9.22019,5,9.22019,1,1,3
1,100,1000,4,363,68.946,6.26935,31,6.92126,31,6.92126,1,1,3
1,100,1000,4,364,80.36,24.724,64,6.36522,64,6.36522,1,1,3
1,100,1000,4,365,85.0855,140.304,12,4.4927,12,4.4927,1,1,2
1,100,1000,4,366,49.3109,86.4261,8,7.33023,8,7.33023,1,1,3
1,100,1000,4,367,-1.08707,-39.45,60,8.09341,60,8.09341,1,1,7
1,100,1000,4,368,70.9809,-34.7862,96,0.114606,96,0.114606,1,1,4
1,100,1000,4,369,7.57558,93.9966,38,25.2541,38,25.2541,1,1,5
1,100,1000,4,370,48.6919,65.753,8,8.16982,8,8.16982,1,1,3
1,100,1000,4,371,-32.8516,20.3798,49,11.2064,49,11.2064,1,1,6
1,100,1000,4,372,70.7142,70.634,23,3.77282,23,3.77282,1,1,2
1,100,1000,4,373,-70.9589,-88.3035,98,9.93747,98,9.93747,1,1,5
1,100,1000,4,374,-18.9299,114.141,34,5.98093,34,5.98093,1,1,5
1,100,1000,4,375,73.83,-162.972,22,9.42,22,9.42,1,1,4
1,100,1000,4,376,-7.26116,-145.156,21,8.57728,21,8.57728,1,1,4
1,100,1000,4,377,-45.1618,163.554,17,16.5002,17,16.5002,1,1,6
1,100,1000,4,378,-84.3392,-132.432,54,4.91314,54,4.91314,1,1,6
1,100,1000,4,379,-5.0882,172.042,5,7.37638,5,7.37638,1,1,3
1,100,1000,4,380,36.1462,-20.0054,86,12.758,86,12.758,1,1,5
1,100,1000,4,381,66.1729,-9.08571,96,10.5432,96,10.5432,1,1,3
1,100,1000,4,382,-56.7896,-49.8283,72,5.50933,72,5.50933,1,1,5
1,100,1000,4,383,65.7321,-151.617,79,11.2026,79,11.2026,1,1,5
1,100,1000,4,384,47.6927,-33.3846,97,6.57316,97,6.57316,1,1,4
1,100,1000,4,385,61.1896,12.7692,31,3.18273,31,3.18273,1,1,4
1,100,1000,4,386,-73.8158,-123.324,98,5.98935,98,5.98935,1,1,7
1,100,1000,4,387,-73.4255,173.797,11,5.44269,11,5.44269,1,1,4
1,100,1000,4,388,63.655,-108.769,79,7.54421,79,7.54421,1,1,8
1,100,1000,4,389,-47.2534,-90.5496,39,10.7534,39,10.7534,1,1,4
1,100,1000,4,390,-87.3137,-126.847,93,3.96033,93,3.96033,1,1,6
1,100,1000,4,391,-36.7609,-9.14975,71,5.05975,71,5.05975,1,1,6
1,100,1000,4,392,-46.0015,16.1546,75,15.6264,75,15.6264,1,1,8
1,100,1000,4,393,-12.7978,-80.6815,1,1.59009,1,1.59009,1,1,2
1,100,1000,4,394,31.8616,144.228,68,33.1518,68,33.1518,1,1,6
1,100,1000,4,395,-44.32,-43.9844,72,17.7965,72,17.7965,1,1,7
1,100,1000,4,396,-27.8886,-136.294,42,11.2382,42,11.2382,1,1,7
1,100,1000,4,397,63.4649,10.6435,31,2.93798,31,2.93798,1,1,4
1,100,1000,4,398,-3.06125,78.3941,91,14.9864,91,14.9864,1,1,7
1,100,1000,4,399,19.513,-90.7371,50,9.87034,50,9.87034,1,1,4
1,100,1000,4,400,-67.4952,-18.5947,85,1.83742,85,1.83742,1,1,5
1,100,1000,4,401,51.0161,-102.622,81,11.8023,81,11.8023,1,1,5
1,100,1000,4,402,19.0407,135.181,56,21.2594,56,21.2594,1,1,5
1,100,1000,4,403,-54.4126,-14.6085,55,9.48167,55,9.48167,1,1,5
1,100,1000,4,404,-76.7938,-23.332,3,7.99765,3,7.99765,1,1,4
1,100,1000,4,405,37.4209,-148.215,6,5.94041,6,5.94041,1,1,4
1,100,1000,4,406,14.9107,-178.68,46,24.3627,46,24.3627,1,1,5
1,100,1000,4,407,11.3176,117.818,34,24.486,34,24.486,1,1,5
1,100,1000,4,408,8.73737,177.04,5,18.7115,5,18.7115,1,1,3
1,100,1000,4,409,-71.4316,-98.8022,98,8.17805,98,8.17805,1,1,6
1,100,1000,4,410,70.6339,-51.5031,96,5.53369,96,5.53369,1,1,5
1,100,1000,4,411,18.6067,-94.5094,50,6.94657,50,6.94657,1,1,4
1,100,1000,4,412,-3.89865,-15.8567,19,17.246,19,17.246,1,1,4
1,100,1000,4,413,48.067,166.08,30,18.5895,30,18.5895,1,1,6
1,100,1000,4,414,-58.7313,-44.8399,72,3.4278,72,3.4278,1,1,5
1,100,1000,4,415,-52.3284,-72.453,72,17.0529,72,17.0529,1,1,6
1,100,1000,4,416,58.2827,177.375,30,10.3134,30,10.3134,1,1,4
1,100,1000,4,417,2.4625,-25.3532,33,21.205,33,21.205,1,1,5
1,100,1000,4,418,66.2783,76.0998,23,3.59257,23,3.59257,1,1,3
1,100,1000,4,419,70.0191,158.969,30,3.91486,30,3.91486,1,1,4
1,100,1000,4,420,-63.6161,34.8801,65,1.89927,65,1.89927,1,1,6
1,100,1000,4,421,-84.623,82.5892,58,2.44576,58,2.44576,1,1,8
1,100,1000,4,422,18.1001,33.3893,95,14.9991,95,14.9991,1,1,6
1,100,1000,4,423,10.2038,-126.325,62,25.93,62,25.93,1,1,6
1,100,1000,4,424,15.2145,57.5444,82,11.3919,82,11.3919,1,1,5
1,100,1000,4,425,-22.5636,-8.30312,19,5.8245,19,5.8245,1,1,5
1,100,1000,4,426,-86.9794,172.086,29,2.63347,29,2.63347,1,1,7
1,100,1000,4,427,38.5937,-1.75603,66,5.76529,66,5.76529,1,1,4
1,100,1000,4,428,-11.8853,-6.67845,84,9.41272,84,9.41272,1,1,6
1,100,1000,4,429,-7.83791,38.7669,49,19.5676,49,19.5676,1,1,6
1,100,1000,4,430,64.2408,59.6673,24,1.99824,24,1.99824,1,1,4
1,100,1000,4,431,73.157,65.0471,23,6.06509,23,6.06509,1,1,2
1,100,1000,4,432,28.5213,-28.7611,10,21.5955,10,21.5955,1,1,4
1,100,1000,4,433,-70.1531,9.59915,74,2.3101,74,2.3101,1,1,5
1,100,1000,4,434,-66.3306,179.732,59,6.86592,59,6.86592,1,1,5
1,100,1000,4,435,-5.71593,-79.8934,52,2.81361,52,2.81361,1,1,3
1,100,1000,4,436,17.3061,-0.677841,10,6.58851,10,6.58851,1,1,4
1,100,1000,4,437,-88.6521,-109.188,93,1.82243,93,1.82243,1,1,7
1,100,1000,4,438,-73.6443,23.1033,74,7.74697,74,7.74697,1,1,5
1,100,1000,4,439,-27.7563,63.1405,2,27.9589,2,27.9589,1,1,2
1,100,1000,4,440,-49.6761,79.3601,2,2.63252,2,2.63252,1,1,3
1,100,1000,4,441,-62.5813,-93.311,98,17.4108,98,17.4108,1,1,5
1,100,1000,4,442,35.7231,132.025,68,23.0343,68,23.0343,1,1,4
1,100,1000,4,443,42.4665,-132.324,81,10.1934,81,10.1934,1,1,5
1,100,1000,4,444,-27.3268,-110.743,73,1.75552,73,1.75552,1,1,6
1,100,1000,4,445,43.2213,-106.172,81,9.88936,81,9.88936,1,1,7
1,100,1000,4,446,64.4623,52.7566,24,1.0016,24,1.0016,1,1,4
1,100,1000,4,447,69.4376,5.96715,31,7.35379,31,7.35379,1,1,3
1,100,1000,4,448,-78.0022,178.569,11,4.35208,11,4.35208,1,1,5
1,100,1000,4,449,-82.2169,-108.666,54,1.82514,54,1.82514,1,1,6
1,100,1000,4,450,89.1506,4.13445,0,0.982373,0,0.982373,1,1,1
1,100,1000,4,451,-4.27959,32.9134,49,19.6908,49,19.6908,1,1,4
1,100,1000,4,452,-88.2717,-5.8634,25,0.839001,25,0.839001,1,1,6
1,100,1000,4,453,51.8629,-143.832,6,10.4106,6,10.4106,1,1,2
1,100,1000,4,454,-81.38,-131.787,54,3.54689,54,3.54689,1,1,6
1,100,1000,4,455,49.6543,-82.1123,88,9.07458,88,9.07458,1,1,5
1,100,1000,4,456,63.7866,154.146,30,5.11348,30,5.11348,1,1,4
1,100,1000,4,457,2.28838,19.0195,84,19.8296,84,19.8296,1,1,7
1,100,1000,4,458,53.0854,-90.4902,88,8.83215,88,8.83215,1,1,4
1,100,1000,4,459,33.3476,-128.483,81,15.053,81,15.053,1,1,4
1,100,1000,4,460,-10.6165,-26.8621,33,14.3099,33,14.3099,1,1,5
1,100,1000,4,461,-27.3274,-72.3084,51,3.85212,51,3.85212,1,1,4
1,100,1000,4,462,-77.0528,-95.7797,98,3.67139,98,3.67139,1,1,6
1,100,1000,4,463,56.8293,-130.11,61,4.04785,61,4.04785,1,1,3
1,100,1000,4,464,-48.6054,129.225,94,6.53115,94,6.53115,1,1,5
1,100,1000,4,465,-29.3879,-98.9096,73,8.97568,73,8.97568,1,1,4
1,100,1000,4,466,-23.3203,112.665,34,10.5472,34,10.5472,1,1,5
1,100,1000,4,467,57.0019,-43.184,97,8.02633,97,8.02633,1,1,4
1,100,1000,4,468,-36.5992,37.7295,49,17.6401,49,17.6401,1,1,4
1,100,1000,4,469,-3.50797,-55.9584,60,9.0549,60,9.0549,1,1,4
1,100,1000,4,470,42.9713,-87.7075,36,11.9807,36,11.9807,1,1,5
1,100,1000,4,471,20.9647,33.5159,95,13.4744,95,13.4744,1,1,6
1,100,1000,4,472,-56.7808,-133.494,26,12.8687,26,12.8687,1,1,6
1,100,1000,4,473,-63.7323,172.609,59,4.6077,59,4.6077,1,1,4
1,100,1000,4,474,-21.9921,119.231,20,7.55198,20,7.55198,1,1,4
1,100,1000,4,475,-67.9369,114.783,69,2.62623,69,2.62623,1,1,7
1,100,1000,4,476,-43.8158,-10.5286,71,11.833,71,11.833,1,1,7
1,100,1000,4,477,-68.7628,-61.7371,18,7.44628,18,7.44628,1,1,4
1,100,1000,4,478,36.8458,156.133,30,30.2095,30,30.2095,1,1,4
1,100,1000,4,479,-5.92356,156.481,5,8.1431,5,8.1431,1,1,3
1,100,1000,4,480,52.6791,109.377,68,2.45367,68,2.45367,1,1,4
1,100,1000,4,481,-61.2143,-121.282,26,14.7573,26,14.7573,1,1,5
1,100,1000,4,482,21.0211,171.575,5,27.1825,5,27.1825,1,1,2
1,100,1000,4,483,7.76682,148.844,56,12.488,56,12.488,1,1,4
1,100,1000,4,484,14.6523,-171.482,46,20.6755,46,20.6755,1,1,5
1,100,1000,4,485,-43.5573,-64.7527,92,11.1896,92,11.1896,1,1,4
1,100,1000,4,486,-39.5949,134.815,17,8.84806,17,8.84806,1,1,4
1,100,1000,4,487,74.3816,-12.7513,96,7.29319,96,7.29319,1,1,5
1,100,1000,4,488,-89.3395,-158.702,93,1.23371,93,1.23371,1,1,7
1,100,1000,4,489,-10.0711,-42.6632,33,1.83362,33,1.83362,1,1,4
1,100,1000,4,490,70.2645,23.984,37,5.23833,37,5.23833,1,1,5
1,100,1000,4,491,-53.9401,-127.103,26,17.4579,26,17.4579,1,1,5
1,100,1000,4,492,-83.2723,-65.4058,25,6.92065,25,6.92065,1,1,6
1,100,1000,4,493,-4.41985,87.147,38,18.0107,38,18.0107,1,1,6
1,100,1000,4,494,-44.6363,159.313,17,13.784,17,13.784,1,1,6
1,100,1000,4,495,31.814,-163.914,46,3.01777,46,3.01777,1,1,5
1,100,1000,4,496,44.3452,121.199,68,10.9487,68,10.9487,1,1,3
1,100,1000,4,497,-52.5984,-49.2675,72,9.55874,72,9.55874,1,1,5
1,100,1000,4,498,56.3872,90.3368,35,10.3629,35,10.3629,1,1,4
1,100,1000,4,499,-40.2118,-37.921,72,22.504,72,22.504,1,1,6
1,100,1000,4,500,49.4272,12.4619,66,9.22892,66,9.22892,1,1,6
1,100,1000,4,501,38.6632,-160.335,46,5.94224,46,5.94224,1,1,5
1,100,1000,4,502,-16.3616,46.0895,49,20.4486,49,20.4486,1,1,3
1,100,1000,4,503,3.45669,-31.4024,60,17.3141,60,17.3141,1,1,6
1,100,1000,4,504,33.694,166.771,30,32.9758,30,32.9758,1,1,3
1,100,1000,4,505,52.9672,27.917,41,10.4718,41,10.4718,1,1,6
1,100,1000,4,506,5.37758,178.054,5,17.1336,5,17.1336,1,1,3
1,100,1000,4,507,40.4072,24.2106,41,2.42151,41,2.42151,1,1,6
1,100,1000,4,508,-33.6758,-108.025,73,6.5592,73,6.5592,1,1,6
1,100,1000,4,509,-34.3212,23.3759,49,11.8846,49,11.8846,1,1,6
1,100,1000,4,510,-64.3561,174.986,59,4.84677,59,4.84677,1,1,4
1,100,1000,4,511,19.7307,139.978,56,21.2909,56,21.2909,1,1,4
1,100,1000,4,512,58.0924,114.265,35,5.327,35,5.327,1,1,4
1,100,1000,4,513,-44.6446,48.9592,75,14.2945,75,14.2945,1,1,5
1,100,1000,4,514,12.3007,10.2871,10,18.2572,10,18.2572,1,1,3
1,100,1000,4,515,-84.4809,-56.544,25,5.32469,25,5.32469,1,1,6
1,100,1000,4,516,-78.6255,88.3646,58,3.7307,58,3.7307,1,1,8
1,100,1000,4,517,-18.4397,-9.9743,19,4.91055,19,4.91055,1,1,5
1,100,1000,4,518,-22.773,150.034,13,7.7473,13,7.7473,1,1,4
1,100,1000,4,519,69.3117,-158.158,22,12.0604,22,12.0604,1,1,4
1,100,1000,4,520,68.4026,64.5578,23,1.62952,23,1.62952,1,1,2
1,100,1000,4,521,24.8795,-32.4396,16,19.7999,16,19.7999,1,1,5
1,100,1000,4,522,31.306,-49.4266,16,3.49663,16,3.49663,1,1,4
1,100,1000,4,523,85.8855,175.26,12,4.1148,12,4.1148,1,1,2
1,100,1000,4,524,11.2741,-76.8714,52,15.137,52,15.137,1,1,4
1,100,1000,4,525,9.31818,73.836,91,5.76393,91,5.76393,1,1,6
1,100,1000,4,526,-40.9429,-121.902,73,17.5649,73,17.5649,1,1,9
1,100,1000,4,527,16.9071,-145.701,46,20.7565,46,20.7565,1,1,5
1,100,1000,4,528,86.1812,124.525,12,3.36149,12,3.36149,1,1,2
1,100,1000,4,529,41.6291,16.9639,41,5.3672,41,5.3672,1,1,5
1,100,1000,4,530,-22.594,94.2964,38,8.11834,38,8.11834,1,1,5
1,100,1000,4,531,70.2099,-22.439,96,4.15084,96,4.15084,1,1,3
1,100,1000,4,532,1.33048,-76.4595,52,6.58796,52,6.58796,1,1,4
1,100,1000,4,533,73.7934,137.115,53,1.76945,53,1.76945,1,1,4
1,100,1000,4,534,-53.2127,106.21,45,5.14974,45,5.14974,1,1,3
1,100,1000,4,535,79.4785,-149.62,14,4.34732,14,4.34732,1,1,2
1,100,1000,4,536,-4.61607,28.716,49,18.2406,49,18.2406,1,1,4
1,100,1000,4,537,-1.02988,-126.62,27,15.4765,27,15.4765,1,1,5
1,100,1000,4,538,79.6447,-10.2888,64,7.14231,64,7.14231,1,1,2
1,100,1000,4,539,-65.6798,1.83757,74,3.0545,74,3.0545,1,1,6
1,100,1000,4,540,46.4199,67.2767,8,6.75263,8,6.75263,1,1,3
1,100,1000,4,541,-52.1632,-169.046,26,15.9545,26,15.9545,1,1,5
1,100,1000,4,542,62.6873,109.488,35,1.19377,35,1.19377,1,1,5
1,100,1000,4,543,-67.3736,117.737,69,2.5174,69,2.5174,1,1,7
1,100,1000,4,544,27.0064,128.511,68,28.4804,68,28.4804,1,1,4
1,100,1000,4,545,-22.6496,-171.175,4,2.70029,4,2.70029,1,1,3
1,100,1000,4,546,21.4037,-84.8793,36,9.73172,36,9.73172,1,1,5
1,100,1000,4,547,-6.80709,-134.532,27,8.87931,27,8.87931,1,1,5
1,100,1000,4,548,9.33062,-46.0275,60,13.5987,60,13.5987,1,1,6
1,100,1000,4,549,-88.7083,92.2358,93,1.66486,93,1.66486,1,1,7
1,100,1000,4,550,-59.9087,161.54,59,7.72443,59,7.72443,1,1,4
1,100,1000,4,551,61.3078,50.9505,24,3.60336,24,3.60336,1,1,4
1,100,1000,4,552,5.12821,-59.4441,60,15.6456,60,15.6456,1,1,6
1,100,1000,4,553,52.1652,-10.4541,86,5.2671,86,5.2671,1,1,6
1,100,1000,4,554,55.1335,152.971,30,12.7467,30,12.7467,1,1,5
1,100,1000,4,555,85.6917,23.1068,64,1.2691,64,1.2691,1,1,2
1,100,1000,4,556,20.1237,-112.943,50,11.368,50,11.368,1,1,5
1,100,1000,4,557,17.0303,-14.378,10,8.39679,10,8.39679,1,1,4
1,100,1000,4,558,88.2724,79.3134,0,1.20885,0,1.20885,1,1,1
1,100,1000,4,559,-38.3205,50.5576,75,20.4714,75,20.4714,1,1,4
1,100,1000,4,560,13.9122,58.0598,82,10.1524,82,10.1524,1,1,5
1,100,1000,4,561,29.6912,-109.368,50,10.7596,50,10.7596,1,1,5
1,100,1000,4,562,76.5903,-134.232,22,1.87766,22,1.87766,1,1,3
1,100,1000,4,563,-31.95,-8.15819,71,2.28674,71,2.28674,1,1,5
1,100,1000,4,564,-0.129631,-61.3166,60,14.9689,60,14.9689,1,1,5
1,100,1000,4,565,-47.9612,59.9234,2,14.2799,2,14.2799,1,1,3
1,100,1000,4,566,-39.8881,-153.307,32,6.74764,32,6.74764,1,1,4
1,100,1000,4,567,-34.5631,110.48,20,18.4656,20,18.4656,1,1,4
1,100,1000,4,568,-16.3754,-144.796,21,3.85125,21,3.85125,1,1,4
1,100,1000,4,569,-39.9869,-102.484,73,13.8682,73,13.8682,1,1,4
1,100,1000,4,570,-85.9125,-88.5904,25,4.69511,25,4.69511,1,1,6
1,100,1000,4,571,50.3115,48.4224,24,14.5203,24,14.5203,1,1,5
1,100,1000,4,572,-10.7667,-45.3163,33,3.88422,33,3.88422,1,1,4
1,100,1000,4,573,-72.9778,-24.9885,3,7.21586,3,7.21586,1,1,4
1,100,1000,4,574,-73.0014,-42.5966,18,5.13953,18,5.13953,1,1,5
1,100,1000,4,575,-77.2155,61.8216,58,7.20534,58,7.20534,1,1,7
1,100,1000,4,576,-82.2684,84.9514,58,0.727371,58,0.727371,1,1,8
1,100,1000,4,577,66.2267,168.644,30,1.79138,30,1.79138,1,1,4
1,100,1000,4,578,65.3598,-111.447,79,5.55763,79,5.55763,1,1,8
1,100,1000,4,579,-9.75717,-49.5397,60,6.10306,60,6.10306,1,1,4
1,100,1000,4,580,3.61841,64.5633,91,5.6056,91,5.6056,1,1,7
1,100,1000,4,581,-84.8082,107.461,29,3.08733,29,3.08733,1,1,7
1,100,1000,4,582,45.6283,-58.7425,77,6.33478,77,6.33478,1,1,3
1,100,1000,4,583,18.9704,-121.494,50,19.4999,50,19.4999,1,1,5
1,100,1000,4,584,-11.7691,137.967,13,10.1404,13,10.1404,1,1,4
1,100,1000,4,585,-21.9889,-15.3633,19,1.29277,19,1.29277,1,1,5
1,100,1000,4,586,-65.3117,-123.355,26,12.1855,26,12.1855,1,1,5
1,100,1000,4,587,-73.4704,27.8431,65,8.79602,65,8.79602,1,1,5
1,100,1000,4,588,5.66446,-112.896,62,19.6714,62,19.6714,1,1,6
1,100,1000,4,589,-88.5727,45.3261,25,1.23007,25,1.23007,1,1,6
1,100,1000,4,590,12.2535,-151.576,46,22.0712,46,22.0712,1,1,6
1,100,1000,4,591,-36.4262,39.9703,49,18.7648,49,18.7648,1,1,4
1,100,1000,4,592,56.6875,-120.399,61,1.69441,61,1.69441,1,1,4
1,100,1000,4,593,14.3071,64.0946,91,7.54575,91,7.54575,1,1,6
1,100,1000,4,594,-25.9228,-170.9,4,5.21908,4,5.21908,1,1,3
1,100,1000,4,595,-82.7225,135.391,57,2.1487,57,2.1487,1,1,7
1,100,1000,4,596,36.8316,-155.061,46,6.07619,46,6.07619,1,1,5
1,100,1000,4,597,31.4259,-15.0803,10,13.0217,10,13.0217,1,1,3
1,100,1000,4,598,-16.9019,-79.2074,1,2.83434,1,2.83434,1,1,2
1,100,1000,4,599,21.7128,122.658,56,29.1651,56,29.1651,1,1,4
1,100,1000,4,600,-60.6202,179.448,59,1.65061,59,1.65061,1,1,4
1,100,1000,4,601,-36.3527,-71.8639,92,2.48762,92,2.48762,1,1,4
1,100,1000,4,602,-61.9535,-39.6464,72,3.26337,72,3.26337,1,1,5
1,100,1000,4,603,67.9896,67.4218,23,0.851938,23,0.851938,1,1,2
1,100,1000,4,604,13.7286,138.834,56,15.3738,56,15.3738,1,1,4
1,100,1000,4,605,-33.626,-128.036,42,11.1043,42,11.1043,1,1,7
1,100,1000,4,606,83.6287,39.8956,64,3.93018,64,3.93018,1,1,2
1,100,1000,4,607,45.9672,100.632,7,6.44279,7,6.44279,1,1,2
1,100,1000,4,608,49.7483,-59.4515,9,3.93083,9,3.93083,1,1,2
1,100,1000,4,609,-7.63648,-132.349,27,7.79014,27,7.79014,1,1,5
1,100,1000,4,610,-25.1759,-0.718018,71,8.59176,71,8.59176,1,1,6
1,100,1000,4,611,-88.4789,-156.689,93,2.63256,93,2.63256,1,1,7
1,100,1000,4,612,12.1103,65.894,91,4.76164,91,4.76164,1,1,6
1,100,1000,4,613,4.11554,170.417,5,11.0292,5,11.0292,1,1,3
1,100,1000,4,614,83.3433,-128.343,14,2.85223,14,2.85223,1,1,2
1,100,1000,4,615,56.5373,-134.554,61,6.44986,61,6.44986,1,1,3
1,100,1000,4,616,-64.4478,-139.631,26,5.66755,26,5.66755,1,1,6
1,100,1000,4,617,-13.2088,-72.8027,40,0.945858,40,0.945858,1,1,3
1,100,1000,4,618,0.361366,-70.4384,52,11.3557,52,11.3557,1,1,4
1,100,1000,4,619,87.3096,-151.82,70,2.72323,70,2.72323,1,1,3
1,100,1000,4,620,-55.8023,-72.6329,72,14.8201,72,14.8201,1,1,6
1,100,1000,4,621,-49.928,-124.347,26,21.8632,26,21.8632,1,1,6
1,100,1000,4,622,73.6313,172.078,15,4.21307,15,4.21307,1,1,3
1,100,1000,4,623,78.1426,66.7593,44,3.72293,44,3.72293,1,1,3
1,100,1000,4,624,-33.6865,-38.9877,33,22.363,33,22.363,1,1,4
1,100,1000,4,625,57.2051,62.2752,24,7.99202,24,7.99202,1,1,5
1,100,1000,4,626,70.1471,117.452,53,7.5064,53,7.5064,1,1,5
1,100,1000,4,627,42.7933,-15.4851,86,5.91658,86,5.91658,1,1,5
1,100,1000,4,628,1.67325,-86.1824,52,6.97941,52,6.97941,1,1,3
1,100,1000,4,629,-12.5342,-9.96684,19,9.53248,19,9.53248,1,1,5
1,100,1000,4,630,-17.2629,-91.9938,1,12.1762,1,12.1762,1,1,2
1,100,1000,4,631,17.7397,16.5786,10,22.0166,10,22.0166,1,1,3
1,100,1000,4,632,-25.8123,-170.938,4,5.12982,4,5.12982,1,1,3
1,100,1000,4,633,61.888,129.098,35,10.2661,35,10.2661,1,1,7
1,100,1000,4,634,-30.6883,118.395,20,10.7699,20,10.7699,1,1,4
1,100,1000,4,635,78.639,7.0188,64,7.79306,64,7.79306,1,1,3
1,100,1000,4,636,-67.119,-122.578,26,12.1471,26,12.1471,1,1,5
1,100,1000,4,637,31.3358,-166.975,46,5.65294,46,5.65294,1,1,5
1,100,1000,4,638,-65.2497,38.9568,65,0.826399,65,0.826399,1,1,6
1,100,1000,4,639,39.892,-17.8725,86,8.81057,86,8.81057,1,1,5
1,100,1000,4,640,89.9846,14.1943,12,0.64769,12,0.64769,1,1,2
1,100,1000,4,641,-67.7987,140.263,69,7.5677,69,7.5677,1,1,5
1,100,1000,4,642,-24.1766,129.989,20,2.60724,20,2.60724,1,1,5
1,100,1000,4,643,-27.6109,134.993,20,8.14964,20,8.14964,1,1,5
1,100,1000,4,644,-68.0966,99.7098,48,5.39246,48,5.39246,1,1,5
1,100,1000,4,645,-27.4868,9.28116,71,13.855,71,13.855,1,1,7
1,100,1000,4,646,-86.142,160.506,29,1.60292,29,1.60292,1,1,7
1,100,1000,4,647,-77.0701,-43.9087,18,3.38887,18,3.38887,1,1,5
1,100,1000,4,648,84.7838,149.636,12,4.87685,12,4.87685,1,1,2
1,100,1000,4,649,-47.4053,-71.809,92,13.54,92,13.54,1,1,5
1,100,1000,4,650,44.0154,-117.533,81,2.9027,81,2.9027,1,1,5
1,100,1000,4,651,57.6049,133.793,35,14.0746,35,14.0746,1,1,6
1,100,1000,4,652,-30.0553,-2.11853,71,3.92604,71,3.92604,1,1,6
1,100,1000,4,653,73.4088,-10.6101,96,7.6962,96,7.6962,1,1,5
1,100,1000,4,654,-71.5808,46.6016,65,7.22091,65,7.22091,1,1,7
1,100,1000,4,655,75.7587,-143.193,22,4.0385,22,4.0385,1,1,3
1,100,1000,4,656,-59.602,-164.08,26,8.0341,26,8.0341,1,1,5
1,100,1000,4,657,88.5354,12.4427,0,0.661014,0,0.661014,1,1,1
1,100,1000,4,658,72.9546,-58.151,96,7.47976,96,7.47976,1,1,5
1,100,1000,4,659,-16.282,-170.284,4,4.98035,4,4.98035,1,1,3
1,100,1000,4,660,-69.2206,92.4623,48,8.23357,48,8.23357,1,1,4
1,100,1000,4,661,9.49863,-130.725,27,24.9786,27,24.9786,1,1,6
1,100,1000,4,662,36.4841,44.8571,95,10.6511,95,10.6511,1,1,5
1,100,1000,4,663,2.68309,62.5358,82,6.0078,82,6.0078,1,1,6
1,100,1000,4,664,7.24641,90.5556,91,22.1885,91,22.1885,1,1,6
1,100,1000,4,665,85.3634,-77.4764,70,3.42012,70,3.42012,1,1,3
1,100,1000,4,666,76.5114,105.937,28,1.07912,28,1.07912,1,1,4
1,100,1000,4,667,-61.8418,-87.0877,18,17.6966,18,17.6966,1,1,4
1,100,1000,4,668,-38.0909,-156.866,32,7.91045,32,7.91045,1,1,4
1,100,1000,4,669,41.1511,-39.3435,97,14.2203,97,14.2203,1,1,4
1,100,1000,4,670,34.8678,53.8195,95,10.564,95,10.564,1,1,4
1,100,1000,4,671,-1.26804,130.532,56,9.98961,56,9.98961,1,1,7
1,100,1000,4,672,34.8698,-5.4653,99,10.3957,99,10.3957,1,1,5
1,100,1000,4,673,-18.5129,35.6488,49,10.3985,49,10.3985,1,1,4
1,100,1000,4,674,58.1918,110.41,35,4.2204,35,4.2204,1,1,4
1,100,1000,4,675,22.6825,157.943,5,28.7332,5,28.7332,1,1,2
1,100,1000,4,676,11.4362,-115.638,50,17.6367,50,17.6367,1,1,5
1,100,1000,4,677,-76.3913,-84.1593,18,6.23499,18,6.23499,1,1,4
1,100,1000,4,678,54.6096,32.5836,31,11.965,31,11.965,1,1,5
1,100,1000,4,679,79.1882,-56.2879,96,9.81239,96,9.81239,1,1,4
1,100,1000,4,680,-28.4304,149.103,13,9.77682,13,9.77682,1,1,4
1,100,1000,4,681,23.1178,-83.838,36,8.13975,36,8.13975,1,1,5
1,100,1000,4,682,37.52,102.552,7,6.43183,7,6.43183,1,1,2
1,100,1000,4,683,4.53716,178.858,5,17.2792,5,17.2792,1,1,3
1,100,1000,4,684,62.843,-88.6235,88,6.87162,88,6.87162,1,1,4
1,100,1000,4,685,-20.2426,15.4217,49,9.60148,49,9.60148,1,1,7
1,100,1000,4,686,72.598,136.979,53,0.943042,53,0.943042,1,1,4
1,100,1000,4,687,-17.0234,34.9356,49,10.5293,49,10.5293,1,1,4
1,100,1000,4,688,-24.2433,108.927,38,10.8759,38,10.8759,1,1,6
1,100,1000,4,689,-54.7078,-112.103,26,22.9954,26,22.9954,1,1,4
1,100,1000,4,690,19.6688,115.949,7,27.5807,7,27.5807,1,1,4
1,100,1000,4,691,-67.0802,-117.79,98,12.1196,98,12.1196,1,1,7
1,100,1000,4,692,-89.8443,-106.943,93,0.30571,93,0.30571,1,1,7
1,100,1000,4,693,-10.9747,109.531,34,5.68454,34,5.68454,1,1,5
1,100,1000,4,694,52.8203,-43.5728,97,8.11182,97,8.11182,1,1,3
1,100,1000,4,695,-63.3786,-131.22,26,9.53974,26,9.53974,1,1,5
1,100,1000,4,696,-37.2347,99.4784,2,19.6955,2,19.6955,1,1,2
1,100,1000,4,697,-17.5291,-179.429,80,6.50708,80,6.50708,1,1,4
1,100,1000,4,698,11.0152,154.016,56,18.4086,56,18.4086,1,1,4
1,100,1000,4,699,89.7144,-32.2835,12,1.05608,12,1.05608,1,1,2
1,100,1000,4,700,-57.3037,-41.0564,72,5.50671,72,5.50671,1,1,6
1,100,1000,4,701,81.5691,-149.411,14,2.28009,14,2.28009,1,1,2
1,100,1000,4,702,-42.0389,-50.9086,92,18.4744,92,18.4744,1,1,8
1,100,1000,4,703,32.7621,47.4356,95,6.7542,95,6.7542,1,1,5
1,100,1000,4,704,-60.9906,136.109,78,5.4623,78,5.4623,1,1,9
1,100,1000,4,705,57.6663,97.3564,35,6.65488,35,6.65488,1,1,4
1,100,1000,4,706,36.0289,161.172,30,30.6637,30,30.6637,1,1,4
1,100,1000,4,707,79.7832,72.3693,44,1.78433,44,1.78433,1,1,3
1,100,1000,4,708,-62.8854,-42.3829,72,2.11959,72,2.11959,1,1,5
1,100,1000,4,709,0.949997,159.87,5,7.84141,5,7.84141,1,1,3
1,100,1000,4,710,47.0221,55.1427,8,15.1077,8,15.1077,1,1,3
1,100,1000,4,711,-75.6752,-160.425,26,10.2744,26,10.2744,1,1,6
1,100,1000,4,712,-12.6894,-6.40863,84,9.55033,84,9.55033,1,1,6
1,100,1000,4,713,-79.9273,176.652,11,4.46281,11,4.46281,1,1,5
1,100,1000,4,714,-16.1963,-160.426,4,9.32562,4,9.32562,1,1,3
1,100,1000,4,715,-17.8159,33.0001,49,8.55393,49,8.55393,1,1,4
1,100,1000,4,716,-10.7411,-52.4937,60,8.53783,60,8.53783,1,1,4
1,100,1000,4,717,31.7943,74.4401,8,14.0694,8,14.0694,1,1,3
1,100,1000,4,718,38.2989,-50.8871,16,6.65594,16,6.65594,1,1,4
1,100,1000,4,719,-29.0621,134.617,20,8.69746,20,8.69746,1,1,5
1,100,1000,4,720,-47.3893,-122.792,32,22.9716,32,22.9716,1,1,7
1,100,1000,4,721,25.9865,157.279,56,32.0428,56,32.0428,1,1,3
1,100,1000,4,722,-70.8097,31.5393,65,5.88792,65,5.88792,1,1,6
1,100,1000,4,723,24.8243,-87.3901,36,6.50651,36,6.50651,1,1,5
1,100,1000,4,724,84.5782,-128.451,14,2.65664,14,2.65664,1,1,2
1,100,1000,4,725,-53.7601,83.2006,2,2.10109,2,2.10109,1,1,3
1,100,1000,4,726,53.3457,-78.8706,88,5.07399,88,5.07399,1,1,4
1,100,1000,4,727,51.3877,-98.6875,88,13.8319,88,13.8319,1,1,6
1,100,1000,4,728,47.3604,122.921,68,10.4289,68,10.4289,1,1,4
1,100,1000,4,729,-51.0179,-117.672,26,23.5457,26,23.5457,1,1,4
1,100,1000,4,730,71.2475,42.3322,37,2.23583,37,2.23583,1,1,4
1,100,1000,4,731,47.6641,-58.9871,9,5.06476,9,5.06476,1,1,2
1,100,1000,4,732,84.9193,-21.0831,64,2.66908,64,2.66908,1,1,2
1,100,1000,4,733,-82.2735,66.4363,58,3.20251,58,3.20251,1,1,8
1,100,1000,4,734,54.0149,-42.6712,97,7.39259,97,7.39259,1,1,3
1,100,1000,4,735,10.5264,-166.749,46,22.9411,46,22.9411,1,1,4
1,100,1000,4,736,7.26856,-106.974,50,15.9037,50,15.9037,1,1,5
1,100,1000,4,737,85.2653,52.9177,0,3.302,0,3.302,1,1,1
1,100,1000,4,738,52.2825,40.1792,24,14.405,24,14.405,1,1,4
1,100,1000,4,739,72.7638,93.7214,28,5.85359,28,5.85359,1,1,4
1,100,1000,4,740,45.8639,-141.993,6,7.41581,6,7.41581,1,1,3
1,100,1000,4,741,-1.53902,18.4191,84,17.5882,84,17.5882,1,1,6
1,100,1000,4,742,-20.4316,-80.3027,1,6.3309,1,6.3309,1,1,2
1,100,1000,4,743,49.8658,-126.142,81,5.59099,81,5.59099,1,1,4
1,100,1000,4,744,-68.6909,177.696,89,6.42319,89,6.42319,1,1,6
1,100,1000,4,745,-31.9071,-174.887,4,12.126,4,12.126,1,1,3
1,100,1000,4,746,20.014,-148.486,46,16.661,46,16.661,1,1,5
1,100,1000,4,747,-26.9369,29.8665,49,5.94086,49,5.94086,1,1,5
1,100,1000,4,748,5.21552,-38.4208,60,12.7081,60,12.7081,1,1,6
1,100,1000,4,749,-41.8486,-61.5391,92,11.4414,92,11.4414,1,1,4
1,100,1000,4,750,49.454,117.356,68,6.2507,68,6.2507,1,1,4
1,100,1000,4,751,-24.1439,-66.5549,51,6.49625,51,6.49625,1,1,4
1,100,1000,4,752,-84.8093,-57.7572,25,5.00547,25,5.00547,1,1,6
1,100,1000,4,753,83.1814,114.946,44,5.29515,44,5.29515,1,1,4
1,100,1000,4,754,81.211,131.89,87,4.87759,87,4.87759,1,1,5
1,100,1000,4,755,14.3339,74.1498,91,8.68863,91,8.68863,1,1,6
1,100,1000,4,756,84.949,-154.41,14,1.16319,14,1.16319,1,1,2
1,100,1000,4,757,-43.7155,-50.9652,72,18.5208,72,18.5208,1,1,6
1,100,1000,4,758,-27.3564,-167.699,4,6.3736,4,6.3736,1,1,3
1,100,1000,4,759,1.44618,-12.0947,84,16.7798,84,16.7798,1,1,5
1,100,1000,4,760,-85.0019,119.078,29,2.02454,29,2.02454,1,1,7
1,100,1000,4,761,-3.49076,50.0242,82,9.88428,82,9.88428,1,1,6
1,100,1000,4,762,75.2961,119.145,28,3.69445,28,3.69445,1,1,4
1,100,1000,4,763,-50.0547,-18.9767,55,14.6179,55,14.6179,1,1,4
1,100,1000,4,764,-49.6381,-3.80652,55,12.9553,55,12.9553,1,1,5
1,100,1000,4,765,49.7421,179.632,30,18.7279,30,18.7279,1,1,5
1,100,1000,4,766,-33.2254,-128.804,42,10.8936,42,10.8936,1,1,7
1,100,1000,4,767,-33.4615,-56.0694,92,13.1988,92,13.1988,1,1,6
1,100,1000,4,768,-3.28042,-80.5602,52,0.655359,52,0.655359,1,1,3
1,100,1000,4,769,-60.5615,-24.1388,85,5.79762,85,5.79762,1,1,6
1,100,1000,4,770,-64.3349,87.5448,48,9.37087,48,9.37087,1,1,4
1,100,1000,4,771,-64.9945,-138.772,26,5.86936,26,5.86936,1,1,6
1,100,1000,4,772,56.5673,-37.4201,97,4.93441,97,4.93441,1,1,5
1,100,1000,4,773,-4.86854,-121.578,62,10.2634,62,10.2634,1,1,5
1,100,1000,4,774,-12.5598,173.155,5,11.128,5,11.128,1,1,3
1,100,1000,4,775,23.1635,-15.1234,10,8.29454,10,8.29454,1,1,3
1,100,1000,4,776,56.1167,-140.655,61,9.86421,61,9.86421,1,1,3
1,100,1000,4,777,-72.5496,82.8258,58,9.92789,58,9.92789,1,1,7
1,100,1000,4,778,79.245,-65.2086,70,9.73234,70,9.73234,1,1,6
1,100,1000,4,779,-58.0754,-120.786,26,16.882,26,16.882,1,1,6
1,100,1000,4,780,55.4925,163.333,30,11.1481,30,11.1481,1,1,5
1,100,1000,4,781,-60.5771,-135.466,26,9.34489,26,9.34489,1,1,6
1,100,1000,4,782,-72.7352,-8.07732,3,2.32704,3,2.32704,1,1,4
1,100,1000,4,783,-5.76768,27.9688,49,16.9863,49,16.9863,1,1,4
1,100,1000,4,784,45.6812,47.3417,41,16.9399,41,16.9399,1,1,5
1,100,1000,4,785,-88.085,142.693,29,2.83218,29,2.83218,1,1,7
1,100,1000,4,786,-22.5568,-126.159,42,0.916273,42,0.916273,1,1,6
1,100,1000,4,787,-88.0396,-111.979,93,2.68642,93,2.68642,1,1,7
1,100,1000,4,788,8.21041,-5.81625,10,12.7267,10,12.7267,1,1,4
1,100,1000,4,789,-26.7786,171.301,47,5.28778,47,5.28778,1,1,4
1,100,1000,4,790,-6.33047,172.77,5,8.15885,5,8.15885,1,1,3
1,100,1000,4,791,-11.9111,-80.4275,1,2.29943,1,2.29943,1,1,2
1,100,1000,4,792,-73.9424,11.0786,3,4.71344,3,4.71344,1,1,4
1,100,1000,4,793,-88.8008,-169.395,93,2.23661,93,2.23661,1,1,7
1,100,1000,4,794,62.935,-113.753,79,6.60273,79,6.60273,1,1,7
1,100,1000,4,795,-55.0904,56.8549,75,12.2418,75,12.2418,1,1,5
1,100,1000,4,796,-65.2096,-51.3351,72,3.79893,72,3.79893,1,1,5
1,100,1000,4,797,50.6945,-95.8896,88,12.9443,88,12.9443,1,1,6
1,100,1000,4,798,60.2938,-90.1464,88,6.50235,88,6.50235,1,1,5
1,100,1000,4,799,56.0396,31.95,31,10.5865,31,10.5865,1,1,5
1,100,1000,4,800,68.5976,115.909,35,7.43125,35,7.43125,1,1,5
1,100,1000,4,801,-2.67866,-87.9182,52,6.71728,52,6.71728,1,1,3
1,100,1000,4,802,84.8751,-1.43649,64,1.71504,64,1.71504,1,1,2
1,100,1000,4,803,-9.94859,6.17105,84,4.70971,84,4.70971,1,1,8
1,100,1000,4,804,86.3736,106.546,12,3.25688,12,3.25688,1,1,2
1,100,1000,4,805,-1.26387,-19.9137,19,20.552,19,20.552,1,1,4
1,100,1000,4,806,49.6577,153.65,30,17.8766,30,17.8766,1,1,6
1,100,1000,4,807,39.8294,131.43,68,19.7819,68,19.7819,1,1,5
1,100,1000,4,808,-7.63569,82.0572,38,20.1592,38,20.1592,1,1,4
1,100,1000,4,809,71.0179,-69.4014,67,9.58905,67,9.58905,1,1,4
1,100,1000,4,810,74.1523,-148.145,22,6.11015,22,6.11015,1,1,4
1,100,1000,4,811,83.7268,-162.115,14,0.940403,14,0.940403,1,1,2
1,100,1000,4,812,-9.74011,88.8425,38,13.3112,38,13.3112,1,1,5
1,100,1000,4,813,-39.0021,-78.8927,39,5.05021,39,5.05021,1,1,3
1,100,1000,4,814,89.3481,-145.925,70,1.16681,70,1.16681,1,1,3
1,100,1000,4,815,66.5287,135.891,53,5.84869,53,5.84869,1,1,5
1,100,1000,4,816,74.9922,-52.2999,96,6.45241,96,6.45241,1,1,5
1,100,1000,4,817,-66.0134,139.735,78,8.19048,78,8.19048,1,1,6
1,100,1000,4,818,63.1318,28.076,31,4.88543,31,4.88543,1,1,4
1,100,1000,4,819,-17.0472,119.011,34,5.62819,34,5.62819,1,1,6
1,100,1000,4,820,-22.6892,143.378,13,2.05378,13,2.05378,1,1,4
1,100,1000,4,821,-40.4514,-126.063,42,17.6608,42,17.6608,1,1,7
1,100,1000,4,822,58.514,178.756,30,10.5048,30,10.5048,1,1,4
1,100,1000,4,823,-87.3163,-78.2434,25,2.79686,25,2.79686,1,1,6
1,100,1000,4,824,40.4066,147.403,30,28.0787,30,28.0787,1,1,5
1,100,1000,4,825,16.1776,49.1178,95,10.0073,95,10.0073,1,1,6
1,100,1000,4,826,89.629,19.8087,12,0.788486,12,0.788486,1,1,2
1,100,1000,4,827,33.5016,-20.2223,86,15.3966,86,15.3966,1,1,4
1,100,1000,4,828,-35.6744,168.999,47,13.2841,47,13.2841,1,1,6
1,100,1000,4,829,40.4425,-72.6526,43,4.91879,43,4.91879,1,1,4
1,100,1000,4,830,-78.4629,33.9424,58,10.1742,58,10.1742,1,1,6
1,100,1000,4,831,-58.3806,173.058,59,2.30212,59,2.30212,1,1,4
1,100,1000,4,832,80.8212,-68.788,70,8.07157,70,8.07157,1,1,5
1,100,1000,4,833,66.3965,107.906,35,4.30063,35,4.30063,1,1,7
1,100,1000,4,834,69.644,-81.3013,67,6.29938,67,6.29938,1,1,4
1,100,1000,4,835,23.4584,-86.0905,36,7.67646,36,7.67646,1,1,5
1,100,1000,4,836,-58.9617,146.014,78,0.73876,78,0.73876,1,1,5
1,100,1000,4,837,-16.0768,179.105,47,8.34287,47,8.34287,1,1,4
1,100,1000,4,838,72.385,-26.7862,96,2.79239,96,2.79239,1,1,4
1,100,1000,4,839,-39.5694,45.5832,75,17.7922,75,17.7922,1,1,5
1,100,1000,4,840,-29.6916,133.216,20,8.2508,20,8.2508,1,1,5
1,100,1000,4,841,-42.6495,-60.1253,92,12.7647,92,12.7647,1,1,4
1,100,1000,4,842,-13.4875,161.704,5,8.70428,5,8.70428,1,1,3
1,100,1000,4,843,49.8262,81.6763,8,5.18295,8,5.18295,1,1,3
1,100,1000,4,844,75.3517,0.537445,37,10.4675,37,10.4675,1,1,3
1,100,1000,4,845,-85.4881,173.777,29,2.51703,29,2.51703,1,1,6
1,100,1000,4,846,-72.7601,-107.737,98,6.30568,98,6.30568,1,1,6
1,100,1000,4,847,83.418,-163.878,14,1.21594,14,1.21594,1,1,2
1,100,1000,4,848,1.73724,119.629,34,15.4532,34,15.4532,1,1,7
1,100,1000,4,849,62.0142,-37.2376,97,8.92545,97,8.92545,1,1,6
1,100,1000,4,850,-70.8361,-9.05481,3,2.31893,3,2.31893,1,1,4
1,100,1000,4,851,28.336,-79.5957,36,5.85078,36,5.85078,1,1,5
1,100,1000,4,852,-21.5204,-155.482,4,12.4355,4,12.4355,1,1,3
1,100,1000,4,853,-40.2456,-78.2708,39,5.96978,39,5.96978,1,1,3
1,100,1000,4,854,-1.13392,20.37,84,19.5568,84,19.5568,1,1,7
1,100,1000,4,855,73.6562,118.349,28,4.86476,28,4.86476,1,1,4
1,100,1000,4,856,-13.2068,-117.987,62,1.71632,62,1.71632,1,1,6
1,100,1000,4,857,-60.8881,126.611,48,8.72296,48,8.72296,1,1,7
1,100,1000,4,858,-68.1412,157.876,89,1.06556,89,1.06556,1,1,5
1,100,1000,4,859,14.1439,-165.579,46,19.1518,46,19.1518,1,1,5
1,100,1000,4,860,-10.7932,37.3115,49,16.3833,49,16.3833,1,1,5
1,100,1000,4,861,-85.9008,12.8934,25,3.34981,25,3.34981,1,1,6
1,100,1000,4,862,54.787,175.034,30,12.9602,30,12.9602,1,1,4
1,100,1000,4,863,14.5079,-66.9515,16,21.4276,16,21.4276,1,1,3
1,100,1000,4,864,57.3317,-26.9559,97,3.83752,97,3.83752,1,1,5
1,100,1000,4,865,37.9055,152.991,30,29.5447,30,29.5447,1,1,4
1,100,1000,4,866,71.9946,-47.5171,96,4.16317,96,4.16317,1,1,5
1,100,1000,4,867,-53.3022,-79.0515,39,16.5037,39,16.5037,1,1,4
1,100,1000,4,868,-11.4994,-7.09554,84,9.63464,84,9.63464,1,1,6
1,100,1000,4,869,11.3388,154.733,56,19.151,56,19.151,1,1,4
1,100,1000,4,870,-83.3628,-10.01,25,5.74419,25,5.74419,1,1,6
1,100,1000,4,871,46.5412,-13.1391,86,3.15917,86,3.15917,1,1,6
1,100,1000,4,872,26.0017,151.306,56,29.5027,56,29.5027,1,1,3
1,100,1000,4,873,-33.2638,95.7211,38,16.9439,38,16.9439,1,1,3
1,100,1000,4,874,64.5911,141.76,53,7.65308,53,7.65308,1,1,5
1,100,1000,4,875,55.0711,-72.4041,90,2.95403,90,2.95403,1,1,4
1,100,1000,4,876,-0.464165,118.341,34,12.9785,34,12.9785,1,1,6
1,100,1000,4,877,60.2447,-71.3543,88,3.84145,88,3.84145,1,1,3
1,100,1000,4,878,56.6875,-30.4949,97,2.76623,97,2.76623,1,1,4
1,100,1000,4,879,20.8471,48.0386,95,5.23153,95,5.23153,1,1,6
1,100,1000,4,880,61.2746,-62.4949,90,7.47688,90,7.47688,1,1,4
1,100,1000,4,881,10.5149,86.5385,91,18.3055,91,18.3055,1,1,6
1,100,1000,4,882,34.994,94.4254,7,5.82613,7,5.82613,1,1,2
1,100,1000,4,883,-86.2565,-133.011,93,5.66811,93,5.66811,1,1,6
1,100,1000,4,884,-46.3351,30.1646,75,10.1455,75,10.1455,1,1,7
1,100,1000,4,885,-79.1386,-79.3957,18,5.49865,18,5.49865,1,1,4
1,100,1000,4,886,-79.9227,114.805,57,2.87439,57,2.87439,1,1,7
1,100,1000,4,887,43.7326,72.158,8,3.95049,8,3.95049,1,1,3
1,100,1000,4,888,43.0556,-159.062,6,5.57832,6,5.57832,1,1,3
1,100,1000,4,889,-6.06044,35.2935,49,19.0818,49,19.0818,1,1,4
1,100,1000,4,890,81.3488,-81.9787,70,7.4186,70,7.4186,1,1,4
1,100,1000,4,891,71.4447,-18.2306,96,5.29507,96,5.29507,1,1,3
1,100,1000,4,892,-71.8191,83.3788,58,10.6376,58,10.6376,1,1,6
1,100,1000,4,893,45.2075,149.737,30,22.9212,30,22.9212,1,1,5
1,100,1000,4,894,-63.5581,-47.8907,72,1.62245,72,1.62245,1,1,5
1,100,1000,4,895,8.88778,175.433,5,17.8076,5,17.8076,1,1,3
1,100,1000,4,896,34.8072,-141.195,6,11.3173,6,11.3173,1,1,4
1,100,1000,4,897,40.9857,-40.3976,16,13.8305,16,13.8305,1,1,3
1,100,1000,4,898,66.6154,89.4584,23,8.72568,23,8.72568,1,1,3
1,100,1000,4,899,3.29587,-139.439,21,18.2393,21,18.2393,1,1,4
1,100,1000,4,900,-30.1885,28.3144,49,8.04201,49,8.04201,1,1,6
1,100,1000,4,901,-19.4176,-40.2225,33,8.06389,33,8.06389,1,1,4
1,100,1000,4,902,-18.4402,-131.37,27,3.1586,27,3.1586,1,1,5
1,100,1000,4,903,-74.0322,-130.769,98,6.83516,98,6.83516,1,1,7
1,100,1000,4,904,-55.2162,19.8147,63,8.44147,63,8.44147,1,1,6
1,100,1000,4,905,42.2622,-127.735,81,7.46122,81,7.46122,1,1,5
1,100,1000,4,906,58.918,47.4138,24,6.56282,24,6.56282,1,1,4
1,100,1000,4,907,17.0173,154.198,56,22.9906,56,22.9906,1,1,4
1,100,1000,4,908,-24.6037,-55.5504,83,15.6345,83,15.6345,1,1,5
1,100,1000,4,909,61.9674,3.67639,31,6.41115,31,6.41115,1,1,4
1,100,1000,4,910,38.2795,-38.2896,16,13.9103,16,13.9103,1,1,3
1,100,1000,4,911,-0.445282,-33.8266,33,13.3343,33,13.3343,1,1,5
1,100,1000,4,912,0.257858,-98.9191,52,18.0388,52,18.0388,1,1,4
1,100,1000,4,913,52.8879,-46.2536,97,9.68341,97,9.68341,1,1,3
1,100,1000,4,914,85.2697,-67.6324,70,3.60431,70,3.60431,1,1,3
1,100,1000,4,915,-2.84653,-69.8377,40,9.8872,40,9.8872,1,1,3
1,100,1000,4,916,70.341,135.472,53,2.33411,53,2.33411,1,1,4
1,100,1000,4,917,34.9699,-76.1985,43,4.75576,43,4.75576,1,1,5
1,100,1000,4,918,-87.9491,101.875,93,2.78773,93,2.78773,1,1,7
1,100,1000,4,919,-13.4839,-106.331,62,9.69248,62,9.69248,1,1,5
1,100,1000,4,920,-29.155,-122.443,42,6.81665,42,6.81665,1,1,5
1,100,1000,4,921,-27.0327,-120.474,42,6.02186,42,6.02186,1,1,5
1,100,1000,4,922,52.4852,159.969,30,14.3135,30,14.3135,1,1,5
1,100,1000,4,923,-73.1381,-124.237,98,6.72336,98,6.72336,1,1,7
1,100,1000,4,924,-37.7906,157.659,17,16.3493,17,16.3493,1,1,5
1,100,1000,4,925,29.7196,-179.022,46,16.1126,46,16.1126,1,1,5
1,100,1000,4,926,-30.3155,-121.451,42,8.22544,42,8.22544,1,1,5
1,100,1000,4,927,-16.4244,119.885,34,5.86572,34,5.86572,1,1,6
1,100,1000,4,928,-20.1852,-107.073,73,7.13669,73,7.13669,1,1,6
1,100,1000,4,929,-53.1844,-49.831,72,9.03106,72,9.03106,1,1,5
1,100,1000,4,930,2.64725,67.9381,91,5.27359,91,5.27359,1,1,7
1,100,1000,4,931,30.1657,-34.0235,16,16.7429,16,16.7429,1,1,5
1,100,1000,4,932,11.7049,-49.7287,60,16.19,60,16.19,1,1,4
1,100,1000,4,933,34.889,27.5117,41,8.38633,41,8.38633,1,1,5
1,100,1000,4,934,-63.9267,-137.19,26,6.85418,26,6.85418,1,1,6
1,100,1000,4,935,50.5905,-6.16321,86,7.04372,86,7.04372,1,1,6
1,100,1000,4,936,-39.8166,-132.884,32,13.1704,32,13.1704,1,1,6
1,100,1000,4,937,26.6814,-154.663,46,7.89316,46,7.89316,1,1,5
1,100,1000,4,938,-76.4576,87.0867,58,5.91466,58,5.91466,1,1,7
1,100,1000,4,939,-49.4499,-48.4965,72,12.643,72,12.643,1,1,5
1,100,1000,4,940,32.3727,140.539,68,30.5082,68,30.5082,1,1,5
1,100,1000,4,941,-23.7594,-175.886,4,7.06638,4,7.06638,1,1,3
1,100,1000,4,942,-80.4559,99.6324,58,2.34107,58,2.34107,1,1,8
1,100,1000,4,943,61.9996,-21.2822,97,9.32771,97,9.32771,1,1,6
1,100,1000,4,944,86.2797,-162.37,14,2.60639,14,2.60639,1,1,2
1,100,1000,4,945,54.4434,-2.14621,86,10.6993,86,10.6993,1,1,6
1,100,1000,4,946,42.7842,-10.7818,86,7.14792,86,7.14792,1,1,5
1,100,1000,4,947,71.9151,-71.0218,67,8.84168,67,8.84168,1,1,5
1,100,1000,4,948,59.7447,33.6082,31,8.67952,31,8.67952,1,1,4
1,100,1000,4,949,68.2449,171.636,30,3.25128,30,3.25128,1,1,4
1,100,1000,4,950,38.2092,57.6708,95,15.1112,95,15.1112,1,1,4
1,100,1000,4,951,-7.26353,176.785,5,12.2374,5,12.2374,1,1,3
1,100,1000,4,952,52.3932,-141.164,61,11.1709,61,11.1709,1,1,3
1,100,1000,4,953,-78.9387,131.871,57,1.722,57,1.722,1,1,5
1,100,1000,4,954,62.9612,-76.7773,88,4.6039,88,4.6039,1,1,4
1,100,1000,4,955,-48.3127,10.6678,63,16.827,63,16.827,1,1,6
1,100,1000,4,956,-58.119,35.8558,75,2.1822,75,2.1822,1,1,8
1,100,1000,4,957,7.3911,-97.1498,50,15.1201,50,15.1201,1,1,4
1,100,1000,4,958,-22.2559,-41.2187,33,10.8212,33,10.8212,1,1,4
1,100,1000,4,959,30.784,-51.9525,16,1.75667,16,1.75667,1,1,4
1,100,1000,4,960,-11.7942,-9.54521,19,10.3787,19,10.3787,1,1,5
1,100,1000,4,961,62.9507,-118.02,79,5.65591,79,5.65591,1,1,6
1,100,1000,4,962,79.8365,89.7316,44,1.71931,44,1.71931,1,1,3
1,100,1000,4,963,-4.52099,99.1624,38,12.3975,38,12.3975,1,1,7
1,100,1000,4,964,-28.3301,-52.5522,92,17.4839,92,17.4839,1,1,6
1,100,1000,4,965,45.3993,-160.242,6,6.81876,6,6.81876,1,1,3
1,100,1000,4,966,-87.4407,-103.728,25,3.29409,25,3.29409,1,1,6
1,100,1000,4,967,-81.7282,109.905,58,2.77748,58,2.77748,1,1,8
1,100,1000,4,968,-32.4463,-141.334,32,6.00351,32,6.00351,1,1,5
1,100,1000,4,969,30.888,-118.97,81,15.7601,81,15.7601,1,1,5
1,100,1000,4,970,-19.0556,145.151,13,3.76618,13,3.76618,1,1,4
1,100,1000,4,971,35.8488,25.6508,41,7.08788,41,7.08788,1,1,5
1,100,1000,4,972,0.503235,-93.5202,52,12.8559,52,12.8559,1,1,3
1,100,1000,4,973,54.2505,136.495,35,17.3114,35,17.3114,1,1,5
1,100,1000,4,974,22.6305,-9.93102,10,3.6096,10,3.6096,1,1,3
1,100,1000,4,975,-47.7289,-158.327,32,15.2455,32,15.2455,1,1,5
1,100,1000,4,976,80.2619,-149.556,14,3.56928,14,3.56928,1,1,2
1,100,1000,4,977,-48.1738,140.197,17,0.568887,17,0.568887,1,1,5
1,100,1000,4,978,60.0876,74.6105,23,7.76823,23,7.76823,1,1,4
1,100,1000,4,979,29.6796,-116.485,50,15.9301,50,15.9301,1,1,5
1,100,1000,4,980,-78.9708,-29.8422,18,6.69675,18,6.69675,1,1,5
1,100,1000,4,981,-48.3634,-152.823,32,14.2298,32,14.2298,1,1,5
1,100,1000,4,982,23.2147,-80.1833,36,9.22127,36,9.22127,1,1,5
1,100,1000,4,983,68.541,161.537,30,2.17749,30,2.17749,1,1,4
1,100,1000,4,984,-20.7586,18.858,49,6.36834,49,6.36834,1,1,7
1,100,1000,4,985,-68.7167,100.372,48,5.64932,48,5.64932,1,1,6
1,100,1000,4,986,-7.9957,114.264,34,5.05186,34,5.05186,1,1,6
1,100,1000,4,987,-26.9888,165.015,47,10.5942,47,10.5942,1,1,4
1,100,1000,4,988,-79.628,-125.477,54,2.75442,54,2.75442,1,1,5
1,100,1000,4,989,60.7549,66.005,24,6.20794,24,6.20794,1,1,5
1,100,1000,4,990,22.2962,-153.948,46,11.9413,46,11.9413,1,1,5
1,100,1000,4,991,43.8388,25.1162,41,1.28545,41,1.28545,1,1,7
1,100,1000,4,992,-61.7522,171.33,59,3.46592,59,3.46592,1,1,4
1,100,1000,4,993,-7.34351,176.671,5,12.1374,5,12.1374,1,1,3
1,100,1000,4,994,32.9703,-135.328,6,16.0905,6,16.0905,1,1,4
1,100,1000,4,995,-59.9072,87.9989,2,8.74084,2,8.74084,1,1,3
1,100,1000,4,996,7.41502,-36.5412,60,15.5981,60,15.5981,1,1,6
1,100,1000,4,997,57.5879,-118.741,61,2.9379,61,2.9379,1,1,4
1,100,1000,4,998,31.6378,72.2578,8,14.5583,8,14.5583,1,1,3
1,100,1000,4,999,-68.6019,-158.242,26,3.58695,26,3.58695,1,1,6
2,100,1000,4,0,20.5026,97.3762,27,16.9688,27,16.9688,1,1,4
2,100,1000,4,1,-18.6194,15.6805,4,16.3117,4,16.3117,1,1,3
2,100,1000,4,2,-41.7809,-34.8855,79,6.11144,79,6.11144,1,1,5
2,100,1000,4,3,29.215,-48.139,48,0.934999,48,0.934999,1,1,7
2,100,1000,4,4,-71.2632,133.914,10,3.45444,10,3.45444,1,1,3
2,100,1000,4,5,-59.9634,0.727585,28,11.3104,28,11.3104,1,1,4
2,100,1000,4,6,1.28393,179.966,8,2.66885,8,2.66885,1,1,4
2,100,1000,4,7,-42.2073,99.744,12,6.00638,12,6.00638,1,1,6
2,100,1000,4,8,-48.328,-175.22,81,26.0419,81,26.0419,1,1,5
2,100,1000,4,9,-19.2658,157.045,14,13.2935,14,13.2935,1,1,5
2,100,1000,4,10,-85.8663,-23.5561,53,3.35722,53,3.35722,1,1,5
2,100,1000,4,11,22.4476,-168.434,37,11.7755,37,11.7755,1,1,3
2,100,1000,4,12,12.3352,-47.8337,26,12.0599,26,12.0599,1,1,6
2,100,1000,4,13,24.437,-30.9449,48,15.237,48,15.237,1,1,6
2,100,1000,4,14,-40.0988,128.681,16,16.7107,16,16.7107,1,1,8
2,100,1000,4,15,17.0342,140.808,57,11.2351,57,11.2351,1,1,8
2,100,1000,4,16,23.0287,176.83,8,20.3545,8,20.3545,1,1,4
2,100,1000,4,17,-11.7559,142.496,14,19.2178,14,19.2178,1,1,6
2,100,1000,4,18,-19.028,-145.082,43,9.82387,43,9.82387,1,1,5
2,100,1000,4,19,-42.8217,-0.582321,4,14.2751,4,14.2751,1,1,3
2,100,1000,4,20,84.416,-25.5704,86,8.08439,86,8.08439,1,1,5
2,100,1000,4,21,-89.9274,-8.60019,59,0.437218,59,0.437218,1,1,5
2,100,1000,4,22,-12.802,-84.2694,17,9.26318,17,9.26318,1,1,2
2,100,1000,4,23,-44.4281,57.74,41,7.76017,41,7.76017,1,1,7
2,100,1000,4,24,-39.7448,52.6122,41,3.34018,41,3.34018,1,1,7
2,100,1000,4,25,17.3923,-71.2223,26,19.198,26,19.198,1,1,5
2,100,1000,4,26,-75.472,-100.32,63,5.02036,63,5.02036,1,1,3
2,100,1000,4,27,-29.8282,53.7265,60,6.07888,60,6.07888,1,1,6
2,100,1000,4,28,15.923,169.218,8,15.6556,8,15.6556,1,1,4
2,100,1000,4,29,-78.6092,131.648,46,6.82301,46,6.82301,1,1,5
2,100,1000,4,30,58.9494,56.85,1,9.37696,1,9.37696,1,1,2
2,100,1000,4,31,46.228,-16.0438,29,27.1682,29,27.1682,1,1,5
2,100,1000,4,32,26.8398,-111.056,9,13.7376,9,13.7376,1,1,3
2,100,1000,4,33,-26.7741,-164.376,75,13.8628,75,13.8628,1,1,5
2,100,1000,4,34,-38.0689,40.8083,31,3.96246,31,3.96246,1,1,4
2,100,1000,4,35,7.52062,-87.3058,85,14.8492,85,14.8492,1,1,4
2,100,1000,4,36,-82.3811,15.1865,68,4.53268,68,4.53268,1,1,5
2,100,1000,4,37,42.047,-10.3661,29,25.4234,29,25.4234,1,1,4
2,100,1000,4,38,55.4586,175.238,5,5.17286,5,5.17286,1,1,3
2,100,1000,4,39,-66.3131,-148.573,81,8.18419,81,8.18419,1,1,4
2,100,1000,4,40,23.925,82.1585,62,6.21122,62,6.21122,1,1,5
2,100,1000,4,41,-19.8974,76.9061,84,10.3014,84,10.3014,1,1,8
2,100,1000,4,42,80.9191,80.5488,71,3.83652,71,3.83652,1,1,4
2,100,1000,4,43,-24.6837,13.6843,4,11.4666,4,11.4666,1,1,2
2,100,1000,4,44,34.8832,-26.5859,48,18.716,48,18.716,1,1,7
2,100,1000,4,45,-17.3336,7.66522,4,12.6095,4,12.6095,1,1,2
2,100,1000,4,46,-74.868,-122.211,2,5.77042,2,5.77042,1,1,2
2,100,1000,4,47,85.8107,83.9436,42,4.61431,42,4.61431,1,1,4
2,100,1000,4,48,-26.6336,-61.9268,19,21.8332,19,21.8332,1,1,2
2,100,1000,4,49,49.7836,50.595,93,7.95229,93,7.95229,1,1,5
2,100,1000,4,50,79.4407,-65.3916,54,8.03872,54,8.03872,1,1,6
2,100,1000,4,51,71.6446,174.119,56,3.03083,56,3.03083,1,1,6
2,100,1000,4,52,64.8975,47.3833,24,5.03049,24,5.03049,1,1,3
2,100,1000,4,53,-8.12342,60.7121,90,15.5825,90,15.5825,1,1,7
2,100,1000,4,54,21.3106,31.127,50,10.7888,50,10.7888,1,1,4
2,100,1000,4,55,46.0698,-89.5288,34,11.1057,34,11.1057,1,1,4
2,100,1000,4,56,-33.3573,-127.655,21,12.0945,21,12.0945,1,1,2
2,100,1000,4,57,83.6886,-84.8763,54,10.4098,54,10.4098,1,1,6
2,100,1000,4,58,66.4468,-61.9902,54,11.0917,54,11.0917,1,1,6
2,100,1000,4,59,54.404,22.66,29,4.08199,29,4.08199,1,1,5
2,100,1000,4,60,45.712,-105.859,9,5.6651,9,5.6651,1,1,3
2,100,1000,4,61,-74.8374,121.688,10,8.52935,10,8.52935,1,1,3
2,100,1000,4,62,-24.0353,-158.053,75,14.3984,75,14.3984,1,1,5
2,100,1000,4,63,12.8158,78.6623,82,4.83779,82,4.83779,1,1,4
2,100,1000,4,64,-19.9901,-54.8011,19,17.2447,19,17.2447,1,1,3
2,100,1000,4,65,-25.3713,-61.0989,19,21.2497,19,21.2497,1,1,3
2,100,1000,4,66,29.9036,-87.4534,9,20.2941,9,20.2941,1,1,3
2,100,1000,4,67,-33.4898,9.60222,4,8.34901,4,8.34901,1,1,3
2,100,1000,4,68,69.9649,96.7736,33,6.82488,33,6.82488,1,1,3
2,100,1000,4,69,-54.8428,2.55095,28,16.506,28,16.506,1,1,4
2,100,1000,4,70,-26.0497,162.454,77,13.4846,77,13.4846,1,1,6
2,100,1000,4,71,46.5111,61.186,65,3.84625,65,3.84625,1,1,3
2,100,1000,4,72,-72.6007,80.3994,88,2.44514,88,2.44514,1,1,6
2,100,1000,4,73,78.1549,167.692,56,4.41737,56,4.41737,1,1,7
2,100,1000,4,74,-80.7954,85.1178,95,3.03802,95,3.03802,1,1,5
2,100,1000,4,75,5.17607,109.833,30,15.6182,30,15.6182,1,1,5
2,100,1000,4,76,79.6293,40.6773,11,2.96994,11,2.96994,1,1,3
2,100,1000,4,77,25.7606,-68.8119,48,19.3267,48,19.3267,1,1,5
2,100,1000,4,78,31.312,-102.847,9,10.272,9,10.272,1,1,3
2,100,1000,4,79,-85.0748,-157.356,96,3.58941,96,3.58941,1,1,5
2,100,1000,4,80,11.1758,-40.8924,26,17.3091,26,17.3091,1,1,5
2,100,1000,4,81,-19.2276,-97.841,17,6.93956,17,6.93956,1,1,2
2,100,1000,4,82,25.8271,74.5652,62,4.65722,62,4.65722,1,1,5
2,100,1000,4,83,45.8806,11.584,29,9.65291,29,9.65291,1,1,5
2,100,1000,4,84,-4.33059,162.076,14,2.43217,14,2.43217,1,1,5
2,100,1000,4,85,-82.9325,119.239,15,4.84461,15,4.84461,1,1,4
2,100,1000,4,86,72.2647,107.157,71,8.50262,71,8.50262,1,1,5
2,100,1000,4,87,0.212723,179.328,8,2.96684,8,2.96684,1,1,4
2,100,1000,4,88,3.77824,-23.2648,49,17.6392,49,17.6392,1,1,7
2,100,1000,4,89,83.5101,25.9657,11,5.97502,11,5.97502,1,1,3
2,100,1000,4,90,-59.0735,-2.62759,28,12.141,28,12.141,1,1,4
2,100,1000,4,91,-22.1006,-138.888,43,13.9725,43,13.9725,1,1,4
2,100,1000,4,92,-70.9751,-172.68,81,4.41339,81,4.41339,1,1,4
2,100,1000,4,93,-13.8502,100.674,30,10.1497,30,10.1497,1,1,5
2,100,1000,4,94,-47.7636,-17.85,79,7.95475,79,7.95475,1,1,6
2,100,1000,4,95,61.6586,106.824,91,6.08344,91,6.08344,1,1,4
2,100,1000,4,96,60.6288,-95.138,34,7.2838,34,7.2838,1,1,6
2,100,1000,4,97,-85.5083,-7.0882,53,3.83194,53,3.83194,1,1,5
2,100,1000,4,98,79.7136,100.745,71,1.2231,71,1.2231,1,1,4
2,100,1000,4,99,-87.7521,-29.2339,53,1.46654,53,1.46654,1,1,5
2,100,1000,4,100,41.41,-161.369,55,12.0746,55,12.0746,1,1,3
2,100,1000,4,101,-44.9973,47.3495,41,4.30613,41,4.30613,1,1,6
2,100,1000,4,102,62.894,90.4309,91,3.62926,91,3.62926,1,1,4
2,100,1000,4,103,23.3388,-46.6556,48,5.30725,48,5.30725,1,1,7
2,100,1000,4,104,-56.4169,33.6978,72,1.54984,72,1.54984,1,1,8
2,100,1000,4,105,79.655,-50.9809,86,10.2456,86,10.2456,1,1,6
2,100,1000,4,106,-74.4649,-64.8912,63,4.33874,63,4.33874,1,1,5
2,100,1000,4,107,-4.93462,-110.88,44,15.0215,44,15.0215,1,1,3
2,100,1000,4,108,-28.7856,142.43,14,28.5106,14,28.5106,1,1,7
2,100,1000,4,109,84.8968,26.9016,11,6.63151,11,6.63151,1,1,3
2,100,1000,4,110,-27.7098,113.111,30,17.462,30,17.462,1,1,5
2,100,1000,4,111,-23.137,-114.162,21,3.64192,21,3.64192,1,1,3
2,100,1000,4,112,-81.0136,-37.2906,52,2.04733,52,2.04733,1,1,3
2,100,1000,4,113,29.3749,177.4,5,25.0006,5,25.0006,1,1,3
2,100,1000,4,114,-58.273,63.2456,83,10.7825,83,10.7825,1,1,9
2,100,1000,4,115,-15.9169,146.274,14,17.3861,14,17.3861,1,1,6
2,100,1000,4,116,40.9382,58.1716,65,2.27336,65,2.27336,1,1,4
2,100,1000,4,117,6.81177,27.6644,50,10.738,50,10.738,1,1,5
2,100,1000,4,118,-15.6987,-119.699,21,9.63514,21,9.63514,1,1,3
2,100,1000,4,119,80.5044,35.7687,11,3.78596,11,3.78596,1,1,3
2,100,1000,4,120,46.9994,140.319,22,13.5497,22,13.5497,1,1,4
2,100,1000,4,121,82.3939,125.069,71,3.42252,71,3.42252,1,1,5
2,100,1000,4,122,-52.2862,-25.0814,79,9.49971,79,9.49971,1,1,8
2,100,1000,4,123,-82.9055,17.8564,68,3.87751,68,3.87751,1,1,5
2,100,1000,4,124,-31.3255,-176.017,25,13.2981,25,13.2981,1,1,4
2,100,1000,4,125,-67.621,61.9294,40,3.54814,40,3.54814,1,1,5
2,100,1000,4,126,58.5467,-1.51602,29,17.0539,29,17.0539,1,1,5
2,100,1000,4,127,63.8837,135.066,98,5.94484,98,5.94484,1,1,6
2,100,1000,4,128,70.5967,6.51715,86,7.04839,86,7.04839,1,1,5
2,100,1000,4,129,66.2332,-155.353,58,7.38531,58,7.38531,1,1,5
2,100,1000,4,130,-55.1186,-79.3676,39,11.0315,39,11.0315,1,1,2
2,100,1000,4,131,85.4607,151.639,80,2.44303,80,2.44303,1,1,6
2,100,1000,4,132,79.402,4.54489,86,2.34171,86,2.34171,1,1,4
2,100,1000,4,133,-0.348236,-52.5934,26,6.35255,26,6.35255,1,1,4
2,100,1000,4,134,32.423,-19.6877,48,24.1099,48,24.1099,1,1,5
2,100,1000,4,135,81.5877,-21.1551,86,5.63315,86,5.63315,1,1,4
2,100,1000,4,136,-29.6845,147.963,14,26.295,14,26.295,1,1,7
2,100,1000,4,137,-38.043,16.0587,4,15.2603,4,15.2603,1,1,3
2,100,1000,4,138,-28.5591,-61.8971,19,21.6999,19,21.6999,1,1,2
2,100,1000,4,139,-73.0424,60.2307,40,3.41912,40,3.41912,1,1,5
2,100,1000,4,140,-28.9573,-101.327,92,13.0346,92,13.0346,1,1,3
2,100,1000,4,141,-28.9199,-120.821,21,4.81355,21,4.81355,1,1,2
2,100,1000,4,142,38.5786,-110.073,9,2.14539,9,2.14539,1,1,3
2,100,1000,4,143,-82.8775,38.3505,68,2.9411,68,2.9411,1,1,4
2,100,1000,4,144,38.2223,146.711,22,5.97532,22,5.97532,1,1,4
2,100,1000,4,145,31.4989,146.207,22,3.96985,22,3.96985,1,1,4
2,100,1000,4,146,-56.3281,53.9192,83,6.97508,83,6.97508,1,1,11
2,100,1000,4,147,58.9233,-133.852,58,13.9939,58,13.9939,1,1,6
2,100,1000,4,148,-60.768,-62.8499,61,11.6855,61,11.6855,1,1,3
2,100,1000,4,149,-3.22274,123.31,30,14.664,30,14.664,1,1,7
2,100,1000,4,150,48.7312,-23.2702,48,27.5213,48,27.5213,1,1,7
2,100,1000,4,151,-38.9225,-141.907,99,22.2126,99,22.2126,1,1,3
2,100,1000,4,152,-27.6535,26.0689,31,19.9351,31,19.9351,1,1,4
2,100,1000,4,153,27.0761,67.5748,32,7.76594,32,7.76594,1,1,4
2,100,1000,4,154,72.0859,88.0674,33,6.46544,33,6.46544,1,1,4
2,100,1000,4,155,-26.0973,-93.7427,17,12.5956,17,12.5956,1,1,2
2,100,1000,4,156,83.3703,69.9656,11,4.15957,11,4.15957,1,1,3
2,100,1000,4,157,-17.2819,63.8977,60,13.5885,60,13.5885,1,1,7
2,100,1000,4,158,69.9465,-20.3188,86,9.18811,86,9.18811,1,1,5
2,100,1000,4,159,-38.8759,36.3377,31,7.33277,31,7.33277,1,1,4
2,100,1000,4,160,-26.8037,165.246,77,11.9807,77,11.9807,1,1,6
2,100,1000,4,161,1.27254,13.7364,6,12.582,6,12.582,1,1,4
2,100,1000,4,162,19.5826,-59.6084,48,14.3981,48,14.3981,1,1,5
2,100,1000,4,163,29.9421,97.6293,27,13.4365,27,13.4365,1,1,4
2,100,1000,4,164,28.7709,-126.561,20,11.3857,20,11.3857,1,1,3
2,100,1000,4,165,20.4697,-24.9959,48,21.8813,48,21.8813,1,1,6
2,100,1000,4,166,15.0843,143.094,57,12.5353,57,12.5353,1,1,8
2,100,1000,4,167,6.54877,154.862,69,0.212354,69,0.212354,1,1,6
2,100,1000,4,168,-5.41842,-112.75,44,16.4584,44,16.4584,1,1,4
2,100,1000,4,169,21.2182,-46.665,48,7.41785,48,7.41785,1,1,7
2,100,1000,4,170,77.6585,170.242,56,4.0082,56,4.0082,1,1,7
2,100,1000,4,171,19.7961,142.058,57,8.22903,57,8.22903,1,1,8
2,100,1000,4,172,30.1038,-174.972,55,4.21582,55,4.21582,1,1,4
2,100,1000,4,173,12.9776,20.1006,50,2.97105,50,2.97105,1,1,5
2,100,1000,4,174,-7.64517,128.203,30,17.7545,30,17.7545,1,1,7
2,100,1000,4,175,-61.7808,111.102,89,9.65182,89,9.65182,1,1,6
2,100,1000,4,176,56.7248,58.9834,1,9.40049,1,9.40049,1,1,2
2,100,1000,4,177,-27.5807,-27.3852,19,9.04141,19,9.04141,1,1,3
2,100,1000,4,178,89.6875,-175.277,42,4.00827,42,4.00827,1,1,7
2,100,1000,4,179,-54.8779,56.9168,83,9.21479,83,9.21479,1,1,10
2,100,1000,4,180,-60.9192,111.184,89,8.81425,89,8.81425,1,1,6
2,100,1000,4,181,-74.0396,88.3303,88,4.94605,88,4.94605,1,1,6
2,100,1000,4,182,37.1389,45.0184,93,7.86327,93,7.86327,1,1,5
2,100,1000,4,183,31.596,-116.559,9,10.8979,9,10.8979,1,1,4
2,100,1000,4,184,56.134,-74.3717,34,15.5581,34,15.5581,1,1,6
2,100,1000,4,185,8.38799,87.5851,7,4.01464,7,4.01464,1,1,3
2,100,1000,4,186,-42.0649,-123.632,99,10.0232,99,10.0232,1,1,3
2,100,1000,4,187,24.8214,156.078,57,9.93602,57,9.93602,1,1,5
2,100,1000,4,188,-59.3017,-104.402,99,11.0521,99,11.0521,1,1,2
2,100,1000,4,189,-1.91084,46.1064,90,16.6521,90,16.6521,1,1,7
2,100,1000,4,190,-78.0993,52.6166,66,3.98182,66,3.98182,1,1,6
2,100,1000,4,191,-11.3957,137.251,14,24.1843,14,24.1843,1,1,6
2,100,1000,4,192,-34.2,102.047,12,7.06255,12,7.06255,1,1,6
2,100,1000,4,193,-35.0671,-69.025,39,14.7122,39,14.7122,1,1,2
2,100,1000,4,194,53.385,0.10997,29,15.2248,29,15.2248,1,1,6
2,100,1000,4,195,83.9459,164.932,80,3.3387,80,3.3387,1,1,6
2,100,1000,4,196,-34.3533,-160.187,75,22.2193,75,22.2193,1,1,5
2,100,1000,4,197,36.631,-174.429,94,1.68399,94,1.68399,1,1,5
2,100,1000,4,198,32.4155,-43.546,48,5.00529,48,5.00529,1,1,8
2,100,1000,4,199,-55.4939,-2.90085,28,15.7227,28,15.7227,1,1,4
2,100,1000,4,200,31.0411,85.7883,32,9.07077,32,9.07077,1,1,5
2,100,1000,4,201,-47.6578,157.952,16,18.4736,16,18.4736,1,1,8
2,100,1000,4,202,71.0783,134.327,56,10.1592,56,10.1592,1,1,8
2,100,1000,4,203,67.0151,-156.447,58,6.94643,58,6.94643,1,1,5
2,100,1000,4,204,-75.0375,-49.7915,63,7.57517,63,7.57517,1,1,4
2,100,1000,4,205,34.8298,-126.273,3,12.2344,3,12.2344,1,1,2
2,100,1000,4,206,-88.5874,-133.132,96,0.239407,96,0.239407,1,1,7
2,100,1000,4,207,-84.5112,-65.5749,59,5.05389,59,5.05389,1,1,5
2,100,1000,4,208,74.4577,-59.1566,54,7.91761,54,7.91761,1,1,6
2,100,1000,4,209,22.7001,75.6855,62,1.37051,62,1.37051,1,1,5
2,100,1000,4,210,60.4767,33.2919,24,11.1841,24,11.1841,1,1,3
2,100,1000,4,211,30.3086,-127.753,3,10.2681,3,10.2681,1,1,2
2,100,1000,4,212,26.5523,-46.1207,48,2.31893,48,2.31893,1,1,8
2,100,1000,4,213,-61.0909,-62.0643,61,11.6104,61,11.6104,1,1,4
2,100,1000,4,214,45.1666,-53.1695,48,17.2024,48,17.2024,1,1,8
2,100,1000,4,215,57.5174,-27.5845,86,22.3038,86,22.3038,1,1,8
2,100,1000,4,216,-73.6906,-160.281,81,0.327255,81,0.327255,1,1,4
2,100,1000,4,217,-24.816,174.775,77,6.57085,77,6.57085,1,1,6
2,100,1000,4,218,77.0231,-95.6018,54,4.28941,54,4.28941,1,1,7
2,100,1000,4,219,-80.8358,-176.029,18,4.89107,18,4.89107,1,1,4
2,100,1000,4,220,17.3034,87.988,82,11.3077,82,11.3077,1,1,4
2,100,1000,4,221,-61.1511,37.4319,83,2.83023,83,2.83023,1,1,8
2,100,1000,4,222,67.4281,-111.325,70,4.86615,70,4.86615,1,1,6
2,100,1000,4,223,75.9285,103.772,71,4.82091,71,4.82091,1,1,4
2,100,1000,4,224,4.75938,17.2571,6,9.62525,6,9.62525,1,1,4
2,100,1000,4,225,-0.271469,-49.5279,26,8.69196,26,8.69196,1,1,5
2,100,1000,4,226,-64.7255,-119.926,99,14.8689,99,14.8689,1,1,3
2,100,1000,4,227,1.3595,103.654,30,13.5968,30,13.5968,1,1,4
2,100,1000,4,228,6.97679,60.5372,47,15.9196,47,15.9196,1,1,5
2,100,1000,4,229,-69.2053,-75.7132,63,7.48447,63,7.48447,1,1,4
2,100,1000,4,230,-86.3162,156.624,46,2.81269,46,2.81269,1,1,5
2,100,1000,4,231,38.3512,-140.014,73,6.71125,73,6.71125,1,1,3
2,100,1000,4,232,88.1717,-152.93,42,7.82705,42,7.82705,1,1,7
2,100,1000,4,233,-72.6192,150.39,10,4.89671,10,4.89671,1,1,3
2,100,1000,4,234,-34.2657,-126.91,21,12.2633,21,12.2633,1,1,2
2,100,1000,4,235,77.1804,146.075,56,6.22871,56,6.22871,1,1,6
2,100,1000,4,236,70.5391,-147.941,58,2.26783,58,2.26783,1,1,6
2,100,1000,4,237,1.75361,95.9344,7,12.5226,7,12.5226,1,1,3
2,100,1000,4,238,-39.633,-24.6358,79,3.59082,79,3.59082,1,1,4
2,100,1000,4,239,9.85301,110.253,27,20.0413,27,20.0413,1,1,4
2,100,1000,4,240,86.3107,-160.837,42,13.4226,42,13.4226,1,1,7
2,100,1000,4,241,-59.6376,-136.83,99,15.781,99,15.781,1,1,5
2,100,1000,4,242,-50.3813,63.4438,41,14.2361,41,14.2361,1,1,7
2,100,1000,4,243,73.4121,93.1909,71,7.76579,71,7.76579,1,1,5
2,100,1000,4,244,-28.0095,-171.586,25,11.4084,25,11.4084,1,1,5
2,100,1000,4,245,-81.2611,-48.6514,52,3.42775,52,3.42775,1,1,3
2,100,1000,4,246,82.5189,94.1802,71,2.33305,71,2.33305,1,1,4
2,100,1000,4,247,-4.33248,161.381,14,2.29264,14,2.29264,1,1,5
2,100,1000,4,248,60.6253,26.0967,29,10.2229,29,10.2229,1,1,5
2,100,1000,4,249,65.8854,-127.281,58,8.67656,58,8.67656,1,1,6
2,100,1000,4,250,39.5934,106.132,27,11.4297,27,11.4297,1,1,3
2,100,1000,4,251,-80.6027,40.2651,66,3.43936,66,3.43936,1,1,4
2,100,1000,4,252,69.0951,22.3018,24,8.87674,24,8.87674,1,1,4
2,100,1000,4,253,-21.9002,-121.076,21,4.58228,21,4.58228,1,1,3
2,100,1000,4,254,88.833,155.906,42,0.129701,42,0.129701,1,1,4
2,100,1000,4,255,84.5884,170.287,80,2.58105,80,2.58105,1,1,6
2,100,1000,4,256,87.5343,-130.098,42,8.93082,42,8.93082,1,1,7
2,100,1000,4,257,-73.2711,-105.694,2,7.05824,2,7.05824,1,1,2
2,100,1000,4,258,56.6727,-179.718,94,19.9436,94,19.9436,1,1,7
2,100,1000,4,259,83.7485,-122.674,23,10.8305,23,10.8305,1,1,6
2,100,1000,4,260,-85.6523,-175.025,96,3.52145,96,3.52145,1,1,6
2,100,1000,4,261,4.33746,173.733,8,4.28561,8,4.28561,1,1,4
2,100,1000,4,262,49.5775,-179.99,94,12.977,94,12.977,1,1,4
2,100,1000,4,263,77.5572,40.4055,11,3.92806,11,3.92806,1,1,3
2,100,1000,4,264,13.0533,106.885,27,17.6404,27,17.6404,1,1,4
2,100,1000,4,265,46.5624,-74.7064,34,18.6379,34,18.6379,1,1,5
2,100,1000,4,266,16.5084,111.919,27,13.2498,27,13.2498,1,1,4
2,100,1000,4,267,72.7793,-8.793,86,4.98794,86,4.98794,1,1,4
2,100,1000,4,268,-22.8894,-78.2418,17,17.4734,17,17.4734,1,1,2
2,100,1000,4,269,25.0656,-48.1129,48,3.61587,48,3.61587,1,1,8
2,100,1000,4,270,-51.1681,39.3079,72,5.10422,72,5.10422,1,1,7
2,100,1000,4,271,-28.9128,-107.268,21,9.88723,21,9.88723,1,1,2
2,100,1000,4,272,44.6047,-24.3678,48,24.3989,48,24.3989,1,1,5
2,100,1000,4,273,-16.4808,22.5547,4,22.8262,4,22.8262,1,1,3
2,100,1000,4,274,-12.043,-45.4646,19,16.4656,19,16.4656,1,1,4
2,100,1000,4,275,39.9405,-15.3905,48,28.7156,48,28.7156,1,1,5
2,100,1000,4,276,-20.2449,-91.4441,17,7.09658,17,7.09658,1,1,2
2,100,1000,4,277,-10.8287,-121.335,21,14.7402,21,14.7402,1,1,3
2,100,1000,4,278,-45.7171,-46.543,61,6.6954,61,6.6954,1,1,3
2,100,1000,4,279,49.5353,114.673,91,15.4673,91,15.4673,1,1,4
2,100,1000,4,280,-59.8289,12.1953,28,12.8356,28,12.8356,1,1,4
2,100,1000,4,281,-70.017,93.359,88,7.15415,88,7.15415,1,1,6
2,100,1000,4,282,-27.9427,-174.475,25,10.278,25,10.278,1,1,5
2,100,1000,4,283,-47.717,78.3358,12,15.5054,12,15.5054,1,1,7
2,100,1000,4,284,-36.3585,134.697,16,20.4384,16,20.4384,1,1,9
2,100,1000,4,285,-74.8885,4.94681,64,0.811474,64,0.811474,1,1,5
2,100,1000,4,286,-2.99752,-27.6026,49,15.5853,49,15.5853,1,1,4
2,100,1000,4,287,38.8396,-96.7856,9,9.29444,9,9.29444,1,1,3
2,100,1000,4,288,64.0148,-135.282,58,8.868,58,8.868,1,1,6
2,100,1000,4,289,52.8845,-76.0563,34,15.1089,34,15.1089,1,1,6
2,100,1000,4,290,-0.373474,5.65005,6,16.4915,6,16.4915,1,1,4
2,100,1000,4,291,44.2766,138.763,22,11.0736,22,11.0736,1,1,4
2,100,1000,4,292,47.103,-113.104,9,7.39634,9,7.39634,1,1,3
2,100,1000,4,293,-81.2859,-177.228,18,5.05874,18,5.05874,1,1,3
2,100,1000,4,294,10.1764,116.499,27,19.7933,27,19.7933,1,1,5
2,100,1000,4,295,58.7222,80.695,1,3.64653,1,3.64653,1,1,2
2,100,1000,4,296,-25.6529,157.41,77,17.3532,77,17.3532,1,1,7
2,100,1000,4,297,-2.97298,72.8088,47,3.989,47,3.989,1,1,5
2,100,1000,4,298,81.4676,78.6201,11,3.94877,11,3.94877,1,1,3
2,100,1000,4,299,-14.4277,-89.7818,17,3.96533,17,3.96533,1,1,2
2,100,1000,4,300,16.6586,1.36743,6,12.557,6,12.557,1,1,4
2,100,1000,4,301,47.5825,-152.678,73,13.2205,73,13.2205,1,1,3
2,100,1000,4,302,76.8824,-7.15573,86,1.45983,86,1.45983,1,1,4
2,100,1000,4,303,-34.7318,101.794,12,6.61058,12,6.61058,1,1,6
2,100,1000,4,304,18.781,-143.694,67,5.11033,67,5.11033,1,1,3
2,100,1000,4,305,-77.131,-143.185,18,3.04295,18,3.04295,1,1,3
2,100,1000,4,306,20.9778,114.291,27,8.79911,27,8.79911,1,1,5
2,100,1000,4,307,87.7891,-43.8385,42,5.84547,42,5.84547,1,1,4
2,100,1000,4,308,-89.4065,-166.994,87,0.742407,87,0.742407,1,1,6
2,100,1000,4,309,-20.5333,21.5399,4,19.8284,4,19.8284,1,1,3
2,100,1000,4,310,64.7526,-103.622,70,4.27859,70,4.27859,1,1,6
2,100,1000,4,311,-38.8825,-101.801,92,4.69737,92,4.69737,1,1,2
2,100,1000,4,312,-63.1059,96.289,89,12.582,89,12.582,1,1,7
2,100,1000,4,313,75.504,-143.277,58,3.17509,58,3.17509,1,1,6
2,100,1000,4,314,-2.54549,-57.8474,26,6.90924,26,6.90924,1,1,4
2,100,1000,4,315,-26.5292,-151.774,43,18.6385,43,18.6385,1,1,4
2,100,1000,4,316,61.76,-137.893,58,10.7995,58,10.7995,1,1,6
2,100,1000,4,317,-62.2259,97.2848,89,11.5895,89,11.5895,1,1,7
2,100,1000,4,318,17.4754,-13.9153,6,27.173,6,27.173,1,1,4
2,100,1000,4,319,9.53959,-107.487,85,5.22313,85,5.22313,1,1,6
2,100,1000,4,320,11.1951,44.8172,50,23.1666,50,23.1666,1,1,4
2,100,1000,4,321,-35.3361,-115.654,21,10.348,21,10.348,1,1,2
2,100,1000,4,322,-10.4458,-75.0941,17,18.5088,17,18.5088,1,1,2
2,100,1000,4,323,10.2537,-19.7045,49,22.3876,49,22.3876,1,1,5
2,100,1000,4,324,-31.0438,159.441,77,18.6217,77,18.6217,1,1,7
2,100,1000,4,325,-89.0823,-112.582,87,0.519927,87,0.519927,1,1,5
2,100,1000,4,326,-62.0908,-75.9297,63,14.5623,63,14.5623,1,1,3
2,100,1000,4,327,-17.1916,-70.3935,17,22.8286,17,22.8286,1,1,2
2,100,1000,4,328,-79.8204,-63.3751,63,4.7025,63,4.7025,1,1,4
2,100,1000,4,329,-16.8351,15.2682,4,17.2517,4,17.2517,1,1,3
2,100,1000,4,330,29.3888,93.2714,32,15.7037,32,15.7037,1,1,5
2,100,1000,4,331,21.7472,2.29752,6,13.6984,6,13.6984,1,1,4
2,100,1000,4,332,67.6889,99.0427,33,6.92882,33,6.92882,1,1,3
2,100,1000,4,333,-40.2088,-9.67128,78,12.4829,78,12.4829,1,1,3
2,100,1000,4,334,-47.4363,118.661,89,8.2856,89,8.2856,1,1,9
2,100,1000,4,335,31.4207,107.518,27,5.11354,27,5.11354,1,1,5
2,100,1000,4,336,-8.26064,172.169,77,10.2173,77,10.2173,1,1,6
2,100,1000,4,337,85.9318,142.587,80,2.54181,80,2.54181,1,1,5
2,100,1000,4,338,-41.4624,12.371,4,15.52,4,15.52,1,1,3
2,100,1000,4,339,-28.5587,34.9875,76,12.8856,76,12.8856,1,1,5
2,100,1000,4,340,-4.09413,-55.282,26,8.55497,26,8.55497,1,1,4
2,100,1000,4,341,51.2025,47.6302,93,7.7012,93,7.7012,1,1,5
2,100,1000,4,342,24.3941,-111.978,20,15.6906,20,15.6906,1,1,4
2,100,1000,4,343,78.6184,69.1475,11,2.481,11,2.481,1,1,3
2,100,1000,4,344,2.32345,-56.4334,26,2.03806,26,2.03806,1,1,4
2,100,1000,4,345,-47.7921,-116.576,99,2.52959,99,2.52959,1,1,2
2,100,1000,4,346,-71.581,127.91,10,5.24163,10,5.24163,1,1,3
2,100,1000,4,347,32.861,172.216,5,20.6462,5,20.6462,1,1,3
2,100,1000,4,348,23.4764,165.304,57,18.4023,57,18.4023,1,1,6
2,100,1000,4,349,-8.72774,132.08,30,21.3982,30,21.3982,1,1,8
2,100,1000,4,350,51.9829,-134.614,73,19.3018,73,19.3018,1,1,5
2,100,1000,4,351,29.799,-92.5556,9,16.9402,9,16.9402,1,1,3
2,100,1000,4,352,-71.2224,51.4616,40,1.59948,40,1.59948,1,1,5
2,100,1000,4,353,-64.9842,-45.3696,35,4.3985,35,4.3985,1,1,4
2,100,1000,4,354,-58.0837,-7.08578,28,13.3003,28,13.3003,1,1,4
2,100,1000,4,355,84.809,55.6443,11,5.15175,11,5.15175,1,1,3
2,100,1000,4,356,58.8161,92.023,91,1.83375,91,1.83375,1,1,4
2,100,1000,4,357,-38.3627,-13.5796,79,10.9599,79,10.9599,1,1,5
2,100,1000,4,358,80.0225,-99.4888,23,6.93551,23,6.93551,1,1,6
2,100,1000,4,359,-62.2161,-15.3081,28,10.3988,28,10.3988,1,1,5
2,100,1000,4,360,12.0389,-40.0164,48,17.9335,48,17.9335,1,1,6
2,100,1000,4,361,24.0582,60.9157,62,14.1961,62,14.1961,1,1,5
2,100,1000,4,362,-46.0531,-66.1618,39,12.4894,39,12.4894,1,1,2
2,100,1000,4,363,26.5658,134.847,45,3.34483,45,3.34483,1,1,5
2,100,1000,4,364,-40.4288,-144.324,99,22.8004,99,22.8004,1,1,3
2,100,1000,4,365,43.4635,-156.892,73,11.2772,73,11.2772,1,1,4
2,100,1000,4,366,-49.469,-33.4751,79,8.09152,79,8.09152,1,1,6
2,100,1000,4,367,-34.7237,-61.3827,39,19.8008,39,19.8008,1,1,3
2,100,1000,4,368,-81.0067,-19.4158,52,1.47855,52,1.47855,1,1,5
2,100,1000,4,369,36.6239,-98.1808,9,9.05112,9,9.05112,1,1,3
2,100,1000,4,370,76.7492,62.8657,11,3.13412,11,3.13412,1,1,3
2,100,1000,4,371,68.7318,91.1306,33,4.46426,33,4.46426,1,1,3
2,100,1000,4,372,-12.5556,-119.262,21,12.6666,21,12.6666,1,1,3
2,100,1000,4,373,-51.2245,-45.0662,61,2.22736,61,2.22736,1,1,4
2,100,1000,4,374,-19.3754,-46.8811,19,11.3196,19,11.3196,1,1,3
2,100,1000,4,375,59.8128,165.327,13,1.37742,13,1.37742,1,1,4
2,100,1000,4,376,46.5512,-12.258,29,24.556,29,24.556,1,1,5
2,100,1000,4,377,23.1214,-179.004,55,12.0139,55,12.0139,1,1,4
2,100,1000,4,378,50.7901,-80.6258,34,13.0845,34,13.0845,1,1,5
2,100,1000,4,379,67.9214,-159.277,58,6.92419,58,6.92419,1,1,5
2,100,1000,4,380,-22.4749,42.7697,76,5.55591,76,5.55591,1,1,5
2,100,1000,4,381,-68.0846,36.1123,40,6.97686,40,6.97686,1,1,6
2,100,1000,4,382,-85.3527,-25.6166,52,3.18945,52,3.18945,1,1,4
2,100,1000,4,383,77.3648,-152.719,58,5.57372,58,5.57372,1,1,7
2,100,1000,4,384,67.4838,47.9773,24,2.44864,24,2.44864,1,1,4
2,100,1000,4,385,-35.4498,108.466,12,11.4459,12,11.4459,1,1,6
2,100,1000,4,386,-34.5785,-113.436,21,10.104,21,10.104,1,1,2
2,100,1000,4,387,9.79833,85.7317,7,3.91327,7,3.91327,1,1,3
2,100,1000,4,388,-26.349,97.1477,12,11.6142,12,11.6142,1,1,5
2,100,1000,4,389,-69.6673,88.5512,88,5.89266,88,5.89266,1,1,6
2,100,1000,4,390,-64.8667,160.291,10,8.53433,10,8.53433,1,1,4
2,100,1000,4,391,36.9391,143.369,22,3.55693,22,3.55693,1,1,6
2,100,1000,4,392,-15.9835,-59.8791,26,20.4971,26,20.4971,1,1,4
2,100,1000,4,393,72.1826,-110.387,23,1.42808,23,1.42808,1,1,5
2,100,1000,4,394,19.7476,100.208,27,15.3865,27,15.3865,1,1,4
2,100,1000,4,395,-44.832,174.545,77,26.5748,77,26.5748,1,1,8
2,100,1000,4,396,-18.5112,-45.8332,19,11.2326,19,11.2326,1,1,3
2,100,1000,4,397,15.3288,-27.7279,48,22.509,48,22.509,1,1,5
2,100,1000,4,398,54.2751,5.3873,29,12.1839,29,12.1839,1,1,5
2,100,1000,4,399,-0.223366,63.5179,47,11.5313,47,11.5313,1,1,5
2,100,1000,4,400,-63.3177,108.654,89,11.0621,89,11.0621,1,1,5
2,100,1000,4,401,-4.00802,-15.7924,49,7.61696,49,7.61696,1,1,5
2,100,1000,4,402,87.6088,-168.419,42,9.87058,42,9.87058,1,1,7
2,100,1000,4,403,-55.0304,-57.4806,61,6.12899,61,6.12899,1,1,3
2,100,1000,4,404,54.3642,-69.3953,34,18.6813,34,18.6813,1,1,6
2,100,1000,4,405,-74.4647,158.995,10,7.9911,10,7.9911,1,1,3
2,100,1000,4,406,-44.5521,104.949,89,8.00477,89,8.00477,1,1,8
2,100,1000,4,407,61.1819,58.929,1,7.82199,1,7.82199,1,1,2
2,100,1000,4,408,-67.4651,86.7289,88,6.90701,88,6.90701,1,1,6
2,100,1000,4,409,64.2711,84.5649,33,2.04971,33,2.04971,1,1,4
2,100,1000,4,410,3.46841,-141.122,43,13.132,43,13.132,1,1,6
2,100,1000,4,411,39.5552,149.914,22,8.67373,22,8.67373,1,1,4
2,100,1000,4,412,-3.47749,-70.232,26,15.4146,26,15.4146,1,1,3
2,100,1000,4,413,-28.9068,-78.4048,39,16.1325,39,16.1325,1,1,2
2,100,1000,4,414,57.5777,121.74,98,13.7883,98,13.7883,1,1,5
2,100,1000,4,415,82.5566,168.52,80,4.63206,80,4.63206,1,1,8
2,100,1000,4,416,25.1967,-22.9029,48,22.0429,48,22.0429,1,1,5
2,100,1000,4,417,-13.6363,45.6108,90,5.56721,90,5.56721,1,1,8
2,100,1000,4,418,-5.66114,42.6667,90,13.996,90,13.996,1,1,9
2,100,1000,4,419,84.0651,-82.594,54,10.815,54,10.815,1,1,6
2,100,1000,4,420,76.6357,-160.799,58,6.3072,58,6.3072,1,1,7
2,100,1000,4,421,-51.7996,-115.833,99,1.78459,99,1.78459,1,1,2
2,100,1000,4,422,62.0748,-161.235,58,12.3293,58,12.3293,1,1,5
2,100,1000,4,423,61.5481,169.219,13,2.42403,13,2.42403,1,1,4
2,100,1000,4,424,52.7468,71.6385,1,8.53316,1,8.53316,1,1,2
2,100,1000,4,425,36.8922,-67.5695,48,18.9344,48,18.9344,1,1,5
2,100,1000,4,426,55.2584,-27.1053,86,24.4568,86,24.4568,1,1,9
2,100,1000,4,427,-48.8276,-76.4382,39,6.65989,39,6.65989,1,1,2
2,100,1000,4,428,41.3313,24.5313,29,9.12103,29,9.12103,1,1,4
2,100,1000,4,429,12.5785,17.818,6,3.87933,6,3.87933,1,1,4
2,100,1000,4,430,-16.8645,10.2701,4,14.2258,4,14.2258,1,1,2
2,100,1000,4,431,3.16892,-163.336,37,9.8349,37,9.8349,1,1,4
2,100,1000,4,432,83.6836,159.065,80,3.78071,80,3.78071,1,1,6
2,100,1000,4,433,31.1376,-23.9551,48,20.4192,48,20.4192,1,1,5
2,100,1000,4,434,10.866,50.4054,82,25.7375,82,25.7375,1,1,7
2,100,1000,4,435,36.7255,-4.99666,29,25.2913,29,25.2913,1,1,4
2,100,1000,4,436,34.8031,149.852,22,6.49424,22,6.49424,1,1,4
2,100,1000,4,437,29.5853,13.756,50,15.64,50,15.64,1,1,4
2,100,1000,4,438,84.3083,2.26688,86,6.98939,86,6.98939,1,1,4
2,100,1000,4,439,1.48772,94.1102,7,10.9531,7,10.9531,1,1,3
2,100,1000,4,440,-53.0473,-103.24,99,7.87461,99,7.87461,1,1,2
2,100,1000,4,441,-76.7296,-175.578,81,5.12093,81,5.12093,1,1,4
2,100,1000,4,442,24.8272,-71.1144,48,21.5856,48,21.5856,1,1,5
2,100,1000,4,443,-36.008,-47.6829,19,12.7466,19,12.7466,1,1,2
2,100,1000,4,444,66.7084,133.141,98,7.71221,98,7.71221,1,1,6
2,100,1000,4,445,75.0676,-80.3122,54,2.61551,54,2.61551,1,1,7
2,100,1000,4,446,-18.2945,-23.5271,49,11.0997,49,11.0997,1,1,5
2,100,1000,4,447,-31.824,-49.2218,19,11.4451,19,11.4451,1,1,2
2,100,1000,4,448,-22.2309,178.627,77,5.65604,77,5.65604,1,1,6
2,100,1000,4,449,53.4116,157.27,5,5.97949,5,5.97949,1,1,3
2,100,1000,4,450,24.5163,0.274124,6,16.8264,6,16.8264,1,1,4
2,100,1000,4,451,-13.8633,-61.3611,26,18.6954,26,18.6954,1,1,4
2,100,1000,4,452,-14.937,-148.556,43,6.95197,43,6.95197,1,1,6
2,100,1000,4,453,66.1974,-41.2574,86,16.8297,86,16.8297,1,1,7
2,100,1000,4,454,16.8555,-44.6297,48,12.0161,48,12.0161,1,1,6
2,100,1000,4,455,-63.5736,107.616,89,11.3199,89,11.3199,1,1,5
2,100,1000,4,456,16.0651,-100.606,85,7.4558,85,7.4558,1,1,5
2,100,1000,4,457,56.0192,-98.2154,34,2.58988,34,2.58988,1,1,5
2,100,1000,4,458,4.13955,-139.978,43,14.1062,43,14.1062,1,1,4
2,100,1000,4,459,17.0508,-38.3041,48,14.2391,48,14.2391,1,1,6
2,100,1000,4,460,86.5816,4.2368,42,6.43519,42,6.43519,1,1,4
2,100,1000,4,461,30.6918,-43.4257,48,3.97434,48,3.97434,1,1,8
2,100,1000,4,462,80.3549,177.736,80,6.72385,80,6.72385,1,1,7
2,100,1000,4,463,43.6763,-63.7521,48,20.0737,48,20.0737,1,1,6
2,100,1000,4,464,88.1815,14.1757,42,3.67131,42,3.67131,1,1,4
2,100,1000,4,465,-43.241,45.3956,41,3.35527,41,3.35527,1,1,6
2,100,1000,4,466,-82.7751,65.7915,95,0.372291,95,0.372291,1,1,5
2,100,1000,4,467,82.0173,-15.4242,86,5.35137,86,5.35137,1,1,4
2,100,1000,4,468,48.6178,116.429,91,16.9392,91,16.9392,1,1,5
2,100,1000,4,469,61.6592,-49.0534,54,18.7228,54,18.7228,1,1,6
2,100,1000,4,470,-54.1001,176.171,10,22.3179,10,22.3179,1,1,7
2,100,1000,4,471,-60.7185,103.93,89,8.78457,89,8.78457,1,1,6
2,100,1000,4,472,-52.2176,170.601,10,22.0675,10,22.0675,1,1,7
2,100,1000,4,473,-87.1428,83.8438,15,1.95637,15,1.95637,1,1,4
2,100,1000,4,474,-74.6881,39.8162,66,3.00053,66,3.00053,1,1,6
2,100,1000,4,475,-67.2301,-156.213,81,6.31818,81,6.31818,1,1,4
2,100,1000,4,476,-67.9735,106.923,88,12.5148,88,12.5148,1,1,4
2,100,1000,4,477,-9.81929,-155.237,43,10.5953,43,10.5953,1,1,6
2,100,1000,4,478,52.3296,-112.286,34,6.77909,34,6.77909,1,1,4
2,100,1000,4,479,-19.4947,101.022,30,12.849,30,12.849,1,1,5
2,100,1000,4,480,40.9448,54.5287,65,4.46062,65,4.46062,1,1,5
2,100,1000,4,481,-16.7911,96.3395,30,15.1162,30,15.1162,1,1,5
2,100,1000,4,482,-29.8399,-49.5476,19,11.0716,19,11.0716,1,1,2
2,100,1000,4,483,-49.5423,-142.444,99,17.7243,99,17.7243,1,1,4
2,100,1000,4,484,-56.5591,-155.766,81,16.9383,81,16.9383,1,1,4
2,100,1000,4,485,-5.74883,-41.3183,26,18.5611,26,18.5611,1,1,4
2,100,1000,4,486,-79.7976,47.0653,66,3.52249,66,3.52249,1,1,4
2,100,1000,4,487,-58.6942,-84.0304,39,14.2377,39,14.2377,1,1,2
2,100,1000,4,488,18.8333,-111.674,85,13.5901,85,13.5901,1,1,5
2,100,1000,4,489,89.9067,68.2905,42,1.30061,42,1.30061,1,1,4
2,100,1000,4,490,54.0711,-134.647,58,18.697,58,18.697,1,1,5
2,100,1000,4,491,46.0388,152.195,5,12.1036,5,12.1036,1,1,3
2,100,1000,4,492,76.1383,-107.561,23,2.79675,23,2.79675,1,1,6
2,100,1000,4,493,88.4789,76.9359,42,1.87334,42,1.87334,1,1,4
2,100,1000,4,494,-19.9235,-42.0315,19,7.94763,19,7.94763,1,1,3
2,100,1000,4,495,-1.02094,-137.957,43,10.4801,43,10.4801,1,1,4
2,100,1000,4,496,-83.7514,144.376,46,1.96349,46,1.96349,1,1,5
2,100,1000,4,497,69.1911,-47.1827,54,13.5528,54,13.5528,1,1,6
2,100,1000,4,498,-42.5858,-140.703,99,19.2767,99,19.2767,1,1,3
2,100,1000,4,499,-4.81345,-18.2896,49,7.70166,49,7.70166,1,1,6
2,100,1000,4,500,-58.2344,158.875,10,13.2317,10,13.2317,1,1,6
2,100,1000,4,501,60.196,-96.064,34,6.68121,34,6.68121,1,1,6
2,100,1000,4,502,12.9703,-176.996,37,15.2592,37,15.2592,1,1,4
2,100,1000,4,503,-0.0472107,-116.393,85,16.6371,85,16.6371,1,1,5
2,100,1000,4,504,-54.3352,-0.280975,28,16.8983,28,16.8983,1,1,4
2,100,1000,4,505,65.9489,179.472,51,7.14571,51,7.14571,1,1,5
2,100,1000,4,506,22.5361,43.9754,97,21.8264,97,21.8264,1,1,7
2,100,1000,4,507,75.8335,17.3488,86,4.50116,86,4.50116,1,1,4
2,100,1000,4,508,58.2072,148.625,98,4.01536,98,4.01536,1,1,6
2,100,1000,4,509,-42.8576,-103.433,92,5.25319,92,5.25319,1,1,2
2,100,1000,4,510,-36.7033,92.2428,12,2.07617,12,2.07617,1,1,5
2,100,1000,4,511,-30.6951,-60.9094,19,20.9249,19,20.9249,1,1,2
2,100,1000,4,512,28.3094,-103.008,9,12.9955,9,12.9955,1,1,3
2,100,1000,4,513,35.954,151.447,22,8.01194,22,8.01194,1,1,4
2,100,1000,4,514,-31.8553,-117.719,21,6.74404,21,6.74404,1,1,2
2,100,1000,4,515,-23.4212,-0.179443,36,5.17373,36,5.17373,1,1,3
2,100,1000,4,516,-69.4218,-106.45,63,10.5285,63,10.5285,1,1,3
2,100,1000,4,517,41.8783,67.0972,65,5.3213,65,5.3213,1,1,4
2,100,1000,4,518,-51.7233,-96.3379,0,7.36928,0,7.36928,1,1,1
2,100,1000,4,519,65.3522,-32.117,86,15.5921,86,15.5921,1,1,6
2,100,1000,4,520,41.6906,82.6023,74,10.5227,74,10.5227,1,1,4
2,100,1000,4,521,-16.3225,-51.5466,19,16.6858,19,16.6858,1,1,3
2,100,1000,4,522,-26.7112,-60.978,19,20.978,19,20.978,1,1,2
2,100,1000,4,523,72.9011,-117.008,23,2.77513,23,2.77513,1,1,5
2,100,1000,4,524,-46.1765,-119.913,99,5.1161,99,5.1161,1,1,3
2,100,1000,4,525,-20.2204,14.2405,4,14.2358,4,14.2358,1,1,2
2,100,1000,4,526,76.1649,78.1691,11,5.61296,11,5.61296,1,1,3
2,100,1000,4,527,66.6655,28.9487,24,7.61326,24,7.61326,1,1,4
2,100,1000,4,528,77.5805,25.239,86,5.6892,86,5.6892,1,1,4
2,100,1000,4,529,0.197998,-88.5495,17,14.6429,17,14.6429,1,1,3
2,100,1000,4,530,43.76,133.554,22,12.246,22,12.246,1,1,4
2,100,1000,4,531,45.6355,128.677,22,15.9587,22,15.9587,1,1,4
2,100,1000,4,532,-76.4483,-4.9724,64,2.26726,64,2.26726,1,1,5
2,100,1000,4,533,7.88684,-76.3432,26,19.6394,26,19.6394,1,1,4
2,100,1000,4,534,39.3449,-33.5218,48,15.6897,48,15.6897,1,1,5
2,100,1000,4,535,35.7699,-17.9291,48,25.8845,48,25.8845,1,1,5
2,100,1000,4,536,-65.4598,-141.105,81,10.465,81,10.465,1,1,4
2,100,1000,4,537,55.2621,-4.34196,29,17.9692,29,17.9692,1,1,5
2,100,1000,4,538,-11.0416,76.3265,47,11.451,47,11.451,1,1,5
2,100,1000,4,539,29.325,65.5638,74,8.3686,74,8.3686,1,1,5
2,100,1000,4,540,68.2067,-161.791,58,7.40526,58,7.40526,1,1,5
2,100,1000,4,541,-50.0979,108.743,89,2.18572,89,2.18572,1,1,9
2,100,1000,4,542,48.1891,-146.865,73,13.1896,73,13.1896,1,1,3
2,100,1000,4,543,-21.1541,71.5393,84,8.69021,84,8.69021,1,1,8
2,100,1000,4,544,29.1872,138.088,45,2.85253,45,2.85253,1,1,5
2,100,1000,4,545,81.4949,-34.1056,86,7.3753,86,7.3753,1,1,5
2,100,1000,4,546,45.8208,74.2609,74,9.76135,74,9.76135,1,1,5
2,100,1000,4,547,-42.7145,118.745,89,11.9055,89,11.9055,1,1,8
2,100,1000,4,548,-55.3558,110.345,89,3.34382,89,3.34382,1,1,8
2,100,1000,4,549,-68.7991,147.978,10,2.50358,10,2.50358,1,1,3
2,100,1000,4,550,-51.5886,113.942,89,3.59628,89,3.59628,1,1,9
2,100,1000,4,551,-24.9754,-54.0968,19,15.0402,19,15.0402,1,1,2
2,100,1000,4,552,76.4182,-119.427,23,4.36215,23,4.36215,1,1,5
2,100,1000,4,553,60.7806,-49.2469,54,19.4299,54,19.4299,1,1,6
2,100,1000,4,554,68.4499,0.211258,86,8.89411,86,8.89411,1,1,5
2,100,1000,4,555,-81.8416,93.3133,95,3.53015,95,3.53015,1,1,5
2,100,1000,4,556,9.21021,-83.879,85,18.1521,85,18.1521,1,1,4
2,100,1000,4,557,11.0283,-65.2013,26,10.6085,26,10.6085,1,1,4
2,100,1000,4,558,-25.3718,159.748,77,15.2983,77,15.2983,1,1,6
2,100,1000,4,559,-86.831,-172.369,96,2.28508,96,2.28508,1,1,7
2,100,1000,4,560,58.9181,169.328,13,0.850806,13,0.850806,1,1,4
2,100,1000,4,561,-13.2375,29.4778,90,19.1526,90,19.1526,1,1,6
2,100,1000,4,562,31.7943,68.096,74,5.1512,74,5.1512,1,1,4
2,100,1000,4,563,-15.8886,132.877,30,22.5116,30,22.5116,1,1,8
2,100,1000,4,564,-0.779678,10.6246,6,15.0216,6,15.0216,1,1,4
2,100,1000,4,565,50.4277,75.2635,1,10.6376,1,10.6376,1,1,2
2,100,1000,4,566,-27.7169,-129.095,21,10.6944,21,10.6944,1,1,2
2,100,1000,4,567,-79.4166,-82.5975,63,2.88536,63,2.88536,1,1,3
2,100,1000,4,568,-34.2611,142.728,16,23.731,16,23.731,1,1,8
2,100,1000,4,569,24.0778,-111.622,20,15.8665,20,15.8665,1,1,4
2,100,1000,4,570,-18.5304,64.4723,60,12.5016,60,12.5016,1,1,7
2,100,1000,4,571,80.8455,161.36,80,6.52487,80,6.52487,1,1,7
2,100,1000,4,572,80.2967,3.74756,86,3.09544,86,3.09544,1,1,4
2,100,1000,4,573,-41.9208,-70.1503,39,10.2407,39,10.2407,1,1,2
2,100,1000,4,574,-8.25202,-77.5037,17,16.8005,17,16.8005,1,1,2
2,100,1000,4,575,-31.2599,-78.6678,39,13.7961,39,13.7961,1,1,2
2,100,1000,4,576,-44.088,91.0053,12,6.87123,12,6.87123,1,1,7
2,100,1000,4,577,65.405,155.413,51,3.35561,51,3.35561,1,1,5
2,100,1000,4,578,-10.4493,-80.9671,17,12.8764,17,12.8764,1,1,2
2,100,1000,4,579,54.1449,157.542,5,5.8417,5,5.8417,1,1,3
2,100,1000,4,580,54.8287,29.1453,29,5.26259,29,5.26259,1,1,4
2,100,1000,4,581,26.4027,-125.776,20,9.08232,20,9.08232,1,1,3
2,100,1000,4,582,40.0249,73.9722,74,4.36182,74,4.36182,1,1,4
2,100,1000,4,583,-14.187,-168.472,75,0.786352,75,0.786352,1,1,6
2,100,1000,4,584,18.3501,-160.218,37,5.65104,37,5.65104,1,1,3
2,100,1000,4,585,-50.0473,179.639,10,27.1538,10,27.1538,1,1,6
2,100,1000,4,586,42.127,-118.404,9,7.50378,9,7.50378,1,1,3
2,100,1000,4,587,80.4995,64.8472,11,1.56131,11,1.56131,1,1,3
2,100,1000,4,588,32.672,-102.843,9,9.06648,9,9.06648,1,1,3
2,100,1000,4,589,87.3484,-131.16,42,9.45571,42,9.45571,1,1,7
2,100,1000,4,590,-0.173172,-67.8228,26,11.7752,26,11.7752,1,1,3
2,100,1000,4,591,-14.9139,91.4777,30,19.0439,30,19.0439,1,1,4
2,100,1000,4,592,-78.4087,-79.0177,63,1.84157,63,1.84157,1,1,3
2,100,1000,4,593,33.4452,2.28387,6,22.3648,6,22.3648,1,1,3
2,100,1000,4,594,10.0076,-4.81969,6,18.8612,6,18.8612,1,1,4
2,100,1000,4,595,-10.0871,-50.3274,26,15.8254,26,15.8254,1,1,4
2,100,1000,4,596,-77.8372,-147.369,18,2.25075,18,2.25075,1,1,3
2,100,1000,4,597,1.94807,104.375,30,13.7803,30,13.7803,1,1,4
2,100,1000,4,598,53.3018,155.522,5,7.02986,5,7.02986,1,1,3
2,100,1000,4,599,57.9515,-36.6963,86,23.6812,86,23.6812,1,1,8
2,100,1000,4,600,87.6519,-164.192,42,9.61923,42,9.61923,1,1,7
2,100,1000,4,601,-18.5285,79.5576,84,12.5056,84,12.5056,1,1,7
2,100,1000,4,602,-51.2975,-56.0579,61,4.96744,61,4.96744,1,1,3
2,100,1000,4,603,-17.7976,142.749,14,21.262,14,21.262,1,1,6
2,100,1000,4,604,10.5498,-40.8982,26,17.0755,26,17.0755,1,1,5
2,100,1000,4,605,-84.2055,-159.247,18,4.4536,18,4.4536,1,1,3
2,100,1000,4,606,35.6395,-18.2388,48,25.6136,48,25.6136,1,1,5
2,100,1000,4,607,56.1154,94.4615,91,3.83693,91,3.83693,1,1,3
2,100,1000,4,608,41.3717,-0.878708,29,19.751,29,19.751,1,1,4
2,100,1000,4,609,-41.6273,-77.2414,39,5.54034,39,5.54034,1,1,2
2,100,1000,4,610,87.1508,76.5712,42,3.29981,42,3.29981,1,1,4
2,100,1000,4,611,26.2156,-161.373,55,13.201,55,13.201,1,1,4
2,100,1000,4,612,54.6013,-123.673,34,12.9886,34,12.9886,1,1,4
2,100,1000,4,613,61.5013,35.8061,24,9.7126,24,9.7126,1,1,3
2,100,1000,4,614,-74.0752,58.9055,40,4.18753,40,4.18753,1,1,5
2,100,1000,4,615,89.5549,-152.847,42,4.07952,42,4.07952,1,1,7
2,100,1000,4,616,37.357,-37.9472,48,11.7611,48,11.7611,1,1,6
2,100,1000,4,617,53.3555,152.119,5,9.06131,5,9.06131,1,1,3
2,100,1000,4,618,42.9975,-108.884,9,2.56848,9,2.56848,1,1,3
2,100,1000,4,619,57.4339,-72.9056,70,16.1518,70,16.1518,1,1,7
2,100,1000,4,620,15.1088,126.457,45,16.7375,45,16.7375,1,1,8
2,100,1000,4,621,-26.0762,-78.5035,39,18.8754,39,18.8754,1,1,3
2,100,1000,4,622,-35.8909,-119.922,21,10.9751,21,10.9751,1,1,2
2,100,1000,4,623,-82.021,-169.038,18,3.95426,18,3.95426,1,1,3
2,100,1000,4,624,29.5999,-67.2967,48,17.4797,48,17.4797,1,1,5
2,100,1000,4,625,-33.1398,53.5013,60,6.64625,60,6.64625,1,1,6
2,100,1000,4,626,-85.3628,166.152,46,1.86176,46,1.86176,1,1,5
2,100,1000,4,627,36.0643,118.477,27,7.78563,27,7.78563,1,1,4
2,100,1000,4,628,-68.7606,15.131,28,6.39155,28,6.39155,1,1,4
2,100,1000,4,629,-12.8584,-105.672,44,7.97742,44,7.97742,1,1,3
2,100,1000,4,630,-52.9818,-26.6072,79,10.1289,79,10.1289,1,1,8
2,100,1000,4,631,-39.2592,148.75,16,20.8453,16,20.8453,1,1,8
2,100,1000,4,632,57.7228,-151.807,58,15.0153,58,15.0153,1,1,5
2,100,1000,4,633,60.4347,21.4406,29,10.1171,29,10.1171,1,1,5
2,100,1000,4,634,-40.3458,55.7372,41,5.55619,41,5.55619,1,1,7
2,100,1000,4,635,64.2675,129.526,98,8.41682,98,8.41682,1,1,6
2,100,1000,4,636,1.09708,-103.617,85,7.80685,85,7.80685,1,1,6
2,100,1000,4,637,-64.4888,110.412,89,12.2849,89,12.2849,1,1,4
2,100,1000,4,638,-21.7695,-113.02,21,5.30884,21,5.30884,1,1,3
2,100,1000,4,639,60.687,-164.339,58,14.286,58,14.286,1,1,5
2,100,1000,4,640,-0.158142,-124.906,20,17.6734,20,17.6734,1,1,3
2,100,1000,4,641,34.5811,8.95821,29,19.5004,29,19.5004,1,1,4
2,100,1000,4,642,-69.3771,-38.7093,35,1.73906,35,1.73906,1,1,4
2,100,1000,4,643,-26.2824,-96.2753,17,12.9986,17,12.9986,1,1,2
2,100,1000,4,644,78.2108,101.718,71,2.58984,71,2.58984,1,1,4
2,100,1000,4,645,-10.9734,-129.542,43,14.8416,43,14.8416,1,1,6
2,100,1000,4,646,-52.4444,79.5349,89,17.5176,89,17.5176,1,1,8
2,100,1000,4,647,-80.3957,-169.443,18,3.83987,18,3.83987,1,1,3
2,100,1000,4,648,53.8637,140.078,98,9.24021,98,9.24021,1,1,5
2,100,1000,4,649,15.9987,-152.964,37,8.72253,37,8.72253,1,1,3
2,100,1000,4,650,7.90759,-19.4675,49,20.0536,49,20.0536,1,1,5
2,100,1000,4,651,78.2809,-161.991,58,7.56599,58,7.56599,1,1,7
2,100,1000,4,652,28.4575,-152.416,73,7.87576,73,7.87576,1,1,3
2,100,1000,4,653,64.2108,-166.624,58,11.7796,58,11.7796,1,1,5
2,100,1000,4,654,-42.7176,69.7957,84,13.3472,84,13.3472,1,1,11
2,100,1000,4,655,-75.4815,94.2485,88,6.8636,88,6.8636,1,1,5
2,100,1000,4,656,62.445,98.1992,91,2.97219,91,2.97219,1,1,4
2,100,1000,4,657,-38.3966,166.136,77,21.3935,77,21.3935,1,1,9
2,100,1000,4,658,-60.2551,50.642,83,4.09052,83,4.09052,1,1,11
2,100,1000,4,659,-55.0697,-144.088,99,18.3686,99,18.3686,1,1,5
2,100,1000,4,660,-13.8198,47.9138,90,4.60841,90,4.60841,1,1,9
2,100,1000,4,661,-46.8152,47.4715,41,6.0892,41,6.0892,1,1,7
2,100,1000,4,662,-26.2757,-74.4217,39,19.7116,39,19.7116,1,1,3
2,100,1000,4,663,29.0142,-124.824,20,11.7937,20,11.7937,1,1,3
2,100,1000,4,664,-57.1719,-89.9742,0,13.0664,0,13.0664,1,1,1
2,100,1000,4,665,-48.894,81.4714,12,14.634,12,14.634,1,1,7
2,100,1000,4,666,35.2791,-121.226,9,11.1696,9,11.1696,1,1,3
2,100,1000,4,667,49.7404,-52.5267,48,21.5101,48,21.5101,1,1,8
2,100,1000,4,668,-46.8209,47.9025,41,6.06689,41,6.06689,1,1,7
2,100,1000,4,669,-19.5752,0.923019,36,7.74082,36,7.74082,1,1,3
2,100,1000,4,670,-31.1509,-10.1135,78,3.44599,78,3.44599,1,1,4
2,100,1000,4,671,-42.4142,-117.412,99,7.86307,99,7.86307,1,1,3
2,100,1000,4,672,-45.9571,18.3782,72,15.1131,72,15.1131,1,1,5
2,100,1000,4,673,-65.638,-32.4244,35,2.7669,35,2.7669,1,1,4
2,100,1000,4,674,-55.4899,-61.4153,61,8.40596,61,8.40596,1,1,3
2,100,1000,4,675,1.74356,41.3805,90,21.3653,90,21.3653,1,1,6
2,100,1000,4,676,83.2493,89.8568,71,3.23722,71,3.23722,1,1,4
2,100,1000,4,677,-45.574,-66.0529,39,12.5659,39,12.5659,1,1,2
2,100,1000,4,678,-82.2824,146.88,46,2.25444,46,2.25444,1,1,5
2,100,1000,4,679,-5.43839,-98.9086,44,6.80994,44,6.80994,1,1,3
2,100,1000,4,680,-61.5469,71.3352,88,10.7492,88,10.7492,1,1,8
2,100,1000,4,681,81.2814,127.464,71,3.61029,71,3.61029,1,1,5
2,100,1000,4,682,65.0546,82.0436,33,0.947823,33,0.947823,1,1,3
2,100,1000,4,683,-52.5311,-143.533,99,18.0081,99,18.0081,1,1,5
2,100,1000,4,684,-25.027,35.7873,76,11.6074,76,11.6074,1,1,5
2,100,1000,4,685,18.6952,67.6443,82,8.27835,82,8.27835,1,1,6
2,100,1000,4,686,-77.1631,132.562,46,8.06794,46,8.06794,1,1,4
2,100,1000,4,687,65.1162,-66.2404,54,11.0906,54,11.0906,1,1,6
2,100,1000,4,688,-14.5299,178.957,77,5.79146,77,5.79146,1,1,5
2,100,1000,4,689,40.6676,39.9603,97,3.56015,97,3.56015,1,1,6
2,100,1000,4,690,-31.2294,-95.1777,92,10.2489,92,10.2489,1,1,2
2,100,1000,4,691,-49.3296,-75.9602,39,7.2204,39,7.2204,1,1,2
2,100,1000,4,692,87.3396,-9.80717,42,5.65518,42,5.65518,1,1,4
2,100,1000,4,693,18.9935,-169.886,37,10.2858,37,10.2858,1,1,3
2,100,1000,4,694,-21.4634,-152.89,43,14.6695,43,14.6695,1,1,6
2,100,1000,4,695,-44.3972,13.9794,72,18.417,72,18.417,1,1,4
2,100,1000,4,696,49.2227,-106.232,34,5.78775,34,5.78775,1,1,4
2,100,1000,4,697,-19.2781,48.5545,90,0.909915,90,0.909915,1,1,8
2,100,1000,4,698,77.906,36.3817,11,4.41356,11,4.41356,1,1,3
2,100,1000,4,699,42.5109,-74.2419,34,21.4784,34,21.4784,1,1,5
2,100,1000,4,700,-53.9155,-57.5878,61,5.85637,61,5.85637,1,1,3
2,100,1000,4,701,86.7012,-82.1571,42,9.36894,42,9.36894,1,1,6
2,100,1000,4,702,-52.513,123.635,16,6.25694,16,6.25694,1,1,7
2,100,1000,4,703,15.8013,45.9142,50,23.5546,50,23.5546,1,1,4
2,100,1000,4,704,61.2957,-67.0623,54,14.3254,54,14.3254,1,1,7
2,100,1000,4,705,-47.0627,-119.867,99,4.43051,99,4.43051,1,1,3
2,100,1000,4,706,8.88001,-12.7847,49,20.4531,49,20.4531,1,1,5
2,100,1000,4,707,-7.91379,12.4391,6,21.824,6,21.824,1,1,4
2,100,1000,4,708,78.7041,-157.841,58,7.30506,58,7.30506,1,1,7
2,100,1000,4,709,11.2767,-65.5186,26,11.0073,26,11.0073,1,1,4
2,100,1000,4,710,-65.3653,113.759,10,11.1711,10,11.1711,1,1,3
2,100,1000,4,711,64.2304,147.715,98,2.03838,98,2.03838,1,1,6
2,100,1000,4,712,-86.2363,-90.0953,96,2.88861,96,2.88861,1,1,6
2,100,1000,4,713,8.13466,163.339,69,8.36275,69,8.36275,1,1,6
2,100,1000,4,714,63.1432,-78.7089,70,9.80738,70,9.80738,1,1,7
2,100,1000,4,715,-45.4513,-161.545,81,27.9276,81,27.9276,1,1,5
2,100,1000,4,716,21.8517,-97.5002,85,13.8476,85,13.8476,1,1,4
2,100,1000,4,717,-31.8508,118.677,12,20.711,12,20.711,1,1,7
2,100,1000,4,718,-76.9327,147.901,46,7.03182,46,7.03182,1,1,4
2,100,1000,4,719,-7.70419,148.726,14,12.4788,14,12.4788,1,1,5
2,100,1000,4,720,-49.5807,70.4661,41,17.8515,41,17.8515,1,1,9
2,100,1000,4,721,-75.5707,98.5986,88,7.97063,88,7.97063,1,1,5
2,100,1000,4,722,-61.1593,13.0311,28,11.7674,28,11.7674,1,1,5
2,100,1000,4,723,-34.4811,-144.91,43,25.2641,43,25.2641,1,1,3
2,100,1000,4,724,17.5952,133.591,45,12.3744,45,12.3744,1,1,6
2,100,1000,4,725,-15.2145,84.4599,84,17.7336,84,17.7336,1,1,6
2,100,1000,4,726,33.675,-81.9682,9,22.3603,9,22.3603,1,1,3
2,100,1000,4,727,26.0874,74.8775,62,4.83663,62,4.83663,1,1,5
2,100,1000,4,728,3.96822,-111.556,85,10.4254,85,10.4254,1,1,6
2,100,1000,4,729,29.1084,-45.7772,48,1.44173,48,1.44173,1,1,7
2,100,1000,4,730,-5.13239,147.314,14,13.9477,14,13.9477,1,1,5
2,100,1000,4,731,-13.6609,-146.561,43,4.87458,43,4.87458,1,1,5
2,100,1000,4,732,-65.0929,88.9767,88,9.39391,88,9.39391,1,1,6
2,100,1000,4,733,76.058,-104.051,23,2.87082,23,2.87082,1,1,6
2,100,1000,4,734,28.4388,-43.2924,48,3.54528,48,3.54528,1,1,7
2,100,1000,4,735,-67.6626,137.716,10,1.69076,10,1.69076,1,1,3
2,100,1000,4,736,-76.4131,-106.466,2,3.92805,2,3.92805,1,1,2
2,100,1000,4,737,28.1574,-95.1448,9,16.6033,9,16.6033,1,1,3
2,100,1000,4,738,43.2823,167.352,5,9.90575,5,9.90575,1,1,3
2,100,1000,4,739,-30.0276,-58.2449,19,18.561,19,18.561,1,1,2
2,100,1000,4,740,60.4718,89.5158,91,2.70554,91,2.70554,1,1,4
2,100,1000,4,741,-76.8925,8.29372,64,1.6346,64,1.6346,1,1,5
2,100,1000,4,742,-86.2262,78.3897,15,0.999813,15,0.999813,1,1,4
2,100,1000,4,743,-48.4144,15.484,72,14.859,72,14.859,1,1,4
2,100,1000,4,744,73.4169,141.388,56,7.18178,56,7.18178,1,1,8
2,100,1000,4,745,74.8534,-43.431,86,10.5091,86,10.5091,1,1,6
2,100,1000,4,746,54.3512,-57.6149,54,23.0393,54,23.0393,1,1,7
2,100,1000,4,747,-4.99624,158.517,14,3.17286,14,3.17286,1,1,5
2,100,1000,4,748,-74.3191,-37.8765,35,6.5554,35,6.5554,1,1,4
2,100,1000,4,749,-62.7673,88.2393,88,11.2916,88,11.2916,1,1,5
2,100,1000,4,750,49.4155,-80.8596,34,13.5534,34,13.5534,1,1,5
2,100,1000,4,751,22.9777,126.005,45,10.5697,45,10.5697,1,1,7
2,100,1000,4,752,-3.66302,-77.7299,17,18.6516,17,18.6516,1,1,2
2,100,1000,4,753,-74.57,-100.761,63,5.53887,63,5.53887,1,1,3
2,100,1000,4,754,-45.1887,-29.1952,79,2.92388,79,2.92388,1,1,5
2,100,1000,4,755,10.4968,-149.434,37,11.8907,37,11.8907,1,1,3
2,100,1000,4,756,-59.8397,47.2087,83,2.36717,83,2.36717,1,1,11
2,100,1000,4,757,19.43,-112.132,20,14.2612,20,14.2612,1,1,4
2,100,1000,4,758,-27.2008,122.031,30,20.0366,30,20.0366,1,1,8
2,100,1000,4,759,41.6761,-87.5678,34,15.5479,34,15.5479,1,1,4
2,100,1000,4,760,41.7096,53.0589,65,5.24493,65,5.24493,1,1,5
2,100,1000,4,761,24.5006,12.1217,6,10.8051,6,10.8051,1,1,4
2,100,1000,4,762,87.722,-140.991,42,8.74852,42,8.74852,1,1,7
2,100,1000,4,763,-4.68082,-153.194,43,9.7412,43,9.7412,1,1,6
2,100,1000,4,764,0.566086,45.1039,90,19.2612,90,19.2612,1,1,8
2,100,1000,4,765,57.5225,-80.0368,34,12.4438,34,12.4438,1,1,6
2,100,1000,4,766,72.1221,-18.9996,86,7.05899,86,7.05899,1,1,4
2,100,1000,4,767,-67.016,-43.0818,35,2.50145,35,2.50145,1,1,4
2,100,1000,4,768,41.6352,-103.172,9,4.32205,9,4.32205,1,1,3
2,100,1000,4,769,18.0784,172.893,8,16.096,8,16.096,1,1,4
2,100,1000,4,770,23.8164,-122.85,20,7.51119,20,7.51119,1,1,3
2,100,1000,4,771,-78.2703,107.953,95,7.92479,95,7.92479,1,1,5
2,100,1000,4,772,52.1796,62.3193,65,9.55054,65,9.55054,1,1,3
2,100,1000,4,773,87.9108,-130.043,42,7.9388,42,7.9388,1,1,7
2,100,1000,4,774,2.17521,79.1736,47,4.52708,47,4.52708,1,1,4
2,100,1000,4,775,-18.8052,-92.2303,17,5.50195,17,5.50195,1,1,2
2,100,1000,4,776,-23.8837,-168.609,25,10.3149,25,10.3149,1,1,5
2,100,1000,4,777,49.9457,-52.3234,48,21.682,48,21.682,1,1,8
2,100,1000,4,778,-64.8003,-89.4703,63,12.1858,63,12.1858,1,1,3
2,100,1000,4,779,-12.7588,51.5316,90,6.26127,90,6.26127,1,1,10
2,100,1000,4,780,67.8168,-90.4727,70,3.14374,70,3.14374,1,1,7
2,100,1000,4,781,75.7475,99.8778,71,5.09091,71,5.09091,1,1,4
2,100,1000,4,782,35.2638,-162.537,55,9.14383,55,9.14383,1,1,3
2,100,1000,4,783,-61.602,-26.2018,35,7.67492,35,7.67492,1,1,4
2,100,1000,4,784,-42.8545,92.9528,12,5.24468,12,5.24468,1,1,7
2,100,1000,4,785,-16.6544,141.924,14,21.4281,14,21.4281,1,1,6
2,100,1000,4,786,75.0516,-9.84943,86,3.12214,86,3.12214,1,1,4
2,100,1000,4,787,34.9386,74.4623,74,3.24351,74,3.24351,1,1,4
2,100,1000,4,788,-63.7651,65.6988,40,7.61524,40,7.61524,1,1,6
2,100,1000,4,789,62.2099,56.8202,24,8.58494,24,8.58494,1,1,3
2,100,1000,4,790,-17.5638,-93.1906,17,4.0983,17,4.0983,1,1,2
2,100,1000,4,791,72.2949,97.105,33,8.28838,33,8.28838,1,1,4
2,100,1000,4,792,-40.8999,64.4812,60,10.7895,60,10.7895,1,1,9
2,100,1000,4,793,-67.6092,-31.4003,35,2.08589,35,2.08589,1,1,4
2,100,1000,4,794,77.5055,19.264,86,4.40272,86,4.40272,1,1,4
2,100,1000,4,795,-79.9343,110.645,15,6.7766,15,6.7766,1,1,4
2,100,1000,4,796,54.3956,171.626,5,2.84345,5,2.84345,1,1,3
2,100,1000,4,797,15.2611,-0.681015,6,14.3311,6,14.3311,1,1,4
2,100,1000,4,798,-85.4554,87.3182,15,0.800442,15,0.800442,1,1,4
2,100,1000,4,799,76.5586,-76.6199,54,4.29778,54,4.29778,1,1,6
2,100,1000,4,800,0.135498,-60.1916,26,5.29328,26,5.29328,1,1,4
2,100,1000,4,801,-57.348,-29.6258,35,10.9464,35,10.9464,1,1,6
2,100,1000,4,802,54.9795,135.181,98,9.70397,98,9.70397,1,1,6
2,100,1000,4,803,-67.5818,162.429,10,8.03407,10,8.03407,1,1,4
2,100,1000,4,804,10.44,169.256,8,11.4176,8,11.4176,1,1,4
2,100,1000,4,805,19.6245,165.752,69,16.7475,69,16.7475,1,1,6
2,100,1000,4,806,-51.9672,3.83897,28,19.4528,28,19.4528,1,1,4
2,100,1000,4,807,41.4287,-5.73416,29,22.7716,29,22.7716,1,1,4
2,100,1000,4,808,-55.8399,127.639,16,2.39779,16,2.39779,1,1,6
2,100,1000,4,809,71.4328,-136.669,58,2.32658,58,2.32658,1,1,6
2,100,1000,4,810,-16.5484,162.997,14,10.0722,14,10.0722,1,1,5
2,100,1000,4,811,76.9878,-104.306,23,3.74089,23,3.74089,1,1,6
2,100,1000,4,812,77.3115,4.49791,86,1.19309,86,1.19309,1,1,4
2,100,1000,4,813,37.5067,163.712,5,15.8792,5,15.8792,1,1,3
2,100,1000,4,814,-44.0919,48.1305,41,3.33336,41,3.33336,1,1,6
2,100,1000,4,815,-46.4539,92.0872,12,8.89167,12,8.89167,1,1,7
2,100,1000,4,816,83.9695,-27.6038,86,7.92061,86,7.92061,1,1,5
2,100,1000,4,817,-58.7693,97.898,89,8.7465,89,8.7465,1,1,9
2,100,1000,4,818,-36.2113,-72.7022,39,11.7911,39,11.7911,1,1,2
2,100,1000,4,819,40.1634,128.457,45,11.5367,45,11.5367,1,1,5
2,100,1000,4,820,-41.723,-60.4241,61,13.4856,61,13.4856,1,1,4
2,100,1000,4,821,57.1049,-7.38031,29,19.8851,29,19.8851,1,1,5
2,100,1000,4,822,61.7074,17.0674,29,11.9638,29,11.9638,1,1,5
2,100,1000,4,823,83.4428,-168.265,58,12.2616,58,12.2616,1,1,7
2,100,1000,4,824,-17.6468,129.751,30,20.0687,30,20.0687,1,1,7
2,100,1000,4,825,-62.4669,111.61,89,10.3719,89,10.3719,1,1,6
2,100,1000,4,826,56.3739,-150.958,58,16.2733,58,16.2733,1,1,4
2,100,1000,4,827,-86.348,87.3708,15,1.32026,15,1.32026,1,1,4
2,100,1000,4,828,16.7699,82.3174,82,5.89841,82,5.89841,1,1,5
2,100,1000,4,829,35.5415,125.356,45,9.8181,45,9.8181,1,1,6
2,100,1000,4,830,-24.776,158.175,77,16.3872,77,16.3872,1,1,6
2,100,1000,4,831,18.7215,-61.6131,26,15.1341,26,15.1341,1,1,4
2,100,1000,4,832,-24.7142,99.9044,12,13.8255,12,13.8255,1,1,5
2,100,1000,4,833,-71.8576,58.1489,40,2.08048,40,2.08048,1,1,5
2,100,1000,4,834,-76.3989,116.612,10,10.5306,10,10.5306,1,1,3
2,100,1000,4,835,3.30317,-56.2437,26,1.20749,26,1.20749,1,1,4
2,100,1000,4,836,-61.9062,-59.1838,35,11.1508,35,11.1508,1,1,4
2,100,1000,4,837,58.188,179.602,13,6.22441,13,6.22441,1,1,4
2,100,1000,4,838,68.9418,103.262,33,8.67769,33,8.67769,1,1,3
2,100,1000,4,839,-84.3313,-77.41,96,5.30972,96,5.30972,1,1,5
2,100,1000,4,840,26.5063,-113.596,9,14.5197,9,14.5197,1,1,3
2,100,1000,4,841,-72.9002,-14.2397,28,4.09871,28,4.09871,1,1,4
2,100,1000,4,842,-42.2772,-138.496,99,18.0568,99,18.0568,1,1,3
2,100,1000,4,843,-53.4344,128.985,16,3.60257,16,3.60257,1,1,7
2,100,1000,4,844,61.9105,144.214,98,1.62833,98,1.62833,1,1,6
2,100,1000,4,845,37.1706,-105.731,9,3.98931,9,3.98931,1,1,3
2,100,1000,4,846,61.1947,-68.2157,54,14.181,54,14.181,1,1,7
2,100,1000,4,847,6.32794,-107.039,85,5.34344,85,5.34344,1,1,7
2,100,1000,4,848,-74.1557,48.9408,40,4.46059,40,4.46059,1,1,5
2,100,1000,4,849,65.555,-121.109,23,9.12236,23,9.12236,1,1,5
2,100,1000,4,850,-7.22376,-42.2837,26,18.6289,26,18.6289,1,1,4
2,100,1000,4,851,1.32362,41.7401,90,20.8497,90,20.8497,1,1,6
2,100,1000,4,852,39.2662,-60.9768,48,15.551,48,15.551,1,1,7
2,100,1000,4,853,20.6712,36.416,50,15.0868,50,15.0868,1,1,4
2,100,1000,4,854,-68.8576,52.68,40,1.43698,40,1.43698,1,1,5
2,100,1000,4,855,69.503,95.2972,33,6.14721,33,6.14721,1,1,3
2,100,1000,4,856,59.5418,173.206,13,2.77696,13,2.77696,1,1,4
2,100,1000,4,857,-49.4712,-145.471,99,19.6927,99,19.6927,1,1,5
2,100,1000,4,858,-72.6453,-25.8112,35,6.14769,35,6.14769,1,1,4
2,100,1000,4,859,81.7572,158.53,80,5.70657,80,5.70657,1,1,6
2,100,1000,4,860,-30.7985,57.8557,60,2.4662,60,2.4662,1,1,8
2,100,1000,4,861,-63.6003,-119.208,99,13.6997,99,13.6997,1,1,3
2,100,1000,4,862,84.82,65.4552,11,5.2775,11,5.2775,1,1,3
2,100,1000,4,863,-23.1233,-158.671,75,13.3485,75,13.3485,1,1,6
2,100,1000,4,864,-32.802,-95.1367,92,8.69106,92,8.69106,1,1,2
2,100,1000,4,865,-49.8902,99.9485,89,5.70664,89,5.70664,1,1,8
2,100,1000,4,866,21.2898,82.8668,62,6.37283,62,6.37283,1,1,5
2,100,1000,4,867,-19.1557,-58.8879,19,21.0948,19,21.0948,1,1,3
2,100,1000,4,868,-79.055,-176.969,18,5.54646,18,5.54646,1,1,3
2,100,1000,4,869,78.7641,-115.825,23,5.77594,23,5.77594,1,1,6
2,100,1000,4,870,27.8555,116.534,27,3.52519,27,3.52519,1,1,5
2,100,1000,4,871,79.736,-5.20534,86,2.5439,86,2.5439,1,1,4
2,100,1000,4,872,54.87,-119.47,34,10.5232,34,10.5232,1,1,4
2,100,1000,4,873,14.6619,144.449,57,12.8028,57,12.8028,1,1,8
2,100,1000,4,874,17.3592,12.8383,6,3.69863,6,3.69863,1,1,4
2,100,1000,4,875,61.4899,153.121,98,2.6822,98,2.6822,1,1,6
2,100,1000,4,876,-54.653,175.779,10,21.7026,10,21.7026,1,1,7
2,100,1000,4,877,-73.0431,-119.666,2,7.36916,2,7.36916,1,1,2
2,100,1000,4,878,30.6171,-12.3329,6,29.6255,6,29.6255,1,1,4
2,100,1000,4,879,-49.1687,175.63,10,26.5193,10,26.5193,1,1,7
2,100,1000,4,880,36.2652,-18.1178,48,25.8088,48,25.8088,1,1,5
2,100,1000,4,881,47.7894,-64.89,48,23.6295,48,23.6295,1,1,6
2,100,1000,4,882,-57.6255,-122.733,99,8.80655,99,8.80655,1,1,2
2,100,1000,4,883,28.1111,-93.361,9,17.664,9,17.664,1,1,3
2,100,1000,4,884,-59.8508,33.7502,72,4.12798,72,4.12798,1,1,7
2,100,1000,4,885,-14.5931,116.009,30,6.84135,30,6.84135,1,1,6
2,100,1000,4,886,-14.8578,-49.7142,19,16.4486,19,16.4486,1,1,3
2,100,1000,4,887,-34.598,-99.9756,92,7.30823,92,7.30823,1,1,2
2,100,1000,4,888,5.40768,140.128,69,14.9019,69,14.9019,1,1,7
2,100,1000,4,889,-67.7631,-134.466,81,10.3418,81,10.3418,1,1,4
2,100,1000,4,890,-13.5169,167.453,77,8.14273,77,8.14273,1,1,6
2,100,1000,4,891,-80.6725,43.6602,66,3.76704,66,3.76704,1,1,4
2,100,1000,4,892,81.6162,-127.431,23,9.32784,23,9.32784,1,1,6
2,100,1000,4,893,51.9971,44.4667,93,7.62148,93,7.62148,1,1,5
2,100,1000,4,894,20.1179,-174.343,55,14.0495,55,14.0495,1,1,4
2,100,1000,4,895,20.0485,-67.2337,26,18.6955,26,18.6955,1,1,4
2,100,1000,4,896,-6.23055,-44.3243,26,16.4207,26,16.4207,1,1,5
2,100,1000,4,897,23.9381,52.2879,65,19.8924,65,19.8924,1,1,7
2,100,1000,4,898,6.4715,-75.9016,26,19.0179,26,19.0179,1,1,4
2,100,1000,4,899,69.4635,73.2413,33,4.7833,33,4.7833,1,1,3
2,100,1000,4,900,68.9243,-70.2593,54,7.04932,54,7.04932,1,1,6
2,100,1000,4,901,4.62533,-71.8669,26,14.901,26,14.901,1,1,4
2,100,1000,4,902,30.0133,120.055,27,6.02541,27,6.02541,1,1,6
2,100,1000,4,903,4.07876,-109.158,85,8.32094,85,8.32094,1,1,7
2,100,1000,4,904,40.0912,52.6312,65,6.13521,65,6.13521,1,1,5
2,100,1000,4,905,-31.8122,-126.851,21,10.5952,21,10.5952,1,1,2
2,100,1000,4,906,20.0423,-44.9695,48,8.83391,48,8.83391,1,1,6
2,100,1000,4,907,48.4044,23.3171,29,2.15058,29,2.15058,1,1,4
2,100,1000,4,908,3.79961,20.8029,50,11.8655,50,11.8655,1,1,5
2,100,1000,4,909,-56.1081,-132.165,99,11.9378,99,11.9378,1,1,5
2,100,1000,4,910,13.2298,107.881,27,17.1874,27,17.1874,1,1,4
2,100,1000,4,911,-9.69936,-166.001,75,4.35433,75,4.35433,1,1,5
2,100,1000,4,912,-58.2218,-151.522,81,15.601,81,15.601,1,1,4
2,100,1000,4,913,33.1432,76.4995,32,2.35428,32,2.35428,1,1,4
2,100,1000,4,914,-23.712,25.2134,76,21.3066,76,21.3066,1,1,4
2,100,1000,4,915,-15.1296,-89.5753,17,4.36471,17,4.36471,1,1,2
2,100,1000,4,916,67.4771,158.991,51,3.51995,51,3.51995,1,1,5
2,100,1000,4,917,9.2789,14.9807,6,4.66106,6,4.66106,1,1,4
2,100,1000,4,918,49.5231,-153.285,73,15.1881,73,15.1881,1,1,4
2,100,1000,4,919,42.9113,-0.771362,29,18.8002,29,18.8002,1,1,4
2,100,1000,4,920,39.6733,-157.802,73,9.59099,73,9.59099,1,1,4
2,100,1000,4,921,26.1887,-60.5688,48,12.0072,48,12.0072,1,1,5
2,100,1000,4,922,-11.3857,-30.8138,49,16.049,49,16.049,1,1,4
2,100,1000,4,923,71.3741,164.828,56,2.43945,56,2.43945,1,1,6
2,100,1000,4,924,84.9946,-149.468,58,12.7175,58,12.7175,1,1,7
2,100,1000,4,925,-73.6686,16.4488,64,3.88223,64,3.88223,1,1,5
2,100,1000,4,926,69.2064,13.2641,86,9.10096,86,9.10096,1,1,5
2,100,1000,4,927,15.2237,-158.031,37,4.02335,37,4.02335,1,1,3
2,100,1000,4,928,20.8708,-83.2662,85,21.9759,85,21.9759,1,1,4
2,100,1000,4,929,49.2343,174.318,5,5.92724,5,5.92724,1,1,3
2,100,1000,4,930,60.9736,-111.791,34,8.80205,34,8.80205,1,1,6
2,100,1000,4,931,-47.6288,76.9014,12,16.2798,12,16.2798,1,1,7
2,100,1000,4,932,-66.3995,103.3,88,12.402,88,12.402,1,1,4
2,100,1000,4,933,-44.059,146.247,16,15.682,16,15.682,1,1,9
2,100,1000,4,934,65.0077,177.705,51,6.36469,51,6.36469,1,1,5
2,100,1000,4,935,-17.2621,29.362,90,18.4003,90,18.4003,1,1,6
2,100,1000,4,936,-80.0487,-162.147,18,2.63645,18,2.63645,1,1,3
2,100,1000,4,937,74.3966,-2.86879,86,2.97857,86,2.97857,1,1,4
2,100,1000,4,938,-6.48041,111.541,30,4.09496,30,4.09496,1,1,4
2,100,1000,4,939,-9.02048,-22.9717,49,8.7558,49,8.7558,1,1,6
2,100,1000,4,940,71.0367,14.6219,86,7.59468,86,7.59468,1,1,5
2,100,1000,4,941,86.7386,100.486,42,3.09337,42,3.09337,1,1,4
2,100,1000,4,942,-76.057,23.9245,66,2.69961,66,2.69961,1,1,6
2,100,1000,4,943,61.2276,69.6277,1,2.6575,1,2.6575,1,1,2
2,100,1000,4,944,60.3292,40.9239,24,9.99484,24,9.99484,1,1,3
2,100,1000,4,945,31.9727,62.6056,74,8.15932,74,8.15932,1,1,4
2,100,1000,4,946,54.5667,148.688,98,7.64555,98,7.64555,1,1,4
2,100,1000,4,947,-20.2465,156.334,14,14.4411,14,14.4411,1,1,5
2,100,1000,4,948,35.994,51.389,65,9.49015,65,9.49015,1,1,5
2,100,1000,4,949,61.2907,22.0034,29,10.9178,29,10.9178,1,1,5
2,100,1000,4,950,24.5468,-91.9429,85,18.6008,85,18.6008,1,1,4
2,100,1000,4,951,-64.3173,68.9962,40,7.95649,40,7.95649,1,1,5
2,100,1000,4,952,-37.0449,-159.841,25,24.7118,25,24.7118,1,1,5
2,100,1000,4,953,-56.9363,92.9493,89,10.0034,89,10.0034,1,1,9
2,100,1000,4,954,65.85,48.0865,24,4.08255,24,4.08255,1,1,3
2,100,1000,4,955,-55.0112,93.7734,89,8.99297,89,8.99297,1,1,8
2,100,1000,4,956,-58.6458,-116.545,99,8.59748,99,8.59748,1,1,2
2,100,1000,4,957,7.12975,-89.4057,85,12.83,85,12.83,1,1,5
2,100,1000,4,958,43.6896,-43.2852,48,15.426,48,15.426,1,1,8
2,100,1000,4,959,80.111,28.0375,11,5.14069,11,5.14069,1,1,3
2,100,1000,4,960,88.8194,44.1674,42,2.21102,42,2.21102,1,1,4
2,100,1000,4,961,-44.6784,106.772,89,7.63956,89,7.63956,1,1,8
2,100,1000,4,962,6.4276,50.1501,90,24.8452,90,24.8452,1,1,6
2,100,1000,4,963,41.5532,-95.1569,9,10.2651,9,10.2651,1,1,3
2,100,1000,4,964,-39.2304,25.6879,31,15.5869,31,15.5869,1,1,4
2,100,1000,4,965,53.4232,150.633,98,8.91322,98,8.91322,1,1,4
2,100,1000,4,966,56.8725,158.212,13,5.5884,13,5.5884,1,1,4
2,100,1000,4,967,19.8144,-140.345,67,2.03527,67,2.03527,1,1,3
2,100,1000,4,968,89.1852,105.756,42,0.875513,42,0.875513,1,1,4
2,100,1000,4,969,66.3022,130.07,98,8.66829,98,8.66829,1,1,6
2,100,1000,4,970,-13.0786,-157.418,75,10.6163,75,10.6163,1,1,7
2,100,1000,4,971,21.9219,36.5511,50,15.6176,50,15.6176,1,1,4
2,100,1000,4,972,-46.9816,-121.897,99,5.53483,99,5.53483,1,1,3
2,100,1000,4,973,63.5727,173.416,51,4.67733,51,4.67733,1,1,5
2,100,1000,4,974,7.40909,107.367,30,18.1031,30,18.1031,1,1,5
2,100,1000,4,975,10.7268,12.4569,6,3.49166,6,3.49166,1,1,4
2,100,1000,4,976,-14.2326,112.097,30,4.12944,30,4.12944,1,1,5
2,100,1000,4,977,-30.3855,164.39,77,15.1404,77,15.1404,1,1,6
2,100,1000,4,978,-8.87663,-157.665,75,11.396,75,11.396,1,1,6
2,100,1000,4,979,-55.3834,83.7859,89,14.754,89,14.754,1,1,8
2,100,1000,4,980,24.0117,176.08,8,21.3779,8,21.3779,1,1,4
2,100,1000,4,981,27.2093,-18.2317,48,25.7454,48,25.7454,1,1,5
2,100,1000,4,982,77.1458,-85.9526,54,3.87176,54,3.87176,1,1,7
2,100,1000,4,983,10.7117,152.662,69,4.83627,69,4.83627,1,1,8
2,100,1000,4,984,-80.0982,-25.9721,52,2.06552,52,2.06552,1,1,5
2,100,1000,4,985,51.3663,-6.35356,29,19.3702,29,19.3702,1,1,6
2,100,1000,4,986,-1.695,-33.4236,49,21.2577,49,21.2577,1,1,5
2,100,1000,4,987,-74.9012,82.6468,88,3.90741,88,3.90741,1,1,6
2,100,1000,4,988,12.3399,157.343,69,6.25345,69,6.25345,1,1,7
2,100,1000,4,989,38.0314,-140.502,73,6.2225,73,6.2225,1,1,3
2,100,1000,4,990,42.3552,-82.4836,34,17.2573,34,17.2573,1,1,4
2,100,1000,4,991,25.9774,-123.755,20,9.10153,20,9.10153,1,1,3
2,100,1000,4,992,-75.1935,171.184,46,8.52006,46,8.52006,1,1,4
2,100,1000,4,993,-69.6824,11.8598,28,4.92114,28,4.92114,1,1,4
2,100,1000,4,994,-83.2404,-70.1316,52,5.74488,52,5.74488,1,1,3
2,100,1000,4,995,-42.1771,61.5426,41,9.91445,41,9.91445,1,1,7
2,100,1000,4,996,-37.026,150.064,16,23.3413,16,23.3413,1,1,8
2,100,1000,4,997,-68.3445,-99.7604,63,10.1554,63,10.1554,1,1,3
2,100,1000,4,998,-57.9442,64.7344,83,11.6434,83,11.6434,1,1,9
2,100,1000,4,999,-63.5492,-96.0847,63,14.1327,63,14.1327,1,1,3
3,100,1000,4,0,-40.8189,-74.8537,99,15.2305,99,15.2305,1,1,6
3,100,1000,4,1,-73.8069,107.206,38,1.72443,38,1.72443,1,1,4
3,100,1000,4,2,79.2749,-72.4235,44,4.43519,44,4.43519,1,1,6
3,100,1000,4,3,-49.3916,106.181,97,11.9188,97,11.9188,1,1,4
3,100,1000,4,4,-87.9029,152.168,5,7.57385,5,7.57385,1,1,2
3,100,1000,4,5,-34.4038,52.1651,6,5.10732,6,5.10732,1,1,3
3,100,1000,4,6,-57.8548,-110.879,46,6.41152,46,6.41152,1,1,6
3,100,1000,4,7,41.6673,-8.4687,89,12.2229,89,12.2229,1,1,7
3,100,1000,4,8,-25.0775,-174.325,76,18.971,76,18.971,1,1,9
3,100,1000,4,9,-16.9459,-136.103,92,24.5721,92,24.5721,1,1,9
3,100,1000,4,10,-17.8689,20.5521,68,17.6275,68,17.6275,1,1,5
3,100,1000,4,11,-19.5411,-152.963,76,16.0582,76,16.0582,1,1,9
3,100,1000,4,12,-34.9311,65.3347,6,5.80374,6,5.80374,1,1,3
3,100,1000,4,13,64.719,2.08783,52,5.96825,52,5.96825,1,1,5
3,100,1000,4,14,-30.4568,-150.496,76,25.8942,76,25.8942,1,1,8
3,100,1000,4,15,44.9469,37.4486,62,3.855,62,3.855,1,1,3
3,100,1000,4,16,-22.6749,122.28,29,10.2582,29,10.2582,1,1,3
3,100,1000,4,17,-17.6726,-66.8,59,9.0023,59,9.0023,1,1,7
3,100,1000,4,18,-65.0718,45.8715,98,11.7466,98,11.7466,1,1,5
3,100,1000,4,19,-70.3093,-125.949,45,5.58852,45,5.58852,1,1,4
3,100,1000,4,20,9.01998,-29.4262,7,16.65,7,16.65,1,1,3
3,100,1000,4,21,53.1079,82.3304,88,11.117,88,11.117,1,1,6
3,100,1000,4,22,19.8475,9.55049,89,16.1372,89,16.1372,1,1,5
3,100,1000,4,23,-53.0691,169.54,32,6.19724,32,6.19724,1,1,4
3,100,1000,4,24,7.61286,39.9699,86,13.7353,86,13.7353,1,1,4
3,100,1000,4,25,-73.2815,159.488,0,2.91809,0,2.91809,1,1,1
3,100,1000,4,26,-59.739,-5.64514,12,11.2032,12,11.2032,1,1,3
3,100,1000,4,27,-86.7377,-9.34021,5,0.0832768,5,0.0832768,1,1,2
3,100,1000,4,28,-60.1552,135.963,20,11.3899,20,11.3899,1,1,2
3,100,1000,4,29,86.3738,-1.22398,35,3.10126,35,3.10126,1,1,5
3,100,1000,4,30,82.7333,82.6414,9,7.13037,9,7.13037,1,1,3
3,100,1000,4,31,-71.8877,-59.883,47,6.63865,47,6.63865,1,1,5
3,100,1000,4,32,12.4607,0.879395,51,14.1243,51,14.1243,1,1,5
3,100,1000,4,33,26.6585,74.7779,8,10.9013,8,10.9013,1,1,3
3,100,1000,4,34,-66.6246,92.6985,34,3.8544,34,3.8544,1,1,3
3,100,1000,4,35,64.4143,64.7908,88,5.19779,88,5.19779,1,1,5
3,100,1000,4,36,-58.3639,55.0445,98,4.39814,98,4.39814,1,1,5
3,100,1000,4,37,-16.4394,102.967,2,13.217,2,13.217,1,1,2
3,100,1000,4,38,-57.7025,40.983,98,8.05394,98,8.05394,1,1,6
3,100,1000,4,39,46.2537,79.8207,96,16.7001,96,16.7001,1,1,5
3,100,1000,4,40,-49.5235,125.944,20,13.4169,20,13.4169,1,1,4
3,100,1000,4,41,29.6543,-38.525,7,6.6297,7,6.6297,1,1,3
3,100,1000,4,42,-29.8504,65.8332,41,5.88569,41,5.88569,1,1,4
3,100,1000,4,43,66.0674,-0.0111084,52,7.41093,52,7.41093,1,1,5
3,100,1000,4,44,10.8979,124.882,22,8.21708,22,8.21708,1,1,4
3,100,1000,4,45,89.3824,7.26254,27,1.39715,27,1.39715,1,1,4
3,100,1000,4,46,13.7619,-145.01,57,17.6106,57,17.6106,1,1,5
3,100,1000,4,47,63.6898,-127.555,91,10.0398,91,10.0398,1,1,7
3,100,1000,4,48,17.9345,0.696564,51,10.0329,51,10.0329,1,1,4
3,100,1000,4,49,63.6116,82.6198,88,2.66589,88,2.66589,1,1,5
3,100,1000,4,50,-43.3025,76.0518,6,16.54,6,16.54,1,1,3
3,100,1000,4,51,-16.2947,-23.3327,83,9.08592,83,9.08592,1,1,7
3,100,1000,4,52,-24.4519,114.532,2,7.50764,2,7.50764,1,1,2
3,100,1000,4,53,-50.1827,15.6913,21,5.07786,21,5.07786,1,1,5
3,100,1000,4,54,-12.2425,172.142,61,23.9156,61,23.9156,1,1,3
3,100,1000,4,55,-42.244,56.4678,69,6.69603,69,6.69603,1,1,4
3,100,1000,4,56,59.0432,154.821,70,7.46291,70,7.46291,1,1,6
3,100,1000,4,57,-81.0286,-121.614,10,1.69653,10,1.69653,1,1,3
3,100,1000,4,58,20.3269,150.078,64,4.08266,64,4.08266,1,1,7
3,100,1000,4,59,29.1873,-117.55,57,12.1678,57,12.1678,1,1,7
3,100,1000,4,60,47.48,57.1396,50,15.0507,50,15.0507,1,1,5
3,100,1000,4,61,34.8561,-57.5162,40,9.77788,40,9.77788,1,1,4
3,100,1000,4,62,46.0646,17.0918,60,9.16787,60,9.16787,1,1,4
3,100,1000,4,63,-2.5355,-52.0019,75,14.0085,75,14.0085,1,1,8
3,100,1000,4,64,-81.1058,-57.8478,26,5.83582,26,5.83582,1,1,3
3,100,1000,4,65,-74.691,-68.8166,79,9.43691,79,9.43691,1,1,6
3,100,1000,4,66,-80.898,-1.97144,5,5.97308,5,5.97308,1,1,2
3,100,1000,4,67,43.9253,-30.6998,94,8.127,94,8.127,1,1,4
3,100,1000,4,68,-33.7198,167.485,30,8.81784,30,8.81784,1,1,3
3,100,1000,4,69,82.4957,88.0754,9,7.50108,9,7.50108,1,1,3
3,100,1000,4,70,79.8136,-99.4966,23,4.16175,23,4.16175,1,1,5
3,100,1000,4,71,-17.7284,97.7138,2,14.4843,2,14.4843,1,1,2
3,100,1000,4,72,-62.338,-17.5139,82,7.84874,82,7.84874,1,1,4
3,100,1000,4,73,78.0498,95.9779,9,7.40058,9,7.40058,1,1,3
3,100,1000,4,74,-23.7182,34.4742,68,7.31519,68,7.31519,1,1,4
3,100,1000,4,75,79.2138,-132.476,23,6.75981,23,6.75981,1,1,5
3,100,1000,4,76,-44.1931,48.1399,69,1.90542,69,1.90542,1,1,5
3,100,1000,4,77,-4.99632,-176.257,76,11.8,76,11.8,1,1,5
3,100,1000,4,78,-57.3842,164.936,32,2.21838,32,2.21838,1,1,3
3,100,1000,4,79,-24.1295,-96.98,54,13.0677,54,13.0677,1,1,9
3,100,1000,4,80,-36.4557,-17.6411,83,11.8301,83,11.8301,1,1,8
3,100,1000,4,81,7.10169,-54.7076,75,8.30124,75,8.30124,1,1,7
3,100,1000,4,82,80.1937,-77.946,44,4.43083,44,4.43083,1,1,6
3,100,1000,4,83,47.2963,-87.052,43,11.9191,43,11.9191,1,1,8
3,100,1000,4,84,-45.2304,79.5841,14,18.5939,14,18.5939,1,1,4
3,100,1000,4,85,-89.4883,-110.833,5,4.21721,5,4.21721,1,1,2
3,100,1000,4,86,80.0438,-34.4334,35,8.1034,35,8.1034,1,1,6
3,100,1000,4,87,83.4402,-144.588,27,6.083,27,6.083,1,1,6
3,100,1000,4,88,64.0264,142.98,70,9.68554,70,9.68554,1,1,6
3,100,1000,4,89,65.6947,-99.3837,33,5.38726,33,5.38726,1,1,6
3,100,1000,4,90,-1.27293,109.817,66,6.61548,66,6.61548,1,1,6
3,100,1000,4,91,-25.93,89.068,97,16.3994,97,16.3994,1,1,3
3,100,1000,4,92,-11.0215,118.147,29,4.77865,29,4.77865,1,1,3
3,100,1000,4,93,46.4054,43.1886,50,7.42858,50,7.42858,1,1,3
3,100,1000,4,94,51.5418,-135.448,91,18.6451,91,18.6451,1,1,4
3,100,1000,4,95,63.1043,-149.828,91,5.87421,91,5.87421,1,1,6
3,100,1000,4,96,13.4554,-39.588,75,7.87153,75,7.87153,1,1,5
3,100,1000,4,97,-12.2677,7.29834,58,25.8181,58,25.8181,1,1,5
3,100,1000,4,98,31.233,-109.943,36,11.1544,36,11.1544,1,1,7
3,100,1000,4,99,50.1232,152.005,70,6.37306,70,6.37306,1,1,8
3,100,1000,4,100,74.8207,101.27,19,4.78445,19,4.78445,1,1,5
3,100,1000,4,101,-69.4141,129.729,31,7.00582,31,7.00582,1,1,2
3,100,1000,4,102,-56.5818,-151.948,48,15.0867,48,15.0867,1,1,6
3,100,1000,4,103,82.5703,-165.111,27,7.34003,27,7.34003,1,1,5
3,100,1000,4,104,85.5161,116.53,35,10.2281,35,10.2281,1,1,5
3,100,1000,4,105,-42.2473,-11.5137,87,14.1227,87,14.1227,1,1,7
3,100,1000,4,106,23.1736,43.6453,78,9.47972,78,9.47972,1,1,3
3,100,1000,4,107,-51.2229,-155.696,48,16.7756,48,16.7756,1,1,6
3,100,1000,4,108,-9.10372,170.365,61,21.2613,61,21.2613,1,1,4
3,100,1000,4,109,33.7464,-95.1238,36,1.97523,36,1.97523,1,1,7
3,100,1000,4,110,-72.5415,13.7013,12,8.38058,12,8.38058,1,1,3
3,100,1000,4,111,-32.4758,61.8279,6,3.38417,6,3.38417,1,1,3
3,100,1000,4,112,77.0567,90.5129,9,6.2955,9,6.2955,1,1,3
3,100,1000,4,113,-55.4369,36.5793,98,10.0156,98,10.0156,1,1,7
3,100,1000,4,114,80.2851,169.373,17,16.9497,17,16.9497,1,1,5
3,100,1000,4,115,4.2923,130.212,22,8.74638,22,8.74638,1,1,4
3,100,1000,4,116,45.3211,49.7565,50,11.6446,50,11.6446,1,1,3
3,100,1000,4,117,39.9703,157.479,53,4.42901,53,4.42901,1,1,8
3,100,1000,4,118,38.9044,65.0813,96,21.4006,96,21.4006,1,1,3
3,100,1000,4,119,86.1838,68.8409,35,6.68308,35,6.68308,1,1,5
3,100,1000,4,120,0.805702,-92.127,15,4.37577,15,4.37577,1,1,7
3,100,1000,4,121,-61.3364,-132.041,45,11.9471,45,11.9471,1,1,5
3,100,1000,4,122,65.7591,-45.1185,67,5.93639,67,5.93639,1,1,8
3,100,1000,4,123,-53.8686,-66.6892,95,12.3513,95,12.3513,1,1,9
3,100,1000,4,124,-27.3767,139.756,3,7.20137,3,7.20137,1,1,3
3,100,1000,4,125,9.09349,-19.8362,51,18.5083,51,18.5083,1,1,4
3,100,1000,4,126,-13.2715,133.235,29,10.1978,29,10.1978,1,1,4
3,100,1000,4,127,-69.0042,-52.4297,47,4.86061,47,4.86061,1,1,5
3,100,1000,4,128,21.8741,-68.8821,49,8.06007,49,8.06007,1,1,6
3,100,1000,4,129,82.0748,24.3184,35,9.07171,35,9.07171,1,1,4
3,100,1000,4,130,-39.7547,-7.26585,21,14.5868,21,14.5868,1,1,6
3,100,1000,4,131,-12.735,-168.867,76,5.84294,76,5.84294,1,1,6
3,100,1000,4,132,-68.7547,-125.529,45,5.49755,45,5.49755,1,1,4
3,100,1000,4,133,84.3057,120.299,9,12.2943,9,12.2943,1,1,3
3,100,1000,4,134,59.776,160.979,17,6.96448,17,6.96448,1,1,5
3,100,1000,4,135,4.57012,-58.8367,75,13.1131,75,13.1131,1,1,7
3,100,1000,4,136,-55.574,66.4675,98,7.49178,98,7.49178,1,1,6
3,100,1000,4,137,-5.43901,-159.63,76,5.99571,76,5.99571,1,1,5
3,100,1000,4,138,-79.3255,61.3848,84,3.85922,84,3.85922,1,1,3
3,100,1000,4,139,-23.1595,-33.4044,83,10.324,83,10.324,1,1,7
3,100,1000,4,140,10.5702,151.868,64,6.09349,64,6.09349,1,1,7
3,100,1000,4,141,63.3797,174.597,17,0.493743,17,0.493743,1,1,5
3,100,1000,4,142,52.5516,168.751,17,11.121,17,11.121,1,1,6
3,100,1000,4,143,-28.9162,-31.1485,83,8.62371,83,8.62371,1,1,7
3,100,1000,4,144,-40.0655,-73.6829,99,16.4095,99,16.4095,1,1,6
3,100,1000,4,145,86.585,20.3595,35,3.89068,35,3.89068,1,1,5
3,100,1000,4,146,49.5256,-32.3,94,6.56,94,6.56,1,1,6
3,100,1000,4,147,15.7461,141.542,64,7.8018,64,7.8018,1,1,5
3,100,1000,4,148,11.0853,20.1037,78,17.8219,78,17.8219,1,1,4
3,100,1000,4,149,40.9206,-38.2775,94,6.50906,94,6.50906,1,1,4
3,100,1000,4,150,0.541321,-89.0185,15,2.89261,15,2.89261,1,1,7
3,100,1000,4,151,41.4429,69.9346,96,18.7402,96,18.7402,1,1,4
3,100,1000,4,152,78.7245,-107.992,23,2.94267,23,2.94267,1,1,5
3,100,1000,4,153,45.1524,178.798,53,18.3817,53,18.3817,1,1,8
3,100,1000,4,154,66.6963,-136.014,91,5.3417,91,5.3417,1,1,7
3,100,1000,4,155,-17.3032,-25.4669,83,8.54296,83,8.54296,1,1,7
3,100,1000,4,156,-82.0731,-87.8471,26,1.73525,26,1.73525,1,1,4
3,100,1000,4,157,-15.4348,120.957,29,3.50318,29,3.50318,1,1,3
3,100,1000,4,158,-49.548,91.298,97,14.2379,97,14.2379,1,1,4
3,100,1000,4,159,-45.0957,0.772964,21,6.90031,21,6.90031,1,1,4
3,100,1000,4,160,-81.1924,-97.0215,26,2.07596,26,2.07596,1,1,4
3,100,1000,4,161,-79.4338,116.666,85,2.53146,85,2.53146,1,1,4
3,100,1000,4,162,25.3393,52.6247,78,17.6377,78,17.6377,1,1,3
3,100,1000,4,163,39.1042,-107.151,36,9.09444,36,9.09444,1,1,6
3,100,1000,4,164,-53.6358,-19.9504,87,3.83551,87,3.83551,1,1,5
3,100,1000,4,165,17.2859,73.8111,8,14.1596,8,14.1596,1,1,3
3,100,1000,4,166,35.5155,-62.5424,40,12.5568,40,12.5568,1,1,4
3,100,1000,4,167,-18.1272,48.4801,41,16.4983,41,16.4983,1,1,5
3,100,1000,4,168,4.73273,-125.95,57,18.4883,57,18.4883,1,1,7
3,100,1000,4,169,23.639,-37.1419,7,1.63048,7,1.63048,1,1,3
3,100,1000,4,170,-40.9818,-167.328,48,21.8818,48,21.8818,1,1,6
3,100,1000,4,171,58.6956,-66.1099,67,6.26446,67,6.26446,1,1,10
3,100,1000,4,172,-37.5878,-93.4784,54,9.36161,54,9.36161,1,1,7
3,100,1000,4,173,-62.5764,5.72841,12,10.7095,12,10.7095,1,1,3
3,100,1000,4,174,88.9098,-35.3442,35,1.21096,35,1.21096,1,1,6
3,100,1000,4,175,-86.7493,-164.565,18,4.89679,18,4.89679,1,1,4
3,100,1000,4,176,23.8172,-152.366,81,19.9358,81,19.9358,1,1,5
3,100,1000,4,177,66.0506,-81.6871,37,2.17298,37,2.17298,1,1,9
3,100,1000,4,178,40.1293,30.3094,62,4.10888,62,4.10888,1,1,3
3,100,1000,4,179,-4.41899,152.987,61,3.40232,61,3.40232,1,1,5
3,100,1000,4,180,-84.8205,-154.266,18,3.92699,18,3.92699,1,1,4
3,100,1000,4,181,23.399,81.3901,8,5.02985,8,5.02985,1,1,3
3,100,1000,4,182,-18.4044,-169.456,76,10.949,76,10.949,1,1,6
3,100,1000,4,183,-25.0649,152.657,3,7.8117,3,7.8117,1,1,3
3,100,1000,4,184,-57.7029,177.148,32,8.78625,32,8.78625,1,1,2
3,100,1000,4,185,-32.2426,-17.3695,58,8.14266,58,8.14266,1,1,6
3,100,1000,4,186,-85.0902,-127.094,18,1.61998,18,1.61998,1,1,4
3,100,1000,4,187,48.2603,-65.3559,43,13.893,43,13.893,1,1,9
3,100,1000,4,188,-20.2861,151.368,3,11.4402,3,11.4402,1,1,3
3,100,1000,4,189,60.1863,-42.7527,67,7.98296,67,7.98296,1,1,8
3,100,1000,4,190,-31.9882,126.874,63,15.4481,63,15.4481,1,1,3
3,100,1000,4,191,-13.659,163.658,61,17.2916,61,17.2916,1,1,4
3,100,1000,4,192,77.2539,-75.2169,44,3.02262,44,3.02262,1,1,6
3,100,1000,4,193,-49.0146,54.7663,98,5.04999,98,5.04999,1,1,6
3,100,1000,4,194,67.5463,73.1329,88,3.99698,88,3.99698,1,1,6
3,100,1000,4,195,13.8767,145.452,64,4.69745,64,4.69745,1,1,5
3,100,1000,4,196,49.4333,-105.449,36,16.0261,36,16.0261,1,1,6
3,100,1000,4,197,23.4208,-117.942,57,10.3433,57,10.3433,1,1,7
3,100,1000,4,198,-47.4524,176.712,30,12.1747,30,12.1747,1,1,3
3,100,1000,4,199,-72.6427,-30.3106,47,3.33987,47,3.33987,1,1,4
3,100,1000,4,200,86.93,-29.7705,35,1.48065,35,1.48065,1,1,6
3,100,1000,4,201,66.16,-176.32,91,10.8607,91,10.8607,1,1,4
3,100,1000,4,202,11.5678,48.8406,86,8.45463,86,8.45463,1,1,4
3,100,1000,4,203,-30.8381,162.563,93,10.3362,93,10.3362,1,1,4
3,100,1000,4,204,10.1042,-121.304,57,14.9042,57,14.9042,1,1,7
3,100,1000,4,205,-30.0947,136.232,63,8.78907,63,8.78907,1,1,4
3,100,1000,4,206,-87.2149,92.4926,5,5.37079,5,5.37079,1,1,2
3,100,1000,4,207,59.945,160.078,17,7.23768,17,7.23768,1,1,5
3,100,1000,4,208,-81.3621,-158.139,18,6.06545,18,6.06545,1,1,4
3,100,1000,4,209,17.4221,152.368,64,2.85567,64,2.85567,1,1,7
3,100,1000,4,210,47.4968,-117.402,36,19.9164,36,19.9164,1,1,6
3,100,1000,4,211,58.9099,13.8603,52,5.83046,52,5.83046,1,1,5
3,100,1000,4,212,-21.4255,-15.3385,58,3.02674,58,3.02674,1,1,7
3,100,1000,4,213,37.9591,42.2441,1,5.44996,1,5.44996,1,1,2
3,100,1000,4,214,-9.31336,110.633,29,12.3591,29,12.3591,1,1,3
3,100,1000,4,215,-84.0333,-24.7668,5,3.00719,5,3.00719,1,1,2
3,100,1000,4,216,-49.5688,144.253,20,1.90004,20,1.90004,1,1,3
3,100,1000,4,217,-10.5436,103.998,66,17.1162,66,17.1162,1,1,4
3,100,1000,4,218,6.54698,97.2366,66,18.6598,66,18.6598,1,1,5
3,100,1000,4,219,43.2807,-146.698,4,14.0951,4,14.0951,1,1,3
3,100,1000,4,220,77.9664,-153.628,91,9.10488,91,9.10488,1,1,5
3,100,1000,4,221,84.7672,161.503,35,14.3148,35,14.3148,1,1,6
3,100,1000,4,222,59.4323,109.424,19,11.9464,19,11.9464,1,1,5
3,100,1000,4,223,70.7905,136.14,19,13.0072,19,13.0072,1,1,6
3,100,1000,4,224,65.6426,-3.57487,52,7.46461,52,7.46461,1,1,5
3,100,1000,4,225,54.2543,46.279,50,7.52028,50,7.52028,1,1,4
3,100,1000,4,226,29.5113,46.3285,1,12.9671,1,12.9671,1,1,2
3,100,1000,4,227,-59.9304,-163.828,48,7.91023,48,7.91023,1,1,6
3,100,1000,4,228,-74.505,136.057,31,3.85739,31,3.85739,1,1,2
3,100,1000,4,229,29.2078,12.3633,60,8.57249,60,8.57249,1,1,4
3,100,1000,4,230,33.3451,70.3491,96,16.3656,96,16.3656,1,1,4
3,100,1000,4,231,83.7982,147.552,35,15.3358,35,15.3358,1,1,5
3,100,1000,4,232,17.3012,-33.4906,7,7.58537,7,7.58537,1,1,3
3,100,1000,4,233,35.7752,-132.304,57,13.108,57,13.108,1,1,4
3,100,1000,4,234,-58.127,-21.8883,87,6.18089,87,6.18089,1,1,6
3,100,1000,4,235,-49.5006,-140.321,92,20.2364,92,20.2364,1,1,7
3,100,1000,4,236,2.24182,-109.467,15,20.87,15,20.87,1,1,6
3,100,1000,4,237,-79.409,-56.6518,26,7.28974,26,7.28974,1,1,4
3,100,1000,4,238,89.9788,162.763,27,1.58936,27,1.58936,1,1,4
3,100,1000,4,239,-50.2557,131.243,20,9.90236,20,9.90236,1,1,3
3,100,1000,4,240,-10.406,-172.003,76,7.30646,76,7.30646,1,1,6
3,100,1000,4,241,-1.23907,-141.789,76,24.0988,76,24.0988,1,1,7
3,100,1000,4,242,27.1629,57.6611,1,22.0143,1,22.0143,1,1,2
3,100,1000,4,243,-62.8089,85.3157,14,4.43778,14,4.43778,1,1,2
3,100,1000,4,244,6.85921,112.798,66,5.34003,66,5.34003,1,1,7
3,100,1000,4,245,-41.1605,-99.5914,54,7.12345,54,7.12345,1,1,8
3,100,1000,4,246,1.57339,-94.7245,15,6.383,15,6.383,1,1,7
3,100,1000,4,247,-66.0195,-142.251,45,12.5869,45,12.5869,1,1,4
3,100,1000,4,248,25.8924,119.511,24,7.69648,24,7.69648,1,1,6
3,100,1000,4,249,-47.2772,115.531,97,13.5491,97,13.5491,1,1,3
3,100,1000,4,250,-41.1884,-13.5556,87,14.0806,87,14.0806,1,1,8
3,100,1000,4,251,77.6048,102.107,19,7.53435,19,7.53435,1,1,4
3,100,1000,4,252,28.4888,176.392,55,14.4276,55,14.4276,1,1,6
3,100,1000,4,253,-67.2725,56.9352,14,8.557,14,8.557,1,1,3
3,100,1000,4,254,79.5772,-55.0564,44,7.60097,44,7.60097,1,1,7
3,100,1000,4,255,4.08904,-41.6576,75,8.43457,75,8.43457,1,1,6
3,100,1000,4,256,-23.5296,-174.3,76,17.632,76,17.632,1,1,8
3,100,1000,4,257,-1.72353,-172.733,76,10.2841,76,10.2841,1,1,5
3,100,1000,4,258,31.6805,50.9351,1,14.5608,1,14.5608,1,1,2
3,100,1000,4,259,46.2911,-102.921,36,12.4535,36,12.4535,1,1,6
3,100,1000,4,260,-8.1336,-169.739,76,4.8145,76,4.8145,1,1,5
3,100,1000,4,261,-11.256,166.88,61,18.7717,61,18.7717,1,1,4
3,100,1000,4,262,-42.2316,25.4491,21,11.523,21,11.523,1,1,5
3,100,1000,4,263,-77.6856,147.322,31,4.79939,31,4.79939,1,1,2
3,100,1000,4,264,-17.5197,-69.9256,59,6.13562,59,6.13562,1,1,7
3,100,1000,4,265,41.4262,62.5837,1,20.981,1,20.981,1,1,2
3,100,1000,4,266,48.2594,58.0621,50,15.3374,50,15.3374,1,1,3
3,100,1000,4,267,-7.65474,-26.5036,83,18.1241,83,18.1241,1,1,6
3,100,1000,4,268,27.2269,30.1456,78,4.57442,78,4.57442,1,1,4
3,100,1000,4,269,-74.7842,33.6081,84,7.61469,84,7.61469,1,1,3
3,100,1000,4,270,77.5446,38.6097,9,5.57239,9,5.57239,1,1,3
3,100,1000,4,271,85.9753,-71.97,35,2.06886,35,2.06886,1,1,7
3,100,1000,4,272,22.1548,-11.4965,51,3.55,51,3.55,1,1,4
3,100,1000,4,273,-32.3517,-72.3294,11,13.6613,11,13.6613,1,1,6
3,100,1000,4,274,-70.2807,-152.121,48,14.3195,48,14.3195,1,1,5
3,100,1000,4,275,2.37503,23.1713,78,23.4803,78,23.4803,1,1,4
3,100,1000,4,276,-70.93,162.238,0,2.19673,0,2.19673,1,1,1
3,100,1000,4,277,5.02546,-46.3232,75,5.61026,75,5.61026,1,1,6
3,100,1000,4,278,3.84357,34.6797,86,18.684,86,18.684,1,1,5
3,100,1000,4,279,-39.5008,152.648,93,1.63944,93,1.63944,1,1,4
3,100,1000,4,280,72.3771,-176.149,91,9.66487,91,9.66487,1,1,6
3,100,1000,4,281,17.6157,61.273,86,15.2886,86,15.2886,1,1,4
3,100,1000,4,282,30.9564,-160.078,4,12.5032,4,12.5032,1,1,3
3,100,1000,4,283,-72.6153,-63.6334,47,7.80938,47,7.80938,1,1,5
3,100,1000,4,284,25.0337,-114.799,57,13.3047,57,13.3047,1,1,7
3,100,1000,4,285,74.9874,25.1566,9,9.44694,9,9.44694,1,1,3
3,100,1000,4,286,51.9053,141.925,70,2.82016,70,2.82016,1,1,7
3,100,1000,4,287,66.5933,-31.8798,67,11.4187,67,11.4187,1,1,10
3,100,1000,4,288,-24.7856,-111.517,54,12.0383,54,12.0383,1,1,9
3,100,1000,4,289,37.8954,-10.1327,89,12.3828,89,12.3828,1,1,6
3,100,1000,4,290,-41.819,-99.4591,54,7.71876,54,7.71876,1,1,8
3,100,1000,4,291,-83.4807,-45.498,5,4.47151,5,4.47151,1,1,2
3,100,1000,4,292,-58.6105,23.0895,21,14.3568,21,14.3568,1,1,4
3,100,1000,4,293,44.0894,70.4661,96,19.7473,96,19.7473,1,1,5
3,100,1000,4,294,-61.1154,-170.823,48,4.27195,48,4.27195,1,1,6
3,100,1000,4,295,21.5569,-157.477,81,14.8008,81,14.8008,1,1,4
3,100,1000,4,296,-83.4861,-101.655,26,0.504083,26,0.504083,1,1,5
3,100,1000,4,297,41.8982,74.9408,96,15.7657,96,15.7657,1,1,4
3,100,1000,4,298,-40.8664,118.566,97,12.876,97,12.876,1,1,3
3,100,1000,4,299,-84.3463,148.335,85,7.84399,85,7.84399,1,1,4
3,100,1000,4,300,-88.1167,161.282,5,7.70736,5,7.70736,1,1,2
3,100,1000,4,301,-3.25438,107.577,66,9.57637,66,9.57637,1,1,5
3,100,1000,4,302,61.6037,-53.3221,67,2.96396,67,2.96396,1,1,8
3,100,1000,4,303,-52.1512,-106.364,46,1.66211,46,1.66211,1,1,6
3,100,1000,4,304,7.58051,151.488,64,8.87113,64,8.87113,1,1,6
3,100,1000,4,305,31.7517,111.523,24,16.8016,24,16.8016,1,1,5
3,100,1000,4,306,-63.9854,76.542,14,0.49587,14,0.49587,1,1,2
3,100,1000,4,307,-56.9875,-65.1918,95,10.639,95,10.639,1,1,9
3,100,1000,4,308,-40.1842,154.204,93,1.38482,93,1.38482,1,1,4
3,100,1000,4,309,-87.3628,-22.5993,5,0.841834,5,0.841834,1,1,2
3,100,1000,4,310,81.6904,48.3882,9,5.85112,9,5.85112,1,1,3
3,100,1000,4,311,-0.0379562,176.409,61,26.6905,61,26.6905,1,1,5
3,100,1000,4,312,63.3667,-96.2796,37,6.07338,37,6.07338,1,1,7
3,100,1000,4,313,35.6747,-134.999,57,13.696,57,13.696,1,1,4
3,100,1000,4,314,-78.8569,82.6569,84,7.07539,84,7.07539,1,1,5
3,100,1000,4,315,-83.3324,-153.947,18,4.33704,18,4.33704,1,1,4
3,100,1000,4,316,31.9695,6.82637,89,3.81766,89,3.81766,1,1,5
3,100,1000,4,317,66.815,7.14648,52,8.32345,52,8.32345,1,1,5
3,100,1000,4,318,66.7521,-150.672,91,2.31876,91,2.31876,1,1,6
3,100,1000,4,319,40.3913,-31.3347,94,9.85359,94,9.85359,1,1,4
3,100,1000,4,320,-89.592,-35.7139,5,2.89928,5,2.89928,1,1,2
3,100,1000,4,321,-49.9059,-127.155,92,14.6971,92,14.6971,1,1,7
3,100,1000,4,322,-69.586,-33.7868,47,2.27383,47,2.27383,1,1,4
3,100,1000,4,323,-6.17328,-39.5405,75,18.3748,75,18.3748,1,1,8
3,100,1000,4,324,-29.7916,-7.07222,58,10.4017,58,10.4017,1,1,8
3,100,1000,4,325,58.9301,-76.2024,43,2.45005,43,2.45005,1,1,9
3,100,1000,4,326,-69.342,-62.2156,47,7.9318,47,7.9318,1,1,6
3,100,1000,4,327,-39.8968,168.049,30,4.85702,30,4.85702,1,1,4
3,100,1000,4,328,10.7524,171.556,55,17.0708,55,17.0708,1,1,6
3,100,1000,4,329,-73.4751,43.791,84,8.59874,84,8.59874,1,1,4
3,100,1000,4,330,37.1063,-133.615,57,14.6648,57,14.6648,1,1,4
3,100,1000,4,331,34.9219,-41.8483,94,12.1086,94,12.1086,1,1,4
3,100,1000,4,332,26.6057,23.4739,28,8.63197,28,8.63197,1,1,3
3,100,1000,4,333,72.6491,6.71565,52,13.9963,52,13.9963,1,1,4
3,100,1000,4,334,26.4008,46.0808,78,11.8731,78,11.8731,1,1,3
3,100,1000,4,335,77.6904,53.6175,9,2.39903,9,2.39903,1,1,3
3,100,1000,4,336,-84.8166,-124.431,18,1.262,18,1.262,1,1,4
3,100,1000,4,337,53.2313,-128.805,91,18.4718,91,18.4718,1,1,7
3,100,1000,4,338,10.8911,-85.8839,15,7.95863,15,7.95863,1,1,6
3,100,1000,4,339,5.82722,142.199,22,11.2232,22,11.2232,1,1,4
3,100,1000,4,340,43.522,-50.4853,94,7.28271,94,7.28271,1,1,5
3,100,1000,4,341,-57.0016,128.36,20,12.6409,20,12.6409,1,1,2
3,100,1000,4,342,33.6495,-13.7969,51,11.1091,51,11.1091,1,1,4
3,100,1000,4,343,58.2046,-91.1961,43,5.41355,43,5.41355,1,1,9
3,100,1000,4,344,-11.1206,149.459,61,8.10543,61,8.10543,1,1,4
3,100,1000,4,345,66.2974,-128.029,91,8.35383,91,8.35383,1,1,7
3,100,1000,4,346,-82.0779,22.4387,84,3.05701,84,3.05701,1,1,3
3,100,1000,4,347,5.06158,69.0556,39,12.4508,39,12.4508,1,1,5
3,100,1000,4,348,-67.0437,-24.5787,82,4.0357,82,4.0357,1,1,4
3,100,1000,4,349,-52.1144,98.7141,97,14.5586,97,14.5586,1,1,5
3,100,1000,4,350,-79.2489,-128.848,10,3.81251,10,3.81251,1,1,3
3,100,1000,4,351,-13.8342,-148.131,76,17.3107,76,17.3107,1,1,7
3,100,1000,4,352,-36.6394,-101.206,54,3.17353,54,3.17353,1,1,9
3,100,1000,4,353,-48.4681,128.504,20,12.0454,20,12.0454,1,1,5
3,100,1000,4,354,-3.54483,94.7183,39,19.1403,39,19.1403,1,1,4
3,100,1000,4,355,45.3514,-100.046,36,10.9569,36,10.9569,1,1,6
3,100,1000,4,356,-67.8835,156.699,0,2.7613,0,2.7613,1,1,1
3,100,1000,4,357,-75.8429,111.532,85,3.41898,85,3.41898,1,1,5
3,100,1000,4,358,-18.5487,144.723,3,12.5963,3,12.5963,1,1,3
3,100,1000,4,359,-79.832,120.661,85,2.49442,85,2.49442,1,1,4
3,100,1000,4,360,57.0913,152.931,70,5.60697,70,5.60697,1,1,6
3,100,1000,4,361,86.3165,130.027,35,9.57171,35,9.57171,1,1,5
3,100,1000,4,362,-2.31524,2.75607,51,28.1447,51,28.1447,1,1,6
3,100,1000,4,363,9.54117,41.282,86,13.0753,86,13.0753,1,1,4
3,100,1000,4,364,79.0887,94.8536,9,7.18408,9,7.18408,1,1,3
3,100,1000,4,365,-20.002,179.68,30,26.2484,30,26.2484,1,1,3
3,100,1000,4,366,73.0029,112.328,19,5.53243,19,5.53243,1,1,5
3,100,1000,4,367,-74.2258,-107.273,79,3.13844,79,3.13844,1,1,5
3,100,1000,4,368,-84.4391,-65.3876,26,3.6558,26,3.6558,1,1,3
3,100,1000,4,369,-79.3847,4.03215,84,7.06856,84,7.06856,1,1,3
3,100,1000,4,370,-75.3347,111.933,38,3.55482,38,3.55482,1,1,4
3,100,1000,4,371,41.9932,-106.436,36,10.3109,36,10.3109,1,1,6
3,100,1000,4,372,44.3164,112.301,96,22.11,96,22.11,1,1,7
3,100,1000,4,373,-87.4521,-128.465,18,3.65477,18,3.65477,1,1,4
3,100,1000,4,374,38.512,-154.568,4,9.52526,4,9.52526,1,1,3
3,100,1000,4,375,86.0984,11.2065,35,3.92727,35,3.92727,1,1,5
3,100,1000,4,376,89.1814,164.83,27,3.54801,27,3.54801,1,1,4
3,100,1000,4,377,-19.3834,-6.26773,58,10.9068,58,10.9068,1,1,8
3,100,1000,4,378,-6.20716,160.316,61,10.8808,61,10.8808,1,1,4
3,100,1000,4,379,-72.4928,-34.2369,47,2.28551,47,2.28551,1,1,4
3,100,1000,4,380,37.5846,-4.98958,89,8.3079,89,8.3079,1,1,7
3,100,1000,4,381,-17.2787,41.1749,68,15.3923,68,15.3923,1,1,4
3,100,1000,4,382,-36.331,-3.0089,21,14.3227,21,14.3227,1,1,7
3,100,1000,4,383,56.9509,-61.5401,67,6.88008,67,6.88008,1,1,8
3,100,1000,4,384,55.8017,135.132,70,5.40464,70,5.40464,1,1,7
3,100,1000,4,385,61.246,140.934,70,7.10481,70,7.10481,1,1,6
3,100,1000,4,386,33.5329,26.4784,28,4.30874,28,4.30874,1,1,3
3,100,1000,4,387,-72.7511,-24.3014,82,3.32641,82,3.32641,1,1,4
3,100,1000,4,388,-20.6105,-140.406,92,24.3622,92,24.3622,1,1,10
3,100,1000,4,389,13.6169,-144.197,57,17.0408,57,17.0408,1,1,5
3,100,1000,4,390,-57.4872,19.4306,21,12.3156,21,12.3156,1,1,4
3,100,1000,4,391,23.5047,-116.612,57,11.5653,57,11.5653,1,1,7
3,100,1000,4,392,2.1301,-171.757,56,11.4193,56,11.4193,1,1,4
3,100,1000,4,393,28.5603,171.846,55,10.6043,55,10.6043,1,1,6
3,100,1000,4,394,84.2792,92.1349,9,9.1356,9,9.1356,1,1,3
3,100,1000,4,395,-21.1955,63.7274,41,3.05076,41,3.05076,1,1,5
3,100,1000,4,396,-46.4274,103.052,97,8.64928,97,8.64928,1,1,3
3,100,1000,4,397,-37.5489,14.4833,21,9.41447,21,9.41447,1,1,6
3,100,1000,4,398,-39.9787,-141.196,92,17.6023,92,17.6023,1,1,8
3,100,1000,4,399,66.4716,-148.354,91,2.49946,91,2.49946,1,1,6
3,100,1000,4,400,86.9683,75.4352,35,5.98768,35,5.98768,1,1,5
3,100,1000,4,401,86.2901,61.0024,35,6.15647,35,6.15647,1,1,5
3,100,1000,4,402,-39.0432,-152.922,92,26.75,92,26.75,1,1,8
3,100,1000,4,403,-71.6495,60.6927,14,9.78633,14,9.78633,1,1,3
3,100,1000,4,404,-56.6641,63.9349,98,6.36364,98,6.36364,1,1,6
3,100,1000,4,405,48.2478,-48.3026,94,4.80051,94,4.80051,1,1,7
3,100,1000,4,406,-48.3173,-36.4948,87,7.8501,87,7.8501,1,1,7
3,100,1000,4,407,7.54282,87.6257,8,17.2438,8,17.2438,1,1,4
3,100,1000,4,408,-14.126,-107.794,54,21.3627,54,21.3627,1,1,9
3,100,1000,4,409,39.7358,-39.6938,94,7.39655,94,7.39655,1,1,4
3,100,1000,4,410,82.1705,-142.919,27,7.34637,27,7.34637,1,1,6
3,100,1000,4,411,-77.9832,-108.514,10,3.76794,10,3.76794,1,1,3
3,100,1000,4,412,70.0661,-51.064,67,7.01694,67,7.01694,1,1,9
3,100,1000,4,413,42.9848,-119.825,36,19.4722,36,19.4722,1,1,5
3,100,1000,4,414,-6.12993,38.9129,86,17.9241,86,17.9241,1,1,6
3,100,1000,4,415,-44.0896,-18.3232,87,9.7573,87,9.7573,1,1,8
3,100,1000,4,416,-32.826,-95.5989,54,7.99107,54,7.99107,1,1,8
3,100,1000,4,417,-68.6604,36.2618,84,13.5765,84,13.5765,1,1,5
3,100,1000,4,418,-34.2604,-100.62,54,3.56466,54,3.56466,1,1,9
3,100,1000,4,419,-41.5228,-1.84894,21,10.1514,21,10.1514,1,1,5
3,100,1000,4,420,71.6575,-166.55,91,6.5492,91,6.5492,1,1,5
3,100,1000,4,421,64.9242,-133.319,91,7.29549,91,7.29549,1,1,7
3,100,1000,4,422,-11.5223,-35.0659,83,18.3466,83,18.3466,1,1,7
3,100,1000,4,423,67.1531,128.703,19,11.8427,19,11.8427,1,1,6
3,100,1000,4,424,18.5701,33.7778,78,5.11515,78,5.11515,1,1,4
3,100,1000,4,425,-45.4953,21.4813,21,7.71537,21,7.71537,1,1,5
3,100,1000,4,426,35.4292,-66.9569,40,15.187,40,15.187,1,1,7
3,100,1000,4,427,46.4838,30.9904,62,2.64277,62,2.64277,1,1,4
3,100,1000,4,428,30.9895,-1.06268,89,6.77764,89,6.77764,1,1,5
3,100,1000,4,429,45.5826,-130.281,57,22.6483,57,22.6483,1,1,4
3,100,1000,4,430,-71.0749,-177.014,48,9.6862,48,9.6862,1,1,5
3,100,1000,4,431,15.698,-27.8017,7,12.6957,7,12.6957,1,1,3
3,100,1000,4,432,-46.3064,74.0753,98,15.1348,98,15.1348,1,1,4
3,100,1000,4,433,-85.77,18.8665,5,2.14743,5,2.14743,1,1,2
3,100,1000,4,434,76.7277,-74.5855,44,3.08681,44,3.08681,1,1,6
3,100,1000,4,435,-81.4912,116.771,85,4.2763,85,4.2763,1,1,5
3,100,1000,4,436,-30.5677,146.866,3,0.423318,3,0.423318,1,1,3
3,100,1000,4,437,81.7256,95.82,9,8.07033,9,8.07033,1,1,3
3,100,1000,4,438,-34.1,117.757,2,9.98855,2,9.98855,1,1,2
3,100,1000,4,439,22.2616,148.94,64,6.0325,64,6.0325,1,1,7
3,100,1000,4,440,-14.2324,133.533,29,10.5872,29,10.5872,1,1,4
3,100,1000,4,441,-4.78925,-137.606,76,27.3339,76,27.3339,1,1,7
3,100,1000,4,442,-56.7121,-96.6109,46,5.71047,46,5.71047,1,1,5
3,100,1000,4,443,36.692,128.555,24,17.1256,24,17.1256,1,1,6
3,100,1000,4,444,41.1632,-15.4508,89,17.0312,89,17.0312,1,1,5
3,100,1000,4,445,89.1371,120.177,27,3.10891,27,3.10891,1,1,4
3,100,1000,4,446,-6.23238,29.6701,68,25.0123,68,25.0123,1,1,5
3,100,1000,4,447,-43.8125,74.9224,6,16.0739,6,16.0739,1,1,3
3,100,1000,4,448,-38.1273,-79.165,99,15.0956,99,15.0956,1,1,8
3,100,1000,4,449,-43.1055,-102.799,77,6.40905,77,6.40905,1,1,8
3,100,1000,4,450,13.1248,-69.1936,13,7.92897,13,7.92897,1,1,5
3,100,1000,4,451,-83.0143,145.114,85,6.55561,85,6.55561,1,1,3
3,100,1000,4,452,-51.1638,177.423,32,11.2101,32,11.2101,1,1,4
3,100,1000,4,453,30.4671,9.47232,89,6.25274,89,6.25274,1,1,5
3,100,1000,4,454,57.59,-74.5426,43,3.50988,43,3.50988,1,1,9
3,100,1000,4,455,-10.7937,-93.2849,15,14.9466,15,14.9466,1,1,7
3,100,1000,4,456,-60.505,148.834,32,7.2995,32,7.2995,1,1,3
3,100,1000,4,457,-25.4457,-54.4341,11,3.54688,11,3.54688,1,1,5
3,100,1000,4,458,-63.8884,-157.507,48,10.4715,48,10.4715,1,1,6
3,100,1000,4,459,-52.9396,134.55,20,7.93118,20,7.93118,1,1,2
3,100,1000,4,460,3.5209,-107.605,15,18.9669,15,18.9669,1,1,6
3,100,1000,4,461,37.3631,174.577,53,17.2079,53,17.2079,1,1,6
3,100,1000,4,462,51.0325,167.101,53,12.2565,53,12.2565,1,1,7
3,100,1000,4,463,34.7497,-154.19,4,12.0316,4,12.0316,1,1,3
3,100,1000,4,464,-46.0319,163.288,30,4.76348,30,4.76348,1,1,4
3,100,1000,4,465,-38.4944,114.186,97,9.29478,97,9.29478,1,1,3
3,100,1000,4,466,-42.9526,-63.0174,11,15.8996,11,15.8996,1,1,4
3,100,1000,4,467,39.65,-8.23286,89,11.2975,89,11.2975,1,1,7
3,100,1000,4,468,-32.7974,-39.7657,11,16.1356,11,16.1356,1,1,5
3,100,1000,4,469,-89.3803,-130.415,5,4.75732,5,4.75732,1,1,2
3,100,1000,4,470,32.8458,-20.348,51,14.1409,51,14.1409,1,1,4
3,100,1000,4,471,-21.8499,124.682,29,9.58884,29,9.58884,1,1,3
3,100,1000,4,472,-25.757,85.4088,41,18.5984,41,18.5984,1,1,3
3,100,1000,4,473,-54.8762,0.709152,21,10.4292,21,10.4292,1,1,4
3,100,1000,4,474,53.9507,-35.6316,94,7.841,94,7.841,1,1,8
3,100,1000,4,475,-22.3706,-65.0568,11,8.68651,11,8.68651,1,1,5
3,100,1000,4,476,18.3816,-150.015,57,20.0203,57,20.0203,1,1,4
3,100,1000,4,477,-35.2399,-41.1718,11,15.8266,11,15.8266,1,1,4
3,100,1000,4,478,-81.4569,179.02,85,10.7318,85,10.7318,1,1,3
3,100,1000,4,479,-7.68072,-74.9775,59,7.39743,59,7.39743,1,1,9
3,100,1000,4,480,81.154,87.6497,9,6.63228,9,6.63228,1,1,3
3,100,1000,4,481,-70.3958,-103.597,79,1.85681,79,1.85681,1,1,5
3,100,1000,4,482,-77.6838,118.508,85,1.32578,85,1.32578,1,1,4
3,100,1000,4,483,34.085,-40.9625,7,11.2199,7,11.2199,1,1,3
3,100,1000,4,484,-50.6286,69.4095,98,10.1542,98,10.1542,1,1,5
3,100,1000,4,485,4.31126,144.434,61,9.13476,61,9.13476,1,1,5
3,100,1000,4,486,-65.4693,144.923,0,6.52366,0,6.52366,1,1,1
3,100,1000,4,487,44.5581,-2.45258,89,10.7312,89,10.7312,1,1,6
3,100,1000,4,488,25.1657,159.364,55,1.56048,55,1.56048,1,1,7
3,100,1000,4,489,89.1283,-21.7672,27,1.3654,27,1.3654,1,1,4
3,100,1000,4,490,-28.1339,-46.4846,11,9.7344,11,9.7344,1,1,5
3,100,1000,4,491,46.588,160.495,53,6.13778,53,6.13778,1,1,8
3,100,1000,4,492,-8.2498,-157.304,76,7.49917,76,7.49917,1,1,5
3,100,1000,4,493,-30.3382,0.5867,58,16.7071,58,16.7071,1,1,7
3,100,1000,4,494,-79.142,103.962,85,4.50643,85,4.50643,1,1,6
3,100,1000,4,495,52.8046,-175.976,4,12.2879,4,12.2879,1,1,3
3,100,1000,4,496,5.80602,144.818,61,10.1773,61,10.1773,1,1,5
3,100,1000,4,497,-49.7865,36.2444,69,10.7322,69,10.7322,1,1,6
3,100,1000,4,498,41.663,148.597,53,3.79715,53,3.79715,1,1,7
3,100,1000,4,499,87.6409,162.069,27,7.61471,27,7.61471,1,1,4
3,100,1000,4,500,19.0033,3.90439,51,12.1032,51,12.1032,1,1,4
3,100,1000,4,501,63.2516,87.0679,88,4.6914,88,4.6914,1,1,6
3,100,1000,4,502,-15.5865,35.6194,68,15.5182,68,15.5182,1,1,4
3,100,1000,4,503,-47.6923,-160.842,48,17.5664,48,17.5664,1,1,6
3,100,1000,4,504,7.4916,-97.1281,15,9.41881,15,9.41881,1,1,7
3,100,1000,4,505,-1.30435,138.715,61,11.2851,61,11.2851,1,1,5
3,100,1000,4,506,18.1936,-89.4326,90,5.97068,90,5.97068,1,1,7
3,100,1000,4,507,59.6055,-160.112,91,10.5619,91,10.5619,1,1,4
3,100,1000,4,508,-33.3682,-121.465,92,3.50623,92,3.50623,1,1,11
3,100,1000,4,509,10.2372,-45.0203,75,2.05728,75,2.05728,1,1,6
3,100,1000,4,510,81.2485,-53.9164,35,6.59319,35,6.59319,1,1,7
3,100,1000,4,511,-20.4981,-5.89104,58,10.7631,58,10.7631,1,1,8
3,100,1000,4,512,-44.5494,39.4308,69,6.19517,69,6.19517,1,1,6
3,100,1000,4,513,-74.8233,174.227,0,6.94091,0,6.94091,1,1,1
3,100,1000,4,514,4.01392,-154.365,76,16.2652,76,16.2652,1,1,5
3,100,1000,4,515,78.148,-133.966,23,6.83995,23,6.83995,1,1,4
3,100,1000,4,516,14.7698,102.799,66,17.7186,66,17.7186,1,1,5
3,100,1000,4,517,66.5511,178.367,17,3.77865,17,3.77865,1,1,5
3,100,1000,4,518,-20.7908,-142.282,76,25.1354,76,25.1354,1,1,9
3,100,1000,4,519,-81.2374,153.402,85,6.53059,85,6.53059,1,1,3
3,100,1000,4,520,-29.7052,14.9164,68,16.0812,68,16.0812,1,1,6
3,100,1000,4,521,56.0586,156.977,70,7.4663,70,7.4663,1,1,6
3,100,1000,4,522,52.7419,51.3281,50,10.2627,50,10.2627,1,1,4
3,100,1000,4,523,88.4323,-141.253,27,1.03135,27,1.03135,1,1,6
3,100,1000,4,524,54.9314,17.339,52,8.92305,52,8.92305,1,1,5
3,100,1000,4,525,-3.13644,92.3597,39,16.8607,39,16.8607,1,1,5
3,100,1000,4,526,71.7113,132.731,19,11.6847,19,11.6847,1,1,6
3,100,1000,4,527,-46.7657,-125.676,92,11.4365,92,11.4365,1,1,8
3,100,1000,4,528,-3.91913,-63.178,80,13.7389,80,13.7389,1,1,8
3,100,1000,4,529,-65.7245,-179.81,48,4.27619,48,4.27619,1,1,6
3,100,1000,4,530,-18.7714,-155.153,76,14.0345,76,14.0345,1,1,8
3,100,1000,4,531,-66.888,171.997,0,7.00562,0,7.00562,1,1,1
3,100,1000,4,532,63.8231,179.326,17,2.62915,17,2.62915,1,1,5
3,100,1000,4,533,85.1818,-93.9353,35,3.54629,35,3.54629,1,1,7
3,100,1000,4,534,-71.4781,-172.111,48,10.4757,48,10.4757,1,1,5
3,100,1000,4,535,-60.2668,-22.3667,87,8.1144,87,8.1144,1,1,5
3,100,1000,4,536,11.4026,171.584,55,16.5574,55,16.5574,1,1,6
3,100,1000,4,537,-22.6949,-51.7111,11,7.24265,11,7.24265,1,1,5
3,100,1000,4,538,21.4558,-48.5252,40,6.17137,40,6.17137,1,1,4
3,100,1000,4,539,-6.48184,-27.2256,83,19.4286,83,19.4286,1,1,6
3,100,1000,4,540,74.4069,160.763,17,11.938,17,11.938,1,1,5
3,100,1000,4,541,-57.4329,112.236,34,10.7061,34,10.7061,1,1,3
3,100,1000,4,542,56.7472,-28.3971,94,12.6111,94,12.6111,1,1,9
3,100,1000,4,543,83.2801,-74.3439,35,4.79094,35,4.79094,1,1,7
3,100,1000,4,544,44.2125,-144.889,4,15.3739,4,15.3739,1,1,3
3,100,1000,4,545,-37.0772,-129.118,92,7.91845,92,7.91845,1,1,9
3,100,1000,4,546,-60.0209,-27.9304,87,7.69217,87,7.69217,1,1,6
3,100,1000,4,547,-68.5604,-172.396,48,7.75039,48,7.75039,1,1,5
3,100,1000,4,548,-14.3021,-146.757,76,18.7237,76,18.7237,1,1,7
3,100,1000,4,549,-43.1654,8.43961,21,3.61148,21,3.61148,1,1,6
3,100,1000,4,550,-69.4343,-26.8645,82,3.27281,82,3.27281,1,1,5
3,100,1000,4,551,83.0365,63.9366,9,6.50273,9,6.50273,1,1,3
3,100,1000,4,552,-17.6405,-59.3169,11,10.2053,11,10.2053,1,1,5
3,100,1000,4,553,-83.8873,-172.369,18,6.06267,18,6.06267,1,1,4
3,100,1000,4,554,36.0789,-0.738205,89,4.70306,89,4.70306,1,1,6
3,100,1000,4,555,-9.79742,40.9716,86,18.8786,86,18.8786,1,1,6
3,100,1000,4,556,-9.9874,45.5393,86,16.4112,86,16.4112,1,1,5
3,100,1000,4,557,-13.396,-86.4804,59,10.5105,59,10.5105,1,1,9
3,100,1000,4,558,-81.4289,-40.232,5,6.19633,5,6.19633,1,1,2
3,100,1000,4,559,9.58784,105.567,66,12.2805,66,12.2805,1,1,6
3,100,1000,4,560,-2.5604,125.021,29,10.1091,29,10.1091,1,1,4
3,100,1000,4,561,78.2247,54.8374,9,2.46356,9,2.46356,1,1,3
3,100,1000,4,562,-41.4545,-160.671,48,23.2418,48,23.2418,1,1,6
3,100,1000,4,563,31.2209,68.4868,8,17.3247,8,17.3247,1,1,3
3,100,1000,4,564,-63.7144,156.111,0,6.90697,0,6.90697,1,1,1
3,100,1000,4,565,-51.5368,-86.2973,99,4.04752,99,4.04752,1,1,6
3,100,1000,4,566,-25.3768,-117.001,92,11.1748,92,11.1748,1,1,9
3,100,1000,4,567,78.8196,93.9655,9,6.98269,9,6.98269,1,1,3
3,100,1000,4,568,1.84123,169.865,61,20.5712,61,20.5712,1,1,6
3,100,1000,4,569,50.7981,-104.16,43,15.5538,43,15.5538,1,1,8
3,100,1000,4,570,-5.43674,-97.9986,15,12.8994,15,12.8994,1,1,7
3,100,1000,4,571,58.406,149.152,70,4.87519,70,4.87519,1,1,6
3,100,1000,4,572,63.7703,-89.9801,37,4.17474,37,4.17474,1,1,7
3,100,1000,4,573,-58.6644,144.683,20,8.18903,20,8.18903,1,1,2
3,100,1000,4,574,24.894,81.847,8,4.39994,8,4.39994,1,1,3
3,100,1000,4,575,35.125,-135.333,57,13.3072,57,13.3072,1,1,4
3,100,1000,4,576,13.4342,46.6994,86,11.184,86,11.184,1,1,4
3,100,1000,4,577,49.7523,123.959,70,13.291,70,13.291,1,1,8
3,100,1000,4,578,33.014,-18.0536,51,12.7776,51,12.7776,1,1,4
3,100,1000,4,579,6.22304,118.599,66,5.09953,66,5.09953,1,1,6
3,100,1000,4,580,-20.9713,89.3724,2,18.4601,2,18.4601,1,1,2
3,100,1000,4,581,-73.8491,87.3039,38,5.97038,38,5.97038,1,1,5
3,100,1000,4,582,76.1859,-170.059,91,9.62073,91,9.62073,1,1,6
3,100,1000,4,583,0.634697,-23.9458,75,25.0834,75,25.0834,1,1,5
3,100,1000,4,584,89.9029,-77.1344,27,0.554513,27,0.554513,1,1,6
3,100,1000,4,585,25.9473,-11.0677,51,3.51003,51,3.51003,1,1,4
3,100,1000,4,586,2.43348,-11.2934,51,21.5482,51,21.5482,1,1,4
3,100,1000,4,587,-20.958,-47.5923,11,11.2639,11,11.2639,1,1,5
3,100,1000,4,588,39.3633,20.7553,28,4.32891,28,4.32891,1,1,3
3,100,1000,4,589,-41.4547,-51.4855,11,14.611,11,14.611,1,1,4
3,100,1000,4,590,-38.6989,167.341,30,4.91522,30,4.91522,1,1,3
3,100,1000,4,591,-3.4092,129.471,29,11.1743,29,11.1743,1,1,5
3,100,1000,4,592,17.02,-87.3138,90,6.98545,90,6.98545,1,1,7
3,100,1000,4,593,36.7149,-79.9321,36,14.2493,36,14.2493,1,1,7
3,100,1000,4,594,37.3163,-94.124,36,3.72489,36,3.72489,1,1,7
3,100,1000,4,595,-70.6665,-147.31,45,12.8571,45,12.8571,1,1,4
3,100,1000,4,596,87.6242,-109.031,27,1.8711,27,1.8711,1,1,6
3,100,1000,4,597,59.9969,147.62,70,5.9263,70,5.9263,1,1,6
3,100,1000,4,598,-49.545,-58.7367,65,10.6702,65,10.6702,1,1,5
3,100,1000,4,599,-28.1628,-99.2842,54,8.53486,54,8.53486,1,1,9
3,100,1000,4,600,22.0644,175.569,55,13.6832,55,13.6832,1,1,6
3,100,1000,4,601,34.8241,-131.004,57,11.9782,57,11.9782,1,1,5
3,100,1000,4,602,-7.86219,-152.268,76,12.4982,76,12.4982,1,1,6
3,100,1000,4,603,0.701729,-116.998,57,25.2454,57,25.2454,1,1,6
3,100,1000,4,604,24.2438,98.494,96,10.6353,96,10.6353,1,1,5
3,100,1000,4,605,5.75829,151.09,61,8.86738,61,8.86738,1,1,5
3,100,1000,4,606,42.9173,-175.302,4,6.90218,4,6.90218,1,1,3
3,100,1000,4,607,50.2802,-60.1253,94,12.7828,94,12.7828,1,1,8
3,100,1000,4,608,-41.3078,-6.00966,21,12.951,21,12.951,1,1,6
3,100,1000,4,609,19.9713,172.017,55,11.2284,55,11.2284,1,1,7
3,100,1000,4,610,39.9332,78.6097,96,12.3515,96,12.3515,1,1,4
3,100,1000,4,611,-77.6466,75.1147,84,6.95916,84,6.95916,1,1,6
3,100,1000,4,612,74.7893,144.701,19,15.0028,19,15.0028,1,1,6
3,100,1000,4,613,21.3675,-129.511,57,1.61398,57,1.61398,1,1,5
3,100,1000,4,614,-47.018,166.409,30,6.49223,30,6.49223,1,1,4
3,100,1000,4,615,-24.3978,130.093,29,13.8195,29,13.8195,1,1,4
3,100,1000,4,616,80.9892,-159.147,27,8.84084,27,8.84084,1,1,5
3,100,1000,4,617,89.5443,-33.746,27,0.846785,27,0.846785,1,1,5
3,100,1000,4,618,-65.7076,0.492096,12,6.78056,12,6.78056,1,1,3
3,100,1000,4,619,14.6281,97.0723,8,14.0791,8,14.0791,1,1,4
3,100,1000,4,620,-40.5069,-139.227,92,16.1619,92,16.1619,1,1,8
3,100,1000,4,621,34.0811,-175.179,4,11.1598,4,11.1598,1,1,3
3,100,1000,4,622,-67.2646,-11.2775,12,3.35786,12,3.35786,1,1,3
3,100,1000,4,623,-27.6523,-37.1448,83,13.4558,83,13.4558,1,1,6
3,100,1000,4,624,81.3564,164.638,17,18.1714,17,18.1714,1,1,5
3,100,1000,4,625,-22.5639,62.5792,41,2.65149,41,2.65149,1,1,5
3,100,1000,4,626,31.6239,-20.421,51,13.4898,51,13.4898,1,1,4
3,100,1000,4,627,-21.153,32.8264,68,9.8462,68,9.8462,1,1,4
3,100,1000,4,628,-27.8601,-179.571,76,23.9493,76,23.9493,1,1,7
3,100,1000,4,629,41.6575,30.2438,62,2.74197,62,2.74197,1,1,3
3,100,1000,4,630,83.4191,-145.48,27,6.11414,27,6.11414,1,1,6
3,100,1000,4,631,-9.8317,148.816,61,6.88699,61,6.88699,1,1,4
3,100,1000,4,632,-62.314,-20.5748,82,7.96111,82,7.96111,1,1,4
3,100,1000,4,633,-32.4648,-76.0431,11,16.7437,11,16.7437,1,1,6
3,100,1000,4,634,79.9587,144.327,19,15.5719,19,15.5719,1,1,5
3,100,1000,4,635,-79.4854,-101.097,10,2.78516,10,2.78516,1,1,3
3,100,1000,4,636,-87.4504,89.1913,5,5.0206,5,5.0206,1,1,2
3,100,1000,4,637,-48.1379,-129.43,92,13.9546,92,13.9546,1,1,7
3,100,1000,4,638,-51.0431,28.4197,21,12.684,21,12.684,1,1,5
3,100,1000,4,639,6.71264,-119.373,57,18.8057,57,18.8057,1,1,7
3,100,1000,4,640,6.52885,148.297,61,9.68407,61,9.68407,1,1,5
3,100,1000,4,641,61.603,-103.695,33,9.4587,33,9.4587,1,1,6
3,100,1000,4,642,-26.0618,-99.1002,54,10.4547,54,10.4547,1,1,10
3,100,1000,4,643,54.5659,72.1561,88,9.52796,88,9.52796,1,1,6
3,100,1000,4,644,-49.3357,12.4469,21,3.15059,21,3.15059,1,1,5
3,100,1000,4,645,-38.8001,-111.833,77,2.35289,77,2.35289,1,1,8
3,100,1000,4,646,23.4832,82.7365,8,3.83107,8,3.83107,1,1,3
3,100,1000,4,647,-71.5084,102.339,38,1.50305,38,1.50305,1,1,4
3,100,1000,4,648,-58.9191,-27.9463,87,6.60717,87,6.60717,1,1,6
3,100,1000,4,649,-76.8523,-137.921,10,6.94358,10,6.94358,1,1,3
3,100,1000,4,650,-31.8099,-132.675,92,12.0001,92,12.0001,1,1,9
3,100,1000,4,651,-29.5087,-58.5205,11,2.01701,11,2.01701,1,1,5
3,100,1000,4,652,68.2579,24.7068,25,11.5879,25,11.5879,1,1,4
3,100,1000,4,653,-3.97522,-145.57,76,19.7018,76,19.7018,1,1,7
3,100,1000,4,654,-63.4368,-174.525,48,3.10715,48,3.10715,1,1,5
3,100,1000,4,655,-42.4718,66.1841,6,10.3072,6,10.3072,1,1,3
3,100,1000,4,656,76.8861,-141.738,91,8.19077,91,8.19077,1,1,5
3,100,1000,4,657,71.2448,-78.3514,37,4.50554,37,4.50554,1,1,8
3,100,1000,4,658,-30.4189,71.6215,41,8.70342,41,8.70342,1,1,4
3,100,1000,4,659,86.9024,20.4909,35,3.60331,35,3.60331,1,1,5
3,100,1000,4,660,-47.9658,-83.7954,99,5.86565,99,5.86565,1,1,8
3,100,1000,4,661,44.3288,131.035,70,13.2138,70,13.2138,1,1,7
3,100,1000,4,662,89.4706,125.641,27,2.42592,27,2.42592,1,1,4
3,100,1000,4,663,26.6867,-118.897,57,10.0548,57,10.0548,1,1,7
3,100,1000,4,664,-41.1526,79.6689,97,17.867,97,17.867,1,1,4
3,100,1000,4,665,-38.409,34.075,68,7.44341,68,7.44341,1,1,7
3,100,1000,4,666,63.4967,44.1645,25,7.27047,25,7.27047,1,1,4
3,100,1000,4,667,77.7772,83.5093,9,4.71519,9,4.71519,1,1,3
3,100,1000,4,668,-55.5644,-32.396,87,4.91669,87,4.91669,1,1,6
3,100,1000,4,669,58.9695,-58.0024,67,4.64196,67,4.64196,1,1,8
3,100,1000,4,670,-13.4606,-147.005,76,18.267,76,18.267,1,1,7
3,100,1000,4,671,-85.9091,-53.1489,5,2.8729,5,2.8729,1,1,2
3,100,1000,4,672,-54.3711,150.671,20,4.48577,20,4.48577,1,1,2
3,100,1000,4,673,24.2499,10.4199,89,12.1666,89,12.1666,1,1,5
3,100,1000,4,674,21.1464,42.3045,78,8.67298,78,8.67298,1,1,3
3,100,1000,4,675,-74.5446,126.361,85,2.94691,85,2.94691,1,1,4
3,100,1000,4,676,69.2545,119.568,19,7.79751,19,7.79751,1,1,5
3,100,1000,4,677,38.6981,137.45,53,12.7987,53,12.7987,1,1,9
3,100,1000,4,678,32.6047,-49.2304,40,7.72645,40,7.72645,1,1,4
3,100,1000,4,679,-80.7234,162.904,85,7.95285,85,7.95285,1,1,3
3,100,1000,4,680,-74.7807,-58.265,47,6.8232,47,6.8232,1,1,5
3,100,1000,4,681,8.48956,157.432,64,10.8804,64,10.8804,1,1,7
3,100,1000,4,682,82.9498,-7.46642,35,6.22148,35,6.22148,1,1,5
3,100,1000,4,683,30.4706,-125.229,57,8.30632,57,8.30632,1,1,6
3,100,1000,4,684,70.0688,-1.11974,52,11.4266,52,11.4266,1,1,4
3,100,1000,4,685,-1.61581,-66.7835,80,9.54643,80,9.54643,1,1,9
3,100,1000,4,686,15.9378,4.95009,51,14.5118,51,14.5118,1,1,4
3,100,1000,4,687,30.0338,103.133,96,11.7262,96,11.7262,1,1,4
3,100,1000,4,688,-12.1893,-71.4327,59,5.08796,59,5.08796,1,1,7
3,100,1000,4,689,-33.2234,-162.086,76,24.9598,76,24.9598,1,1,7
3,100,1000,4,690,75.4359,-35.5359,35,12.7352,35,12.7352,1,1,6
3,100,1000,4,691,72.1377,109.381,19,4.37805,19,4.37805,1,1,5
3,100,1000,4,692,-47.9837,41.6717,69,6.92819,69,6.92819,1,1,6
3,100,1000,4,693,33.4156,149.242,74,5.06018,74,5.06018,1,1,9
3,100,1000,4,694,86.2206,85.3842,35,7.46942,35,7.46942,1,1,5
3,100,1000,4,695,66.073,-157.12,91,4.29049,91,4.29049,1,1,6
3,100,1000,4,696,-76.4404,-30.8748,47,6.06284,47,6.06284,1,1,4
3,100,1000,4,697,-89.8441,-166.981,5,5.49859,5,5.49859,1,1,2
3,100,1000,4,698,70.8294,61.2531,25,2.60555,25,2.60555,1,1,4
3,100,1000,4,699,-56.1052,101.796,34,11.0173,34,11.0173,1,1,4
3,100,1000,4,700,-59.9333,64.5579,14,6.44386,14,6.44386,1,1,4
3,100,1000,4,701,-72.4935,92.009,38,4.51141,38,4.51141,1,1,4
3,100,1000,4,702,-55.246,95.0805,34,12.3898,34,12.3898,1,1,4
3,100,1000,4,703,7.57118,45.1294,86,8.81084,86,8.81084,1,1,4
3,100,1000,4,704,-78.1761,128.696,85,1.12568,85,1.12568,1,1,3
3,100,1000,4,705,31.5218,174.52,55,13.9303,55,13.9303,1,1,6
3,100,1000,4,706,-43.4202,27.3191,21,12.3121,21,12.3121,1,1,5
3,100,1000,4,707,51.9502,-2.8078,52,7.46729,52,7.46729,1,1,5
3,100,1000,4,708,-55.5046,-9.2684,87,10.3158,87,10.3158,1,1,4
3,100,1000,4,709,-16.7829,-118.568,92,19.6069,92,19.6069,1,1,9
3,100,1000,4,710,-51.9421,-81.4198,99,7.06861,99,7.06861,1,1,8
3,100,1000,4,711,-47.8441,-76.765,99,10.3614,99,10.3614,1,1,7
3,100,1000,4,712,33.8527,-95.3763,36,1.73999,36,1.73999,1,1,7
3,100,1000,4,713,-31.8731,29.3642,68,3.63299,68,3.63299,1,1,7
3,100,1000,4,714,72.9384,4.0433,52,14.195,52,14.195,1,1,4
3,100,1000,4,715,-24.4197,-153.99,76,19.1248,76,19.1248,1,1,8
3,100,1000,4,716,-55.6994,-13.8265,87,7.86365,87,7.86365,1,1,5
3,100,1000,4,717,59.0095,-41.8908,67,9.02439,67,9.02439,1,1,8
3,100,1000,4,718,-49.373,-46.8386,65,6.77856,65,6.77856,1,1,5
3,100,1000,4,719,-88.3807,-75.0981,5,3.14793,5,3.14793,1,1,2
3,100,1000,4,720,-49.0715,66.2822,98,9.23337,98,9.23337,1,1,6
3,100,1000,4,721,-40.2892,-4.98331,21,12.8218,21,12.8218,1,1,6
3,100,1000,4,722,-43.1993,-156.678,48,23.039,48,23.039,1,1,6
3,100,1000,4,723,86.1044,-17.4079,35,2.65194,35,2.65194,1,1,5
3,100,1000,4,724,7.02682,-41.357,75,6.68342,75,6.68342,1,1,6
3,100,1000,4,725,22.0121,90.1695,8,4.21327,8,4.21327,1,1,3
3,100,1000,4,726,28.6116,128.336,24,9.30741,24,9.30741,1,1,6
3,100,1000,4,727,-83.2977,-55.0713,26,4.98951,26,4.98951,1,1,3
3,100,1000,4,728,-73.5202,-50.3417,47,4.28496,47,4.28496,1,1,4
3,100,1000,4,729,77.1464,178.836,17,13.8799,17,13.8799,1,1,5
3,100,1000,4,730,66.8508,-74.5465,37,4.37035,37,4.37035,1,1,9
3,100,1000,4,731,-77.5768,-157.697,10,9.31249,10,9.31249,1,1,3
3,100,1000,4,732,45.8135,142.866,53,7.93808,53,7.93808,1,1,7
3,100,1000,4,733,-9.794,172.881,61,23.8417,61,23.8417,1,1,3
3,100,1000,4,734,-41.9866,-16.3494,87,12.3064,87,12.3064,1,1,9
3,100,1000,4,735,-41.1085,-2.11612,21,10.5519,21,10.5519,1,1,5
3,100,1000,4,736,-65.0336,17.2046,12,12.3882,12,12.3882,1,1,3
3,100,1000,4,737,86.4503,-36.4659,35,1.67873,35,1.67873,1,1,6
3,100,1000,4,738,20.2633,165.109,55,5.73306,55,5.73306,1,1,7
3,100,1000,4,739,63.0631,-125.42,91,11.1981,91,11.1981,1,1,7
3,100,1000,4,740,-28.1238,-9.84962,58,7.45543,58,7.45543,1,1,7
3,100,1000,4,741,72.3749,-179.024,91,10.5604,91,10.5604,1,1,6
3,100,1000,4,742,-30.7568,158.154,93,8.59081,93,8.59081,1,1,3
3,100,1000,4,743,-27.0478,-28.5539,83,5.83781,83,5.83781,1,1,7
3,100,1000,4,744,-36.0937,-79.8027,99,16.5684,99,16.5684,1,1,8
3,100,1000,4,745,-14.8587,-118.486,92,21.5326,92,21.5326,1,1,9
3,100,1000,4,746,12.8254,-4.87105,51,11.3336,51,11.3336,1,1,5
3,100,1000,4,747,-48.0915,-62.7222,65,13.6179,65,13.6179,1,1,5
3,100,1000,4,748,-21.0028,64.229,41,3.09183,41,3.09183,1,1,5
3,100,1000,4,749,-34.9205,54.0213,6,3.63095,6,3.63095,1,1,3
3,100,1000,4,750,-66.0602,27.942,12,15.4671,12,15.4671,1,1,3
3,100,1000,4,751,-64.0474,-82.1876,95,1.31785,95,1.31785,1,1,6
3,100,1000,4,752,-67.4267,-135.194,45,9.37842,45,9.37842,1,1,4
3,100,1000,4,753,30.6733,85.6732,96,3.42774,96,3.42774,1,1,4
3,100,1000,4,754,-75.0424,7.47275,12,7.28384,12,7.28384,1,1,3
3,100,1000,4,755,70.1267,-26.3322,67,14.0644,67,14.0644,1,1,7
3,100,1000,4,756,88.8116,105.003,27,3.62017,27,3.62017,1,1,4
3,100,1000,4,757,-12.6783,-63.8905,59,11.7733,59,11.7733,1,1,6
3,100,1000,4,758,41.5787,100.548,96,13.4741,96,13.4741,1,1,4
3,100,1000,4,759,43.7778,-169.03,4,2.58014,4,2.58014,1,1,3
3,100,1000,4,760,-79.6274,-122.162,10,2.73579,10,2.73579,1,1,3
3,100,1000,4,761,-53.7579,46.3959,98,4.34312,98,4.34312,1,1,7
3,100,1000,4,762,26.4835,-23.6988,7,14.1317,7,14.1317,1,1,3
3,100,1000,4,763,81.8368,-169.038,27,8.22009,27,8.22009,1,1,5
3,100,1000,4,764,-69.7349,-86.1674,79,5.06652,79,5.06652,1,1,5
3,100,1000,4,765,32.4914,-91.5901,36,5.18732,36,5.18732,1,1,7
3,100,1000,4,766,60.8873,116.888,19,12.3627,19,12.3627,1,1,5
3,100,1000,4,767,3.11115,166.921,61,18.1158,61,18.1158,1,1,6
3,100,1000,4,768,80.8469,-112.431,23,5.20737,23,5.20737,1,1,5
3,100,1000,4,769,36.2971,-168.391,4,6.53916,4,6.53916,1,1,3
3,100,1000,4,770,37.5208,32.8477,1,2.35142,1,2.35142,1,1,2
3,100,1000,4,771,-7.36155,72.6647,39,3.46762,39,3.46762,1,1,5
3,100,1000,4,772,-21.0746,139.92,3,11.728,3,11.728,1,1,3
3,100,1000,4,773,-85.6129,-138.992,18,2.73952,18,2.73952,1,1,4
3,100,1000,4,774,30.2341,96.3298,96,5.90605,96,5.90605,1,1,4
3,100,1000,4,775,-64.0109,81.2133,14,2.4737,14,2.4737,1,1,2
3,100,1000,4,776,77.084,-55.5377,44,7.45228,44,7.45228,1,1,7
3,100,1000,4,777,-26.1954,27.135,68,7.3523,68,7.3523,1,1,6
3,100,1000,4,778,50.3818,-68.7171,43,10.8579,43,10.8579,1,1,9
3,100,1000,4,779,19.0482,141.294,64,8.42617,64,8.42617,1,1,5
3,100,1000,4,780,12.5577,-76.9207,13,1.19725,13,1.19725,1,1,5
3,100,1000,4,781,-65.1482,-33.11,47,6.17553,47,6.17553,1,1,4
3,100,1000,4,782,-70.0163,55.926,14,10.0122,14,10.0122,1,1,3
3,100,1000,4,783,-23.0944,-158.339,76,15.9861,76,15.9861,1,1,9
3,100,1000,4,784,61.7474,-153.595,91,7.48552,91,7.48552,1,1,4
3,100,1000,4,785,-73.3648,18.5364,12,9.86645,12,9.86645,1,1,3
3,100,1000,4,786,29.6266,18.5473,28,6.04524,28,6.04524,1,1,3
3,100,1000,4,787,-44.3995,-162.896,48,19.8277,48,19.8277,1,1,6
3,100,1000,4,788,-10.7661,-80.0247,59,5.95271,59,5.95271,1,1,9
3,100,1000,4,789,-60.9439,-141.064,45,15.3265,45,15.3265,1,1,5
3,100,1000,4,790,-81.8475,-69.9097,26,3.87218,26,3.87218,1,1,4
3,100,1000,4,791,60.0747,170.473,17,3.60584,17,3.60584,1,1,5
3,100,1000,4,792,27.2763,-112.241,36,14.7797,36,14.7797,1,1,7
3,100,1000,4,793,8.80398,-24.6838,7,19.6552,7,19.6552,1,1,3
3,100,1000,4,794,-0.479286,-124.296,57,23.9171,57,23.9171,1,1,6
3,100,1000,4,795,-31.695,-155.843,76,24.7934,76,24.7934,1,1,7
3,100,1000,4,796,-10.6081,-13.6864,58,13.8379,58,13.8379,1,1,6
3,100,1000,4,797,-4.47652,18.7512,68,29.9937,68,29.9937,1,1,6
3,100,1000,4,798,-68.8802,124.858,38,6.83825,38,6.83825,1,1,4
3,100,1000,4,799,20.2062,165.734,55,6.17943,55,6.17943,1,1,7
3,100,1000,4,800,75.6318,73.6829,9,2.71322,9,2.71322,1,1,3
3,100,1000,4,801,2.13537,30.5166,78,21.7064,78,21.7064,1,1,5
3,100,1000,4,802,-43.8849,95.4718,97,8.03827,97,8.03827,1,1,3
3,100,1000,4,803,23.8103,70.698,8,14.6104,8,14.6104,1,1,3
3,100,1000,4,804,-82.2764,105.733,85,5.8474,85,5.8474,1,1,5
3,100,1000,4,805,54.817,-148.248,91,14.1502,91,14.1502,1,1,4
3,100,1000,4,806,-72.0885,49.7832,84,10.0503,84,10.0503,1,1,4
3,100,1000,4,807,-78.8874,90.3758,85,7.15394,85,7.15394,1,1,5
3,100,1000,4,808,58.7709,39.8331,50,7.94303,50,7.94303,1,1,5
3,100,1000,4,809,-57.154,-63.4168,65,10.3529,65,10.3529,1,1,8
3,100,1000,4,810,47.7688,2.30194,52,10.9883,52,10.9883,1,1,4
3,100,1000,4,811,-19.63,-105.679,54,15.702,54,15.702,1,1,9
3,100,1000,4,812,84.3078,131.787,35,13.2921,35,13.2921,1,1,4
3,100,1000,4,813,46.5363,-149.145,4,12.6013,4,12.6013,1,1,3
3,100,1000,4,814,38.3226,-46.515,94,9.47738,94,9.47738,1,1,5
3,100,1000,4,815,-81.7052,47.9087,84,0.592534,84,0.592534,1,1,3
3,100,1000,4,816,-76.4161,20.8603,84,7.18586,84,7.18586,1,1,4
3,100,1000,4,817,-50.7874,-60.6019,65,10.819,65,10.819,1,1,6
3,100,1000,4,818,-31.8339,126.046,2,16.0496,2,16.0496,1,1,2
3,100,1000,4,819,-84.952,-48.2208,5,3.30269,5,3.30269,1,1,2
3,100,1000,4,820,25.8893,119.73,24,7.56941,24,7.56941,1,1,6
3,100,1000,4,821,-8.2343,87.6017,39,12.2014,39,12.2014,1,1,4
3,100,1000,4,822,-5.24339,5.75661,58,28.8835,58,28.8835,1,1,6
3,100,1000,4,823,-1.01128,-72.945,80,3.80142,80,3.80142,1,1,9
3,100,1000,4,824,-67.2051,63.6694,14,6.09893,14,6.09893,1,1,3
3,100,1000,4,825,21.8191,141.127,64,9.77754,64,9.77754,1,1,8
3,100,1000,4,826,-57.0143,-175.622,48,4.89764,48,4.89764,1,1,6
3,100,1000,4,827,-72.2757,-125.413,45,5.96563,45,5.96563,1,1,4
3,100,1000,4,828,68.0827,128.521,19,11.341,19,11.341,1,1,6
3,100,1000,4,829,-47.279,32.8105,69,11.4673,69,11.4673,1,1,6
3,100,1000,4,830,-48.9969,-77.9684,99,9.29293,99,9.29293,1,1,8
3,100,1000,4,831,-49.6404,-70.8259,99,13.795,99,13.795,1,1,8
3,100,1000,4,832,61.4459,-20.8556,52,11.9968,52,11.9968,1,1,7
3,100,1000,4,833,24.2861,-120.776,57,7.81709,57,7.81709,1,1,6
3,100,1000,4,834,-37.4049,58.6683,6,3.21491,6,3.21491,1,1,3
3,100,1000,4,835,5.50157,156.969,61,11.0902,61,11.0902,1,1,6
3,100,1000,4,836,-0.80085,174.535,61,24.7446,61,24.7446,1,1,5
3,100,1000,4,837,32.2852,167.912,55,9.94543,55,9.94543,1,1,6
3,100,1000,4,838,0.145569,-117.452,57,25.5392,57,25.5392,1,1,6
3,100,1000,4,839,-42.5167,45.8809,69,1.1431,69,1.1431,1,1,5
3,100,1000,4,840,63.1087,138.605,70,9.22148,70,9.22148,1,1,6
3,100,1000,4,841,3.50411,-167.811,76,12.2595,76,12.2595,1,1,5
3,100,1000,4,842,71.4915,42.4569,25,5.40739,25,5.40739,1,1,4
3,100,1000,4,843,-56.6122,99.1482,34,10.6196,34,10.6196,1,1,4
3,100,1000,4,844,-4.51095,-27.7824,83,21.4766,83,21.4766,1,1,6
3,100,1000,4,845,-24.0207,72.9843,41,7.29552,41,7.29552,1,1,4
3,100,1000,4,846,37.1246,32.6778,1,2.69396,1,2.69396,1,1,2
3,100,1000,4,847,-88.9208,17.141,5,2.3475,5,2.3475,1,1,2
3,100,1000,4,848,-84.0889,50.7306,84,2.14742,84,2.14742,1,1,3
3,100,1000,4,849,38.1824,-62.9876,40,14.8687,40,14.8687,1,1,4
3,100,1000,4,850,-35.3005,-92.632,54,9.90338,54,9.90338,1,1,8
3,100,1000,4,851,-43.0094,107.797,97,6.64162,97,6.64162,1,1,3
3,100,1000,4,852,-49.0487,158.552,20,7.75092,20,7.75092,1,1,3
3,100,1000,4,853,47.8544,82.1938,88,16.2657,88,16.2657,1,1,4
3,100,1000,4,854,-69.4502,-169.325,48,9.08628,48,9.08628,1,1,4
3,100,1000,4,855,-25.9627,167.317,30,16.0396,30,16.0396,1,1,3
3,100,1000,4,856,74.64,135.083,19,12.2692,19,12.2692,1,1,6
3,100,1000,4,857,89.7528,112.263,27,1.73631,27,1.73631,1,1,4
3,100,1000,4,858,-1.23011,-113.719,15,25.5346,15,25.5346,1,1,6
3,100,1000,4,859,15.7055,168.518,55,11.3159,55,11.3159,1,1,7
3,100,1000,4,860,19.2493,163.37,55,5.70687,55,5.70687,1,1,7
3,100,1000,4,861,30.7511,-67.2523,40,13.2244,40,13.2244,1,1,6
3,100,1000,4,862,8.02377,63.6606,86,10.8141,86,10.8141,1,1,5
3,100,1000,4,863,64.9444,27.8697,25,11.8395,25,11.8395,1,1,4
3,100,1000,4,864,-32.8044,26.2536,68,6.40999,68,6.40999,1,1,7
3,100,1000,4,865,72.441,43.7901,25,5.50279,25,5.50279,1,1,4
3,100,1000,4,866,56.8108,-121.137,33,16.617,33,16.617,1,1,5
3,100,1000,4,867,-14.2063,-164.476,76,5.81924,76,5.81924,1,1,6
3,100,1000,4,868,-71.2925,-112.704,45,2.39774,45,2.39774,1,1,4
3,100,1000,4,869,48.859,-101.485,36,14.599,36,14.599,1,1,7
3,100,1000,4,870,-51.0143,-134.207,92,18.1854,92,18.1854,1,1,7
3,100,1000,4,871,-57.0843,-132.749,45,15.7018,45,15.7018,1,1,5
3,100,1000,4,872,-89.5622,-114.663,5,4.30784,5,4.30784,1,1,2
3,100,1000,4,873,79.7571,-1.58469,35,9.95443,35,9.95443,1,1,4
3,100,1000,4,874,-24.191,10.9252,68,21.122,68,21.122,1,1,6
3,100,1000,4,875,-6.53339,170.117,61,20.4726,61,20.4726,1,1,5
3,100,1000,4,876,-2.85251,-131.565,57,25.9114,57,25.9114,1,1,6
3,100,1000,4,877,-38.5678,-169.657,48,23.7713,48,23.7713,1,1,5
3,100,1000,4,878,56.048,-127.247,91,16.3132,91,16.3132,1,1,6
3,100,1000,4,879,19.1061,-133.513,57,5.57937,57,5.57937,1,1,5
3,100,1000,4,880,39.5034,3.09428,89,4.30507,89,4.30507,1,1,5
3,100,1000,4,881,45.1386,12.6284,60,7.39255,60,7.39255,1,1,4
3,100,1000,4,882,30.9788,-118.135,57,12.7032,57,12.7032,1,1,7
3,100,1000,4,883,14.0764,99.3726,8,16.0379,8,16.0379,1,1,4
3,100,1000,4,884,-25.4197,-54.1293,11,3.77698,11,3.77698,1,1,5
3,100,1000,4,885,88.9436,27.132,27,2.24862,27,2.24862,1,1,4
3,100,1000,4,886,-4.16831,-116.281,15,28.694,15,28.694,1,1,6
3,100,1000,4,887,37.1916,-7.46109,89,10.1926,89,10.1926,1,1,6
3,100,1000,4,888,-25.4721,53.8974,6,9.54256,6,9.54256,1,1,4
3,100,1000,4,889,85.4771,80.6738,35,8.27371,35,8.27371,1,1,4
3,100,1000,4,890,-57.5887,-22.1126,87,5.64072,87,5.64072,1,1,5
3,100,1000,4,891,35.3952,59.1176,1,19.2421,1,19.2421,1,1,2
3,100,1000,4,892,13.1614,173.655,55,16.5428,55,16.5428,1,1,7
3,100,1000,4,893,34.7301,-41.5811,7,11.954,7,11.954,1,1,3
3,100,1000,4,894,-66.7959,-72.3277,95,6.06063,95,6.06063,1,1,8
3,100,1000,4,895,2.45302,125.415,66,9.9701,66,9.9701,1,1,4
3,100,1000,4,896,55.3833,-84.8167,43,3.88142,43,3.88142,1,1,10
3,100,1000,4,897,-20.9783,-7.27579,58,9.38069,58,9.38069,1,1,8
3,100,1000,4,898,-11.476,166.196,61,18.2618,61,18.2618,1,1,4
3,100,1000,4,899,-43.9516,106.209,97,6.79963,97,6.79963,1,1,3
3,100,1000,4,900,-33.9666,-90.016,54,12.2109,54,12.2109,1,1,8
3,100,1000,4,901,-23.3297,103.73,2,6.63766,2,6.63766,1,1,2
3,100,1000,4,902,-13.1487,-152.276,76,13.2619,76,13.2619,1,1,8
3,100,1000,4,903,-41.8655,102.758,97,4.08316,97,4.08316,1,1,3
3,100,1000,4,904,40.8106,-92.7767,36,7.15649,36,7.15649,1,1,7
3,100,1000,4,905,1.71611,146.444,61,5.85373,61,5.85373,1,1,6
3,100,1000,4,906,32.5554,-105.777,36,7.37273,36,7.37273,1,1,7
3,100,1000,4,907,12.7808,-88.5664,15,9.37674,15,9.37674,1,1,6
3,100,1000,4,908,-56.0612,-84.9783,95,6.79345,95,6.79345,1,1,6
3,100,1000,4,909,24.9262,-65.7142,40,11.2085,40,11.2085,1,1,6
3,100,1000,4,910,11.347,-125.242,57,12.2013,57,12.2013,1,1,7
3,100,1000,4,911,-60.1497,-46.5394,65,4.23035,65,4.23035,1,1,5
3,100,1000,4,912,-15.0291,17.744,68,21.554,68,21.554,1,1,5
3,100,1000,4,913,63.0924,126.99,70,12.5038,70,12.5038,1,1,7
3,100,1000,4,914,1.97002,-141.718,57,24.2917,57,24.2917,1,1,5
3,100,1000,4,915,26.5992,116.007,24,10.4622,24,10.4622,1,1,6
3,100,1000,4,916,-25.8672,-173.461,76,19.2951,76,19.2951,1,1,8
3,100,1000,4,917,19.8685,101.968,8,14.9551,8,14.9551,1,1,4
3,100,1000,4,918,-72.8686,136.006,31,3.69203,31,3.69203,1,1,2
3,100,1000,4,919,12.3634,115.884,66,10.1593,66,10.1593,1,1,7
3,100,1000,4,920,-68.3853,-151.841,48,13.6918,48,13.6918,1,1,5
3,100,1000,4,921,41.164,108.34,96,18.0051,96,18.0051,1,1,4
3,100,1000,4,922,-38.8092,-72.1105,11,16.515,11,16.515,1,1,6
3,100,1000,4,923,-80.1132,-9.74066,5,6.69293,5,6.69293,1,1,2
3,100,1000,4,924,11.4556,69.626,86,17.5391,86,17.5391,1,1,5
3,100,1000,4,925,52.2726,-134.395,91,18.1324,91,18.1324,1,1,4
3,100,1000,4,926,62.1922,164.246,17,4.39441,17,4.39441,1,1,5
3,100,1000,4,927,-0.467148,-85.6738,73,2.86917,73,2.86917,1,1,8
3,100,1000,4,928,0.994873,-54.7495,75,12.2542,75,12.2542,1,1,7
3,100,1000,4,929,-69.342,-174.07,48,8.23248,48,8.23248,1,1,6
3,100,1000,4,930,-8.23392,94.5143,39,18.9537,39,18.9537,1,1,4
3,100,1000,4,931,60.9683,111.798,19,11.0162,19,11.0162,1,1,5
3,100,1000,4,932,50.5266,-18.3264,52,14.6407,52,14.6407,1,1,5
3,100,1000,4,933,16.8831,135.316,22,4.82605,22,4.82605,1,1,5
3,100,1000,4,934,-31.1602,-121.507,92,5.539,92,5.539,1,1,11
3,100,1000,4,935,35.6,-19.0911,51,15.2459,51,15.2459,1,1,4
3,100,1000,4,936,-46.674,-26.4721,87,5.73934,87,5.73934,1,1,7
3,100,1000,4,937,-45.3755,9.03362,21,1.48681,21,1.48681,1,1,6
3,100,1000,4,938,40.7087,-70.9775,43,19.0289,43,19.0289,1,1,9
3,100,1000,4,939,89.6465,-75.6715,27,0.470121,27,0.470121,1,1,6
3,100,1000,4,940,89.3242,103.838,27,2.51493,27,2.51493,1,1,4
3,100,1000,4,941,-15.0332,123.033,29,2.61293,29,2.61293,1,1,3
3,100,1000,4,942,44.0419,148.999,53,3.27048,53,3.27048,1,1,8
3,100,1000,4,943,-71.3204,-89.9264,79,3.26961,79,3.26961,1,1,5
3,100,1000,4,944,-42.8751,-101.325,77,7.11195,77,7.11195,1,1,9
3,100,1000,4,945,-41.9983,77.782,6,17.17,6,17.17,1,1,3
3,100,1000,4,946,86.5946,-142.06,27,2.88086,27,2.88086,1,1,6
3,100,1000,4,947,4.78989,94.2424,8,21.2656,8,21.2656,1,1,4
3,100,1000,4,948,9.80675,-136.654,57,14.973,57,14.973,1,1,5
3,100,1000,4,949,24.7792,137.293,24,12.5867,24,12.5867,1,1,7
3,100,1000,4,950,-39.0806,-59.2417,11,11.4684,11,11.4684,1,1,5
3,100,1000,4,951,-30.899,8.4908,21,15.6553,21,15.6553,1,1,6
3,100,1000,4,952,47.1431,27.4509,62,4.5936,62,4.5936,1,1,4
3,100,1000,4,953,-81.2378,-4.29639,5,5.60186,5,5.60186,1,1,2
3,100,1000,4,954,68.2367,-163.183,91,5.28694,91,5.28694,1,1,5
3,100,1000,4,955,50.016,135.122,70,7.07743,70,7.07743,1,1,7
3,100,1000,4,956,60.3277,-110.034,33,11.2511,33,11.2511,1,1,6
3,100,1000,4,957,39.0774,28.7392,1,5.16848,1,5.16848,1,1,2
3,100,1000,4,958,-70.5175,115.514,38,3.20996,38,3.20996,1,1,4
3,100,1000,4,959,59.4064,-46.7853,67,6.8275,67,6.8275,1,1,8
3,100,1000,4,960,-82.9055,-145.184,18,3.58528,18,3.58528,1,1,4
3,100,1000,4,961,-74.5017,-172.622,48,13.3192,48,13.3192,1,1,5
3,100,1000,4,962,-53.622,40.5764,98,7.78745,98,7.78745,1,1,8
3,100,1000,4,963,50.8103,92.3696,88,15.5405,88,15.5405,1,1,5
3,100,1000,4,964,41.9612,-28.821,94,10.3118,94,10.3118,1,1,4
3,100,1000,4,965,24.8313,-174.239,81,7.41872,81,7.41872,1,1,5
3,100,1000,4,966,45.9687,167.865,53,10.7335,53,10.7335,1,1,8
3,100,1000,4,967,7.12604,6.22365,51,21.5797,51,21.5797,1,1,4
3,100,1000,4,968,7.65777,31.7765,78,16.0799,78,16.0799,1,1,4
3,100,1000,4,969,-89.0364,-28.211,5,2.32428,5,2.32428,1,1,2
3,100,1000,4,970,24.2969,101.959,96,13.0378,96,13.0378,1,1,5
3,100,1000,4,971,-36.5446,-10.7507,58,13.5001,58,13.5001,1,1,7
3,100,1000,4,972,85.9625,-174.934,27,3.954,27,3.954,1,1,6
3,100,1000,4,973,-81.0057,-149.11,18,5.32094,18,5.32094,1,1,4
3,100,1000,4,974,60.2898,136.801,70,7.15789,70,7.15789,1,1,6
3,100,1000,4,975,-7.9477,134.769,29,12.5932,29,12.5932,1,1,5
3,100,1000,4,976,85.8088,15.1012,35,4.40054,35,4.40054,1,1,5
3,100,1000,4,977,71.0734,-115.626,72,3.4242,72,3.4242,1,1,6
3,100,1000,4,978,-62.1612,63.7674,14,5.61927,14,5.61927,1,1,4
3,100,1000,4,979,78.3716,139.6,19,14.0936,19,14.0936,1,1,5
3,100,1000,4,980,-72.5268,26.4058,84,10.3504,84,10.3504,1,1,4
3,100,1000,4,981,72.6807,126.884,19,9.76223,19,9.76223,1,1,5
3,100,1000,4,982,7.13523,-20.3866,51,20.4298,51,20.4298,1,1,4
3,100,1000,4,983,-23.4463,-150.414,76,20.4918,76,20.4918,1,1,9
3,100,1000,4,984,-84.305,-44.9653,5,3.67665,5,3.67665,1,1,2
3,100,1000,4,985,0.687492,59.9838,86,7.56046,86,7.56046,1,1,5
3,100,1000,4,986,-61.503,108.286,34,6.16253,34,6.16253,1,1,3
3,100,1000,4,987,-65.3835,-131.081,45,8.84751,45,8.84751,1,1,4
3,100,1000,4,988,56.6758,-112.778,33,15.176,33,15.176,1,1,6
3,100,1000,4,989,-50.0955,53.9312,98,3.93099,98,3.93099,1,1,6
3,100,1000,4,990,-77.9885,63.9136,84,5.27672,84,5.27672,1,1,4
3,100,1000,4,991,4.34985,-164.359,76,12.7612,76,12.7612,1,1,5
3,100,1000,4,992,-50.4926,-29.1535,87,2.74686,87,2.74686,1,1,7
3,100,1000,4,993,-49.9929,-45.3075,65,6.04671,65,6.04671,1,1,5
3,100,1000,4,994,-72.693,-123.243,45,5.60301,45,5.60301,1,1,4
3,100,1000,4,995,-42.8537,-110.44,77,4.42278,77,4.42278,1,1,8
3,100,1000,4,996,41.5816,-120.346,36,19.4523,36,19.4523,1,1,5
3,100,1000,4,997,-81.7779,-82.5663,26,2.47099,26,2.47099,1,1,4
3,100,1000,4,998,19.6337,-30.4483,7,8.4784,7,8.4784,1,1,3
3,100,1000,4,999,-26.4901,50.6572,6,10.1709,6,10.1709,1,1,4
4,100,1000,4,0,-31.414,-131.684,41,17.8059,41,17.8059,1,1,10
4,100,1000,4,1,38.2863,-116.849,7,9.17486,7,9.17486,1,1,4
4,100,1000,4,2,73.6967,-11.8643,71,2.80861,71,2.80861,1,1,7
4,100,1000,4,3,16.5858,-91.9174,95,16.1004,95,16.1004,1,1,4
4,100,1000,4,4,-24.4802,-171.466,22,28.4075,22,28.4075,1,1,8
4,100,1000,4,5,-12.1352,-154.642,39,13.2188,39,13.2188,1,1,9
4,100,1000,4,6,-35.0121,33.5298,15,9.79393,15,9.79393,1,1,7
4,100,1000,4,7,-42.3587,-82.7687,23,24.1865,23,24.1865,1,1,6
4,100,1000,4,8,-72.1938,-82.6011,23,7.02806,23,7.02806,1,1,6
4,100,1000,4,9,34.0711,22.5678,96,18.4552,96,18.4552,1,1,5
4,100,1000,4,10,-45.5993,-106.015,91,15.6889,91,15.6889,1,1,9
4,100,1000,4,11,59.6451,-174.44,52,23.507,52,23.507,1,1,7
4,100,1000,4,12,40.5275,42.2309,57,25.7145,57,25.7145,1,1,5
4,100,1000,4,13,60.9212,-37.5276,34,1.74563,34,1.74563,1,1,4
4,100,1000,4,14,-6.40833,-136.092,25,13.6473,25,13.6473,1,1,7
4,100,1000,4,15,56.4315,104.355,80,1.64783,80,1.64783,1,1,3
4,100,1000,4,16,-43.8882,9.43558,16,17.1553,16,17.1553,1,1,7
4,100,1000,4,17,83.7532,-120.383,79,2.64931,79,2.64931,1,1,6
4,100,1000,4,18,88.7857,20.6779,6,2.02864,6,2.02864,1,1,2
4,100,1000,4,19,-16.1502,-51.3891,69,11.4917,69,11.4917,1,1,7
4,100,1000,4,20,14.6061,123.429,64,11.1175,64,11.1175,1,1,3
4,100,1000,4,21,-13.0158,139.188,53,6.01184,53,6.01184,1,1,4
4,100,1000,4,22,-11.5205,69.251,76,9.92882,76,9.92882,1,1,6
4,100,1000,4,23,-61.7903,12.5714,67,2.21787,67,2.21787,1,1,6
4,100,1000,4,24,83.325,124.561,36,4.80659,36,4.80659,1,1,3
4,100,1000,4,25,-72.4304,-104.549,82,9.26422,82,9.26422,1,1,7
4,100,1000,4,26,-80.727,154.429,8,3.35152,8,3.35152,1,1,5
4,100,1000,4,27,-49.4942,99.601,62,17.8365,62,17.8365,1,1,5
4,100,1000,4,28,8.33014,-157.146,39,9.99784,39,9.99784,1,1,6
4,100,1000,4,29,-58.9633,-176.156,29,3.18346,29,3.18346,1,1,7
4,100,1000,4,30,-56.619,174.936,8,21.852,8,21.852,1,1,3
4,100,1000,4,31,54.0995,-21.0144,14,7.41871,14,7.41871,1,1,3
4,100,1000,4,32,2.18598,95.7054,26,17.822,26,17.822,1,1,3
4,100,1000,4,33,19.3013,1.94325,72,20.2891,72,20.2891,1,1,3
4,100,1000,4,34,-31.8084,-173.698,22,23.1879,22,23.1879,1,1,7
4,100,1000,4,35,65.2771,145.596,65,7.24947,65,7.24947,1,1,3
4,100,1000,4,36,64.8656,-75.4775,85,1.8866,85,1.8866,1,1,12
4,100,1000,4,37,52.3918,-73.3099,42,10.5356,42,10.5356,1,1,6
4,100,1000,4,38,86.8867,161.203,54,0.227966,54,0.227966,1,1,4
4,100,1000,4,39,59.6308,160.423,75,5.77938,75,5.77938,1,1,5
4,100,1000,4,40,52.8822,154.401,65,6.90436,65,6.90436,1,1,3
4,100,1000,4,41,-62.0627,124.31,10,6.23393,10,6.23393,1,1,5
4,100,1000,4,42,64.415,-43.1137,61,4.72627,61,4.72627,1,1,6
4,100,1000,4,43,21.9557,-34.5097,30,7.4224,30,7.4224,1,1,3
4,100,1000,4,44,-10.1298,105.985,44,15.3016,44,15.3016,1,1,5
4,100,1000,4,45,-15.333,46.5023,19,8.92916,19,8.92916,1,1,8
4,100,1000,4,46,50.4606,-102.467,7,7.66475,7,7.66475,1,1,4
4,100,1000,4,47,-77.2561,-74.7069,82,10.3792,82,10.3792,1,1,7
4,100,1000,4,48,86.6191,64.0904,6,0.795328,6,0.795328,1,1,2
4,100,1000,4,49,53.6182,-70.3784,85,9.67635,85,9.67635,1,1,7
4,100,1000,4,50,35.1962,57.7905,57,12.9228,57,12.9228,1,1,6
4,100,1000,4,51,-52.3915,20.1237,67,11.2859,67,11.2859,1,1,7
4,100,1000,4,52,81.1565,-179.999,79,5.5496,79,5.5496,1,1,6
4,100,1000,4,53,63.4069,156.087,75,6.3479,75,6.3479,1,1,5
4,100,1000,4,54,80.6018,66.0753,20,5.94623,20,5.94623,1,1,3
4,100,1000,4,55,68.255,86.9679,86,7.26011,86,7.26011,1,1,5
4,100,1000,4,56,20.238,-167.615,39,25.6828,39,25.6828,1,1,6
4,100,1000,4,57,15.6391,-10.6939,2,15.4211,2,15.4211,1,1,2
4,100,1000,4,58,-15.3645,-104.81,89,7.9317,89,7.9317,1,1,8
4,100,1000,4,59,67.3982,129.011,48,7.40475,48,7.40475,1,1,2
4,100,1000,4,60,-89.4128,-75.8697,12,0.637521,12,0.637521,1,1,4
4,100,1000,4,61,-2.24321,102.096,26,15.2022,26,15.2022,1,1,3
4,100,1000,4,62,0.831627,21.0015,72,11.2055,72,11.2055,1,1,7
4,100,1000,4,63,-76.3056,-5.09846,3,1.97493,3,1.97493,1,1,3
4,100,1000,4,64,-47.4541,134.625,50,5.41759,50,5.41759,1,1,4
4,100,1000,4,65,52.2616,155.484,65,7.80411,65,7.80411,1,1,3
4,100,1000,4,66,6.2078,179.74,17,5.09242,17,5.09242,1,1,3
4,100,1000,4,67,-2.19598,-5.27136,72,30.3231,72,30.3231,1,1,4
4,100,1000,4,68,89.8704,-57.5781,32,2.38665,32,2.38665,1,1,4
4,100,1000,4,69,-14.5924,160.944,78,7.48656,78,7.48656,1,1,4
4,100,1000,4,70,-85.7514,-72.6749,12,3.70579,12,3.70579,1,1,5
4,100,1000,4,71,33.9561,48.9732,57,17.6482,57,17.6482,1,1,6
4,100,1000,4,72,-30.1451,-80.8095,58,21.5877,58,21.5877,1,1,8
4,100,1000,4,73,-70.8604,88.9807,5,6.88682,5,6.88682,1,1,4
4,100,1000,4,74,-2.80997,173.076,94,4.0697,94,4.0697,1,1,5
4,100,1000,4,75,18.9959,-4.44551,2,17.1338,2,17.1338,1,1,2
4,100,1000,4,76,-41.397,-146.495,41,5.64194,41,5.64194,1,1,7
4,100,1000,4,77,-41.175,98.8693,62,9.5032,62,9.5032,1,1,8
4,100,1000,4,78,27.2535,-54.9612,4,13.8126,4,13.8126,1,1,3
4,100,1000,4,79,-43.1146,139.599,50,5.93287,50,5.93287,1,1,4
4,100,1000,4,80,-50.1681,-161.706,22,6.0753,22,6.0753,1,1,6
4,100,1000,4,81,57.5416,92.0795,86,6.45972,86,6.45972,1,1,4
4,100,1000,4,82,-80.983,-69.3087,12,8.58415,12,8.58415,1,1,5
4,100,1000,4,83,-46.5959,-162.225,22,6.71202,22,6.71202,1,1,7
4,100,1000,4,84,26.5566,57.6233,57,7.83118,57,7.83118,1,1,4
4,100,1000,4,85,89.3596,61.6103,6,2.26537,6,2.26537,1,1,2
4,100,1000,4,86,82.4742,66.6315,6,4.80708,6,4.80708,1,1,2
4,100,1000,4,87,-34.7083,-75.3419,58,25.3668,58,25.3668,1,1,7
4,100,1000,4,88,82.911,-31.1373,92,3.95885,92,3.95885,1,1,6
4,100,1000,4,89,-83.1806,-19.7979,83,4.27479,83,4.27479,1,1,6
4,100,1000,4,90,-19.0308,51.6307,19,12.3493,19,12.3493,1,1,8
4,100,1000,4,91,77.8783,59.1444,20,5.99179,20,5.99179,1,1,3
4,100,1000,4,92,42.5681,-106.593,7,0.821047,7,0.821047,1,1,4
4,100,1000,4,93,-10.9932,-40.3569,69,3.98442,69,3.98442,1,1,4
4,100,1000,4,94,9.2227,71.7844,76,12.8806,76,12.8806,1,1,6
4,100,1000,4,95,-40.379,98.1093,62,8.6739,62,8.6739,1,1,8
4,100,1000,4,96,45.0391,-145.675,52,18.2171,52,18.2171,1,1,5
4,100,1000,4,97,5.09438,108.112,26,5.72245,26,5.72245,1,1,3
4,100,1000,4,98,-17.4918,96.9969,62,14.2368,62,14.2368,1,1,6
4,100,1000,4,99,62.9436,-161.87,52,16.6319,52,16.6319,1,1,8
4,100,1000,4,100,-12.6899,124.607,44,9.98191,44,9.98191,1,1,4
4,100,1000,4,101,39.8699,-40.4314,87,9.68036,87,9.68036,1,1,4
4,100,1000,4,102,5.61903,-169.677,39,19.4611,39,19.4611,1,1,6
4,100,1000,4,103,32.1133,-2.93996,84,12.9432,84,12.9432,1,1,3
4,100,1000,4,104,-10.4069,77.8654,76,14.5223,76,14.5223,1,1,7
4,100,1000,4,105,78.631,121.125,36,9.60649,36,9.60649,1,1,4
4,100,1000,4,106,-25.2519,133.019,11,5.77013,11,5.77013,1,1,3
4,100,1000,4,107,0.134445,-145.368,39,5.51047,39,5.51047,1,1,7
4,100,1000,4,108,-76.7874,158.283,8,2.34399,8,2.34399,1,1,5
4,100,1000,4,109,-2.8623,44.8707,19,6.04567,19,6.04567,1,1,7
4,100,1000,4,110,25.0335,93.5174,35,5.29563,35,5.29563,1,1,3
4,100,1000,4,111,-18.51,-39.8548,69,3.6271,69,3.6271,1,1,5
4,100,1000,4,112,63.9213,153.169,65,6.76478,65,6.76478,1,1,4
4,100,1000,4,113,-55.8712,-87.141,23,12.0303,23,12.0303,1,1,6
4,100,1000,4,114,35.0828,-165.855,52,35.5663,52,35.5663,1,1,7
4,100,1000,4,115,-34.5057,-135.214,41,13.6923,41,13.6923,1,1,9
4,100,1000,4,116,69.3757,-169.272,79,16.2078,79,16.2078,1,1,9
4,100,1000,4,117,2.17719,-30.0106,70,17.3895,70,17.3895,1,1,4
4,100,1000,4,118,-79.4741,-111.419,82,2.62083,82,2.62083,1,1,6
4,100,1000,4,119,73.5247,0.237961,71,4.81592,71,4.81592,1,1,6
4,100,1000,4,120,73.2233,124.312,74,10.8439,74,10.8439,1,1,5
4,100,1000,4,121,-29.3188,-84.0574,51,20.2647,51,20.2647,1,1,7
4,100,1000,4,122,38.6651,121.631,98,8.412,98,8.412,1,1,3
4,100,1000,4,123,-24.7125,103.755,77,8.1919,77,8.1919,1,1,8
4,100,1000,4,124,49.9569,124.85,0,3.22597,0,3.22597,1,1,1
4,100,1000,4,125,-15.687,-30.0192,69,9.21161,69,9.21161,1,1,4
4,100,1000,4,126,19.1839,111.606,26,10.0673,26,10.0673,1,1,2
4,100,1000,4,127,55.063,-13.7897,14,3.28627,14,3.28627,1,1,3
4,100,1000,4,128,42.3874,178.384,43,14.5294,43,14.5294,1,1,4
4,100,1000,4,129,39.5346,-25.0596,87,7.21905,87,7.21905,1,1,3
4,100,1000,4,130,-83.7358,-169.942,82,7.0955,82,7.0955,1,1,6
4,100,1000,4,131,9.86308,151.28,40,14.1368,40,14.1368,1,1,6
4,100,1000,4,132,-79.6068,-155.919,82,5.33348,82,5.33348,1,1,6
4,100,1000,4,133,-29.3655,-138.162,41,17.7889,41,17.7889,1,1,9
4,100,1000,4,134,-43.6692,-91.6816,91,20.7332,91,20.7332,1,1,8
4,100,1000,4,135,21.0381,-120.892,63,2.02502,63,2.02502,1,1,6
4,100,1000,4,136,-73.685,163.439,8,4.6314,8,4.6314,1,1,4
4,100,1000,4,137,-12.4746,109.96,44,10.8738,44,10.8738,1,1,4
4,100,1000,4,138,52.535,105.626,80,2.35388,80,2.35388,1,1,3
4,100,1000,4,139,16.8577,24.9838,72,5.83643,72,5.83643,1,1,4
4,100,1000,4,140,25.238,-177.658,39,35.9494,39,35.9494,1,1,6
4,100,1000,4,141,87.4823,-91.1563,32,0.904418,32,0.904418,1,1,5
4,100,1000,4,142,56.9738,105.091,80,2.09564,80,2.09564,1,1,3
4,100,1000,4,143,37.527,18.7223,96,13.8024,96,13.8024,1,1,6
4,100,1000,4,144,51.737,-25.8767,87,6.54088,87,6.54088,1,1,5
4,100,1000,4,145,86.8313,116.002,54,2.47942,54,2.47942,1,1,3
4,100,1000,4,146,-7.90944,13.3888,72,21.5577,72,21.5577,1,1,6
4,100,1000,4,147,43.641,4.96747,96,4.95845,96,4.95845,1,1,5
4,100,1000,4,148,18.7347,-151.449,39,18.2062,39,18.2062,1,1,6
4,100,1000,4,149,23.4028,130.131,64,5.26287,64,5.26287,1,1,4
4,100,1000,4,150,-31.5653,-91.1182,51,20.7025,51,20.7025,1,1,9
4,100,1000,4,151,-85.3805,-30.5007,93,3.56201,93,3.56201,1,1,5
4,100,1000,4,152,-53.8398,-15.7103,99,17.6934,99,17.6934,1,1,6
4,100,1000,4,153,-50.2703,177.39,1,19.4692,1,19.4692,1,1,2
4,100,1000,4,154,-45.0423,113.175,50,13.5185,50,13.5185,1,1,6
4,100,1000,4,155,11.1871,140.391,64,20.6166,64,20.6166,1,1,7
4,100,1000,4,156,57.7582,17.3388,96,11.2262,96,11.2262,1,1,5
4,100,1000,4,157,-65.3824,49.464,13,4.17002,13,4.17002,1,1,5
4,100,1000,4,158,-28.7853,124.289,11,3.3846,11,3.3846,1,1,3
4,100,1000,4,159,-55.9068,-134.097,28,4.33114,28,4.33114,1,1,7
4,100,1000,4,160,-40.7938,-118.151,28,14.4232,28,14.4232,1,1,7
4,100,1000,4,161,80.9529,82.5936,6,6.8998,6,6.8998,1,1,2
4,100,1000,4,162,37.6189,69.1878,57,13.5135,57,13.5135,1,1,3
4,100,1000,4,163,-46.2195,-67.2929,23,20.0358,23,20.0358,1,1,5
4,100,1000,4,164,48.8694,134.367,0,5.10909,0,5.10909,1,1,1
4,100,1000,4,165,-58.581,-145.392,28,10.3709,28,10.3709,1,1,7
4,100,1000,4,166,-68.3757,-107.923,91,7.33356,91,7.33356,1,1,8
4,100,1000,4,167,2.05378,-64.431,58,15.3006,58,15.3006,1,1,4
4,100,1000,4,168,28.1834,83.567,35,14.7139,35,14.7139,1,1,3
4,100,1000,4,169,-33.5203,146.282,88,4.81861,88,4.81861,1,1,4
4,100,1000,4,170,8.37093,135.334,53,17.6412,53,17.6412,1,1,4
4,100,1000,4,171,53.3368,-47.7417,61,6.6116,61,6.6116,1,1,5
4,100,1000,4,172,-13.6638,155.909,78,10.3743,78,10.3743,1,1,4
4,100,1000,4,173,-89.1388,95.1018,18,0.842423,18,0.842423,1,1,6
4,100,1000,4,174,50.099,-110.091,7,7.09593,7,7.09593,1,1,4
4,100,1000,4,175,70.5026,-161.389,79,14.5701,79,14.5701,1,1,9
4,100,1000,4,176,-24.1212,122.911,11,3.98475,11,3.98475,1,1,3
4,100,1000,4,177,50.602,-153.005,52,16.9728,52,16.9728,1,1,5
4,100,1000,4,178,6.04948,-171.235,39,21.0714,39,21.0714,1,1,6
4,100,1000,4,179,-20.1488,-70.1622,58,11.6399,58,11.6399,1,1,6
4,100,1000,4,180,71.5659,22.5404,20,8.95778,20,8.95778,1,1,4
4,100,1000,4,181,-17.777,-173.62,39,29.0109,39,29.0109,1,1,8
4,100,1000,4,182,47.3087,148.554,65,10.8135,65,10.8135,1,1,2
4,100,1000,4,183,-29.0253,-29.0159,99,9.95405,99,9.95405,1,1,7
4,100,1000,4,184,26.0603,54.9088,57,10.1354,57,10.1354,1,1,5
4,100,1000,4,185,-31.3669,-111.138,89,19.0817,89,19.0817,1,1,10
4,100,1000,4,186,5.12119,-136.06,39,15.4796,39,15.4796,1,1,6
4,100,1000,4,187,10.5603,162.915,40,3.02391,40,3.02391,1,1,4
4,100,1000,4,188,-80.0756,22.843,83,6.81766,83,6.81766,1,1,6
4,100,1000,4,189,39.0083,120.047,59,8.98957,59,8.98957,1,1,2
4,100,1000,4,190,46.3758,39.0219,96,21.7289,96,21.7289,1,1,6
4,100,1000,4,191,69.3287,-135.491,56,9.38452,56,9.38452,1,1,9
4,100,1000,4,192,-9.0335,59.8615,76,9.0465,76,9.0465,1,1,7
4,100,1000,4,193,-54.2477,174.032,1,21.4914,1,21.4914,1,1,2
4,100,1000,4,194,34.3133,31.2071,96,22.939,96,22.939,1,1,6
4,100,1000,4,195,-38.0651,31.7585,15,7.77683,15,7.77683,1,1,7
4,100,1000,4,196,-63.1262,68.3158,5,5.02757,5,5.02757,1,1,4
4,100,1000,4,197,19.0694,148.365,31,11.1988,31,11.1988,1,1,3
4,100,1000,4,198,18.4347,160.088,31,5.77429,31,5.77429,1,1,3
4,100,1000,4,199,-30.3255,-91.0102,51,19.4794,51,19.4794,1,1,10
4,100,1000,4,200,17.4985,56.6153,57,11.121,57,11.121,1,1,6
4,100,1000,4,201,-11.0739,-134.761,25,12.6355,25,12.6355,1,1,7
4,100,1000,4,202,50.2776,178.973,75,13.6513,75,13.6513,1,1,6
4,100,1000,4,203,-75.9229,120.404,38,6.54823,38,6.54823,1,1,7
4,100,1000,4,204,10.9079,106.171,26,6.19499,26,6.19499,1,1,3
4,100,1000,4,205,30.2255,-65.4324,4,7.6824,4,7.6824,1,1,3
4,100,1000,4,206,-17.4036,19.1083,16,13.1827,16,13.1827,1,1,5
4,100,1000,4,207,-10.4616,127.126,53,7.28373,53,7.28373,1,1,5
4,100,1000,4,208,-50.5151,50.5815,49,6.10079,49,6.10079,1,1,8
4,100,1000,4,209,60.5788,147.596,65,2.62878,65,2.62878,1,1,3
4,100,1000,4,210,-49.1057,-134.973,28,3.48026,28,3.48026,1,1,7
4,100,1000,4,211,-0.322586,-44.4639,70,9.1012,70,9.1012,1,1,6
4,100,1000,4,212,56.6716,-142.506,52,8.26339,52,8.26339,1,1,5
4,100,1000,4,213,-38.0495,-29.7875,99,0.928217,99,0.928217,1,1,6
4,100,1000,4,214,-81.209,43.25,24,4.84449,24,4.84449,1,1,6
4,100,1000,4,215,29.6012,52.5789,57,13.0112,57,13.0112,1,1,5
4,100,1000,4,216,-40.0674,-142.945,41,6.58345,41,6.58345,1,1,7
4,100,1000,4,217,48.9091,-159.579,52,21.3913,52,21.3913,1,1,5
4,100,1000,4,218,-71.9863,125.973,10,3.96283,10,3.96283,1,1,6
4,100,1000,4,219,70.4123,57.8433,20,12.1242,20,12.1242,1,1,3
4,100,1000,4,220,26.0717,21.2755,72,14.0545,72,14.0545,1,1,3
4,100,1000,4,221,86.2054,-162.664,79,2.10036,79,2.10036,1,1,6
4,100,1000,4,222,-69.8081,-28.5123,3,7.50233,3,7.50233,1,1,4
4,100,1000,4,223,72.2309,-60.6465,85,10.3897,85,10.3897,1,1,9
4,100,1000,4,224,-78.9654,85.6195,24,4.27609,24,4.27609,1,1,6
4,100,1000,4,225,-46.525,-76.1421,23,19.4688,23,19.4688,1,1,5
4,100,1000,4,226,65.3235,86.3047,86,6.03738,86,6.03738,1,1,6
4,100,1000,4,227,29.697,63.9901,57,5.58787,57,5.58787,1,1,4
4,100,1000,4,228,61.8992,163.295,75,3.36877,75,3.36877,1,1,5
4,100,1000,4,229,-72.8987,141.38,10,7.89839,10,7.89839,1,1,5
4,100,1000,4,230,13.2725,93.4049,35,11.688,35,11.688,1,1,4
4,100,1000,4,231,6.9796,126.41,26,14.2358,26,14.2358,1,1,3
4,100,1000,4,232,65.2297,-68.2225,85,3.22032,85,3.22032,1,1,10
4,100,1000,4,233,73.4154,166.487,33,5.10853,33,5.10853,1,1,3
4,100,1000,4,234,-61.125,107.655,10,9.45282,10,9.45282,1,1,4
4,100,1000,4,235,22.1651,109.893,35,10.0312,35,10.0312,1,1,3
4,100,1000,4,236,-25.5345,36.741,68,8.88625,68,8.88625,1,1,9
4,100,1000,4,237,63.6147,-10.6853,14,6.8357,14,6.8357,1,1,4
4,100,1000,4,238,-85.8857,91.6912,24,3.28926,24,3.28926,1,1,8
4,100,1000,4,239,54.3341,-149.702,52,13.0146,52,13.0146,1,1,5
4,100,1000,4,240,-1.34464,-164.382,39,13.6485,39,13.6485,1,1,8
4,100,1000,4,241,-22.9221,-52.0423,69,14.2987,69,14.2987,1,1,9
4,100,1000,4,242,50.9614,-166.45,52,23.5994,52,23.5994,1,1,5
4,100,1000,4,243,-84.0261,45.7212,24,3.59322,24,3.59322,1,1,6
4,100,1000,4,244,88.4224,-133.85,32,0.984175,32,0.984175,1,1,5
4,100,1000,4,245,3.55077,23.3898,72,8.65131,72,8.65131,1,1,6
4,100,1000,4,246,69.7777,-158.939,79,15.1792,79,15.1792,1,1,10
4,100,1000,4,247,-15.0999,90.0148,62,18.0945,62,18.0945,1,1,7
4,100,1000,4,248,-23.5809,-63.369,58,17.8784,58,17.8784,1,1,8
4,100,1000,4,249,38.2508,10.5883,96,10.4471,96,10.4471,1,1,5
4,100,1000,4,250,-67.8568,-59.1683,23,5.98026,23,5.98026,1,1,5
4,100,1000,4,251,-29.7592,-6.7827,99,20.9724,99,20.9724,1,1,7
4,100,1000,4,252,78.7863,-112.289,47,3.61335,47,3.61335,1,1,6
4,100,1000,4,253,81.266,165.801,33,4.22086,33,4.22086,1,1,3
4,100,1000,4,254,79.7011,91.2002,6,8.63078,6,8.63078,1,1,2
4,100,1000,4,255,-81.9504,-23.287,83,3.3156,83,3.3156,1,1,6
4,100,1000,4,256,53.4092,-29.745,34,7.55188,34,7.55188,1,1,4
4,100,1000,4,257,52.3353,28.7412,96,14.3807,96,14.3807,1,1,5
4,100,1000,4,258,-8.09762,116.618,44,12.243,44,12.243,1,1,5
4,100,1000,4,259,-52.7688,-19.3504,99,15.5407,99,15.5407,1,1,6
4,100,1000,4,260,81.3844,81.5639,6,6.41757,6,6.41757,1,1,2
4,100,1000,4,261,-87.9803,122.324,45,2.01758,45,2.01758,1,1,8
4,100,1000,4,262,51.3123,-26.1605,87,6.08127,87,6.08127,1,1,5
4,100,1000,4,263,16.1695,-124.537,9,3.38532,9,3.38532,1,1,5
4,100,1000,4,264,45.2353,-71.1594,90,9.80931,90,9.80931,1,1,5
4,100,1000,4,265,33.0256,134.757,98,8.64308,98,8.64308,1,1,4
4,100,1000,4,266,24.8362,-173.467,39,32.8131,39,32.8131,1,1,6
4,100,1000,4,267,-26.0129,27.245,16,5.97676,16,5.97676,1,1,8
4,100,1000,4,268,-52.878,-69.4938,23,13.2316,23,13.2316,1,1,5
4,100,1000,4,269,6.52316,-126.354,9,8.64804,9,8.64804,1,1,5
4,100,1000,4,270,-79.1468,29.1456,83,8.22289,83,8.22289,1,1,5
4,100,1000,4,271,15.1796,128.525,64,10.9982,64,10.9982,1,1,4
4,100,1000,4,272,89.7003,-44.9701,32,2.43801,32,2.43801,1,1,4
4,100,1000,4,273,-11.367,-16.7947,69,22.4238,69,22.4238,1,1,4
4,100,1000,4,274,-54.1758,51.7283,49,7.79941,49,7.79941,1,1,8
4,100,1000,4,275,71.9274,-125.583,56,5.11451,56,5.11451,1,1,8
4,100,1000,4,276,-23.3539,147.894,88,7.72361,88,7.72361,1,1,4
4,100,1000,4,277,88.3707,-124.083,32,0.733505,32,0.733505,1,1,5
4,100,1000,4,278,-29.1331,29.0803,16,5.87092,16,5.87092,1,1,8
4,100,1000,4,279,-34.31,-147.796,41,12.7354,41,12.7354,1,1,8
4,100,1000,4,280,68.9604,177.431,75,6.61989,75,6.61989,1,1,3
4,100,1000,4,281,83.4806,7.59314,92,0.635893,92,0.635893,1,1,5
4,100,1000,4,282,-88.018,-65.0646,12,1.28189,12,1.28189,1,1,4
4,100,1000,4,283,-72.5809,-101.792,82,9.49072,82,9.49072,1,1,7
4,100,1000,4,284,22.7208,47.8844,57,16.6531,57,16.6531,1,1,5
4,100,1000,4,285,-24.0729,67.1481,76,21.915,76,21.915,1,1,8
4,100,1000,4,286,-51.485,162.213,1,16.8118,1,16.8118,1,1,2
4,100,1000,4,287,7.83642,-103.569,9,18.9927,9,18.9927,1,1,5
4,100,1000,4,288,-31.3784,172.939,1,10.0786,1,10.0786,1,1,2
4,100,1000,4,289,29.8179,8.89148,96,18.6153,96,18.6153,1,1,5
4,100,1000,4,290,22.3336,23.4907,72,10.468,72,10.468,1,1,4
4,100,1000,4,291,31.6543,177.959,43,4.74067,43,4.74067,1,1,4
4,100,1000,4,292,-4.30751,60.05,76,6.1298,76,6.1298,1,1,6
4,100,1000,4,293,-63.0618,113.119,10,6.39115,10,6.39115,1,1,4
4,100,1000,4,294,-45.4349,-14.7437,99,12.7713,99,12.7713,1,1,6
4,100,1000,4,295,72.6615,-132.949,56,6.79792,56,6.79792,1,1,8
4,100,1000,4,296,-8.65624,132.284,53,2.18589,53,2.18589,1,1,5
4,100,1000,4,297,27.3221,-13.3484,2,6.07937,2,6.07937,1,1,2
4,100,1000,4,298,-56.3901,89.4824,5,14.4411,5,14.4411,1,1,4
4,100,1000,4,299,32.4297,112.661,59,7.30744,59,7.30744,1,1,3
4,100,1000,4,300,-21.3166,-163.286,39,25.0383,39,25.0383,1,1,9
4,100,1000,4,301,-0.0952759,34.3968,19,16.4478,19,16.4478,1,1,5
4,100,1000,4,302,89.4635,-164.518,32,2.12415,32,2.12415,1,1,5
4,100,1000,4,303,55.4137,-63.8299,85,9.24735,85,9.24735,1,1,7
4,100,1000,4,304,-85.7895,-9.53676,27,2.64118,27,2.64118,1,1,5
4,100,1000,4,305,62.5308,53.0882,20,19.2295,20,19.2295,1,1,3
4,100,1000,4,306,-83.023,8.37021,27,4.92262,27,4.92262,1,1,6
4,100,1000,4,307,25.5238,5.33894,72,20.4866,72,20.4866,1,1,3
4,100,1000,4,308,-55.7899,104.924,10,14.8581,10,14.8581,1,1,4
4,100,1000,4,309,-30.7711,-22.4496,99,10.0838,99,10.0838,1,1,7
4,100,1000,4,310,-44.9098,-96.2193,91,18.2108,91,18.2108,1,1,9
4,100,1000,4,311,12.3007,72.8679,57,13.7544,57,13.7544,1,1,4
4,100,1000,4,312,-71.9675,-100.754,82,10.2064,82,10.2064,1,1,7
4,100,1000,4,313,-60.2403,-76.7153,23,5.87327,23,5.87327,1,1,5
4,100,1000,4,314,84.364,124.379,54,3.94712,54,3.94712,1,1,4
4,100,1000,4,315,-72.027,-53.9052,23,9.32449,23,9.32449,1,1,5
4,100,1000,4,316,70.5462,35.7555,20,9.8799,20,9.8799,1,1,3
4,100,1000,4,317,80.2458,140.019,36,6.57247,36,6.57247,1,1,4
4,100,1000,4,318,25.6189,91.319,35,7.36645,35,7.36645,1,1,3
4,100,1000,4,319,-51.9053,59.6589,49,4.08093,49,4.08093,1,1,7
4,100,1000,4,320,-49.1089,-158.749,22,4.01257,22,4.01257,1,1,7
4,100,1000,4,321,-33.6265,-84.2638,51,24.1279,51,24.1279,1,1,8
4,100,1000,4,322,14.8106,163.795,40,5.99565,40,5.99565,1,1,4
4,100,1000,4,323,50.5376,98.0414,80,6.20705,80,6.20705,1,1,3
4,100,1000,4,324,44.3593,-140.467,52,17.1523,52,17.1523,1,1,5
4,100,1000,4,325,-52.2041,178.899,1,21.5691,1,21.5691,1,1,2
4,100,1000,4,326,-28.3432,100.193,62,3.93291,62,3.93291,1,1,7
4,100,1000,4,327,35.8834,-20.6214,2,7.55481,2,7.55481,1,1,2
4,100,1000,4,328,89.7195,131.286,54,2.75668,54,2.75668,1,1,3
4,100,1000,4,329,41.3317,168.167,43,13.9335,43,13.9335,1,1,3
4,100,1000,4,330,37.8326,118.609,59,7.99307,59,7.99307,1,1,2
4,100,1000,4,331,-32.8691,36.7576,15,11.2926,15,11.2926,1,1,7
4,100,1000,4,332,-12.8175,-85.2465,51,7.98178,51,7.98178,1,1,5
4,100,1000,4,333,-1.6115,-154.397,39,4.13578,39,4.13578,1,1,7
4,100,1000,4,334,-86.9637,72.9665,18,2.05278,18,2.05278,1,1,6
4,100,1000,4,335,42.6309,-92.1452,66,6.51835,66,6.51835,1,1,6
4,100,1000,4,336,47.1087,-161.991,52,23.8956,52,23.8956,1,1,5
4,100,1000,4,337,1.79553,-56.1613,70,11.9989,70,11.9989,1,1,5
4,100,1000,4,338,-89.0982,-75.3337,12,0.634556,12,0.634556,1,1,4
4,100,1000,4,339,-69.06,90.5222,5,7.17504,5,7.17504,1,1,4
4,100,1000,4,340,-17.9004,-62.5281,58,14.5595,58,14.5595,1,1,5
4,100,1000,4,341,44.7106,87.5128,80,15.3673,80,15.3673,1,1,3
4,100,1000,4,342,-71.1674,-18.8119,3,4.42194,3,4.42194,1,1,4
4,100,1000,4,343,-56.5543,-142.896,28,8.12707,28,8.12707,1,1,7
4,100,1000,4,344,-33.7628,149.555,21,6.05878,21,6.05878,1,1,3
4,100,1000,4,345,-77.3644,-171.86,82,9.42291,82,9.42291,1,1,8
4,100,1000,4,346,44.0821,-40.467,87,7.6166,87,7.6166,1,1,4
4,100,1000,4,347,22.4486,-117.471,63,5.49984,63,5.49984,1,1,6
4,100,1000,4,348,27.1433,-138.326,63,15.6911,63,15.6911,1,1,6
4,100,1000,4,349,-45.934,60.3591,49,2.13486,49,2.13486,1,1,7
4,100,1000,4,350,57.3203,173.394,75,5.94168,75,5.94168,1,1,4
4,100,1000,4,351,74.1069,28.8581,20,6.22787,20,6.22787,1,1,3
4,100,1000,4,352,-84.2987,-28.1951,93,4.64337,93,4.64337,1,1,5
4,100,1000,4,353,76.3484,-166.794,79,9.03714,79,9.03714,1,1,6
4,100,1000,4,354,38.2356,-165.423,52,32.6561,52,32.6561,1,1,6
4,100,1000,4,355,51.8641,-139.33,52,10.1114,52,10.1114,1,1,5
4,100,1000,4,356,-23.9756,13.1495,16,10.3693,16,10.3693,1,1,7
4,100,1000,4,357,64.0916,-10.2861,14,7.28604,14,7.28604,1,1,4
4,100,1000,4,358,87.1688,-164.925,32,2.41931,32,2.41931,1,1,5
4,100,1000,4,359,13.409,-73.188,4,10.6675,4,10.6675,1,1,3
4,100,1000,4,360,82.3147,52.0892,20,3.85228,20,3.85228,1,1,3
4,100,1000,4,361,-32.5243,72.7935,49,18.6079,49,18.6079,1,1,7
4,100,1000,4,362,-84.1889,159.849,45,3.97494,45,3.97494,1,1,7
4,100,1000,4,363,67.6613,65.9087,86,14.6138,86,14.6138,1,1,4
4,100,1000,4,364,-79.2386,-136.545,82,2.18284,82,2.18284,1,1,6
4,100,1000,4,365,-26.8661,136.164,88,6.55948,88,6.55948,1,1,4
4,100,1000,4,366,-71.5759,-85.5184,23,7.0955,23,7.0955,1,1,6
4,100,1000,4,367,-7.48919,-131.749,25,9.26435,25,9.26435,1,1,7
4,100,1000,4,368,33.1433,-42.2815,87,15.8092,87,15.8092,1,1,4
4,100,1000,4,369,-59.2716,-37.2423,23,18.0129,23,18.0129,1,1,5
4,100,1000,4,370,-13.8523,165.185,78,5.68821,78,5.68821,1,1,4
4,100,1000,4,371,1.71405,104.344,26,10.7783,26,10.7783,1,1,3
4,100,1000,4,372,-0.832748,-48.3888,70,9.67749,70,9.67749,1,1,7
4,100,1000,4,373,-42.9709,-7.32793,99,17.2938,99,17.2938,1,1,7
4,100,1000,4,374,-16.6571,120.876,44,4.62484,44,4.62484,1,1,4
4,100,1000,4,375,49.742,-48.6849,61,10.2548,61,10.2548,1,1,5
4,100,1000,4,376,-3.51734,-145.564,39,6.67111,39,6.67111,1,1,7
4,100,1000,4,377,-77.9457,4.58746,83,3.90205,83,3.90205,1,1,4
4,100,1000,4,378,-82.8579,159.431,8,4.76751,8,4.76751,1,1,5
4,100,1000,4,379,-54.7519,-144.193,28,8.08067,28,8.08067,1,1,7
4,100,1000,4,380,-78.5571,16.7638,83,6.04616,83,6.04616,1,1,4
4,100,1000,4,381,85.9853,-120.266,32,1.83606,32,1.83606,1,1,5
4,100,1000,4,382,55.6227,-23.0078,14,7.96183,14,7.96183,1,1,3
4,100,1000,4,383,-36.0076,-2.46805,16,21.6484,16,21.6484,1,1,6
4,100,1000,4,384,57.3553,-10.5584,14,1.06044,14,1.06044,1,1,3
4,100,1000,4,385,70.1449,-92.994,56,6.47388,56,6.47388,1,1,8
4,100,1000,4,386,-12.6867,-36.2822,69,3.85388,69,3.85388,1,1,4
4,100,1000,4,387,-84.3249,152.961,38,4.00751,38,4.00751,1,1,6
4,100,1000,4,388,47.6645,-74.5917,42,9.65475,42,9.65475,1,1,5
4,100,1000,4,389,-17.1834,-117.985,89,7.30287,89,7.30287,1,1,8
4,100,1000,4,390,-66.8577,-114.883,91,6.13199,91,6.13199,1,1,9
4,100,1000,4,391,6.66493,39.2498,19,16.9268,19,16.9268,1,1,5
4,100,1000,4,392,-40.2236,37.4384,15,3.92444,15,3.92444,1,1,7
4,100,1000,4,393,-68.0814,-66.163,23,3.60965,23,3.60965,1,1,5
4,100,1000,4,394,8.43478,-65.6666,4,15.6005,4,15.6005,1,1,3
4,100,1000,4,395,-15.178,39.7553,68,5.21197,68,5.21197,1,1,9
4,100,1000,4,396,65.5486,-38.3854,34,6.31596,34,6.31596,1,1,5
4,100,1000,4,397,49.7447,62.3426,86,24.2777,86,24.2777,1,1,5
4,100,1000,4,398,59.3034,-152.526,52,12.5056,52,12.5056,1,1,8
4,100,1000,4,399,-60.0627,53.3174,13,9.51166,13,9.51166,1,1,5
4,100,1000,4,400,8.45791,-159.836,39,11.9472,39,11.9472,1,1,6
4,100,1000,4,401,70.1617,171.542,75,7.14376,75,7.14376,1,1,3
4,100,1000,4,402,-8.05896,151.674,78,13.0674,78,13.0674,1,1,5
4,100,1000,4,403,72.2518,-100.789,56,3.17,56,3.17,1,1,8
4,100,1000,4,404,-51.459,-69.8631,23,14.614,23,14.614,1,1,5
4,100,1000,4,405,-19.387,-56.6335,69,16.9462,69,16.9462,1,1,6
4,100,1000,4,406,-2.37289,154.556,78,11.7973,78,11.7973,1,1,5
4,100,1000,4,407,81.3082,94.807,6,7.19391,6,7.19391,1,1,2
4,100,1000,4,408,5.99711,-153.546,39,6.08113,39,6.08113,1,1,6
4,100,1000,4,409,-75.678,-151.136,82,7.00446,82,7.00446,1,1,8
4,100,1000,4,410,-19.6065,-1.71187,16,24.3447,16,24.3447,1,1,4
4,100,1000,4,411,34.3096,-88.1158,66,4.32705,66,4.32705,1,1,6
4,100,1000,4,412,69.9514,-11.8915,71,6.5106,71,6.5106,1,1,5
4,100,1000,4,413,77.1134,78.5095,20,9.97739,20,9.97739,1,1,3
4,100,1000,4,414,7.79131,-145.899,39,8.78272,39,8.78272,1,1,6
4,100,1000,4,415,-24.0865,-147.502,41,22.774,41,22.774,1,1,9
4,100,1000,4,416,-62.8671,-87.8496,23,6.87802,23,6.87802,1,1,6
4,100,1000,4,417,-77.9795,38.1478,24,8.01389,24,8.01389,1,1,5
4,100,1000,4,418,-58.088,168.545,8,20.168,8,20.168,1,1,3
4,100,1000,4,419,58.6795,-39.094,34,0.654591,34,0.654591,1,1,4
4,100,1000,4,420,-40.6592,-101.415,91,21.1583,91,21.1583,1,1,10
4,100,1000,4,421,42.1363,93.9357,80,14.8235,80,14.8235,1,1,3
4,100,1000,4,422,-63.4297,66.8889,5,4.90716,5,4.90716,1,1,4
4,100,1000,4,423,4.37138,65.1349,76,6.60289,76,6.60289,1,1,7
4,100,1000,4,424,46.6712,37.3868,96,20.5427,96,20.5427,1,1,5
4,100,1000,4,425,46.9993,-125.871,52,12.7296,52,12.7296,1,1,5
4,100,1000,4,426,-72.1625,-17.3822,3,3.33964,3,3.33964,1,1,4
4,100,1000,4,427,-16.9931,175.578,94,11.2405,94,11.2405,1,1,4
4,100,1000,4,428,75.3631,-59.7594,47,8.33983,47,8.33983,1,1,7
4,100,1000,4,429,37.0436,-13.6912,84,8.68558,84,8.68558,1,1,3
4,100,1000,4,430,-12.829,-154.086,39,13.7452,39,13.7452,1,1,9
4,100,1000,4,431,9.40364,28.6077,72,7.35585,72,7.35585,1,1,5
4,100,1000,4,432,-30.9677,42.8482,15,13.6255,15,13.6255,1,1,7
4,100,1000,4,433,-56.6222,1.88864,67,9.73296,67,9.73296,1,1,5
4,100,1000,4,434,15.6964,-175.886,39,29.0415,39,29.0415,1,1,6
4,100,1000,4,435,71.3973,130.074,74,10.6752,74,10.6752,1,1,4
4,100,1000,4,436,-48.6504,47.0672,46,5.50817,46,5.50817,1,1,7
4,100,1000,4,437,22.005,-44.1601,70,13.55,70,13.55,1,1,4
4,100,1000,4,438,-33.022,-127.247,41,18.5095,41,18.5095,1,1,10
4,100,1000,4,439,-79.5126,-152.701,82,4.80984,82,4.80984,1,1,6
4,100,1000,4,440,45.0698,114.973,97,6.45959,97,6.45959,1,1,2
4,100,1000,4,441,-49.286,125.815,50,7.88439,50,7.88439,1,1,4
4,100,1000,4,442,-41.2044,47.4418,46,4.92338,46,4.92338,1,1,7
4,100,1000,4,443,60.6962,-111.683,52,8.13163,52,8.13163,1,1,5
4,100,1000,4,444,83.8412,15.4796,92,1.47759,92,1.47759,1,1,5
4,100,1000,4,445,27.3131,-37.9757,30,12.6309,30,12.6309,1,1,3
4,100,1000,4,446,20.6969,-106.567,63,15.3097,63,15.3097,1,1,6
4,100,1000,4,447,85.316,159.458,36,0.865521,36,0.865521,1,1,3
4,100,1000,4,448,58.1408,-122.612,52,3.1329,52,3.1329,1,1,5
4,100,1000,4,449,-9.3265,-32.3256,69,8.9827,69,8.9827,1,1,4
4,100,1000,4,450,-59.249,-55.8583,23,10.5621,23,10.5621,1,1,5
4,100,1000,4,451,-41.1256,-35.7986,99,5.20648,99,5.20648,1,1,7
4,100,1000,4,452,85.6044,141.759,36,1.9501,36,1.9501,1,1,3
4,100,1000,4,453,50.0206,-74.835,42,9.26392,42,9.26392,1,1,5
4,100,1000,4,454,-82.7442,121.016,38,0.314379,38,0.314379,1,1,8
4,100,1000,4,455,-23.7682,104.651,77,7.92507,77,7.92507,1,1,8
4,100,1000,4,456,27.9947,33.8915,72,19.7059,72,19.7059,1,1,6
4,100,1000,4,457,25.2329,153.581,31,5.13932,31,5.13932,1,1,3
4,100,1000,4,458,-49.3334,-8.14195,99,18.5666,99,18.5666,1,1,6
4,100,1000,4,459,-69.051,-110.984,91,7.96034,91,7.96034,1,1,8
4,100,1000,4,460,-86.3312,96.5242,18,3.17586,18,3.17586,1,1,7
4,100,1000,4,461,15.52,48.7314,57,18.4648,57,18.4648,1,1,7
4,100,1000,4,462,84.9788,21.672,92,2.3678,92,2.3678,1,1,3
4,100,1000,4,463,14.0949,106.239,26,7.66083,26,7.66083,1,1,2
4,100,1000,4,464,39.5298,-170.463,52,34.1529,52,34.1529,1,1,6
4,100,1000,4,465,-53.0431,140.562,50,12.1653,50,12.1653,1,1,4
4,100,1000,4,466,-23.1608,-8.33748,99,24.1218,99,24.1218,1,1,7
4,100,1000,4,467,-37.6184,-55.1127,99,20.0617,99,20.0617,1,1,7
4,100,1000,4,468,-23.2894,-155.196,39,24.2026,39,24.2026,1,1,9
4,100,1000,4,469,25.0261,-32.0672,30,7.08483,30,7.08483,1,1,3
4,100,1000,4,470,72.9102,-177.484,79,13.3216,79,13.3216,1,1,6
4,100,1000,4,471,-53.708,21.8099,67,10.2256,67,10.2256,1,1,7
4,100,1000,4,472,18.2036,123.05,64,7.62893,64,7.62893,1,1,4
4,100,1000,4,473,-2.30476,117.741,26,12.7055,26,12.7055,1,1,4
4,100,1000,4,474,-32.5461,37.2885,15,11.5791,15,11.5791,1,1,7
4,100,1000,4,475,-86.6219,-57.7546,93,2.57154,93,2.57154,1,1,5
4,100,1000,4,476,-23.0937,37.7961,68,6.90011,68,6.90011,1,1,9
4,100,1000,4,477,85.4884,-56.2297,32,3.98799,32,3.98799,1,1,4
4,100,1000,4,478,-60.2659,19.1665,67,3.55107,67,3.55107,1,1,6
4,100,1000,4,479,-64.9952,138.528,10,7.23731,10,7.23731,1,1,5
4,100,1000,4,480,14.3516,-56.0766,70,11.2226,70,11.2226,1,1,4
4,100,1000,4,481,49.5448,162.382,65,12.743,65,12.743,1,1,3
4,100,1000,4,482,57.793,-156.147,52,14.7782,52,14.7782,1,1,8
4,100,1000,4,483,-36.3655,-110.993,28,21.4011,28,21.4011,1,1,8
4,100,1000,4,484,-65.6715,157.321,8,12.9101,8,12.9101,1,1,3
4,100,1000,4,485,18.47,-165.523,39,23.0347,39,23.0347,1,1,6
4,100,1000,4,486,79.9185,109.524,36,9.35445,36,9.35445,1,1,3
4,100,1000,4,487,18.1437,16.2443,72,8.02151,72,8.02151,1,1,3
4,100,1000,4,488,26.2868,-148.322,63,24.1022,63,24.1022,1,1,7
4,100,1000,4,489,-23.0076,167.481,1,12.7652,1,12.7652,1,1,2
4,100,1000,4,490,34.4832,-39.259,87,13.3412,87,13.3412,1,1,3
4,100,1000,4,491,-35.1366,-157.221,22,13.8368,22,13.8368,1,1,7
4,100,1000,4,492,89.2685,-79.2965,32,1.72546,32,1.72546,1,1,5
4,100,1000,4,493,-16.7254,-121.995,25,8.99147,25,8.99147,1,1,7
4,100,1000,4,494,59.935,16.5589,96,12.8219,96,12.8219,1,1,5
4,100,1000,4,495,-81.7335,-31.4267,83,3.9753,83,3.9753,1,1,6
4,100,1000,4,496,70.2411,115.623,74,6.96149,74,6.96149,1,1,4
4,100,1000,4,497,-24.5225,76.0682,62,20.5041,62,20.5041,1,1,9
4,100,1000,4,498,69.7376,58.224,20,12.8243,20,12.8243,1,1,3
4,100,1000,4,499,72.5377,-171.868,79,13.2153,79,13.2153,1,1,7
4,100,1000,4,500,17.7726,2.01541,72,19.7915,72,19.7915,1,1,3
4,100,1000,4,501,-78.6952,15.3822,83,5.73423,83,5.73423,1,1,4
4,100,1000,4,502,-34.2303,58.897,46,11.4642,46,11.4642,1,1,6
4,100,1000,4,503,-74.1867,164.113,8,4.10774,8,4.10774,1,1,4
4,100,1000,4,504,45.2874,-14.3886,84,4.74993,84,4.74993,1,1,4
4,100,1000,4,505,75.7972,-20.4588,71,1.53199,71,1.53199,1,1,6
4,100,1000,4,506,63.1762,-98.6789,85,11.2285,85,11.2285,1,1,8
4,100,1000,4,507,1.16006,124.889,53,14.0918,53,14.0918,1,1,5
4,100,1000,4,508,1.01228,148.869,53,17.6945,53,17.6945,1,1,7
4,100,1000,4,509,-88.5527,-58.1054,12,0.688166,12,0.688166,1,1,4
4,100,1000,4,510,-7.28586,-160.572,39,12.4557,39,12.4557,1,1,9
4,100,1000,4,511,45.2339,-54.0894,61,15.4636,61,15.4636,1,1,5
4,100,1000,4,512,67.5251,-138.577,52,9.17638,52,9.17638,1,1,8
4,100,1000,4,513,-79.0106,94.5252,24,4.90332,24,4.90332,1,1,6
4,100,1000,4,514,49.8234,167.054,75,13.3265,75,13.3265,1,1,5
4,100,1000,4,515,51.3287,-44.808,61,8.5601,61,8.5601,1,1,5
4,100,1000,4,516,-5.4652,125.267,53,9.82898,53,9.82898,1,1,6
4,100,1000,4,517,75.2872,100.609,86,12.3097,86,12.3097,1,1,4
4,100,1000,4,518,2.08202,-177.799,39,26.9729,39,26.9729,1,1,7
4,100,1000,4,519,42.361,-85.2611,66,4.15814,66,4.15814,1,1,6
4,100,1000,4,520,-6.09391,56.3163,19,6.90492,19,6.90492,1,1,7
4,100,1000,4,521,37.14,-65.8355,90,10.1411,90,10.1411,1,1,4
4,100,1000,4,522,68.8187,-103.4,56,5.63774,56,5.63774,1,1,8
4,100,1000,4,523,-60.473,-40.338,23,15.9635,23,15.9635,1,1,5
4,100,1000,4,524,-67.2652,-118.051,91,7.0766,91,7.0766,1,1,10
4,100,1000,4,525,40.7783,30.8978,96,18.5963,96,18.5963,1,1,6
4,100,1000,4,526,-49.3119,-7.97556,99,18.6562,99,18.6562,1,1,6
4,100,1000,4,527,78.4042,-143.574,79,6.24272,79,6.24272,1,1,8
4,100,1000,4,528,16.7236,178.787,17,7.24355,17,7.24355,1,1,3
4,100,1000,4,529,65.4758,-46.9059,61,5.62815,61,5.62815,1,1,6
4,100,1000,4,530,82.9207,53.609,6,4.19119,6,4.19119,1,1,2
4,100,1000,4,531,44.1431,-25.089,87,3.8287,87,3.8287,1,1,4
4,100,1000,4,532,-0.561974,58.8604,76,7.1412,76,7.1412,1,1,6
4,100,1000,4,533,-52.24,-176.96,29,8.12332,29,8.12332,1,1,7
4,100,1000,4,534,30.5306,160.242,31,6.47367,31,6.47367,1,1,3
4,100,1000,4,535,-41.1105,-131.127,41,10.54,41,10.54,1,1,8
4,100,1000,4,536,18.2791,172.059,17,9.28049,17,9.28049,1,1,2
4,100,1000,4,537,-8.48102,-5.80434,69,33.6471,69,33.6471,1,1,4
4,100,1000,4,538,-55.6704,42.0919,15,11.8303,15,11.8303,1,1,6
4,100,1000,4,539,66.9288,-65.8713,85,5.07206,85,5.07206,1,1,11
4,100,1000,4,540,52.0202,35.4143,96,18.5049,96,18.5049,1,1,5
4,100,1000,4,541,72.5133,-174.583,79,13.4645,79,13.4645,1,1,6
4,100,1000,4,542,-76.2806,121.835,38,6.18287,38,6.18287,1,1,7
4,100,1000,4,543,-69.0785,60.886,60,1.37651,60,1.37651,1,1,5
4,100,1000,4,544,60.3111,172.795,75,3.00232,75,3.00232,1,1,4
4,100,1000,4,545,-83.0099,106.464,38,2.05258,38,2.05258,1,1,8
4,100,1000,4,546,23.2018,102.266,35,2.91794,35,2.91794,1,1,3
4,100,1000,4,547,-49.3127,-134.72,28,3.21557,28,3.21557,1,1,7
4,100,1000,4,548,-9.43665,-23.1056,69,16.9617,69,16.9617,1,1,4
4,100,1000,4,549,-65.8401,-137.812,91,13.2651,91,13.2651,1,1,8
4,100,1000,4,550,-21.4318,-33.9013,69,8.44736,69,8.44736,1,1,6
4,100,1000,4,551,-44.4693,173.695,1,13.5288,1,13.5288,1,1,2
4,100,1000,4,552,-20.9211,74.0993,76,20.4084,76,20.4084,1,1,8
4,100,1000,4,553,-6.05488,26.8169,68,13.2491,68,13.2491,1,1,6
4,100,1000,4,554,-31.9044,-58.2521,69,24.1743,69,24.1743,1,1,7
4,100,1000,4,555,70.4728,-139.768,56,9.83437,56,9.83437,1,1,9
4,100,1000,4,556,78.5811,105.972,6,10.809,6,10.809,1,1,2
4,100,1000,4,557,-67.1758,-175.399,73,2.86238,73,2.86238,1,1,8
4,100,1000,4,558,23.9036,-92.5085,66,15.4214,66,15.4214,1,1,5
4,100,1000,4,559,32.7435,-11.5708,2,8.58363,2,8.58363,1,1,2
4,100,1000,4,560,-49.857,79.4672,49,13.6322,49,13.6322,1,1,5
4,100,1000,4,561,-42.5536,126.69,50,3.58831,50,3.58831,1,1,5
4,100,1000,4,562,0.866714,-3.73273,72,27.5434,72,27.5434,1,1,4
4,100,1000,4,563,85.9846,162.86,36,0.358131,36,0.358131,1,1,3
4,100,1000,4,564,76.5809,-139.711,56,7.99331,56,7.99331,1,1,7
4,100,1000,4,565,-77.476,-69.7019,82,11.1601,82,11.1601,1,1,7
4,100,1000,4,566,3.19386,-63.8906,58,16.5178,58,16.5178,1,1,4
4,100,1000,4,567,-38.0037,144.545,88,8.4589,88,8.4589,1,1,5
4,100,1000,4,568,-84.8956,91.8829,24,2.5529,24,2.5529,1,1,8
4,100,1000,4,569,-4.31883,-53.6,70,14.8693,70,14.8693,1,1,6
4,100,1000,4,570,-73.1846,-47.692,83,9.92565,83,9.92565,1,1,5
4,100,1000,4,571,-6.6841,-169.207,39,19.6893,39,19.6893,1,1,8
4,100,1000,4,572,-60.8599,32.2803,13,8.04602,13,8.04602,1,1,5
4,100,1000,4,573,-82.303,106.087,38,2.1301,38,2.1301,1,1,8
4,100,1000,4,574,59.8859,80.8811,86,9.23716,86,9.23716,1,1,6
4,100,1000,4,575,-42.7418,-159.942,22,7.707,22,7.707,1,1,6
4,100,1000,4,576,-9.82588,9.40923,16,23.7949,16,23.7949,1,1,4
4,100,1000,4,577,73.3738,162.082,33,5.8262,33,5.8262,1,1,3
4,100,1000,4,578,-87.1618,138.717,45,1.88914,45,1.88914,1,1,8
4,100,1000,4,579,72.4709,158.838,33,7.13836,33,7.13836,1,1,3
4,100,1000,4,580,89.5029,169.99,54,2.40997,54,2.40997,1,1,4
4,100,1000,4,581,-45.4319,5.39351,67,18.9972,67,18.9972,1,1,8
4,100,1000,4,582,-36.9504,13.1289,16,10.2645,16,10.2645,1,1,7
4,100,1000,4,583,-15.0305,-63.692,58,12.1271,58,12.1271,1,1,5
4,100,1000,4,584,-37.4941,141.301,88,7.95159,88,7.95159,1,1,5
4,100,1000,4,585,31.354,-41.3574,87,16.9497,87,16.9497,1,1,4
4,100,1000,4,586,-43.1954,-130.66,28,8.66408,28,8.66408,1,1,7
4,100,1000,4,587,-15.2822,-28.1107,69,11.0359,69,11.0359,1,1,4
4,100,1000,4,588,40.8101,-15.1704,84,6.56214,84,6.56214,1,1,3
4,100,1000,4,589,-51.0117,21.392,67,12.793,67,12.793,1,1,7
4,100,1000,4,590,-57.1446,-7.50699,67,13.1517,67,13.1517,1,1,5
4,100,1000,4,591,20.7249,46.059,57,18.7404,57,18.7404,1,1,5
4,100,1000,4,592,-89.0489,8.19734,81,0.338247,81,0.338247,1,1,5
4,100,1000,4,593,14.0703,-172.421,39,25.3053,39,25.3053,1,1,6
4,100,1000,4,594,-16.5429,-6.91759,99,30.1014,99,30.1014,1,1,4
4,100,1000,4,595,83.2085,-34.0801,92,4.16623,92,4.16623,1,1,6
4,100,1000,4,596,-8.46387,-104.447,89,8.67943,89,8.67943,1,1,7
4,100,1000,4,597,75.6567,89.1715,6,12.6932,6,12.6932,1,1,2
4,100,1000,4,598,44.341,-58.7476,90,16.638,90,16.638,1,1,6
4,100,1000,4,599,-77.2602,-166.306,82,8.47221,82,8.47221,1,1,8
4,100,1000,4,600,-48.7232,88.1876,62,18.5436,62,18.5436,1,1,6
4,100,1000,4,601,-13.8318,-3.8371,16,29.3643,16,29.3643,1,1,3
4,100,1000,4,602,68.7637,121.772,74,6.74603,74,6.74603,1,1,3
4,100,1000,4,603,74.0261,39.1476,20,6.60572,20,6.60572,1,1,3
4,100,1000,4,604,-36.6992,-133.971,41,12.2565,41,12.2565,1,1,8
4,100,1000,4,605,-59.7302,-7.68764,67,11.7732,67,11.7732,1,1,5
4,100,1000,4,606,19.2609,101.989,35,5.11792,35,5.11792,1,1,3
4,100,1000,4,607,-70.8143,40.424,13,2.88945,13,2.88945,1,1,5
4,100,1000,4,608,-34.9066,66.5119,49,14.1231,49,14.1231,1,1,7
4,100,1000,4,609,24.0014,77.1009,57,10.1698,57,10.1698,1,1,5
4,100,1000,4,610,-60.2028,34.4197,13,8.27323,13,8.27323,1,1,5
4,100,1000,4,611,-68.4896,42.6666,13,0.791291,13,0.791291,1,1,5
4,100,1000,4,612,54.9865,-165.666,52,20.9147,52,20.9147,1,1,7
4,100,1000,4,613,-24.0809,18.655,16,7.01048,16,7.01048,1,1,7
4,100,1000,4,614,-22.2067,-22.6823,69,17.569,69,17.569,1,1,5
4,100,1000,4,615,16.1745,38.1403,72,16.5606,72,16.5606,1,1,5
4,100,1000,4,616,-57.2473,-175.315,29,3.50254,29,3.50254,1,1,7
4,100,1000,4,617,-72.8484,-156.967,82,10.3785,82,10.3785,1,1,10
4,100,1000,4,618,63.2287,-177.645,79,23.2343,79,23.2343,1,1,8
4,100,1000,4,619,31.0902,-126.941,63,11.3911,63,11.3911,1,1,6
4,100,1000,4,620,-65.8079,122.72,10,2.43438,10,2.43438,1,1,5
4,100,1000,4,621,22.6857,86.906,35,11.2697,35,11.2697,1,1,3
4,100,1000,4,622,22.3547,83.7426,35,14.2133,35,14.2133,1,1,4
4,100,1000,4,623,-26.335,154.896,21,3.40003,21,3.40003,1,1,3
4,100,1000,4,624,-14.8727,175.333,94,9.20029,94,9.20029,1,1,4
4,100,1000,4,625,25.9985,29.849,72,16.0012,72,16.0012,1,1,6
4,100,1000,4,626,14.8763,95.0179,35,9.56947,35,9.56947,1,1,3
4,100,1000,4,627,-53.7422,-40.2744,99,16.5071,99,16.5071,1,1,6
4,100,1000,4,628,54.6761,24.3537,96,12.4605,96,12.4605,1,1,5
4,100,1000,4,629,79.1903,-115.061,47,4.06414,47,4.06414,1,1,6
4,100,1000,4,630,-89.1643,10.7295,81,0.228981,81,0.228981,1,1,5
4,100,1000,4,631,51.5395,-112.823,7,9.13081,7,9.13081,1,1,4
4,100,1000,4,632,7.70741,137.382,53,17.2115,53,17.2115,1,1,4
4,100,1000,4,633,-44.8953,-38.1279,99,8.67773,99,8.67773,1,1,6
4,100,1000,4,634,69.8689,152.39,75,9.84876,75,9.84876,1,1,3
4,100,1000,4,635,7.46555,-171.878,39,22.0785,39,22.0785,1,1,6
4,100,1000,4,636,47.5549,-119.698,7,9.98597,7,9.98597,1,1,4
4,100,1000,4,637,47.514,-40.1807,87,7.21403,87,7.21403,1,1,5
4,100,1000,4,638,72.0226,-137.642,56,8.39639,56,8.39639,1,1,9
4,100,1000,4,639,-32.6423,-65.7003,58,24.7471,58,24.7471,1,1,7
4,100,1000,4,640,-71.1546,166.713,8,7.09071,8,7.09071,1,1,4
4,100,1000,4,641,72.0743,67.4434,20,12.1223,20,12.1223,1,1,3
4,100,1000,4,642,40.8652,-143.336,52,21.2349,52,21.2349,1,1,5
4,100,1000,4,643,-76.4155,11.0826,3,5.49934,3,5.49934,1,1,3
4,100,1000,4,644,30.509,-174.45,39,37.6135,39,37.6135,1,1,6
4,100,1000,4,645,38.0107,62.6893,57,13.9034,57,13.9034,1,1,5
4,100,1000,4,646,8.13954,-0.899582,72,22.5006,72,22.5006,1,1,3
4,100,1000,4,647,64.933,-148.306,52,10.8445,52,10.8445,1,1,8
4,100,1000,4,648,-21.7587,-139.924,25,21.9874,25,21.9874,1,1,9
4,100,1000,4,649,-3.21699,-83.7796,95,6.15873,95,6.15873,1,1,6
4,100,1000,4,650,-83.7673,-171.503,82,7.28983,82,7.28983,1,1,6
4,100,1000,4,651,-37.8288,107.575,62,10.0701,62,10.0701,1,1,8
4,100,1000,4,652,-55.6002,-160.63,29,6.2819,29,6.2819,1,1,7
4,100,1000,4,653,-56.3027,-147.155,22,8.45177,22,8.45177,1,1,6
4,100,1000,4,654,-59.1359,2.11008,67,7.85742,67,7.85742,1,1,5
4,100,1000,4,655,-16.4278,-80.5809,58,9.13734,58,9.13734,1,1,5
4,100,1000,4,656,-5.58869,-68.707,58,6.99319,58,6.99319,1,1,5
4,100,1000,4,657,83.4313,-109.447,79,3.89383,79,3.89383,1,1,6
4,100,1000,4,658,-16.0214,-165.969,39,22.3209,39,22.3209,1,1,8
4,100,1000,4,659,40.8178,-151.025,52,23.9588,52,23.9588,1,1,5
4,100,1000,4,660,-80.2095,-22.3431,83,1.90479,83,1.90479,1,1,5
4,100,1000,4,661,45.8322,35.8602,96,19.7605,96,19.7605,1,1,5
4,100,1000,4,662,78.3787,41.5305,20,2.85764,20,2.85764,1,1,3
4,100,1000,4,663,33.777,-66.76,90,10.187,90,10.187,1,1,4
4,100,1000,4,664,40.803,-118.88,7,9.3536,7,9.3536,1,1,4
4,100,1000,4,665,14.7302,94.0715,35,10.0942,35,10.0942,1,1,3
4,100,1000,4,666,-55.1914,133.803,50,12.787,50,12.787,1,1,5
4,100,1000,4,667,10.8234,-41.5832,70,5.09873,70,5.09873,1,1,4
4,100,1000,4,668,76.5865,89.0414,6,11.7206,6,11.7206,1,1,2
4,100,1000,4,669,-4.36929,-145.099,39,7.56786,39,7.56786,1,1,8
4,100,1000,4,670,-44.4242,138.406,50,5.33405,50,5.33405,1,1,4
4,100,1000,4,671,-22.8399,79.9742,62,18.1889,62,18.1889,1,1,9
4,100,1000,4,672,-55.1506,-58.8172,23,13.0144,23,13.0144,1,1,5
4,100,1000,4,673,75.2636,37.6559,20,5.30244,20,5.30244,1,1,3
4,100,1000,4,674,-22.3929,52.1627,19,15.7471,19,15.7471,1,1,8
4,100,1000,4,675,33.3155,-25.2047,2,6.61608,2,6.61608,1,1,2
4,100,1000,4,676,-75.0902,-21.7045,3,3.07234,3,3.07234,1,1,4
4,100,1000,4,677,-84.6722,-173.423,82,7.68104,82,7.68104,1,1,6
4,100,1000,4,678,-80.087,78.2095,24,2.89905,24,2.89905,1,1,6
4,100,1000,4,679,-30.0915,101.432,62,3.47938,62,3.47938,1,1,7
4,100,1000,4,680,69.6648,149.277,75,10.6778,75,10.6778,1,1,3
4,100,1000,4,681,7.75175,-151.053,39,7.21658,39,7.21658,1,1,6
4,100,1000,4,682,51.5401,-142.85,52,11.7203,52,11.7203,1,1,5
4,100,1000,4,683,-6.31821,76.2531,76,11.1964,76,11.1964,1,1,6
4,100,1000,4,684,63.0959,158.625,75,5.22185,75,5.22185,1,1,5
4,100,1000,4,685,55.5771,-142.657,52,8.89635,52,8.89635,1,1,5
4,100,1000,4,686,58.5154,-114.526,52,6.96931,52,6.96931,1,1,5
4,100,1000,4,687,58.6587,-173.271,52,23.2745,52,23.2745,1,1,7
4,100,1000,4,688,3.32862,87.8446,76,22.7117,76,22.7117,1,1,6
4,100,1000,4,689,22.1927,141.872,64,15.8977,64,15.8977,1,1,4
4,100,1000,4,690,-19.9964,-68.9836,58,11.9766,58,11.9766,1,1,6
4,100,1000,4,691,-31.6666,-10.1731,99,17.4591,99,17.4591,1,1,7
4,100,1000,4,692,44.6559,-52.6776,61,15.772,61,15.772,1,1,5
4,100,1000,4,693,-1.79806,109.138,26,11.3496,26,11.3496,1,1,3
4,100,1000,4,694,-77.2341,116.221,38,5.33132,38,5.33132,1,1,8
4,100,1000,4,695,15.2849,164.862,40,6.2477,40,6.2477,1,1,4
4,100,1000,4,696,42.7491,-133.927,52,17.3369,52,17.3369,1,1,5
4,100,1000,4,697,-83.0958,8.57837,27,4.8466,27,4.8466,1,1,6
4,100,1000,4,698,-48.3882,1.17194,67,17.1382,67,17.1382,1,1,7
4,100,1000,4,699,-47.5843,-150.585,22,1.72298,22,1.72298,1,1,7
4,100,1000,4,700,-10.1015,-164.014,39,16.88,39,16.88,1,1,8
4,100,1000,4,701,-56.6206,-83.1723,23,10.3932,23,10.3932,1,1,5
4,100,1000,4,702,-49.2699,-175.924,29,10.6641,29,10.6641,1,1,8
4,100,1000,4,703,-38.2214,88.1174,62,10.2921,62,10.2921,1,1,6
4,100,1000,4,704,45.9604,147.943,65,12.1173,65,12.1173,1,1,2
4,100,1000,4,705,24.9945,-128.072,63,6.69483,63,6.69483,1,1,6
4,100,1000,4,706,-50.5205,166.656,1,16.2756,1,16.2756,1,1,2
4,100,1000,4,707,20.8775,168.271,31,9.07177,31,9.07177,1,1,3
4,100,1000,4,708,-33.0109,-141.841,41,13.6889,41,13.6889,1,1,8
4,100,1000,4,709,48.7043,-40.49,87,7.71085,87,7.71085,1,1,5
4,100,1000,4,710,77.1898,-52.0216,71,8.57487,71,8.57487,1,1,7
4,100,1000,4,711,-27.8142,59.878,46,17.7774,46,17.7774,1,1,7
4,100,1000,4,712,-2.97414,-41.8201,69,12.1339,69,12.1339,1,1,4
4,100,1000,4,713,-55.7718,77.2754,5,12.5853,5,12.5853,1,1,4
4,100,1000,4,714,69.6759,-26.7122,71,7.60519,71,7.60519,1,1,6
4,100,1000,4,715,53.3454,-60.8513,61,10.5129,61,10.5129,1,1,6
4,100,1000,4,716,-5.36328,173.45,94,2.34288,94,2.34288,1,1,5
4,100,1000,4,717,17.9882,70.7336,57,7.79844,57,7.79844,1,1,4
4,100,1000,4,718,88.7628,139.534,54,1.85647,54,1.85647,1,1,4
4,100,1000,4,719,-10.5745,89.4464,62,22.5371,62,22.5371,1,1,7
4,100,1000,4,720,53.7381,-151.16,52,14.0767,52,14.0767,1,1,5
4,100,1000,4,721,70.6872,-173.565,79,15.2258,79,15.2258,1,1,8
4,100,1000,4,722,-82.2522,3.12935,83,4.31291,83,4.31291,1,1,6
4,100,1000,4,723,87.3529,-50.5262,32,2.64603,32,2.64603,1,1,4
4,100,1000,4,724,20.6441,92.1144,35,7.14229,35,7.14229,1,1,3
4,100,1000,4,725,44.4919,15.6679,96,7.08662,96,7.08662,1,1,5
4,100,1000,4,726,-69.9536,-146.645,82,11.6159,82,11.6159,1,1,10
4,100,1000,4,727,-52.2271,34.1446,15,8.5797,15,8.5797,1,1,6
4,100,1000,4,728,-4.2324,-35.9978,69,11.2192,69,11.2192,1,1,4
4,100,1000,4,729,-34.29,-49.113,99,16.3359,99,16.3359,1,1,8
4,100,1000,4,730,58.645,-141.889,52,7.24179,52,7.24179,1,1,7
4,100,1000,4,731,35.0179,-73.4366,90,4.66013,90,4.66013,1,1,5
4,100,1000,4,732,-74.2198,-73.9878,23,8.27798,23,8.27798,1,1,6
4,100,1000,4,733,88.6485,-150.914,32,1.50878,32,1.50878,1,1,5
4,100,1000,4,734,-57.2271,-23.852,3,18.4113,3,18.4113,1,1,4
4,100,1000,4,735,59.2662,173.022,75,4.01894,75,4.01894,1,1,4
4,100,1000,4,736,2.49393,79.9068,76,14.8528,76,14.8528,1,1,6
4,100,1000,4,737,89.7285,20.4835,6,2.76373,6,2.76373,1,1,2
4,100,1000,4,738,-48.4819,174.163,1,16.7059,1,16.7059,1,1,2
4,100,1000,4,739,74.9786,124.324,74,12.3776,74,12.3776,1,1,4
4,100,1000,4,740,43.1386,58.9411,57,19.634,57,19.634,1,1,5
4,100,1000,4,741,-20.0039,126.37,11,6.16146,11,6.16146,1,1,3
4,100,1000,4,742,46.1482,35.5381,96,19.4473,96,19.4473,1,1,5
4,100,1000,4,743,-9.74269,-96.1684,51,3.18139,51,3.18139,1,1,6
4,100,1000,4,744,89.7702,91.9346,6,2.86579,6,2.86579,1,1,2
4,100,1000,4,745,17.3593,116.83,26,9.38106,26,9.38106,1,1,2
4,100,1000,4,746,65.0227,-75.2457,85,1.99775,85,1.99775,1,1,12
4,100,1000,4,747,-68.3031,161.606,8,10.0528,8,10.0528,1,1,3
4,100,1000,4,748,15.3832,-139.309,63,16.3696,63,16.3696,1,1,6
4,100,1000,4,749,-84.6542,96.3122,24,2.75967,24,2.75967,1,1,8
4,100,1000,4,750,8.41935,129.224,26,16.8419,26,16.8419,1,1,3
4,100,1000,4,751,44.667,-158.173,52,23.8691,52,23.8691,1,1,5
4,100,1000,4,752,14.5655,88.791,35,13.3186,35,13.3186,1,1,4
4,100,1000,4,753,21.155,112.167,59,11.7732,59,11.7732,1,1,3
4,100,1000,4,754,41.4769,12.2673,96,7.82197,96,7.82197,1,1,5
4,100,1000,4,755,28.2457,-10.769,2,8.23968,2,8.23968,1,1,2
4,100,1000,4,756,-54.3958,-163.516,29,6.09494,29,6.09494,1,1,7
4,100,1000,4,757,-32.1994,163.505,1,2.95446,1,2.95446,1,1,2
4,100,1000,4,758,26.0109,96.1157,35,3.62228,35,3.62228,1,1,3
4,100,1000,4,759,-56.3318,51.5621,49,9.62921,49,9.62921,1,1,7
4,100,1000,4,760,4.02516,102.055,26,11.297,26,11.297,1,1,3
4,100,1000,4,761,-5.80379,-41.9043,69,9.38653,69,9.38653,1,1,5
4,100,1000,4,762,-76.5954,31.7861,13,9.11642,13,9.11642,1,1,4
4,100,1000,4,763,-30.1493,57.5756,46,14.9625,46,14.9625,1,1,6
4,100,1000,4,764,36.2384,-49.6069,87,17.619,87,17.619,1,1,4
4,100,1000,4,765,-13.0561,-90.6845,51,3.22063,51,3.22063,1,1,6
4,100,1000,4,766,-50.1914,-116.778,28,9.45883,28,9.45883,1,1,7
4,100,1000,4,767,-34.4289,108.748,77,7.20079,77,7.20079,1,1,8
4,100,1000,4,768,76.0064,153.452,33,5.79707,33,5.79707,1,1,3
4,100,1000,4,769,20.4576,54.9667,57,10.8967,57,10.8967,1,1,6
4,100,1000,4,770,-7.14024,-82.5933,58,8.1626,58,8.1626,1,1,5
4,100,1000,4,771,-67.9011,56.9279,60,2.74972,60,2.74972,1,1,5
4,100,1000,4,772,-33.0548,-20.2011,99,9.63716,99,9.63716,1,1,7
4,100,1000,4,773,20.2163,165.912,31,7.42183,31,7.42183,1,1,3
4,100,1000,4,774,-52.0427,107.769,10,17.7189,10,17.7189,1,1,4
4,100,1000,4,775,18.7372,83.9649,35,14.9536,35,14.9536,1,1,4
4,100,1000,4,776,14.9119,-154.133,39,14.7349,39,14.7349,1,1,6
4,100,1000,4,777,-68.9697,56.633,60,2.80578,60,2.80578,1,1,5
4,100,1000,4,778,28.8265,-18.238,2,1.7276,2,1.7276,1,1,2
4,100,1000,4,779,-32.8957,-49.8703,99,17.493,99,17.493,1,1,8
4,100,1000,4,780,56.0775,88.0964,86,8.87569,86,8.87569,1,1,4
4,100,1000,4,781,19.7226,-168.228,39,25.6954,39,25.6954,1,1,6
4,100,1000,4,782,75.6591,150.587,33,6.59978,33,6.59978,1,1,3
4,100,1000,4,783,60.2602,123.331,48,5.01261,48,5.01261,1,1,2
4,100,1000,4,784,62.0198,-18.5644,14,7.15753,14,7.15753,1,1,4
4,100,1000,4,785,-0.851044,-70.2409,58,9.56764,58,9.56764,1,1,4
4,100,1000,4,786,39.4211,42.4957,57,24.953,57,24.953,1,1,5
4,100,1000,4,787,83.3435,-167.267,79,2.66181,79,2.66181,1,1,6
4,100,1000,4,788,-78.8527,27.1197,83,7.94276,83,7.94276,1,1,5
4,100,1000,4,789,89.3224,-81.7909,32,1.73658,32,1.73658,1,1,5
4,100,1000,4,790,-22.5557,36.1192,68,5.85704,68,5.85704,1,1,9
4,100,1000,4,791,-88.913,164.713,45,1.04881,45,1.04881,1,1,8
4,100,1000,4,792,30.993,-135.765,63,15.7749,63,15.7749,1,1,6
4,100,1000,4,793,20.6728,-60.3611,4,9.10976,4,9.10976,1,1,3
4,100,1000,4,794,12.9983,155.554,40,10.6013,40,10.6013,1,1,4
4,100,1000,4,795,34.8843,-41.8483,87,14.1636,87,14.1636,1,1,3
4,100,1000,4,796,31.8253,-70.786,4,8.33397,4,8.33397,1,1,3
4,100,1000,4,797,-15.0381,34.9689,68,1.8611,68,1.8611,1,1,9
4,100,1000,4,798,-50.0993,-89.5558,91,15.9814,91,15.9814,1,1,8
4,100,1000,4,799,-10.85,-156.159,39,12.5497,39,12.5497,1,1,9
4,100,1000,4,800,35.9399,156.598,31,12.002,31,12.002,1,1,2
4,100,1000,4,801,-23.2,-29.2779,69,12.7645,69,12.7645,1,1,6
4,100,1000,4,802,9.54683,-59.7129,70,13.337,70,13.337,1,1,4
4,100,1000,4,803,-8.27262,41.3882,19,8.07543,19,8.07543,1,1,7
4,100,1000,4,804,73.7034,-17.9003,71,2.83958,71,2.83958,1,1,7
4,100,1000,4,805,69.7987,-77.7046,85,6.85185,85,6.85185,1,1,9
4,100,1000,4,806,-80.8905,141.771,38,3.25147,38,3.25147,1,1,6
4,100,1000,4,807,-46.496,80.2049,49,14.4948,49,14.4948,1,1,6
4,100,1000,4,808,-86.997,128.353,45,2.42762,45,2.42762,1,1,8
4,100,1000,4,809,-80.0781,32.0027,24,7.10636,24,7.10636,1,1,5
4,100,1000,4,810,51.9538,89.6125,80,9.82957,80,9.82957,1,1,3
4,100,1000,4,811,85.0772,-12.4418,92,2.03564,92,2.03564,1,1,5
4,100,1000,4,812,-80.5867,-39.9217,83,4.82653,83,4.82653,1,1,6
4,100,1000,4,813,-78.7365,-81.3721,82,8.21752,82,8.21752,1,1,6
4,100,1000,4,814,25.2613,0.827133,2,18.954,2,18.954,1,1,2
4,100,1000,4,815,-28.7656,-57.5977,69,21.7612,69,21.7612,1,1,9
4,100,1000,4,816,-11.2875,76.0689,76,13.6513,76,13.6513,1,1,6
4,100,1000,4,817,46.5622,176.519,75,16.8807,75,16.8807,1,1,4
4,100,1000,4,818,-81.822,-103.421,82,3.8109,82,3.8109,1,1,6
4,100,1000,4,819,18.9535,163.763,31,6.75392,31,6.75392,1,1,3
4,100,1000,4,820,29.3394,-2.49571,2,15.4758,2,15.4758,1,1,2
4,100,1000,4,821,-46.971,76.8977,49,12.1604,49,12.1604,1,1,6
4,100,1000,4,822,-20.3622,-6.93405,99,27.0993,99,27.0993,1,1,5
4,100,1000,4,823,-11.4487,-34.7182,69,5.81964,69,5.81964,1,1,4
4,100,1000,4,824,-29.2903,-3.0535,16,22.1525,16,22.1525,1,1,6
4,100,1000,4,825,88.6422,-134.673,32,1.13273,32,1.13273,1,1,5
4,100,1000,4,826,-46.7205,167.439,1,12.834,1,12.834,1,1,2
4,100,1000,4,827,16.4426,-74.6144,4,8.47867,4,8.47867,1,1,3
4,100,1000,4,828,-26.2414,55.4122,46,18.4566,46,18.4566,1,1,8
4,100,1000,4,829,12.0067,178.04,17,2.74243,17,2.74243,1,1,3
4,100,1000,4,830,-61.8803,146.482,10,12.0434,10,12.0434,1,1,4
4,100,1000,4,831,-29.779,33.6644,16,9.7294,16,9.7294,1,1,8
4,100,1000,4,832,21.2756,-146.434,39,21.1892,39,21.1892,1,1,6
4,100,1000,4,833,15.0916,58.907,57,11.4261,57,11.4261,1,1,5
4,100,1000,4,834,-34.9272,-111.91,28,22.1448,28,22.1448,1,1,8
4,100,1000,4,835,21.3348,168.824,43,8.44456,43,8.44456,1,1,4
4,100,1000,4,836,32.7972,128.728,98,3.82985,98,3.82985,1,1,3
4,100,1000,4,837,32.861,-155.13,63,31.4396,63,31.4396,1,1,7
4,100,1000,4,838,-29.1032,-137.175,41,18.2457,41,18.2457,1,1,9
4,100,1000,4,839,-4.92405,63.213,76,3.76548,76,3.76548,1,1,5
4,100,1000,4,840,19.8856,-12.5636,2,10.9145,2,10.9145,1,1,2
4,100,1000,4,841,54.27,126.33,0,2.33049,0,2.33049,1,1,1
4,100,1000,4,842,-12.5624,-38.5748,69,2.51266,69,2.51266,1,1,4
4,100,1000,4,843,-64.1421,102.392,10,8.99121,10,8.99121,1,1,5
4,100,1000,4,844,-81.5813,75.7292,24,1.38782,24,1.38782,1,1,7
4,100,1000,4,845,50.216,-106.923,7,6.83721,7,6.83721,1,1,4
4,100,1000,4,846,21.1057,-139.126,63,15.1951,63,15.1951,1,1,6
4,100,1000,4,847,53.3706,-95.2374,42,5.95447,42,5.95447,1,1,5
4,100,1000,4,848,-52.7798,-43.0756,99,16.6941,99,16.6941,1,1,6
4,100,1000,4,849,71.8348,4.58595,71,6.96911,71,6.96911,1,1,7
4,100,1000,4,850,12.5073,6.33923,72,14.9314,72,14.9314,1,1,3
4,100,1000,4,851,-3.29486,-89.391,51,8.52908,51,8.52908,1,1,4
4,100,1000,4,852,-22.4665,-120.868,89,13.0001,89,13.0001,1,1,9
4,100,1000,4,853,-32.2604,76.8606,62,17.8042,62,17.8042,1,1,8
4,100,1000,4,854,-39.0215,105.631,62,9.6873,62,9.6873,1,1,8
4,100,1000,4,855,-19.9632,141.728,88,9.75083,88,9.75083,1,1,5
4,100,1000,4,856,-43.4663,-111.386,28,15.9744,28,15.9744,1,1,8
4,100,1000,4,857,44.0292,67.9427,57,19.706,57,19.706,1,1,4
4,100,1000,4,858,15.0194,139.774,64,17.5344,64,17.5344,1,1,5
4,100,1000,4,859,-4.83246,46.8763,19,3.24358,19,3.24358,1,1,7
4,100,1000,4,860,17.7517,-89.2328,95,15.9457,95,15.9457,1,1,4
4,100,1000,4,861,59.9765,-102.285,52,12.8824,52,12.8824,1,1,6
4,100,1000,4,862,-24.1794,46.6943,68,13.4598,68,13.4598,1,1,9
4,100,1000,4,863,-8.76126,26.0816,68,11.6261,68,11.6261,1,1,5
4,100,1000,4,864,-88.1906,-53.853,12,0.972172,12,0.972172,1,1,4
4,100,1000,4,865,-74.6662,28.6333,13,7.83459,13,7.83459,1,1,4
4,100,1000,4,866,66.2431,24.0779,20,14.1947,20,14.1947,1,1,5
4,100,1000,4,867,59.6212,-92.4468,85,9.58829,85,9.58829,1,1,6
4,100,1000,4,868,41.6051,-125.279,7,13.7676,7,13.7676,1,1,4
4,100,1000,4,869,82.2069,-174.833,79,4.18932,79,4.18932,1,1,6
4,100,1000,4,870,80.1762,-55.5126,47,6.94642,47,6.94642,1,1,5
4,100,1000,4,871,73.4477,-106.58,56,1.08488,56,1.08488,1,1,8
4,100,1000,4,872,6.55055,54.9539,76,13.9386,76,13.9386,1,1,7
4,100,1000,4,873,70.6813,-136.86,56,8.89198,56,8.89198,1,1,9
4,100,1000,4,874,7.36407,-48.3024,70,2.38902,70,2.38902,1,1,6
4,100,1000,4,875,45.0081,-129.768,52,14.7067,52,14.7067,1,1,5
4,100,1000,4,876,21.2324,29.9693,72,12.2063,72,12.2063,1,1,5
4,100,1000,4,877,-26.0267,174.106,1,13.8454,1,13.8454,1,1,2
4,100,1000,4,878,-51.6682,110.424,50,17.0692,50,17.0692,1,1,5
4,100,1000,4,879,10.0938,-99.7176,95,17.8394,95,17.8394,1,1,5
4,100,1000,4,880,-61.7145,50.8552,13,7.46825,13,7.46825,1,1,5
4,100,1000,4,881,54.4578,-170.943,52,23.9725,52,23.9725,1,1,7
4,100,1000,4,882,-52.5335,48.158,49,8.36182,49,8.36182,1,1,8
4,100,1000,4,883,-41.6947,158.143,1,7.51752,1,7.51752,1,1,2
4,100,1000,4,884,51.4397,-98.9757,42,6.88975,42,6.88975,1,1,5
4,100,1000,4,885,81.6552,83.2318,6,6.2224,6,6.2224,1,1,2
4,100,1000,4,886,12.7559,130.206,64,13.8246,64,13.8246,1,1,4
4,100,1000,4,887,78.3259,-141.387,79,6.34066,79,6.34066,1,1,8
4,100,1000,4,888,2.57984,118.014,26,8.74182,26,8.74182,1,1,3
4,100,1000,4,889,-49.1236,-160.112,22,4.90392,22,4.90392,1,1,7
4,100,1000,4,890,-55.144,171.769,1,21.6993,1,21.6993,1,1,2
4,100,1000,4,891,-54.9403,112.177,10,14.1274,10,14.1274,1,1,4
4,100,1000,4,892,10.8692,18.066,72,3.6606,72,3.6606,1,1,5
4,100,1000,4,893,53.1414,98.4021,80,4.44232,80,4.44232,1,1,3
4,100,1000,4,894,-25.755,-53.5297,69,17.0344,69,17.0344,1,1,9
4,100,1000,4,895,89.3423,5.06104,6,2.67358,6,2.67358,1,1,2
4,100,1000,4,896,88.6628,107.6,6,2.55164,6,2.55164,1,1,2
4,100,1000,4,897,7.05917,-107.741,9,15.519,9,15.519,1,1,5
4,100,1000,4,898,-12.1209,110.729,44,10.6467,44,10.6467,1,1,4
4,100,1000,4,899,-64.7991,-101.362,91,5.42066,91,5.42066,1,1,7
4,100,1000,4,900,-84.1234,-146.288,82,4.7931,82,4.7931,1,1,6
4,100,1000,4,901,80.9347,37.2649,20,1.29787,20,1.29787,1,1,3
4,100,1000,4,902,81.959,138.521,36,5.01174,36,5.01174,1,1,4
4,100,1000,4,903,37.9389,-10.9223,84,6.96128,84,6.96128,1,1,3
4,100,1000,4,904,38.2677,157.631,31,14.188,31,14.188,1,1,2
4,100,1000,4,905,4.48277,146.247,53,18.1178,53,18.1178,1,1,7
4,100,1000,4,906,74.6998,79.085,20,11.9706,20,11.9706,1,1,3
4,100,1000,4,907,39.212,-8.86194,84,5.33574,84,5.33574,1,1,3
4,100,1000,4,908,-41.4245,4.7068,16,18.2237,16,18.2237,1,1,7
4,100,1000,4,909,-45.2299,45.641,46,4.83372,46,4.83372,1,1,7
4,100,1000,4,910,65.5886,-91.7754,85,8.15252,85,8.15252,1,1,10
4,100,1000,4,911,-64.649,128.503,10,4.37689,10,4.37689,1,1,5
4,100,1000,4,912,-82.0876,64.8203,24,1.70473,24,1.70473,1,1,7
4,100,1000,4,913,-79.6194,-8.41702,83,1.24451,83,1.24451,1,1,4
4,100,1000,4,914,-2.22541,-108.837,89,10.6787,89,10.6787,1,1,7
4,100,1000,4,915,35.1103,7.30232,96,13.2703,96,13.2703,1,1,4
4,100,1000,4,916,-37.5624,52.0899,46,6.97426,46,6.97426,1,1,7
4,100,1000,4,917,-67.7164,-91.2068,23,7.14763,23,7.14763,1,1,6
4,100,1000,4,918,5.30554,120.445,26,9.03252,26,9.03252,1,1,3
4,100,1000,4,919,38.9354,-92.8535,66,5.53353,66,5.53353,1,1,6
4,100,1000,4,920,49.0377,-93.1636,42,2.74963,42,2.74963,1,1,5
4,100,1000,4,921,-63.3031,67.4751,5,4.94862,5,4.94862,1,1,4
4,100,1000,4,922,82.9607,131.818,36,4.56399,36,4.56399,1,1,3
4,100,1000,4,923,-60.6934,-96.9276,91,6.40763,91,6.40763,1,1,7
4,100,1000,4,924,-21.7377,-31.8467,69,10.0031,69,10.0031,1,1,6
4,100,1000,4,925,64.3567,-92.2982,85,8.26852,85,8.26852,1,1,9
4,100,1000,4,926,28.189,179.415,43,4.67186,43,4.67186,1,1,3
4,100,1000,4,927,-71.8978,72.2028,5,3.89716,5,3.89716,1,1,4
4,100,1000,4,928,32.1179,-123.034,63,11.8233,63,11.8233,1,1,6
4,100,1000,4,929,-58.1071,-120.215,91,5.93974,91,5.93974,1,1,8
4,100,1000,4,930,-25.9357,134.006,11,6.57316,11,6.57316,1,1,3
4,100,1000,4,931,33.5436,53.0039,57,14.5685,57,14.5685,1,1,5
4,100,1000,4,932,3.04812,111.655,26,6.10875,26,6.10875,1,1,3
4,100,1000,4,933,70.8985,-163.293,79,14.2763,79,14.2763,1,1,9
4,100,1000,4,934,26.0497,39.6679,72,22.0947,72,22.0947,1,1,6
4,100,1000,4,935,-38.0731,-29.8251,99,0.909863,99,0.909863,1,1,6
4,100,1000,4,936,63.2522,-22.7524,34,8.54055,34,8.54055,1,1,5
4,100,1000,4,937,-71.175,112.426,10,4.4936,10,4.4936,1,1,5
4,100,1000,4,938,-35.4673,-83.7369,51,26.0054,51,26.0054,1,1,7
4,100,1000,4,939,-82.2509,65.5902,24,1.52412,24,1.52412,1,1,7
4,100,1000,4,940,32.2082,144.212,31,15.4131,31,15.4131,1,1,2
4,100,1000,4,941,76.646,-59.2056,47,7.61679,47,7.61679,1,1,7
4,100,1000,4,942,71.8135,-170.504,79,13.8392,79,13.8392,1,1,7
4,100,1000,4,943,-83.5014,27.8629,27,4.39309,27,4.39309,1,1,6
4,100,1000,4,944,-56.7689,-103.217,91,5.5929,91,5.5929,1,1,8
4,100,1000,4,945,43.8239,14.5909,96,6.9242,96,6.9242,1,1,5
4,100,1000,4,946,-74.6054,-25.2649,3,4.04479,3,4.04479,1,1,4
4,100,1000,4,947,-56.2026,36.8854,13,11.9017,13,11.9017,1,1,5
4,100,1000,4,948,-46.8052,-150.608,22,2.25391,22,2.25391,1,1,7
4,100,1000,4,949,26.7964,138.489,64,12.2512,64,12.2512,1,1,4
4,100,1000,4,950,34.5299,157.447,31,10.4941,31,10.4941,1,1,2
4,100,1000,4,951,-35.6681,15.5641,16,7.93048,16,7.93048,1,1,7
4,100,1000,4,952,-22.6529,-33.6861,69,9.53006,69,9.53006,1,1,7
4,100,1000,4,953,-26.005,63.7596,46,20.7227,46,20.7227,1,1,7
4,100,1000,4,954,31.2885,-36.5119,30,14.4012,30,14.4012,1,1,3
4,100,1000,4,955,-25.3251,-53.0066,69,16.3959,69,16.3959,1,1,9
4,100,1000,4,956,-36.1501,-77.3582,58,26.9164,58,26.9164,1,1,7
4,100,1000,4,957,33.8939,-108.673,37,4.13797,37,4.13797,1,1,5
4,100,1000,4,958,-33.9309,80.7849,62,14.5052,62,14.5052,1,1,7
4,100,1000,4,959,49.5948,-1.39961,96,5.68959,96,5.68959,1,1,5
4,100,1000,4,960,78.7839,6.83746,55,3.1338,55,3.1338,1,1,5
4,100,1000,4,961,-83.4044,-171.643,82,7.26823,82,7.26823,1,1,6
4,100,1000,4,962,80.7863,-99.214,47,1.99785,47,1.99785,1,1,6
4,100,1000,4,963,22.6212,-112.038,63,10.3782,63,10.3782,1,1,6
4,100,1000,4,964,-34.9111,-81.1648,58,26.2636,58,26.2636,1,1,8
4,100,1000,4,965,-76.7744,179.238,8,3.07077,8,3.07077,1,1,4
4,100,1000,4,966,-51.8592,-44.8849,99,16.7688,99,16.7688,1,1,6
4,100,1000,4,967,7.40082,30.9758,72,10.322,72,10.322,1,1,6
4,100,1000,4,968,50.7145,142.792,65,7.60005,65,7.60005,1,1,2
4,100,1000,4,969,-42.6323,-15.9941,99,10.9391,99,10.9391,1,1,6
4,100,1000,4,970,-36.8602,44.0852,15,8.48539,15,8.48539,1,1,7
4,100,1000,4,971,55.4996,33.9794,96,18.0527,96,18.0527,1,1,5
4,100,1000,4,972,73.3635,-1.21294,71,4.63895,71,4.63895,1,1,6
4,100,1000,4,973,52.6531,-101.135,42,8.55603,42,8.55603,1,1,5
4,100,1000,4,974,-50.214,24.4959,15,11.1832,15,11.1832,1,1,6
4,100,1000,4,975,38.7328,-122.86,7,12.9975,7,12.9975,1,1,4
4,100,1000,4,976,-74.3333,90.6568,5,8.92312,5,8.92312,1,1,4
4,100,1000,4,977,-57.2516,-167.094,29,2.59929,29,2.59929,1,1,7
4,100,1000,4,978,85.7214,110.739,54,3.5262,54,3.5262,1,1,3
4,100,1000,4,979,-49.566,-78.3794,23,16.5735,23,16.5735,1,1,5
4,100,1000,4,980,-75.2128,-72.6808,23,9.2751,23,9.2751,1,1,6
4,100,1000,4,981,-39.571,-74.144,23,26.3739,23,26.3739,1,1,5
4,100,1000,4,982,31.2171,115.66,59,4.525,59,4.525,1,1,4
4,100,1000,4,983,68.4159,-16.1368,71,8.01123,71,8.01123,1,1,5
4,100,1000,4,984,39.2256,-128.433,7,16.8007,7,16.8007,1,1,4
4,100,1000,4,985,73.9345,-175.269,79,12.0904,79,12.0904,1,1,6
4,100,1000,4,986,47.8262,78.8684,80,17.9843,80,17.9843,1,1,5
4,100,1000,4,987,19.3552,62.3793,57,6.03378,57,6.03378,1,1,3
4,100,1000,4,988,-51.1723,-35.9834,99,13.0088,99,13.0088,1,1,6
4,100,1000,4,989,70.6222,-22.7726,71,6.23665,71,6.23665,1,1,6
4,100,1000,4,990,84.2562,38.71,6,3.04188,6,3.04188,1,1,2
4,100,1000,4,991,17.1836,-160.154,39,19.0094,39,19.0094,1,1,6
4,100,1000,4,992,-25.3166,99.8639,62,6.63376,62,6.63376,1,1,7
4,100,1000,4,993,-73.6241,-59.1904,23,9.1558,23,9.1558,1,1,5
4,100,1000,4,994,15.3016,-66.3802,4,8.81778,4,8.81778,1,1,3
4,100,1000,4,995,21.2151,60.1774,57,6.2051,57,6.2051,1,1,3
4,100,1000,4,996,20.4695,143.288,31,15.0871,31,15.0871,1,1,4
4,100,1000,4,997,83.0167,-76.6267,47,4.76004,47,4.76004,1,1,6
4,100,1000,4,998,39.474,122.865,98,8.93013,98,8.93013,1,1,3
4,100,1000,4,999,43.6182,-22.6008,87,5.67347,87,5.67347,1,1,4
