trial,num_pubs,num_subs,brake_limit,sub_id,sub_lat,sub_lon,optimal_pub_id,optimal_dist,received_pub_id,received_dist,stretch,recall,num_received
0,100,500,4,0,62.9269,124.506,80,9.95505,80,9.95505,1,1,6
0,100,500,4,1,-62.5476,159.979,88,6.64041,88,6.64041,1,1,6
0,100,500,4,2,0.125473,52.7951,56,10.8757,56,10.8757,1,1,8
0,100,500,4,3,72.7774,43.3494,43,6.37266,43,6.37266,1,1,8
0,100,500,4,4,20.0535,-71.8794,91,17.6197,91,17.6197,1,1,8
0,100,500,4,5,53.4475,-75.7333,48,4.33507,48,4.33507,1,1,6
0,100,500,4,6,53.7604,1.68779,40,6.84467,40,6.84467,1,1,5
0,100,500,4,7,17.9674,148.965,3,18.0828,3,18.0828,1,1,3
0,100,500,4,8,-26.3282,-150.943,6,18.3986,6,18.3986,1,1,4
0,100,500,4,9,31.506,-69.0508,91,5.92016,91,5.92016,1,1,4
0,100,500,4,10,-74.1682,-31.2636,0,11.3322,0,11.3322,1,1,1
0,100,500,4,11,-68.3466,136.586,92,4.05855,92,4.05855,1,1,5
0,100,500,4,12,5.48862,-78.6323,47,26.1882,47,26.1882,1,1,7
0,100,500,4,13,20.5237,43.0693,76,3.36721,76,3.36721,1,1,7
0,100,500,4,14,-43.8054,29.5798,37,7.02841,37,7.02841,1,1,4
0,100,500,4,15,-78.0407,-141.757,0,13.9175,0,13.9175,1,1,1
0,100,500,4,16,-12.9572,-101.177,70,14.4005,70,14.4005,1,1,7
0,100,500,4,17,-80.889,154.337,98,7.82924,98,7.82924,1,1,5
0,100,500,4,18,65.8092,163.777,16,8.74737,16,8.74737,1,1,4
0,100,500,4,19,8.84301,-8.27457,67,8.95633,67,8.95633,1,1,4
0,100,500,4,20,-44.0513,-55.419,68,12.5364,68,12.5364,1,1,4
0,100,500,4,21,47.996,-160.582,96,15.2676,96,15.2676,1,1,8
0,100,500,4,22,63.1344,-48.0732,20,11.5457,20,11.5457,1,1,4
0,100,500,4,23,84.1916,-106.387,10,2.55829,10,2.55829,1,1,3
0,100,500,4,24,-9.50831,51.3952,56,1.43518,56,1.43518,1,1,8
0,100,500,4,25,2.28083,12.647,41,8.60582,41,8.60582,1,1,4
0,100,500,4,26,-79.9342,47.8683,69,1.13922,69,1.13922,1,1,4
0,100,500,4,27,-15.3837,31.1089,41,17.0087,41,17.0087,1,1,6
0,100,500,4,28,74.618,-169.72,94,7.35375,94,7.35375,1,1,6
0,100,500,4,29,-52.9109,-118.375,32,6.10081,32,6.10081,1,1,4
0,100,500,4,30,19.9299,-81.9033,38,16.9745,38,16.9745,1,1,6
0,100,500,4,31,-40.0659,-166.054,4,5.86933,4,5.86933,1,1,3
0,100,500,4,32,-1.53992,-61.9098,47,10.2833,47,10.2833,1,1,5
0,100,500,4,33,84.1411,-51.4614,63,0.600372,63,0.600372,1,1,4
0,100,500,4,34,-39.0664,5.96826,39,23.2726,39,23.2726,1,1,5
0,100,500,4,35,60.132,13.7646,14,11.2856,14,11.2856,1,1,4
0,100,500,4,36,65.2746,36.2562,43,9.09,43,9.09,1,1,6
0,100,500,4,37,16.5914,76.8181,9,11.5508,9,11.5508,1,1,5
0,100,500,4,38,84.0915,21.5661,19,3.18114,19,3.18114,1,1,4
0,100,500,4,39,75.2153,-30.8336,20,6.24645,20,6.24645,1,1,5
0,100,500,4,40,-53.5194,-25.0077,65,11.9941,65,11.9941,1,1,4
0,100,500,4,41,80.9067,-86.9071,63,5.41223,63,5.41223,1,1,4
0,100,500,4,42,-78.5697,-48.954,0,5.7168,0,5.7168,1,1,1
0,100,500,4,43,62.1009,172.097,16,12.4757,16,12.4757,1,1,4
0,100,500,4,44,-19.337,-161.62,4,18.3689,4,18.3689,1,1,3
0,100,500,4,45,-63.1391,-178.814,55,21.8404,55,21.8404,1,1,3
0,100,500,4,46,-31.7617,-26.41,68,13.4629,68,13.4629,1,1,7
0,100,500,4,47,-82.4342,113.397,74,6.24498,74,6.24498,1,1,5
0,100,500,4,48,45.8401,-176.586,96,26.2446,96,26.2446,1,1,9
0,100,500,4,49,-59.0323,-166.453,55,17.2257,55,17.2257,1,1,4
0,100,500,4,50,4.691,-177.8,62,8.62376,62,8.62376,1,1,4
0,100,500,4,51,13.656,-40.0687,22,16.4855,22,16.4855,1,1,3
0,100,500,4,52,19.2278,-119.505,38,18.5415,38,18.5415,1,1,8
0,100,500,4,53,-71.6253,26.6386,8,4.36693,8,4.36693,1,1,3
0,100,500,4,54,41.0304,-172.82,96,26.6056,96,26.6056,1,1,9
0,100,500,4,55,87.9025,155.022,23,4.0877,23,4.0877,1,1,6
0,100,500,4,56,-8.91389,157.618,60,8.14555,60,8.14555,1,1,5
0,100,500,4,57,-55.9425,5.03284,39,10.1572,39,10.1572,1,1,3
0,100,500,4,58,-35.6678,-167.683,4,2.7165,4,2.7165,1,1,3
0,100,500,4,59,-1.43524,69.9904,56,20.0216,56,20.0216,1,1,6
0,100,500,4,60,-74.6516,50.8514,86,2.19182,86,2.19182,1,1,5
0,100,500,4,61,35.5882,-32.8266,1,4.23045,1,4.23045,1,1,2
0,100,500,4,62,-77.7793,86.3078,50,0.662531,50,0.662531,1,1,4
0,100,500,4,63,-49.7149,116.122,15,9.34542,15,9.34542,1,1,5
0,100,500,4,64,44.8608,-37.4944,33,11.3571,33,11.3571,1,1,3
0,100,500,4,65,64.8345,-80.8964,48,9.03374,48,9.03374,1,1,5
0,100,500,4,66,-17.6474,-23.019,73,12.3583,73,12.3583,1,1,5
0,100,500,4,67,29.5174,-176.839,62,23.6143,62,23.6143,1,1,7
0,100,500,4,68,18.7379,95.7842,9,10.6371,9,10.6371,1,1,4
0,100,500,4,69,14.8997,-60.4633,47,14.5231,47,14.5231,1,1,5
0,100,500,4,70,51.4821,25.6043,14,3.31199,14,3.31199,1,1,5
0,100,500,4,71,-42.7206,-94.8636,21,3.83814,21,3.83814,1,1,3
0,100,500,4,72,1.61134,-17.3261,73,8.93814,73,8.93814,1,1,6
0,100,500,4,73,45.0846,111.887,95,2.24805,95,2.24805,1,1,6
0,100,500,4,74,-2.50463,-92.7013,38,25.6684,38,25.6684,1,1,6
0,100,500,4,75,0.938698,25.6875,41,6.95958,41,6.95958,1,1,5
0,100,500,4,76,69.075,-106.946,51,3.46901,51,3.46901,1,1,5
0,100,500,4,77,86.4304,162.592,35,5.52578,35,5.52578,1,1,8
0,100,500,4,78,79.6808,-106.569,52,6.46754,52,6.46754,1,1,4
0,100,500,4,79,49.3566,69.0831,57,15.784,57,15.784,1,1,7
0,100,500,4,80,17.9683,48.3823,76,8.27994,76,8.27994,1,1,9
0,100,500,4,81,84.0934,-179.358,94,2.30334,94,2.30334,1,1,5
0,100,500,4,82,-77.3184,47.2216,69,1.99127,69,1.99127,1,1,4
0,100,500,4,83,-88.0988,62.8391,74,8.45284,74,8.45284,1,1,3
0,100,500,4,84,-18.4971,33.6019,56,19.5625,56,19.5625,1,1,7
0,100,500,4,85,-88.8121,-114.03,0,5.86772,0,5.86772,1,1,1
0,100,500,4,86,-60.3969,-83.0652,2,8.42452,2,8.42452,1,1,2
0,100,500,4,87,-14.4468,62.4289,56,10.6908,56,10.6908,1,1,5
0,100,500,4,88,39.8043,-118.724,96,18.2809,96,18.2809,1,1,7
0,100,500,4,89,-2.84203,-105.401,66,17.4118,66,17.4118,1,1,8
0,100,500,4,90,-15.7129,176.193,54,14.0034,54,14.0034,1,1,6
0,100,500,4,91,50.1434,-73.2756,48,6.98089,48,6.98089,1,1,5
0,100,500,4,92,-55.3765,93.1477,97,7.22934,97,7.22934,1,1,4
0,100,500,4,93,-45.342,-131.391,17,3.90597,17,3.90597,1,1,4
0,100,500,4,94,83.2894,-171.971,94,1.64464,94,1.64464,1,1,5
0,100,500,4,95,58.8459,22.5153,14,6.98719,14,6.98719,1,1,4
0,100,500,4,96,28.2057,105.879,95,15.576,95,15.576,1,1,5
0,100,500,4,97,11.5785,81.7747,9,5.68436,9,5.68436,1,1,5
0,100,500,4,98,-13.4499,26.9595,41,12.9815,41,12.9815,1,1,6
0,100,500,4,99,-17.6931,116.106,84,19.1252,84,19.1252,1,1,4
0,100,500,4,100,-59.7193,-33.0103,65,16.1892,65,16.1892,1,1,3
0,100,500,4,101,-88.962,-60.2324,0,4.98698,0,4.98698,1,1,1
0,100,500,4,102,31.9622,-26.8177,1,2.5222,1,2.5222,1,1,2
0,100,500,4,103,-88.9017,-36.4669,0,5.16056,0,5.16056,1,1,1
0,100,500,4,104,17.2289,-3.48749,67,8.87134,67,8.87134,1,1,5
0,100,500,4,105,19.0663,-176.968,62,14.1434,62,14.1434,1,1,5
0,100,500,4,106,-3.64707,-41.5806,22,1.91437,22,1.91437,1,1,3
0,100,500,4,107,-35.1217,61.9529,59,11.279,59,11.279,1,1,4
0,100,500,4,108,-64.2164,19.0725,39,4.94984,39,4.94984,1,1,4
0,100,500,4,109,55.2808,-141.854,96,3.71222,96,3.71222,1,1,6
0,100,500,4,110,13.5508,48.2533,76,11.7781,76,11.7781,1,1,9
0,100,500,4,111,30.3306,-96.4871,38,8.74082,38,8.74082,1,1,6
0,100,500,4,112,-12.9341,-96.1818,70,15.0298,70,15.0298,1,1,5
0,100,500,4,113,82.6438,127.232,82,7.12079,82,7.12079,1,1,8
0,100,500,4,114,55.3889,-50.0986,48,12.0066,48,12.0066,1,1,5
0,100,500,4,115,31.669,171.339,79,26.9283,79,26.9283,1,1,5
0,100,500,4,116,48.4455,65.4139,57,14.6553,57,14.6553,1,1,6
0,100,500,4,117,-34.4466,-19.1845,65,15.4143,65,15.4143,1,1,4
0,100,500,4,118,-70.7019,-66.6966,36,10.3361,36,10.3361,1,1,2
0,100,500,4,119,62.1743,73.0541,85,5.82773,85,5.82773,1,1,10
0,100,500,4,120,54.9079,-17.5189,33,4.99801,33,4.99801,1,1,3
0,100,500,4,121,38.0431,-77.4783,91,7.2637,91,7.2637,1,1,5
0,100,500,4,122,60.4503,-174.157,94,21.3781,94,21.3781,1,1,7
0,100,500,4,123,82.2373,172.468,35,1.44733,35,1.44733,1,1,6
0,100,500,4,124,12.4576,95.0362,9,7.3405,9,7.3405,1,1,4
0,100,500,4,125,-74.6933,-127.983,77,10.6443,77,10.6443,1,1,3
0,100,500,4,126,-18.3553,91.2746,5,7.14992,5,7.14992,1,1,3
0,100,500,4,127,-22.2351,117.421,84,16.2709,84,16.2709,1,1,5
0,100,500,4,128,87.5464,-59.1827,10,2.26101,10,2.26101,1,1,3
0,100,500,4,129,32.3267,105.871,95,11.7225,95,11.7225,1,1,6
0,100,500,4,130,35.3593,-52.0087,91,13.2991,91,13.2991,1,1,3
0,100,500,4,131,48.6048,-12.3903,40,3.37644,40,3.37644,1,1,4
0,100,500,4,132,-83.2974,-151.684,0,10.0504,0,10.0504,1,1,1
0,100,500,4,133,74.2126,-127.999,51,5.17451,51,5.17451,1,1,5
0,100,500,4,134,-19.1901,92.7738,5,5.71948,5,5.71948,1,1,3
0,100,500,4,135,62.5277,-108.564,83,8.81391,83,8.81391,1,1,8
0,100,500,4,136,-52.3726,21.1416,39,7.27673,39,7.27673,1,1,5
0,100,500,4,137,-3.0213,-163.845,62,11.4526,62,11.4526,1,1,4
0,100,500,4,138,13.4922,-21.5679,67,9.09342,67,9.09342,1,1,3
0,100,500,4,139,-85.6885,-128.1,0,6.26385,0,6.26385,1,1,1
0,100,500,4,140,-53.2659,-140.763,17,9.02099,17,9.02099,1,1,5
0,100,500,4,141,-38.0418,36.7577,37,10.5054,37,10.5054,1,1,5
0,100,500,4,142,65.2556,59.4461,85,6.40826,85,6.40826,1,1,9
0,100,500,4,143,-12.9105,125.604,84,15.4097,84,15.4097,1,1,6
0,100,500,4,144,-89.8683,-141.168,0,7.29105,0,7.29105,1,1,1
0,100,500,4,145,25.7372,70.9821,57,9.31642,57,9.31642,1,1,5
0,100,500,4,146,-6.58816,-31.3159,73,8.36288,73,8.36288,1,1,5
0,100,500,4,147,-60.7041,0.228851,39,11.2936,39,11.2936,1,1,3
0,100,500,4,148,-1.49973,-152.983,62,18.4939,62,18.4939,1,1,5
0,100,500,4,149,26.1151,138.62,3,7.14025,3,7.14025,1,1,3
0,100,500,4,150,59.8954,-2.71443,72,7.38807,72,7.38807,1,1,6
0,100,500,4,151,-74.972,-164.954,55,18.3492,55,18.3492,1,1,2
0,100,500,4,152,-80.7864,24.0134,69,5.1739,69,5.1739,1,1,3
0,100,500,4,153,-74.3994,45.4116,86,3.25285,86,3.25285,1,1,5
0,100,500,4,154,-88.7773,-140.176,0,6.92565,0,6.92565,1,1,1
0,100,500,4,155,48.6556,-104.086,83,9.26316,83,9.26316,1,1,6
0,100,500,4,156,-50.4696,-158.772,17,15.9288,17,15.9288,1,1,4
0,100,500,4,157,56.3357,-150.428,96,8.33105,96,8.33105,1,1,6
0,100,500,4,158,40.3368,-93.1495,30,6.05763,30,6.05763,1,1,5
0,100,500,4,159,77.5879,80.9371,31,4.74163,31,4.74163,1,1,9
0,100,500,4,160,-27.1586,26.6503,37,22.9156,37,22.9156,1,1,6
0,100,500,4,161,-14.0404,112.507,5,19.0314,5,19.0314,1,1,3
0,100,500,4,162,87.6672,30.511,23,0.937214,23,0.937214,1,1,5
0,100,500,4,163,-33.6323,-7.66504,65,23.6793,65,23.6793,1,1,4
0,100,500,4,164,28.764,164.966,79,24.8663,79,24.8663,1,1,5
0,100,500,4,165,-24.5223,-2.68109,11,18.6392,11,18.6392,1,1,4
0,100,500,4,166,-8.87444,-18.9887,73,5.36458,73,5.36458,1,1,5
0,100,500,4,167,6.18233,0.678299,11,15.6057,11,15.6057,1,1,3
0,100,500,4,168,-87.4876,43.5658,69,8.47997,69,8.47997,1,1,2
0,100,500,4,169,-66.9551,-172.53,55,18.5199,55,18.5199,1,1,5
0,100,500,4,170,41.695,143.401,49,10.208,49,10.208,1,1,5
0,100,500,4,171,-48.3081,162.451,42,6.40711,42,6.40711,1,1,7
0,100,500,4,172,82.3143,-163.945,94,1.92717,94,1.92717,1,1,6
0,100,500,4,173,-83.9887,65.3022,74,4.51674,74,4.51674,1,1,6
0,100,500,4,174,-38.5471,167.199,54,12.2521,54,12.2521,1,1,9
0,100,500,4,175,-16.8803,48.5886,56,7.05813,56,7.05813,1,1,8
0,100,500,4,176,6.9244,118.159,3,21.4992,3,21.4992,1,1,3
0,100,500,4,177,-9.45243,9.18321,11,2.73735,11,2.73735,1,1,3
0,100,500,4,178,-15.6652,93.8305,5,8.78374,5,8.78374,1,1,3
0,100,500,4,179,-89.2409,-153.802,0,7.59828,0,7.59828,1,1,1
0,100,500,4,180,39.398,-47.5265,91,16.4281,91,16.4281,1,1,3
0,100,500,4,181,11.7582,-118.953,66,13.8174,66,13.8174,1,1,9
0,100,500,4,182,56.7424,-144.119,96,5.64814,96,5.64814,1,1,6
0,100,500,4,183,30.8627,118.51,45,5.90972,45,5.90972,1,1,4
0,100,500,4,184,39.7235,107.815,95,4.63666,95,4.63666,1,1,6
0,100,500,4,185,62.9899,-17.163,72,3.36183,72,3.36183,1,1,7
0,100,500,4,186,35.6082,-150.636,78,11.8671,78,11.8671,1,1,11
0,100,500,4,187,-17.3561,55.8449,56,7.52858,56,7.52858,1,1,6
0,100,500,4,188,-67.2906,-22.6895,75,12.6692,75,12.6692,1,1,3
0,100,500,4,189,-29.4264,-31.6754,68,11.4279,68,11.4279,1,1,6
0,100,500,4,190,-17.7455,87.3864,5,10.043,5,10.043,1,1,3
0,100,500,4,191,-81.5434,158.358,98,8.05113,98,8.05113,1,1,5
0,100,500,4,192,12.7725,-1.99165,67,11.1041,67,11.1041,1,1,5
0,100,500,4,193,-6.2295,174.214,87,10.055,87,10.055,1,1,6
0,100,500,4,194,-44.0806,-10.9408,65,17.4786,65,17.4786,1,1,5
0,100,500,4,195,-79.794,170.635,98,5.84069,98,5.84069,1,1,5
0,100,500,4,196,60.7663,43.9285,53,9.47279,53,9.47279,1,1,6
0,100,500,4,197,-64.1589,55.0175,46,5.18354,46,5.18354,1,1,4
0,100,500,4,198,39.9048,113.408,95,3.06056,95,3.06056,1,1,7
0,100,500,4,199,-3.23651,-20.7434,73,3.0532,73,3.0532,1,1,5
0,100,500,4,200,20.6115,-60.4933,91,18.131,91,18.131,1,1,5
0,100,500,4,201,71.0468,-67.5607,20,5.14743,20,5.14743,1,1,4
0,100,500,4,202,-15.5648,-72.6187,81,18.4259,81,18.4259,1,1,6
0,100,500,4,203,84.1421,14.2892,19,2.96615,19,2.96615,1,1,4
0,100,500,4,204,42.3459,-70.5687,91,5.23876,91,5.23876,1,1,5
0,100,500,4,205,81.3069,-130.799,52,3.85241,52,3.85241,1,1,5
0,100,500,4,206,-81.5911,179.527,98,7.84672,98,7.84672,1,1,5
0,100,500,4,207,-76.2207,42.3627,69,3.50044,69,3.50044,1,1,4
0,100,500,4,208,-1.23235,15.0996,41,4.81842,41,4.81842,1,1,4
0,100,500,4,209,18.2886,89.3741,9,6.87399,9,6.87399,1,1,4
0,100,500,4,210,-87.9206,56.9891,74,8.41765,74,8.41765,1,1,3
0,100,500,4,211,40.0045,125.691,45,8.39151,45,8.39151,1,1,4
0,100,500,4,212,-39.5412,131.691,15,10.0301,15,10.0301,1,1,4
0,100,500,4,213,0.354424,-179.273,62,11.8354,62,11.8354,1,1,4
0,100,500,4,214,32.5494,174.236,79,27.9123,79,27.9123,1,1,5
0,100,500,4,215,-10.0081,-73.6782,27,19.1727,27,19.1727,1,1,6
0,100,500,4,216,-33.1287,-57.9227,81,11.833,81,11.833,1,1,6
0,100,500,4,217,19.3805,82.6128,9,9.10176,9,9.10176,1,1,4
0,100,500,4,218,24.7293,27.0453,58,13.2603,58,13.2603,1,1,5
0,100,500,4,219,-41.549,-45.8495,68,5.28769,68,5.28769,1,1,5
0,100,500,4,220,68.2383,-100.484,51,5.43927,51,5.43927,1,1,5
0,100,500,4,221,1.67564,153.294,60,6.80559,60,6.80559,1,1,5
0,100,500,4,222,-50.4786,30.9098,37,4.4458,37,4.4458,1,1,4
0,100,500,4,223,7.82853,76.578,9,11.4907,9,11.4907,1,1,5
0,100,500,4,224,-66.9953,-127.766,77,4.49368,77,4.49368,1,1,7
0,100,500,4,225,-7.02393,-129.832,66,8.93122,66,8.93122,1,1,5
0,100,500,4,226,54.6116,-114.039,83,10.4143,83,10.4143,1,1,7
0,100,500,4,227,87.9298,-149.859,29,1.92436,29,1.92436,1,1,4
0,100,500,4,228,-81.1738,-3.43155,8,7.36359,8,7.36359,1,1,2
0,100,500,4,229,-74.566,82.7513,50,2.68358,50,2.68358,1,1,4
0,100,500,4,230,-4.59785,10.8518,11,5.47126,11,5.47126,1,1,3
0,100,500,4,231,-85.4635,104.547,74,6.70833,74,6.70833,1,1,5
0,100,500,4,232,66.4645,47.8342,85,10.2638,85,10.2638,1,1,9
0,100,500,4,233,3.57983,2.38773,11,12.5566,11,12.5566,1,1,3
0,100,500,4,234,-52.5603,104.062,97,13.6422,97,13.6422,1,1,5
0,100,500,4,235,68.2691,-148.644,51,13.1603,51,13.1603,1,1,5
0,100,500,4,236,-88.2113,-40.1105,0,4.47324,0,4.47324,1,1,1
0,100,500,4,237,-87.6748,-97.3799,0,4.5407,0,4.5407,1,1,1
0,100,500,4,238,85.3997,20.3075,19,1.88784,19,1.88784,1,1,4
0,100,500,4,239,79.599,-143.191,52,5.72571,52,5.72571,1,1,5
0,100,500,4,240,36.2709,-34.8498,1,5.99671,1,5.99671,1,1,2
0,100,500,4,241,-46.5115,1.76498,39,18.1935,39,18.1935,1,1,4
0,100,500,4,242,15.5557,-97.1635,38,7.10061,38,7.10061,1,1,7
0,100,500,4,243,15.9529,48.7639,76,10.0405,76,10.0405,1,1,9
0,100,500,4,244,39.7025,62.7738,57,6.3268,57,6.3268,1,1,6
0,100,500,4,245,-24.2424,-109.791,89,8.30538,89,8.30538,1,1,7
0,100,500,4,246,-53.1872,-39.4117,65,10.0084,65,10.0084,1,1,3
0,100,500,4,247,87.3781,-153.445,29,1.53446,29,1.53446,1,1,4
0,100,500,4,248,-85.7888,1.9158,0,5.91619,0,5.91619,1,1,1
0,100,500,4,249,14.4712,-96.698,38,8.27476,38,8.27476,1,1,7
0,100,500,4,250,-37.0113,-14.5194,65,17.0605,65,17.0605,1,1,5
0,100,500,4,251,-32.671,-70.4451,81,18.0475,81,18.0475,1,1,4
0,100,500,4,252,62.685,-60.6915,48,7.8229,48,7.8229,1,1,5
0,100,500,4,253,6.08748,116.169,3,23.3221,3,23.3221,1,1,3
0,100,500,4,254,69.808,-8.62695,72,4.35696,72,4.35696,1,1,9
0,100,500,4,255,76.4891,32.1578,24,3.69969,24,3.69969,1,1,5
0,100,500,4,256,68.2616,-120.045,51,4.88239,51,4.88239,1,1,5
0,100,500,4,257,-73.0386,-12.3653,75,7.32099,75,7.32099,1,1,3
0,100,500,4,258,-18.6042,65.8286,56,15.3913,56,15.3913,1,1,4
0,100,500,4,259,-71.8007,-137.803,77,10.1744,77,10.1744,1,1,4
0,100,500,4,260,-25.6988,-12.0862,73,22.9645,73,22.9645,1,1,5
0,100,500,4,261,-33.797,22.228,37,18.5041,37,18.5041,1,1,6
0,100,500,4,262,64.2511,-72.8379,48,7.23858,48,7.23858,1,1,5
0,100,500,4,263,24.3913,136.925,3,5.48236,3,5.48236,1,1,3
0,100,500,4,264,54.5389,-102.275,83,4.08417,83,4.08417,1,1,6
0,100,500,4,265,-69.8867,-144.945,55,10.0974,55,10.0974,1,1,3
0,100,500,4,266,31.6028,-25.1153,1,3.58204,1,3.58204,1,1,2
0,100,500,4,267,-17.6949,8.57567,11,9.65784,11,9.65784,1,1,4
0,100,500,4,268,47.0966,156.785,49,9.12854,49,9.12854,1,1,5
0,100,500,4,269,-27.6275,53.8093,56,16.9677,56,16.9677,1,1,4
0,100,500,4,270,-15.9209,-82.2768,70,20.5947,70,20.5947,1,1,4
0,100,500,4,271,-47.0164,-75.3185,2,11.0903,2,11.0903,1,1,2
0,100,500,4,272,-11.1608,-60.1101,27,5.82253,27,5.82253,1,1,6
0,100,500,4,273,46.1581,120.47,95,6.65817,95,6.65817,1,1,7
0,100,500,4,274,-87.1408,128.715,74,9.44179,74,9.44179,1,1,4
0,100,500,4,275,81.3333,-45.6791,63,2.35984,63,2.35984,1,1,6
0,100,500,4,276,-31.6857,-84.9275,21,12.1399,21,12.1399,1,1,3
0,100,500,4,277,78.2744,-114.869,51,6.13705,51,6.13705,1,1,5
0,100,500,4,278,11.1173,25.3315,12,5.75192,12,5.75192,1,1,4
0,100,500,4,279,-78.9723,-48.6876,0,5.33667,0,5.33667,1,1,1
0,100,500,4,280,51.5282,-117.718,96,12.3753,96,12.3753,1,1,7
0,100,500,4,281,-6.81611,-13.7379,73,9.34588,73,9.34588,1,1,4
0,100,500,4,282,18.5834,130.978,3,5.99756,3,5.99756,1,1,3
0,100,500,4,283,87.4189,-48.64,19,2.67578,19,2.67578,1,1,4
0,100,500,4,284,53.8816,-60.4172,48,7.0262,48,7.0262,1,1,5
0,100,500,4,285,-87.4154,-104.079,0,4.71013,0,4.71013,1,1,1
0,100,500,4,286,18.653,-88.8636,38,10.9505,38,10.9505,1,1,6
0,100,500,4,287,0.301392,-165.016,62,8.00061,62,8.00061,1,1,4
0,100,500,4,288,15.5132,-87.081,38,13.8595,38,13.8595,1,1,7
0,100,500,4,289,67.7271,36.7448,43,7.11905,43,7.11905,1,1,7
0,100,500,4,290,-69.1831,118.121,92,2.67367,92,2.67367,1,1,4
0,100,500,4,291,85.5329,-21.7375,99,1.28736,99,1.28736,1,1,5
0,100,500,4,292,-73.4033,147.615,44,2.92938,44,2.92938,1,1,4
0,100,500,4,293,21.6967,55.428,76,12.5154,76,12.5154,1,1,8
0,100,500,4,294,-3.52699,65.4488,56,15.0282,56,15.0282,1,1,6
0,100,500,4,295,-86.6298,-83.9975,0,3.24459,0,3.24459,1,1,1
0,100,500,4,296,63.8655,-6.8918,72,3.07647,72,3.07647,1,1,8
0,100,500,4,297,41.1323,-15.1023,40,10.4272,40,10.4272,1,1,4
0,100,500,4,298,-27.9569,77.1023,64,12.2179,64,12.2179,1,1,4
0,100,500,4,299,58.1288,-128.151,96,7.87733,96,7.87733,1,1,7
0,100,500,4,300,-81.6575,121.427,74,7.43312,74,7.43312,1,1,5
0,100,500,4,301,-26.1147,53.991,56,15.4811,56,15.4811,1,1,4
0,100,500,4,302,-73.7183,128.373,44,2.82218,44,2.82218,1,1,4
0,100,500,4,303,34.4877,63.5897,57,1.79387,57,1.79387,1,1,6
0,100,500,4,304,-69.3538,24.4297,75,4.93885,75,4.93885,1,1,4
0,100,500,4,305,-39.8327,-97.0738,21,0.756516,21,0.756516,1,1,3
0,100,500,4,306,-18.7247,-88.5997,70,14.0907,70,14.0907,1,1,4
0,100,500,4,307,30.5943,-4.25607,90,3.45825,90,3.45825,1,1,5
0,100,500,4,308,-60.4926,-75.4179,2,11.0371,2,11.0371,1,1,2
0,100,500,4,309,-64.414,51.9609,46,3.85082,46,3.85082,1,1,5
0,100,500,4,310,85.0154,-122.088,52,0.919223,52,0.919223,1,1,5
0,100,500,4,311,73.9817,117.762,80,11.0641,80,11.0641,1,1,6
0,100,500,4,312,25.5103,50.2279,76,7.64381,76,7.64381,1,1,8
0,100,500,4,313,-38.6703,175.107,54,14.3773,54,14.3773,1,1,9
0,100,500,4,314,-26.3349,-141.083,6,10.7907,6,10.7907,1,1,4
0,100,500,4,315,-66.522,-35.9848,75,17.6281,75,17.6281,1,1,2
0,100,500,4,316,80.172,-5.27345,99,4.50467,99,4.50467,1,1,6
0,100,500,4,317,-80.9969,-167.093,0,14.1622,0,14.1622,1,1,1
0,100,500,4,318,-28.45,86.9817,64,3.88846,64,3.88846,1,1,4
0,100,500,4,319,38.2486,-15.6077,1,10.6651,1,10.6651,1,1,2
0,100,500,4,320,-34.2943,176.832,54,12.0383,54,12.0383,1,1,8
0,100,500,4,321,33.6592,73.9619,57,6.96683,57,6.96683,1,1,7
0,100,500,4,322,-45.884,-51.4928,68,11.2468,68,11.2468,1,1,4
0,100,500,4,323,-55.1471,-32.7533,65,11.6678,65,11.6678,1,1,3
0,100,500,4,324,26.5446,-59.1223,91,13.3716,91,13.3716,1,1,4
0,100,500,4,325,-80.3962,43.1201,69,2.05584,69,2.05584,1,1,3
0,100,500,4,326,-0.605003,167.171,87,1.65733,87,1.65733,1,1,7
0,100,500,4,327,-9.55903,-130.19,66,10.9095,66,10.9095,1,1,5
0,100,500,4,328,18.6994,83.5414,9,8.06519,9,8.06519,1,1,4
0,100,500,4,329,-67.5414,164.729,88,1.32793,88,1.32793,1,1,5
0,100,500,4,330,61.2292,-88.1269,83,6.23208,83,6.23208,1,1,7
0,100,500,4,331,-25.6278,102.803,5,6.71885,5,6.71885,1,1,3
0,100,500,4,332,43.2998,-33.2494,1,9.90372,1,9.90372,1,1,2
0,100,500,4,333,57.855,-150.3,96,8.96839,96,8.96839,1,1,6
0,100,500,4,334,-63.1339,12.2071,39,6.19419,39,6.19419,1,1,3
0,100,500,4,335,7.04595,-14.8565,67,9.84132,67,9.84132,1,1,4
0,100,500,4,336,4.51937,-98.5896,38,17.6837,38,17.6837,1,1,8
0,100,500,4,337,-60.4473,97.2707,97,6.2885,97,6.2885,1,1,4
0,100,500,4,338,14.9588,-51.1888,47,12.3551,47,12.3551,1,1,4
0,100,500,4,339,-57.7413,-96.9932,2,6.30563,2,6.30563,1,1,2
0,100,500,4,340,34.8444,-96.2749,30,12.0835,30,12.0835,1,1,5
0,100,500,4,341,63.0635,-111.521,51,9.1341,51,9.1341,1,1,7
0,100,500,4,342,-54.552,-72.9911,2,10.1788,2,10.1788,1,1,2
0,100,500,4,343,-30.8553,108.295,15,12.8305,15,12.8305,1,1,4
0,100,500,4,344,-84.7248,-16.7935,0,4.4368,0,4.4368,1,1,1
0,100,500,4,345,46.512,133.009,49,9.37873,49,9.37873,1,1,5
0,100,500,4,346,37.5398,-138.232,78,11.6964,78,11.6964,1,1,9
0,100,500,4,347,27.9057,-18.3207,1,10.4117,1,10.4117,1,1,2
0,100,500,4,348,4.25945,-8.47864,67,13.0975,67,13.0975,1,1,4
0,100,500,4,349,5.68944,62.2511,56,19.2702,56,19.2702,1,1,6
0,100,500,4,350,-88.1358,-154.529,0,7.6494,0,7.6494,1,1,1
0,100,500,4,351,-66.3027,12.7672,75,5.30824,75,5.30824,1,1,4
0,100,500,4,352,-36.5594,-73.5,21,18.4893,21,18.4893,1,1,3
0,100,500,4,353,-34.9811,136.799,84,9.51244,84,9.51244,1,1,6
0,100,500,4,354,27.6556,-5.4447,90,6.10131,90,6.10131,1,1,4
0,100,500,4,355,-70.0972,-54.9999,0,13.948,0,13.948,1,1,1
0,100,500,4,356,39.1402,165.933,49,19.5238,49,19.5238,1,1,4
0,100,500,4,357,6.73945,149.176,60,11.4361,60,11.4361,1,1,4
0,100,500,4,358,-43.5293,131.768,18,9.45145,18,9.45145,1,1,6
0,100,500,4,359,38.7357,-76.5082,91,6.57501,91,6.57501,1,1,5
0,100,500,4,360,-32.5126,-9.50467,65,23.0391,65,23.0391,1,1,4
0,100,500,4,361,-61.7497,-169.946,55,18.038,55,18.038,1,1,3
0,100,500,4,362,16.1318,112.312,3,19.3705,3,19.3705,1,1,3
0,100,500,4,363,-4.13321,-139.217,66,16.6283,66,16.6283,1,1,5
0,100,500,4,364,-38.0833,-176.888,4,5.257,4,5.257,1,1,3
0,100,500,4,365,51.5168,-72.4382,48,5.55406,48,5.55406,1,1,6
0,100,500,4,366,-75.7084,150.428,44,4.47973,44,4.47973,1,1,4
0,100,500,4,367,60.1645,-44.5356,48,14.3822,48,14.3822,1,1,5
0,100,500,4,368,-51.5358,-129.633,17,8.41519,17,8.41519,1,1,4
0,100,500,4,369,-43.8684,132.24,18,8.98028,18,8.98028,1,1,6
0,100,500,4,370,22.4611,-47.9313,47,20.2888,47,20.2888,1,1,3
0,100,500,4,371,-51.3802,-56.7975,65,16.5702,65,16.5702,1,1,3
0,100,500,4,372,-30.9994,90.7185,64,0.541353,64,0.541353,1,1,4
0,100,500,4,373,-43.8105,30.9428,37,6.35945,37,6.35945,1,1,5
0,100,500,4,374,21.2434,169.85,79,16.5965,79,16.5965,1,1,5
0,100,500,4,375,67.2173,157.461,16,7.96519,16,7.96519,1,1,4
0,100,500,4,376,-9.82721,-169.065,62,16.8041,62,16.8041,1,1,4
0,100,500,4,377,83.7579,-167.391,94,2.32438,94,2.32438,1,1,5
0,100,500,4,378,61.6236,-20.7507,72,5.45334,72,5.45334,1,1,6
0,100,500,4,379,-63.3041,-132.919,55,2.04766,55,2.04766,1,1,6
0,100,500,4,380,-8.8191,156.425,60,7.11204,60,7.11204,1,1,5
0,100,500,4,381,-12.6788,10.945,11,6.10598,11,6.10598,1,1,3
0,100,500,4,382,63.4269,-85.0286,83,8.8344,83,8.8344,1,1,6
0,100,500,4,383,73.2047,-156.218,94,9.7426,94,9.7426,1,1,6
0,100,500,4,384,-17.3308,-121.327,89,4.83678,89,4.83678,1,1,5
0,100,500,4,385,78.0108,-169.74,94,4.0221,94,4.0221,1,1,6
0,100,500,4,386,5.37068,-126.739,66,7.95195,66,7.95195,1,1,7
0,100,500,4,387,-23.2685,128.743,84,6.02244,84,6.02244,1,1,5
0,100,500,4,388,71.9899,45.8419,43,7.30873,43,7.30873,1,1,9
0,100,500,4,389,-10.1573,6.46657,11,1.96398,11,1.96398,1,1,3
0,100,500,4,390,17.8461,-65.88,91,19.6707,91,19.6707,1,1,6
0,100,500,4,391,-8.036,-163.962,62,15.9773,62,15.9773,1,1,4
0,100,500,4,392,-27.4724,-28.5562,68,14.7265,68,14.7265,1,1,6
0,100,500,4,393,-75.6765,-111.698,36,8.55542,36,8.55542,1,1,2
0,100,500,4,394,65.3466,-97.9612,51,8.42507,51,8.42507,1,1,6
0,100,500,4,395,-32.3085,-66.9451,81,15.447,81,15.447,1,1,6
0,100,500,4,396,-60.7679,90.0255,97,2.71594,97,2.71594,1,1,4
0,100,500,4,397,62,-174.682,94,19.8206,94,19.8206,1,1,7
0,100,500,4,398,-87.5016,90.4094,74,7.86993,74,7.86993,1,1,4
0,100,500,4,399,-75.4499,-29.6648,0,10.2189,0,10.2189,1,1,1
0,100,500,4,400,74.541,-174.878,94,7.27998,94,7.27998,1,1,6
0,100,500,4,401,-9.70216,-20.1766,73,5.23121,73,5.23121,1,1,5
0,100,500,4,402,-60.8084,114.059,92,9.78149,92,9.78149,1,1,4
0,100,500,4,403,-35.717,-157.637,4,10.8728,4,10.8728,1,1,3
0,100,500,4,404,-10.0497,88.2515,93,8.76507,93,8.76507,1,1,5
0,100,500,4,405,14.4148,-164.407,62,8.93584,62,8.93584,1,1,5
0,100,500,4,406,-78.8143,-167.242,0,16.683,0,16.683,1,1,1
0,100,500,4,407,-74.1847,-32.5733,0,11.1934,0,11.1934,1,1,1
0,100,500,4,408,-7.89933,-119.722,66,7.06376,66,7.06376,1,1,5
0,100,500,4,409,17.8645,-65.1056,47,19.5922,47,19.5922,1,1,5
0,100,500,4,410,-18.8418,151.112,60,14.2487,60,14.2487,1,1,6
0,100,500,4,411,23.9747,20.7806,12,10.717,12,10.717,1,1,4
0,100,500,4,412,30.5688,-8.05074,90,6.54183,90,6.54183,1,1,4
0,100,500,4,413,13.0493,66.1344,57,20.7476,57,20.7476,1,1,6
0,100,500,4,414,-48.8207,55.1989,59,4.03111,59,4.03111,1,1,5
0,100,500,4,415,-71.7652,-128.559,77,8.10316,77,8.10316,1,1,4
0,100,500,4,416,30.1604,17.0652,90,15.2441,90,15.2441,1,1,4
0,100,500,4,417,15.632,118.704,3,14.5372,3,14.5372,1,1,3
0,100,500,4,418,-24.438,139.83,84,4.68048,84,4.68048,1,1,6
0,100,500,4,419,70.5335,111.025,80,7.00466,80,7.00466,1,1,8
0,100,500,4,420,24.0408,-10.1035,67,7.77757,67,7.77757,1,1,3
0,100,500,4,421,63.3087,70.4531,85,4.90819,85,4.90819,1,1,12
0,100,500,4,422,1.32704,158.248,87,7.70509,87,7.70509,1,1,6
0,100,500,4,423,-71.0601,166.855,88,2.61411,88,2.61411,1,1,6
0,100,500,4,424,-70.7372,73.6088,86,5.98731,86,5.98731,1,1,3
0,100,500,4,425,-39.1251,0.84198,39,24.9691,39,24.9691,1,1,5
0,100,500,4,426,22.3605,149.699,3,17.3825,3,17.3825,1,1,3
0,100,500,4,427,-79.1887,-74.1416,0,5.14732,0,5.14732,1,1,1
0,100,500,4,428,-19.1758,47.7213,56,9.4695,56,9.4695,1,1,6
0,100,500,4,429,85.9964,44.0071,19,2.52309,19,2.52309,1,1,4
0,100,500,4,430,-38.5399,-151.538,17,12.5787,17,12.5787,1,1,4
0,100,500,4,431,47.7239,163.241,49,12.6034,49,12.6034,1,1,5
0,100,500,4,432,22.7638,-53.2881,91,19.5851,91,19.5851,1,1,4
0,100,500,4,433,50.9724,176.652,49,19.8857,49,19.8857,1,1,5
0,100,500,4,434,-46.729,63.0117,59,2.22423,59,2.22423,1,1,5
0,100,500,4,435,53.8381,134.624,49,6.45595,49,6.45595,1,1,7
0,100,500,4,436,-63.5459,54.2935,46,5.15119,46,5.15119,1,1,4
0,100,500,4,437,12.5384,55.5622,76,17.0533,76,17.0533,1,1,11
0,100,500,4,438,16.2708,62.9566,57,17.6814,57,17.6814,1,1,6
0,100,500,4,439,21.2088,71.0671,57,13.4884,57,13.4884,1,1,6
0,100,500,4,440,-21.7173,144.168,84,9.39902,84,9.39902,1,1,6
0,100,500,4,441,-54.0455,-178.714,4,19.1351,4,19.1351,1,1,2
0,100,500,4,442,56.9333,-86.4683,83,5.21316,83,5.21316,1,1,7
0,100,500,4,443,-36.4277,-104.485,21,6.7332,21,6.7332,1,1,3
0,100,500,4,444,70.6265,-80.8625,20,8.77933,20,8.77933,1,1,4
0,100,500,4,445,59.7611,-115.827,83,11.0087,83,11.0087,1,1,7
0,100,500,4,446,-26.2001,34.9701,37,22.4072,37,22.4072,1,1,5
0,100,500,4,447,-66.293,173.128,88,3.10848,88,3.10848,1,1,6
0,100,500,4,448,80.841,149.359,82,3.61324,82,3.61324,1,1,7
0,100,500,4,449,84.8896,-111.776,52,1.83443,52,1.83443,1,1,4
0,100,500,4,450,16.1852,97.4553,9,10.612,9,10.612,1,1,4
0,100,500,4,451,-78.5761,85.2785,50,1.46993,50,1.46993,1,1,4
0,100,500,4,452,-14.1256,47.9245,56,5.34847,56,5.34847,1,1,8
0,100,500,4,453,-19.5796,-175.71,4,16.6474,4,16.6474,1,1,3
0,100,500,4,454,-34.5595,-176.742,4,4.81094,4,4.81094,1,1,3
0,100,500,4,455,37.6787,67.4464,57,4.17064,57,4.17064,1,1,6
0,100,500,4,456,73.713,147.267,16,5.60988,16,5.60988,1,1,5
0,100,500,4,457,34.3663,81.2926,57,13.0213,57,13.0213,1,1,6
0,100,500,4,458,-59.6009,175.877,88,9.61217,88,9.61217,1,1,6
0,100,500,4,459,78.4039,-157.949,94,4.76662,94,4.76662,1,1,6
0,100,500,4,460,-42.4926,96.33,64,12.8245,64,12.8245,1,1,5
0,100,500,4,461,-46.8878,42.6147,37,4.07874,37,4.07874,1,1,5
0,100,500,4,462,-24.3499,-46.3616,81,7.75349,81,7.75349,1,1,6
0,100,500,4,463,17.8711,-67.0179,91,19.5599,91,19.5599,1,1,7
0,100,500,4,464,-38.5014,25.5214,37,13.0787,37,13.0787,1,1,6
0,100,500,4,465,0.603065,135.368,60,16.1451,60,16.1451,1,1,4
0,100,500,4,466,-28.5117,24.0539,37,22.4742,37,22.4742,1,1,6
0,100,500,4,467,20.323,94.7255,9,11.0753,9,11.0753,1,1,4
0,100,500,4,468,-54.0108,-178.513,4,19.0623,4,19.0623,1,1,2
0,100,500,4,469,49.5079,2.85945,40,6.94452,40,6.94452,1,1,5
0,100,500,4,470,-87.6274,-5.62671,0,5.46802,0,5.46802,1,1,1
0,100,500,4,471,-54.8471,152.171,18,8.22424,18,8.22424,1,1,5
0,100,500,4,472,-19.1801,139.039,84,7.52418,84,7.52418,1,1,7
0,100,500,4,473,26.7319,22.4381,12,13.6531,12,13.6531,1,1,4
0,100,500,4,474,67.458,30.2715,43,6.02513,43,6.02513,1,1,7
0,100,500,4,475,22.2447,-130.069,78,11.6512,78,11.6512,1,1,9
0,100,500,4,476,-26.6992,130.714,84,3.85066,84,3.85066,1,1,5
0,100,500,4,477,46.2728,77.9016,26,11.8694,26,11.8694,1,1,6
0,100,500,4,478,-47.8239,-51.7122,65,12.3114,65,12.3114,1,1,3
0,100,500,4,479,-84.5581,7.34927,0,6.87388,0,6.87388,1,1,1
0,100,500,4,480,76.9046,12.0899,24,2.90906,24,2.90906,1,1,5
0,100,500,4,481,-18.6416,-83.2141,70,18.3071,70,18.3071,1,1,4
0,100,500,4,482,-71.9281,-176.637,55,20.6247,55,20.6247,1,1,2
0,100,500,4,483,-84.2443,-71.8779,0,1.12701,0,1.12701,1,1,1
0,100,500,4,484,-87.5752,110.527,74,8.63623,74,8.63623,1,1,5
0,100,500,4,485,55.4908,-170.405,96,19.4375,96,19.4375,1,1,8
0,100,500,4,486,-37.5498,-178.713,4,6.43853,4,6.43853,1,1,3
0,100,500,4,487,80.883,66.5403,31,1.38477,31,1.38477,1,1,8
0,100,500,4,488,70.163,35.2297,43,4.98527,43,4.98527,1,1,7
0,100,500,4,489,-45.5108,95.242,64,15.4494,64,15.4494,1,1,4
0,100,500,4,490,-57.2494,133.468,18,7.12252,18,7.12252,1,1,5
0,100,500,4,491,72.5864,12.1028,43,2.90502,43,2.90502,1,1,7
0,100,500,4,492,42.0907,57.7185,13,8.51944,13,8.51944,1,1,5
0,100,500,4,493,-44.9978,168.534,42,10.6777,42,10.6777,1,1,8
0,100,500,4,494,-86.9968,-79.1119,0,3.33368,0,3.33368,1,1,1
0,100,500,4,495,-2.05855,159.816,87,5.84486,87,5.84486,1,1,6
0,100,500,4,496,56.489,138.6,49,5.88303,49,5.88303,1,1,5
0,100,500,4,497,-51.6993,149.122,18,5.76081,18,5.76081,1,1,6
0,100,500,4,498,70.9813,-91.8873,51,6.31372,51,6.31372,1,1,5
0,100,500,4,499,-51.3781,146.812,18,4.31888,18,4.31888,1,1,6
1,100,500,4,0,-29.2654,154.384,77,15.3902,77,15.3902,1,1,5
1,100,500,4,1,-48.8541,0.136765,66,4.7311,66,4.7311,1,1,7
1,100,500,4,2,-45.1099,-118.898,47,11.5102,47,11.5102,1,1,4
1,100,500,4,3,-35.0655,111.197,38,14.2662,38,14.2662,1,1,4
1,100,500,4,4,-37.6421,-133.691,69,9.16091,69,9.16091,1,1,6
1,100,500,4,5,-24.5026,-102.074,53,14.4187,53,14.4187,1,1,4
1,100,500,4,6,57.8772,171.92,92,16.545,92,16.545,1,1,6
1,100,500,4,7,43.7529,84.5792,78,15.5961,78,15.5961,1,1,4
1,100,500,4,8,81.2212,-91.8362,81,5.26236,81,5.26236,1,1,3
1,100,500,4,9,-10.9374,77.0021,33,6.20852,33,6.20852,1,1,7
1,100,500,4,10,-65.4084,-121.427,97,3.94927,97,3.94927,1,1,4
1,100,500,4,11,9.6677,-28.1683,63,22.5917,63,22.5917,1,1,7
1,100,500,4,12,65.8171,62.2821,29,7.93539,29,7.93539,1,1,6
1,100,500,4,13,18.2993,47.1459,26,8.94058,26,8.94058,1,1,5
1,100,500,4,14,-48.5102,-147.213,47,8.79129,47,8.79129,1,1,3
1,100,500,4,15,81.9091,24.4487,21,6.12068,21,6.12068,1,1,3
1,100,500,4,16,-86.4145,-113.89,28,4.97753,28,4.97753,1,1,2
1,100,500,4,17,-77.7073,-83.0488,28,8.57116,28,8.57116,1,1,2
1,100,500,4,18,-26.3942,-45.5456,70,3.35897,70,3.35897,1,1,7
1,100,500,4,19,-75.9261,51.9274,17,6.82968,17,6.82968,1,1,5
1,100,500,4,20,0.381638,-20.8574,63,16.4104,63,16.4104,1,1,7
1,100,500,4,21,64.9266,-63.4824,9,10.2237,9,10.2237,1,1,3
1,100,500,4,22,-14.4686,37.359,62,14.0235,62,14.0235,1,1,8
1,100,500,4,23,-79.4516,-46.4948,80,3.75507,80,3.75507,1,1,4
1,100,500,4,24,62.7614,-0.778046,32,8.91519,32,8.91519,1,1,3
1,100,500,4,25,-74.7464,174.706,35,8.02537,35,8.02537,1,1,5
1,100,500,4,26,28.8974,49.8427,5,8.5997,5,8.5997,1,1,3
1,100,500,4,27,-16.7311,9.42891,68,10.3941,68,10.3941,1,1,10
1,100,500,4,28,-33.9376,-176.864,79,14.5122,79,14.5122,1,1,4
1,100,500,4,29,-61.7126,15.1044,6,7.23158,6,7.23158,1,1,3
1,100,500,4,30,-72.0381,-139.607,67,5.63204,67,5.63204,1,1,2
1,100,500,4,31,-70.2235,-136.905,67,6.41342,67,6.41342,1,1,2
1,100,500,4,32,-36.7486,-115.862,57,15.4707,57,15.4707,1,1,6
1,100,500,4,33,-19.9769,53.7143,31,24.0572,31,24.0572,1,1,8
1,100,500,4,34,9.29642,-11.806,91,23.4922,91,23.4922,1,1,11
1,100,500,4,35,-37.1791,-160.644,36,17.855,36,17.855,1,1,4
1,100,500,4,36,73.6683,-124.505,22,3.58196,22,3.58196,1,1,4
1,100,500,4,37,-22.0632,-61.6006,20,5.11217,20,5.11217,1,1,3
1,100,500,4,38,46.427,-23.0296,32,24.2356,32,24.2356,1,1,4
1,100,500,4,39,35.9523,38.3767,5,17.308,5,17.308,1,1,3
1,100,500,4,40,78.0962,102.412,87,1.93708,87,1.93708,1,1,5
1,100,500,4,41,16.5414,33.9872,26,6.88319,26,6.88319,1,1,4
1,100,500,4,42,-13.8727,179.621,77,13.8979,77,13.8979,1,1,8
1,100,500,4,43,-68.292,84.3794,17,11.4611,17,11.4611,1,1,4
1,100,500,4,44,-88.6215,-80.0091,28,4.09672,28,4.09672,1,1,3
1,100,500,4,45,-40.2581,-141.319,47,11.4648,47,11.4648,1,1,4
1,100,500,4,46,-19.8081,-40.9633,70,8.03048,70,8.03048,1,1,8
1,100,500,4,47,-49.1121,66.8866,96,11.3454,96,11.3454,1,1,5
1,100,500,4,48,11.5876,41.8218,26,2.19071,26,2.19071,1,1,5
1,100,500,4,49,-29.6995,-138.232,69,4.53756,69,4.53756,1,1,5
1,100,500,4,50,-74.9921,46.2426,48,7.98769,48,7.98769,1,1,6
1,100,500,4,51,-59.4379,177.352,7,22.7003,7,22.7003,1,1,4
1,100,500,4,52,50.8688,16.9978,98,3.93796,98,3.93796,1,1,8
1,100,500,4,53,-32.1241,14.5916,62,13.4517,62,13.4517,1,1,8
1,100,500,4,54,86.9841,-172.344,81,5.4813,81,5.4813,1,1,4
1,100,500,4,55,-63.5158,150.161,7,11.3725,7,11.3725,1,1,4
1,100,500,4,56,55.0341,86.0511,78,10.9792,78,10.9792,1,1,5
1,100,500,4,57,2.07388,-97.6773,76,16.3695,76,16.3695,1,1,4
1,100,500,4,58,42.8359,47.5638,5,13.6575,5,13.6575,1,1,3
1,100,500,4,59,83.351,88.4287,87,5.07649,87,5.07649,1,1,6
1,100,500,4,60,73.7773,-93.8143,22,6.05433,22,6.05433,1,1,3
1,100,500,4,61,63.5548,-72.0615,9,6.3872,9,6.3872,1,1,3
1,100,500,4,62,22.6112,-151.115,34,14.0659,34,14.0659,1,1,6
1,100,500,4,63,87.4125,-111.602,81,2.08258,81,2.08258,1,1,4
1,100,500,4,64,35.3535,-64.574,10,7.16934,10,7.16934,1,1,5
1,100,500,4,65,-34.9171,100.723,58,14.7045,58,14.7045,1,1,6
1,100,500,4,66,80.8343,-8.71017,21,6.94733,21,6.94733,1,1,3
1,100,500,4,67,49.0377,83.4062,78,13.4834,78,13.4834,1,1,4
1,100,500,4,68,-85.8562,-146.173,0,5.98323,0,5.98323,1,1,1
1,100,500,4,69,-41.0011,-177.744,73,16.8489,73,16.8489,1,1,3
1,100,500,4,70,-69.2583,-29.0339,80,7.39677,80,7.39677,1,1,7
1,100,500,4,71,76.2082,151.552,92,5.1349,92,5.1349,1,1,7
1,100,500,4,72,-61.4914,-23.4358,12,11.8708,12,11.8708,1,1,4
1,100,500,4,73,-63.0629,142.689,7,9.10995,7,9.10995,1,1,4
1,100,500,4,74,-77.936,-139.424,67,4.80363,67,4.80363,1,1,2
1,100,500,4,75,25.5589,171.683,16,10.8869,16,10.8869,1,1,7
1,100,500,4,76,-26.619,-1.77272,43,9.60137,43,9.60137,1,1,6
1,100,500,4,77,-40.1894,171.984,77,15.0073,77,15.0073,1,1,5
1,100,500,4,78,13.5563,-85.5538,24,13.9747,24,13.9747,1,1,4
1,100,500,4,79,-59.8089,-82.1805,86,8.7673,86,8.7673,1,1,5
1,100,500,4,80,14.9361,-9.45216,91,18.9547,91,18.9547,1,1,9
1,100,500,4,81,-80.7288,11.5408,48,6.81791,48,6.81791,1,1,5
1,100,500,4,82,80.9188,116.618,87,1.91726,87,1.91726,1,1,6
1,100,500,4,83,-42.5265,170.125,77,17.343,77,17.343,1,1,5
1,100,500,4,84,75.2224,12.9449,32,9.34758,32,9.34758,1,1,4
1,100,500,4,85,86.1906,-168.072,81,5.80345,81,5.80345,1,1,4
1,100,500,4,86,81.9555,144.798,52,0.588009,52,0.588009,1,1,5
1,100,500,4,87,81.74,-139.072,81,7.71212,81,7.71212,1,1,5
1,100,500,4,88,-29.3192,-142.646,69,8.2869,69,8.2869,1,1,5
1,100,500,4,89,-88.1913,-34.5104,28,3.50047,28,3.50047,1,1,4
1,100,500,4,90,-51.0348,54.7351,41,10.3008,41,10.3008,1,1,4
1,100,500,4,91,-21.4139,24.6925,62,1.37101,62,1.37101,1,1,10
1,100,500,4,92,-63.5188,56.7934,6,11.7909,6,11.7909,1,1,3
1,100,500,4,93,8.33849,80.0749,93,10.3216,93,10.3216,1,1,8
1,100,500,4,94,75.6198,77.0591,90,2.07608,90,2.07608,1,1,6
1,100,500,4,95,88.9472,1.11188,21,1.25469,21,1.25469,1,1,3
1,100,500,4,96,-56.1965,-163.563,73,5.49514,73,5.49514,1,1,3
1,100,500,4,97,-83.6736,-130.555,0,6.35926,0,6.35926,1,1,1
1,100,500,4,98,66.5273,-72.4002,9,7.03283,9,7.03283,1,1,3
1,100,500,4,99,-70.215,103.499,60,8.45799,60,8.45799,1,1,5
1,100,500,4,100,60.2723,-148.049,18,1.39155,18,1.39155,1,1,4
1,100,500,4,101,57.7139,104.456,78,5.35879,78,5.35879,1,1,5
1,100,500,4,102,88.3743,98.9078,74,0.847505,74,0.847505,1,1,4
1,100,500,4,103,72.692,-61.8898,1,5.67787,1,5.67787,1,1,2
1,100,500,4,104,68.131,149.001,92,9.33832,92,9.33832,1,1,9
1,100,500,4,105,41.7999,-145.807,18,19.8536,18,19.8536,1,1,4
1,100,500,4,106,11.8682,-139.228,88,3.01878,88,3.01878,1,1,7
1,100,500,4,107,29.4425,76.6989,14,13.4737,14,13.4737,1,1,4
1,100,500,4,108,48.7828,-104.438,9,17.2972,9,17.2972,1,1,3
1,100,500,4,109,-11.6131,68.8052,31,11.1702,31,11.1702,1,1,7
1,100,500,4,110,76.3106,-25.3318,32,7.08769,32,7.08769,1,1,3
1,100,500,4,111,-55.0415,-139.772,47,5.70452,47,5.70452,1,1,2
1,100,500,4,112,-4.44745,-97.4302,4,16.4916,4,16.4916,1,1,3
1,100,500,4,113,-45.1636,-55.8403,64,14.4145,64,14.4145,1,1,5
1,100,500,4,114,5.08478,-50.7573,99,14.3792,99,14.3792,1,1,7
1,100,500,4,115,-66.1704,-49.2858,86,8.79076,86,8.79076,1,1,7
1,100,500,4,116,-9.40311,163.087,85,17.2593,85,17.2593,1,1,9
1,100,500,4,117,-62.415,-22.0577,45,11.3512,45,11.3512,1,1,6
1,100,500,4,118,40.9974,-159.446,18,21.5135,18,21.5135,1,1,4
1,100,500,4,119,48.0262,38.2569,98,11.7775,98,11.7775,1,1,6
1,100,500,4,120,84.7777,-0.347672,21,2.92077,21,2.92077,1,1,3
1,100,500,4,121,36.2247,13.2919,98,12.7775,98,12.7775,1,1,8
1,100,500,4,122,20.2122,-48.6655,19,14.3674,19,14.3674,1,1,5
1,100,500,4,123,-45.0046,-42.01,12,9.81842,12,9.81842,1,1,5
1,100,500,4,124,13.4482,66.7645,93,14.7458,93,14.7458,1,1,5
1,100,500,4,125,-76.6024,-0.482361,80,8.94972,80,8.94972,1,1,6
1,100,500,4,126,-69.2836,-83.2877,97,11.5225,97,11.5225,1,1,5
1,100,500,4,127,19.8729,32.5379,26,10.0587,26,10.0587,1,1,4
1,100,500,4,128,-0.358971,129.419,39,11.2111,39,11.2111,1,1,8
1,100,500,4,129,78.3488,-170.548,82,8.05586,82,8.05586,1,1,6
1,100,500,4,130,-50.6693,-155.643,73,12.4471,73,12.4471,1,1,3
1,100,500,4,131,-19.9171,59.8551,31,18.2853,31,18.2853,1,1,7
1,100,500,4,132,-86.2781,15.3358,15,4.32875,15,4.32875,1,1,3
1,100,500,4,133,-71.1013,89.4387,60,8.78217,60,8.78217,1,1,5
1,100,500,4,134,17.9449,133.85,59,8.37063,59,8.37063,1,1,10
1,100,500,4,135,-26.1522,25.4452,62,3.50762,62,3.50762,1,1,9
1,100,500,4,136,-23.2489,-159.855,36,5.81383,36,5.81383,1,1,3
1,100,500,4,137,-70.6315,173.927,35,11.6215,35,11.6215,1,1,5
1,100,500,4,138,-14.2603,-51.2722,25,2.74327,25,2.74327,1,1,5
1,100,500,4,139,-24.0417,178.376,77,6.73485,77,6.73485,1,1,5
1,100,500,4,140,-82.2538,-21.2882,28,4.30168,28,4.30168,1,1,4
1,100,500,4,141,-1.05321,-123.075,51,12.8167,51,12.8167,1,1,5
1,100,500,4,142,37.712,-142.361,18,24.2397,18,24.2397,1,1,4
1,100,500,4,143,44.7315,-105.294,56,17.6103,56,17.6103,1,1,4
1,100,500,4,144,83.529,66.1606,74,6.2977,74,6.2977,1,1,4
1,100,500,4,145,-47.9211,-114.281,47,13.1579,47,13.1579,1,1,3
1,100,500,4,146,45.2587,44.3236,98,16.4517,98,16.4517,1,1,4
1,100,500,4,147,62.7872,97.9612,27,9.70381,27,9.70381,1,1,5
1,100,500,4,148,-60.1703,163.372,7,15.4696,7,15.4696,1,1,4
1,100,500,4,149,3.69998,95.5493,84,8.6134,84,8.6134,1,1,8
1,100,500,4,150,58.6108,135.096,94,11.8799,94,11.8799,1,1,6
1,100,500,4,151,-29.5028,-109.276,53,14.6386,53,14.6386,1,1,5
1,100,500,4,152,77.6203,-20.2684,1,7.60141,1,7.60141,1,1,2
1,100,500,4,153,-57.6748,-53.2799,86,6.52881,86,6.52881,1,1,5
1,100,500,4,154,54.2297,16.567,89,4.37596,89,4.37596,1,1,8
1,100,500,4,155,-27.452,123.952,39,16.5846,39,16.5846,1,1,5
1,100,500,4,156,87.6394,122.99,74,1.59499,74,1.59499,1,1,4
1,100,500,4,157,-89.5615,70.7029,65,0.910217,65,0.910217,1,1,4
1,100,500,4,158,80.3145,90.34,87,3.53321,87,3.53321,1,1,6
1,100,500,4,159,72.7045,147.687,92,6.68514,92,6.68514,1,1,7
1,100,500,4,160,-11.7497,-130.433,42,7.67569,42,7.67569,1,1,4
1,100,500,4,161,-73.2969,-112.982,67,3.22997,67,3.22997,1,1,2
1,100,500,4,162,46.9452,158.981,50,8.75795,50,8.75795,1,1,5
1,100,500,4,163,82.4896,153.55,52,0.718931,52,0.718931,1,1,4
1,100,500,4,164,71.1761,-7.62088,32,2.17354,32,2.17354,1,1,3
1,100,500,4,165,34.5496,79.5738,14,16.4385,14,16.4385,1,1,4
1,100,500,4,166,-26.2626,-169.906,79,7.08127,79,7.08127,1,1,4
1,100,500,4,167,75.1488,-77.2847,1,5.68891,1,5.68891,1,1,2
1,100,500,4,168,-5.0874,-145.052,13,7.30135,13,7.30135,1,1,3
1,100,500,4,169,24.7177,-81.7154,56,10.6251,56,10.6251,1,1,7
1,100,500,4,170,25.7575,174.531,16,12.236,16,12.236,1,1,7
1,100,500,4,171,-68.8818,46.7939,6,8.40469,6,8.40469,1,1,3
1,100,500,4,172,58.7606,-136.887,18,6.74344,18,6.74344,1,1,4
1,100,500,4,173,-31.2516,98.1501,58,10.4432,58,10.4432,1,1,7
1,100,500,4,174,66.7267,-97.0943,9,6.26843,9,6.26843,1,1,3
1,100,500,4,175,32.9185,-70.0461,19,10.2569,19,10.2569,1,1,6
1,100,500,4,176,-23.7638,99.2432,58,6.53136,58,6.53136,1,1,8
1,100,500,4,177,-1.51408,-133.637,51,2.50466,51,2.50466,1,1,4
1,100,500,4,178,39.1119,-18.049,98,29.4342,98,29.4342,1,1,6
1,100,500,4,179,-80.0437,40.576,48,3.61484,48,3.61484,1,1,5
1,100,500,4,180,77.1651,89.0117,90,4.4749,90,4.4749,1,1,7
1,100,500,4,181,-29.9251,-78.1952,61,6.63919,61,6.63919,1,1,4
1,100,500,4,182,49.5527,-89.5526,9,13.2159,9,13.2159,1,1,3
1,100,500,4,183,12.2601,-91.0695,76,10.9561,76,10.9561,1,1,5
1,100,500,4,184,-27.3023,-106.044,53,13.9374,53,13.9374,1,1,4
1,100,500,4,185,3.60758,176.911,77,29.3732,77,29.3732,1,1,7
1,100,500,4,186,-55.7565,49.4516,41,8.23051,41,8.23051,1,1,4
1,100,500,4,187,21.8522,-173.992,34,23.8951,34,23.8951,1,1,6
1,100,500,4,188,46.2825,161.201,50,9.80152,50,9.80152,1,1,5
1,100,500,4,189,52.0791,46.0183,49,14.5658,49,14.5658,1,1,4
1,100,500,4,190,-57.9466,-10.0047,45,5.37681,45,5.37681,1,1,5
1,100,500,4,191,77.9861,16.5793,21,9.86756,21,9.86756,1,1,3
1,100,500,4,192,-45.3807,-27.056,12,5.05614,12,5.05614,1,1,5
1,100,500,4,193,31.471,167.462,16,3.90288,16,3.90288,1,1,7
1,100,500,4,194,67.4475,82.8547,29,7.60375,29,7.60375,1,1,6
1,100,500,4,195,14.0191,109.225,84,8.94673,84,8.94673,1,1,11
1,100,500,4,196,-4.06678,148.188,85,7.2948,85,7.2948,1,1,8
1,100,500,4,197,-74.485,-89.0282,67,8.9006,67,8.9006,1,1,3
1,100,500,4,198,-60.6822,55.5502,6,12.1832,6,12.1832,1,1,3
1,100,500,4,199,-0.0488358,4.03102,68,16.1826,68,16.1826,1,1,8
1,100,500,4,200,64.7529,-172.883,71,4.53743,71,4.53743,1,1,5
1,100,500,4,201,0.470795,-162.007,34,11.958,34,11.958,1,1,4
1,100,500,4,202,28.2845,-135.354,88,17.6032,88,17.6032,1,1,8
1,100,500,4,203,-77.9996,-30.866,80,2.52672,80,2.52672,1,1,6
1,100,500,4,204,-77.0764,128.159,60,4.76,60,4.76,1,1,4
1,100,500,4,205,-82.4239,-90.046,28,4.88243,28,4.88243,1,1,2
1,100,500,4,206,-30.9228,171.124,77,5.72148,77,5.72148,1,1,5
1,100,500,4,207,53.2667,27.3929,89,6.54309,89,6.54309,1,1,7
1,100,500,4,208,-17.9657,-10.5246,43,3.52933,43,3.52933,1,1,6
1,100,500,4,209,7.42757,-81.0364,4,10.7266,4,10.7266,1,1,3
1,100,500,4,210,-53.8349,-137.107,47,3.81754,47,3.81754,1,1,2
1,100,500,4,211,-75.9056,64.1966,17,4.88426,17,4.88426,1,1,4
1,100,500,4,212,-84.4593,-120.781,28,6.43506,28,6.43506,1,1,2
1,100,500,4,213,77.5842,-110.283,22,5.57491,22,5.57491,1,1,3
1,100,500,4,214,57.3845,-24.9293,32,13.7278,32,13.7278,1,1,3
1,100,500,4,215,36.874,64.2748,5,6.18647,5,6.18647,1,1,3
1,100,500,4,216,-8.90591,-105.31,53,10.8802,53,10.8802,1,1,4
1,100,500,4,217,41.1337,-141.243,18,21.0073,18,21.0073,1,1,4
1,100,500,4,218,-30.3322,106.268,58,14.901,58,14.901,1,1,6
1,100,500,4,219,3.94562,-34.8172,63,17.2179,63,17.2179,1,1,7
1,100,500,4,220,27.2137,23.0435,91,14.0441,91,14.0441,1,1,5
1,100,500,4,221,27.5684,172.582,16,9.72095,16,9.72095,1,1,7
1,100,500,4,222,7.08398,-18.3298,63,23.4015,63,23.4015,1,1,9
1,100,500,4,223,9.98736,158.236,85,24.4043,85,24.4043,1,1,7
1,100,500,4,224,75.5728,-145.17,82,5.74489,82,5.74489,1,1,5
1,100,500,4,225,-51.4,-136.524,47,1.80276,47,1.80276,1,1,3
1,100,500,4,226,-51.1384,-74.6111,64,2.46868,64,2.46868,1,1,7
1,100,500,4,227,53.8362,-91.1952,9,9.19745,9,9.19745,1,1,3
1,100,500,4,228,-7.69616,82.8408,33,3.40168,33,3.40168,1,1,7
1,100,500,4,229,-10.7391,-80.6233,37,6.88017,37,6.88017,1,1,4
1,100,500,4,230,-61.0443,-127.73,97,9.1831,97,9.1831,1,1,3
1,100,500,4,231,81.8257,40.0997,21,6.80525,21,6.80525,1,1,3
1,100,500,4,232,-26.5203,65.919,96,13.5633,96,13.5633,1,1,6
1,100,500,4,233,39.4285,66.295,5,9.12203,5,9.12203,1,1,3
1,100,500,4,234,-3.90634,-93.2519,4,12.3015,4,12.3015,1,1,3
1,100,500,4,235,-74.2611,-133.385,67,2.90015,67,2.90015,1,1,2
1,100,500,4,236,54.8958,86.6146,78,10.6386,78,10.6386,1,1,5
1,100,500,4,237,-70.4017,-56.0404,80,7.65048,80,7.65048,1,1,4
1,100,500,4,238,-55.8576,59.1713,41,13.3753,41,13.3753,1,1,4
1,100,500,4,239,-38.902,-140.57,69,12.0722,69,12.0722,1,1,5
1,100,500,4,240,47.0006,-0.603836,98,14.444,98,14.444,1,1,5
1,100,500,4,241,-48.5469,171.724,7,22.5855,7,22.5855,1,1,5
1,100,500,4,242,52.3925,-169.421,18,14.3113,18,14.3113,1,1,4
1,100,500,4,243,-49.7354,-90.6073,64,9.38554,64,9.38554,1,1,6
1,100,500,4,244,46.7097,59.051,5,14.1696,5,14.1696,1,1,3
1,100,500,4,245,4.38469,151.331,85,16.3161,85,16.3161,1,1,8
1,100,500,4,246,55.6604,-7.57916,32,14.7006,32,14.7006,1,1,3
1,100,500,4,247,5.71525,-121.72,88,15.3505,88,15.3505,1,1,7
1,100,500,4,248,-60.8301,-89.7126,86,12.2706,86,12.2706,1,1,4
1,100,500,4,249,62.2876,50.5271,49,8.61278,49,8.61278,1,1,7
1,100,500,4,250,-1.48222,156.053,85,14.012,85,14.012,1,1,9
1,100,500,4,251,48.5709,-73.1728,10,12.6945,10,12.6945,1,1,4
1,100,500,4,252,31.3338,136.339,54,11.3996,54,11.3996,1,1,8
1,100,500,4,253,25.3934,130.953,59,5.20562,59,5.20562,1,1,9
1,100,500,4,254,7.7549,152.983,85,20.057,85,20.057,1,1,8
1,100,500,4,255,85.1915,-70.489,81,1.29577,81,1.29577,1,1,4
1,100,500,4,256,-13.8105,-106.711,53,7.37461,53,7.37461,1,1,4
1,100,500,4,257,-39.3823,-102.836,64,21.3151,64,21.3151,1,1,6
1,100,500,4,258,-48.0661,1.76469,66,5.5725,66,5.5725,1,1,6
1,100,500,4,259,-6.72163,177.287,77,19.4201,77,19.4201,1,1,7
1,100,500,4,260,-59.5921,175.326,7,21.6169,7,21.6169,1,1,4
1,100,500,4,261,74.309,172.137,92,0.447291,92,0.447291,1,1,7
1,100,500,4,262,-6.12652,-19.9515,63,12.5313,63,12.5313,1,1,7
1,100,500,4,263,-64.7916,46.0867,6,6.95546,6,6.95546,1,1,3
1,100,500,4,264,35.1679,174.992,16,8.27816,16,8.27816,1,1,7
1,100,500,4,265,-41.6931,-112.629,47,17.2633,47,17.2633,1,1,5
1,100,500,4,266,75.5226,-166.244,82,5.11573,-1,-1,-1,0,0
1,100,500,4,267,-2.90069,33.7128,26,16.7883,-1,-1,-1,0,0
1,100,500,4,268,75.0471,-135.015,22,6.74642,-1,-1,-1,0,0
1,100,500,4,269,-7.66734,-14.396,43,12.885,-1,-1,-1,0,0
1,100,500,4,270,-81.0158,-24.9517,28,5.06372,-1,-1,-1,0,0
1,100,500,4,271,47.5575,-9.65263,98,20.4438,-1,-1,-1,0,0
1,100,500,4,272,24.1687,-163.65,34,18.3718,-1,-1,-1,0,0
1,100,500,4,273,33.7557,132.205,54,7.20412,-1,-1,-1,0,0
1,100,500,4,274,9.05759,-125.932,88,10.4304,-1,-1,-1,0,0
1,100,500,4,275,64.7462,78.9309,29,9.39754,-1,-1,-1,0,0
1,100,500,4,276,-65.3029,98.1104,60,13.5916,-1,-1,-1,0,0
1,100,500,4,277,35.5337,37.1413,98,17.3315,-1,-1,-1,0,0
1,100,500,4,278,-50.9206,121.484,38,8.41199,-1,-1,-1,0,0
1,100,500,4,279,-48.386,148.495,7,9.55587,-1,-1,-1,0,0
1,100,500,4,280,58.2382,-0.158157,89,10.5075,-1,-1,-1,0,0
1,100,500,4,281,-72.0669,87.5215,17,7.87041,-1,-1,-1,0,0
1,100,500,4,282,6.79879,30.0648,26,11.3559,-1,-1,-1,0,0
1,100,500,4,283,-29.3828,-16.3082,43,14.1333,-1,-1,-1,0,0
1,100,500,4,284,37.5251,105.9,95,13.0755,-1,-1,-1,0,0
1,100,500,4,285,74.6479,93.0186,27,4.31327,-1,-1,-1,0,0
1,100,500,4,286,-49.526,64.4108,96,12.5027,-1,-1,-1,0,0
1,100,500,4,287,-48.317,129.285,7,7.72181,-1,-1,-1,0,0
1,100,500,4,288,40.3806,150.877,50,1.92523,-1,-1,-1,0,0
1,100,500,4,289,40.7453,-81.1236,56,7.82143,-1,-1,-1,0,0
1,100,500,4,290,-77.5272,30.983,48,6.82431,-1,-1,-1,0,0
1,100,500,4,291,88.9037,-105.66,81,2.81934,-1,-1,-1,0,0
1,100,500,4,292,-25.4533,68.8748,31,12.578,-1,-1,-1,0,0
1,100,500,4,293,55.7406,27.2523,89,4.75894,-1,-1,-1,0,0
1,100,500,4,294,5.17957,-165.291,34,12.4065,-1,-1,-1,0,0
1,100,500,4,295,-2.12645,-53.1645,99,10.1595,-1,-1,-1,0,0
1,100,500,4,296,7.27548,31.6133,26,9.80767,-1,-1,-1,0,0
1,100,500,4,297,-72.8215,-151.851,67,8.32653,-1,-1,-1,0,0
1,100,500,4,298,-59.1609,-24.4086,12,9.51075,-1,-1,-1,0,0
1,100,500,4,299,5.92016,136.728,85,19.0239,-1,-1,-1,0,0
1,100,500,4,300,-49.2545,-18.8639,8,3.24174,-1,-1,-1,0,0
1,100,500,4,301,24.8735,-17.561,91,25.4298,-1,-1,-1,0,0
1,100,500,4,302,-67.2265,133.113,7,12.8497,-1,-1,-1,0,0
1,100,500,4,303,-34.1378,126.308,38,20.0236,-1,-1,-1,0,0
1,100,500,4,304,51.9952,-166.785,18,13.5516,-1,-1,-1,0,0
1,100,500,4,305,-67.4077,128.936,60,12.9529,-1,-1,-1,0,0
1,100,500,4,306,22.0991,-137.008,88,11.4064,-1,-1,-1,0,0
1,100,500,4,307,-78.3621,173.292,35,5.16861,-1,-1,-1,0,0
1,100,500,4,308,55.9334,134.757,94,9.48742,-1,-1,-1,0,0
1,100,500,4,309,10.2719,-57.7741,99,13.378,99,13.378,1,1,5
1,100,500,4,310,74.733,-163.709,82,4.09616,82,4.09616,1,1,5
1,100,500,4,311,34.5307,-15.983,91,26.6848,91,26.6848,1,1,5
1,100,500,4,312,23.9521,103.419,84,13.6087,84,13.6087,1,1,8
1,100,500,4,313,6.08278,109.582,84,9.80942,84,9.80942,1,1,10
1,100,500,4,314,-50.495,-155.994,73,12.3935,73,12.3935,1,1,3
1,100,500,4,315,33.1554,-19.499,91,28.8909,91,28.8909,1,1,4
1,100,500,4,316,2.57099,-63.9421,99,4.5185,99,4.5185,1,1,5
1,100,500,4,317,71.47,50.6889,29,5.80154,29,5.80154,1,1,5
1,100,500,4,318,-55.4145,-105.336,97,13.9126,97,13.9126,1,1,4
1,100,500,4,319,-1.50146,173.161,77,23.7865,77,23.7865,1,1,7
1,100,500,4,320,-46.0603,42.1817,41,5.41254,41,5.41254,1,1,4
1,100,500,4,321,61.0486,132.078,94,14.7305,94,14.7305,1,1,6
1,100,500,4,322,42.5868,145.373,50,2.88396,50,2.88396,1,1,5
1,100,500,4,323,62.6846,17.0404,89,4.66708,89,4.66708,1,1,7
1,100,500,4,324,50.065,-34.087,10,19.6183,10,19.6183,1,1,3
1,100,500,4,325,69.6332,69.5961,29,3.79558,29,3.79558,1,1,5
1,100,500,4,326,-8.89803,28.3278,62,14.045,62,14.045,1,1,7
1,100,500,4,327,-63.1934,-149.892,73,12.843,73,12.843,1,1,4
1,100,500,4,328,-24.1268,65.7787,31,14.1824,31,14.1824,1,1,7
1,100,500,4,329,69.8453,30.7563,49,5.219,49,5.219,1,1,5
1,100,500,4,330,44.8923,26.0016,98,4.64947,98,4.64947,1,1,6
1,100,500,4,331,-84.3714,-85.0734,28,3.15939,28,3.15939,1,1,2
1,100,500,4,332,71.0297,154.197,92,5.91229,92,5.91229,1,1,7
1,100,500,4,333,72.8077,-148.77,82,3.23593,82,3.23593,1,1,7
1,100,500,4,334,-65.5692,-37.3875,80,10.549,80,10.549,1,1,5
1,100,500,4,335,-77.8041,-43.2589,80,2.01886,80,2.01886,1,1,4
1,100,500,4,336,-87.6029,146.489,65,1.83515,65,1.83515,1,1,4
1,100,500,4,337,-45.5907,89.9679,38,13.156,38,13.156,1,1,6
1,100,500,4,338,55.9311,-145.812,18,5.88255,18,5.88255,1,1,4
1,100,500,4,339,-36.4958,31.9922,46,11.0634,46,11.0634,1,1,6
1,100,500,4,340,0.0503693,-113.725,53,15.6186,53,15.6186,1,1,7
1,100,500,4,341,-39.2059,162.305,77,15.8504,77,15.8504,1,1,5
1,100,500,4,342,47.3013,-24.7986,32,23.5824,32,23.5824,1,1,4
1,100,500,4,343,-83.7935,-133.651,0,6.01772,0,6.01772,1,1,1
1,100,500,4,344,-69.5099,152.104,35,10.6628,35,10.6628,1,1,4
1,100,500,4,345,38.5526,130.765,54,3.92154,54,3.92154,1,1,7
1,100,500,4,346,-0.947433,88.3624,33,11.2888,33,11.2888,1,1,7
1,100,500,4,347,-67.1544,-39.8354,80,8.97071,80,8.97071,1,1,5
1,100,500,4,348,31.2798,-168.693,34,26.8081,34,26.8081,1,1,6
1,100,500,4,349,-4.30249,111.421,84,18.2911,84,18.2911,1,1,9
1,100,500,4,350,-13.0404,15.7867,62,13.2283,62,13.2283,1,1,11
1,100,500,4,351,-55.9188,-21.2865,12,7.64502,12,7.64502,1,1,5
1,100,500,4,352,-8.86213,-23.019,63,8.51568,63,8.51568,1,1,7
1,100,500,4,353,-55.6593,-85.8622,64,8.94624,64,8.94624,1,1,6
1,100,500,4,354,5.5844,-4.3103,91,20.1122,91,20.1122,1,1,10
1,100,500,4,355,63.065,-168.73,75,5.42727,75,5.42727,1,1,6
1,100,500,4,356,30.9822,-132.282,88,20.6335,88,20.6335,1,1,8
1,100,500,4,357,86.7871,-23.4331,21,1.53706,21,1.53706,1,1,3
1,100,500,4,358,11.4598,-174.013,34,20.5706,34,20.5706,1,1,4
1,100,500,4,359,11.4579,63.8998,93,14.6941,93,14.6941,1,1,5
1,100,500,4,360,79.0453,-79.9791,1,4.71471,1,4.71471,1,1,2
1,100,500,4,361,7.33224,-23.8041,63,21.2644,63,21.2644,1,1,9
1,100,500,4,362,-85.8083,60.3557,15,1.23723,15,1.23723,1,1,3
1,100,500,4,363,58.1802,70.943,29,15.2654,29,15.2654,1,1,5
1,100,500,4,364,35.8312,-72.2445,10,11.662,10,11.662,1,1,5
1,100,500,4,365,1.18212,-134.418,51,2.14275,51,2.14275,1,1,4
1,100,500,4,366,61.7711,70.5266,29,11.6678,29,11.6678,1,1,5
1,100,500,4,367,12.1476,-74.182,19,15.903,19,15.903,1,1,4
1,100,500,4,368,-66.2462,92.9766,60,13.0623,60,13.0623,1,1,5
1,100,500,4,369,9.97791,58.6765,93,17.6754,93,17.6754,1,1,6
1,100,500,4,370,-45.6668,-33.9142,12,5.32324,12,5.32324,1,1,5
1,100,500,4,371,34.973,150.631,50,6.89738,50,6.89738,1,1,8
1,100,500,4,372,6.90205,63.5202,93,11.9716,93,11.9716,1,1,6
1,100,500,4,373,-26.4012,-143.276,69,9.15919,69,9.15919,1,1,5
1,100,500,4,374,34.7537,150.113,50,7.05666,50,7.05666,1,1,8
1,100,500,4,375,50.3118,47.5981,49,16.6127,49,16.6127,1,1,4
1,100,500,4,376,-54.9329,-64.7119,86,5.73361,86,5.73361,1,1,5
1,100,500,4,377,-78.103,-101.482,67,5.80577,67,5.80577,1,1,3
1,100,500,4,378,87.8219,140.154,74,1.58377,74,1.58377,1,1,4
1,100,500,4,379,74.7303,67.3062,29,1.37277,29,1.37277,1,1,5
1,100,500,4,380,-56.045,-28.1752,12,5.96929,12,5.96929,1,1,4
1,100,500,4,381,56.444,-168.548,75,11.0692,75,11.0692,1,1,5
1,100,500,4,382,-68.8243,-42.8168,80,7.41091,80,7.41091,1,1,6
1,100,500,4,383,-31.365,-90.1409,61,16.8884,61,16.8884,1,1,5
1,100,500,4,384,-64.9201,137.226,7,10.4268,7,10.4268,1,1,4
1,100,500,4,385,74.2678,-41.1739,1,5.35888,1,5.35888,1,1,2
1,100,500,4,386,-38.3442,38.4816,46,11.7189,46,11.7189,1,1,6
1,100,500,4,387,-35.2716,117.116,38,15.2782,38,15.2782,1,1,4
1,100,500,4,388,-38.9991,56.6544,96,12.7839,96,12.7839,1,1,6
1,100,500,4,389,76.9198,171.509,92,2.51918,92,2.51918,1,1,7
1,100,500,4,390,13.3839,74.4632,93,13.0865,93,13.0865,1,1,6
1,100,500,4,391,19.5536,96.902,84,9.72039,84,9.72039,1,1,9
1,100,500,4,392,-85.1244,62.9012,15,1.29473,15,1.29473,1,1,3
1,100,500,4,393,87.7098,-174.605,81,5.16378,81,5.16378,1,1,4
1,100,500,4,394,11.5278,144.88,59,20.8335,59,20.8335,1,1,9
1,100,500,4,395,36.3506,90.9656,78,18.5384,78,18.5384,1,1,5
1,100,500,4,396,-31.6476,5.58925,68,17.4777,68,17.4777,1,1,9
1,100,500,4,397,51.2089,-20.9437,32,19.2758,32,19.2758,1,1,4
1,100,500,4,398,71.3862,-140.312,82,5.55817,82,5.55817,1,1,7
1,100,500,4,399,34.4577,-167.068,34,28.7564,34,28.7564,1,1,6
1,100,500,4,400,88.4568,37.4509,21,1.40475,21,1.40475,1,1,3
1,100,500,4,401,-14.1208,-79.7746,37,4.50785,37,4.50785,1,1,3
1,100,500,4,402,-52.0338,81.2152,96,14.535,96,14.535,1,1,6
1,100,500,4,403,-71.3294,-2.06578,80,11.245,80,11.245,1,1,5
1,100,500,4,404,-21.0652,-168.819,36,4.00059,36,4.00059,1,1,3
1,100,500,4,405,-5.27831,164.637,85,19.6506,85,19.6506,1,1,9
1,100,500,4,406,42.822,-151.449,18,18.767,18,18.767,1,1,4
1,100,500,4,407,40.7696,95.3952,78,13.0251,78,13.0251,1,1,6
1,100,500,4,408,45.7259,76.9588,78,18.9491,78,18.9491,1,1,4
1,100,500,4,409,50.3951,-65.4925,10,10.5165,10,10.5165,1,1,4
1,100,500,4,410,20.9194,-6.50854,91,15.0576,91,15.0576,1,1,8
1,100,500,4,411,-77.2634,158.544,35,3.59859,35,3.59859,1,1,4
1,100,500,4,412,89.5404,127.891,74,0.404031,74,0.404031,1,1,4
1,100,500,4,413,-21.2,141.853,85,10.915,85,10.915,1,1,7
1,100,500,4,414,83.7893,-153.485,81,6.87374,81,6.87374,1,1,4
1,100,500,4,415,77.3927,164.492,92,3.3225,92,3.3225,1,1,7
1,100,500,4,416,31.9832,-53.4561,10,9.96949,10,9.96949,1,1,5
1,100,500,4,417,-47.6411,139.899,7,7.14264,7,7.14264,1,1,4
1,100,500,4,418,-76.1205,-57.941,80,4.69569,80,4.69569,1,1,3
1,100,500,4,419,-21.0835,-14.3713,43,7.66144,43,7.66144,1,1,6
1,100,500,4,420,-23.3801,127.276,39,11.9307,39,11.9307,1,1,6
1,100,500,4,421,-14.867,-141.116,42,7.22195,42,7.22195,1,1,4
1,100,500,4,422,77.9135,-128.195,22,6.95135,22,6.95135,1,1,3
1,100,500,4,423,67.1394,67.2789,29,6.30208,29,6.30208,1,1,6
1,100,500,4,424,64.382,55.0691,49,9.9363,49,9.9363,1,1,7
1,100,500,4,425,-89.1068,-9.397,65,2.34771,65,2.34771,1,1,5
1,100,500,4,426,-65.7197,-152.74,73,12.6944,73,12.6944,1,1,3
1,100,500,4,427,-15.4266,-132.359,23,6.60579,23,6.60579,1,1,4
1,100,500,4,428,77.5752,106.747,87,1.92435,87,1.92435,1,1,5
1,100,500,4,429,-85.2528,142.729,2,0.377525,2,0.377525,1,1,2
1,100,500,4,430,66.6311,164.28,92,8.05496,92,8.05496,1,1,6
1,100,500,4,431,63.6107,17.2286,89,5.53347,89,5.53347,1,1,7
1,100,500,4,432,-34.5882,-148.061,69,14.0367,69,14.0367,1,1,6
1,100,500,4,433,-11.4364,-41.4173,63,10.5483,63,10.5483,1,1,7
1,100,500,4,434,-13.001,114.96,39,13.7847,39,13.7847,1,1,8
1,100,500,4,435,62.1057,107.238,78,9.89797,78,9.89797,1,1,6
1,100,500,4,436,31.1183,-85.5225,56,3.42887,56,3.42887,1,1,8
1,100,500,4,437,73.0607,38.0636,49,8.69387,49,8.69387,1,1,5
1,100,500,4,438,-16.8586,100.4,58,9.25787,58,9.25787,1,1,8
1,100,500,4,439,-37.3288,-84.9531,64,13.204,64,13.204,1,1,5
1,100,500,4,440,-12.2653,-72.8712,37,3.73922,37,3.73922,1,1,4
1,100,500,4,441,42.8249,24.0299,98,5.45994,98,5.45994,1,1,6
1,100,500,4,442,-22.8059,-125.203,23,3.40863,23,3.40863,1,1,4
1,100,500,4,443,35.8355,-70.4614,10,10.4219,10,10.4219,1,1,5
1,100,500,4,444,80.7717,81.1655,90,4.7588,90,4.7588,1,1,7
1,100,500,4,445,-53.8662,114.806,38,6.02891,38,6.02891,1,1,4
1,100,500,4,446,32.7226,-160.511,34,24.945,34,24.945,1,1,6
1,100,500,4,447,-23.9829,176.269,77,4.8747,77,4.8747,1,1,5
1,100,500,4,448,-64.286,109.162,60,14.3613,60,14.3613,1,1,5
1,100,500,4,449,-22.5742,25.4261,62,0.106012,62,0.106012,1,1,9
1,100,500,4,450,22.0609,-100.937,76,3.8873,76,3.8873,1,1,5
1,100,500,4,451,-23.6681,-73.6417,61,3.67937,61,3.67937,1,1,4
1,100,500,4,452,-3.2297,-81.2147,4,0.281776,4,0.281776,1,1,3
1,100,500,4,453,72.2109,139.823,92,9.08641,92,9.08641,1,1,7
1,100,500,4,454,-80.4072,-110.236,67,5.96204,67,5.96204,1,1,3
1,100,500,4,455,-62.5649,-5.345,45,4.43246,45,4.43246,1,1,5
1,100,500,4,456,-1.55346,140.52,85,10.6351,85,10.6351,1,1,8
1,100,500,4,457,-80.6576,131.281,35,2.72577,35,2.72577,1,1,3
1,100,500,4,458,-82.3417,90.356,55,0.221224,55,0.221224,1,1,5
1,100,500,4,459,-59.59,176.86,7,22.4289,7,22.4289,1,1,4
1,100,500,4,460,-4.23927,-46.9124,25,13.2409,25,13.2409,1,1,6
1,100,500,4,461,55.8329,-123.033,18,14.7632,18,14.7632,1,1,4
1,100,500,4,462,-13.7117,-116.3,53,2.8095,53,2.8095,1,1,5
1,100,500,4,463,-63.3822,24.0045,6,2.80515,6,2.80515,1,1,3
1,100,500,4,464,86.4308,8.0874,21,1.29599,21,1.29599,1,1,3
1,100,500,4,465,-65.2847,36.9834,6,3.2838,6,3.2838,1,1,3
1,100,500,4,466,43.5753,2.09439,98,13.6562,98,13.6562,1,1,7
1,100,500,4,467,71.6709,-99.3089,22,4.4668,22,4.4668,1,1,4
1,100,500,4,468,50.4398,107.764,78,3.01552,78,3.01552,1,1,6
1,100,500,4,469,-69.7427,120.065,60,9.5945,60,9.5945,1,1,5
1,100,500,4,470,88.7639,-84.6153,81,2.46736,81,2.46736,1,1,4
1,100,500,4,471,-32.6398,-5.57901,43,14.4551,43,14.4551,1,1,6
1,100,500,4,472,-62.0476,-46.5948,86,8.74235,86,8.74235,1,1,6
1,100,500,4,473,-27.1488,-108.778,53,12.6069,53,12.6069,1,1,5
1,100,500,4,474,-68.1194,6.52235,45,9.55174,45,9.55174,1,1,4
1,100,500,4,475,-55.9592,35.2827,41,5.43167,41,5.43167,1,1,4
1,100,500,4,476,69.805,179.747,92,5.40934,92,5.40934,1,1,6
1,100,500,4,477,46.1247,-67.8135,10,8.29255,10,8.29255,1,1,4
1,100,500,4,478,-58.2762,145.485,7,6.15575,7,6.15575,1,1,4
1,100,500,4,479,68.0955,-123.691,22,5.25856,22,5.25856,1,1,5
1,100,500,4,480,-13.2137,-174.378,79,6.71861,79,6.71861,1,1,5
1,100,500,4,481,46.6463,-119.277,18,23.0308,18,23.0308,1,1,4
1,100,500,4,482,3.85799,56.6344,93,17.2647,93,17.2647,1,1,7
1,100,500,4,483,-19.2929,-71.4043,37,5.49723,37,5.49723,1,1,4
1,100,500,4,484,-7.80099,1.9287,68,8.17947,68,8.17947,1,1,8
1,100,500,4,485,-65.6695,-18.0741,45,10.7408,45,10.7408,1,1,6
1,100,500,4,486,48.6567,-16.6186,32,21.5305,32,21.5305,1,1,4
1,100,500,4,487,78.1734,153.218,52,4.04583,52,4.04583,1,1,5
1,100,500,4,488,58.3933,-77.9507,9,5.80169,9,5.80169,1,1,3
1,100,500,4,489,-67.7801,160.548,35,12.8549,35,12.8549,1,1,4
1,100,500,4,490,54.2858,-67.4786,9,12.7903,9,12.7903,1,1,3
1,100,500,4,491,7.91526,68.1816,93,9.28321,93,9.28321,1,1,6
1,100,500,4,492,-33.8655,-71.9201,61,7.06064,61,7.06064,1,1,4
1,100,500,4,493,-89.8159,-4.28346,65,1.29392,65,1.29392,1,1,4
1,100,500,4,494,-53.2175,136.559,7,1.28216,7,1.28216,1,1,3
1,100,500,4,495,26.0129,47.1376,5,12.1634,5,12.1634,1,1,4
1,100,500,4,496,71.0903,-34.6815,32,7.14575,32,7.14575,1,1,3
1,100,500,4,497,53.9303,-30.1033,32,17.997,32,17.997,1,1,4
1,100,500,4,498,-79.0236,-110.725,67,4.789,67,4.789,1,1,3
1,100,500,4,499,39.2462,6.35091,98,13.4427,98,13.4427,1,1,9
2,100,500,4,0,53.8508,34.0387,6,7.64894,6,7.64894,1,1,3
2,100,500,4,1,40.2948,138.529,59,10.0382,59,10.0382,1,1,2
2,100,500,4,2,10.2613,151.856,73,13.0027,73,13.0027,1,1,3
2,100,500,4,3,-36.714,-63.096,82,2.99217,82,2.99217,1,1,11
2,100,500,4,4,41.2493,37.2001,14,5.80726,14,5.80726,1,1,5
2,100,500,4,5,69.5327,130.875,17,13.968,17,13.968,1,1,4
2,100,500,4,6,40.9578,-4.181,11,10.9759,11,10.9759,1,1,4
2,100,500,4,7,67.7095,-161.037,75,10.8566,75,10.8566,1,1,9
2,100,500,4,8,-88.2302,-77.4646,48,0.916659,48,0.916659,1,1,11
2,100,500,4,9,86.0072,21.4063,1,3.38705,1,3.38705,1,1,2
2,100,500,4,10,21.9141,-102.528,25,2.57871,25,2.57871,1,1,6
2,100,500,4,11,-54.0628,104.406,42,7.45201,42,7.45201,1,1,5
2,100,500,4,12,83.8481,173.05,69,5.91891,69,5.91891,1,1,4
2,100,500,4,13,-45.7839,-161.959,90,25.0187,90,25.0187,1,1,5
2,100,500,4,14,-40.8937,120.626,42,11.6879,42,11.6879,1,1,3
2,100,500,4,15,20.6961,-154.086,55,7.55268,55,7.55268,1,1,7
2,100,500,4,16,-12.6679,-58.0183,94,21.6122,94,21.6122,1,1,9
2,100,500,4,17,82.2217,175.187,69,7.6959,69,7.6959,1,1,5
2,100,500,4,18,-43.0812,-88.9845,44,16.223,44,16.223,1,1,6
2,100,500,4,19,-33.9545,176.336,39,20.9827,39,20.9827,1,1,3
2,100,500,4,20,64.1078,-108.844,76,4.00455,76,4.00455,1,1,6
2,100,500,4,21,63.6056,30.1311,57,2.3724,57,2.3724,1,1,4
2,100,500,4,22,33.4877,82.6302,88,25.7938,88,25.7938,1,1,4
2,100,500,4,23,24.5468,70.5149,51,30.2978,51,30.2978,1,1,5
2,100,500,4,24,-87.4172,41.108,54,2.63842,54,2.63842,1,1,9
2,100,500,4,25,-44.0394,48.9938,95,3.39212,95,3.39212,1,1,6
2,100,500,4,26,59.29,-16.2043,45,1.66592,45,1.66592,1,1,5
2,100,500,4,27,-13.3003,106.276,72,18.3996,72,18.3996,1,1,5
2,100,500,4,28,-11.5772,61.8316,53,24.9827,53,24.9827,1,1,5
2,100,500,4,29,62.1589,75.0583,37,1.43214,37,1.43214,1,1,6
2,100,500,4,30,1.22858,-14.29,84,17.4765,84,17.4765,1,1,7
2,100,500,4,31,50.4862,157.121,20,9.01324,20,9.01324,1,1,2
2,100,500,4,32,53.8459,85.416,37,9.06637,37,9.06637,1,1,4
2,100,500,4,33,76.1542,-158.471,71,6.32224,71,6.32224,1,1,5
2,100,500,4,34,88.2157,-95.6007,69,5.12948,69,5.12948,1,1,3
2,100,500,4,35,-81.0673,124.647,40,2.32895,40,2.32895,1,1,4
2,100,500,4,36,-12.2222,145.077,93,8.80412,93,8.80412,1,1,4
2,100,500,4,37,-12.6109,-137.469,3,7.98511,3,7.98511,1,1,3
2,100,500,4,38,23.8534,-156.128,32,8.7994,32,8.7994,1,1,6
2,100,500,4,39,56.523,52.8723,6,5.62961,6,5.62961,1,1,3
2,100,500,4,40,32.49,-155.033,64,6.06711,64,6.06711,1,1,7
2,100,500,4,41,-39.067,3.55991,92,8.31586,92,8.31586,1,1,6
2,100,500,4,42,4.38151,75.2655,56,32.4021,56,32.4021,1,1,6
2,100,500,4,43,-35.0819,165.609,2,17.2129,2,17.2129,1,1,2
2,100,500,4,44,-21.4514,-125.846,3,6.8151,3,6.8151,1,1,3
2,100,500,4,45,30.3335,139.554,73,10.9938,73,10.9938,1,1,2
2,100,500,4,46,19.932,-18.3605,24,10.3448,24,10.3448,1,1,6
2,100,500,4,47,58.3379,-32.4444,67,7.59215,67,7.59215,1,1,5
2,100,500,4,48,-56.4723,88.9842,96,3.30464,96,3.30464,1,1,7
2,100,500,4,49,-5.45757,-116.513,81,14.9893,81,14.9893,1,1,5
2,100,500,4,50,86.6918,6.95029,1,2.94801,1,2.94801,1,1,2
2,100,500,4,51,-85.933,-31.0608,48,2.56627,48,2.56627,1,1,10
2,100,500,4,52,-13.9866,-17.0877,84,22.0528,84,22.0528,1,1,7
2,100,500,4,53,5.73515,-160.266,32,12.1356,32,12.1356,1,1,5
2,100,500,4,54,3.39209,-55.4837,94,6.40134,94,6.40134,1,1,7
2,100,500,4,55,36.303,-108.236,25,14.2253,25,14.2253,1,1,5
2,100,500,4,56,-15.2582,174.472,50,13.2892,50,13.2892,1,1,4
2,100,500,4,57,37.662,158.247,59,5.49741,59,5.49741,1,1,4
2,100,500,4,58,34.8688,-174.84,64,14.2902,64,14.2902,1,1,7
2,100,500,4,59,71.9276,-153.165,71,10.7765,71,10.7765,1,1,6
2,100,500,4,60,-60.3429,24.5223,31,6.28807,31,6.28807,1,1,4
2,100,500,4,61,83.1945,99.1781,69,6.48944,69,6.48944,1,1,5
2,100,500,4,62,-86.9191,103.065,54,6.20727,54,6.20727,1,1,6
2,100,500,4,63,-56.6331,-106.783,43,12.7647,43,12.7647,1,1,5
2,100,500,4,64,6.0245,55.8186,51,13.1811,51,13.1811,1,1,5
2,100,500,4,65,-21.6479,5.43248,92,10.0394,92,10.0394,1,1,7
2,100,500,4,66,-58.6156,-35.1618,87,4.6023,87,4.6023,1,1,9
2,100,500,4,67,77.1858,34.7957,28,5.46097,28,5.46097,1,1,4
2,100,500,4,68,63.8752,-14.158,45,3.85953,45,3.85953,1,1,5
2,100,500,4,69,27.2647,-45.4654,27,2.08855,27,2.08855,1,1,7
2,100,500,4,70,55.1791,-52.8647,67,4.21733,67,4.21733,1,1,5
2,100,500,4,71,13.1494,-100.158,25,10.3808,25,10.3808,1,1,6
2,100,500,4,72,-29.1963,-78.3773,44,7.99823,44,7.99823,1,1,6
2,100,500,4,73,-60.9558,-168.655,90,15.7193,90,15.7193,1,1,7
2,100,500,4,74,-36.6085,-158.056,3,28.4378,3,28.4378,1,1,3
2,100,500,4,75,-70.9102,-13.9029,63,8.46196,63,8.46196,1,1,7
2,100,500,4,76,23.233,-155.431,32,8.87648,32,8.87648,1,1,6
2,100,500,4,77,-47.3624,52.6277,95,1.46689,95,1.46689,1,1,5
2,100,500,4,78,63.8167,-27.9911,45,7.89559,45,7.89559,1,1,5
2,100,500,4,79,62.9224,-40.3175,67,6.12988,67,6.12988,1,1,5
2,100,500,4,80,-76.0862,-97.451,98,5.81639,98,5.81639,1,1,8
2,100,500,4,81,72.5575,-89.4036,65,5.46666,65,5.46666,1,1,4
2,100,500,4,82,23.6936,119.487,0,13.6456,0,13.6456,1,1,1
2,100,500,4,83,62.6961,-4.8624,45,4.82134,45,4.82134,1,1,5
2,100,500,4,84,-37.3357,-0.0784912,92,8.70255,92,8.70255,1,1,6
2,100,500,4,85,64.8361,-144.313,68,8.03857,68,8.03857,1,1,7
2,100,500,4,86,63.5284,-24.0291,45,6.1734,45,6.1734,1,1,5
2,100,500,4,87,-32.2356,-111.336,34,7.95974,34,7.95974,1,1,4
2,100,500,4,88,38.7968,-6.38286,11,11.052,11,11.052,1,1,4
2,100,500,4,89,-49.9955,-175.623,90,26.6377,90,26.6377,1,1,6
2,100,500,4,90,7.7804,-61.8113,94,3.28046,94,3.28046,1,1,6
2,100,500,4,91,-4.76312,-117.973,81,13.3845,81,13.3845,1,1,5
2,100,500,4,92,-18.6213,75.7489,56,13.8407,56,13.8407,1,1,5
2,100,500,4,93,57.3272,-89.6091,76,13.5753,76,13.5753,1,1,4
2,100,500,4,94,-66.1211,60.4993,29,3.71035,29,3.71035,1,1,4
2,100,500,4,95,25.0367,-104.415,25,2.83563,25,2.83563,1,1,5
2,100,500,4,96,71.5241,15.1883,28,7.33928,28,7.33928,1,1,3
2,100,500,4,97,-6.9091,10.4354,84,8.57237,84,8.57237,1,1,6
2,100,500,4,98,-22.6625,-68.4261,82,17.2637,82,17.2637,1,1,7
2,100,500,4,99,-87.2135,60.0036,54,3.51805,54,3.51805,1,1,10
2,100,500,4,100,55.7477,135.245,20,15.7406,20,15.7406,1,1,2
2,100,500,4,101,47.8453,58.5523,6,14.4917,6,14.4917,1,1,3
2,100,500,4,102,-34.3919,-148.781,3,20.9658,3,20.9658,1,1,3
2,100,500,4,103,63.6082,-171.19,75,7.1615,75,7.1615,1,1,10
2,100,500,4,104,12.4182,-152.774,55,4.379,55,4.379,1,1,7
2,100,500,4,105,-83.4067,-139.603,35,2.82907,35,2.82907,1,1,7
2,100,500,4,106,-17.2929,3.66028,84,13.8397,84,13.8397,1,1,6
2,100,500,4,107,-38.788,108.172,72,7.52908,72,7.52908,1,1,5
2,100,500,4,108,-50.2954,-142.922,90,16.0341,90,16.0341,1,1,6
2,100,500,4,109,-80.7188,-52.8329,66,5.89861,66,5.89861,1,1,11
2,100,500,4,110,48.7888,68.6358,37,12.4348,37,12.4348,1,1,3
2,100,500,4,111,11.3763,60.6259,51,17.4378,51,17.4378,1,1,5
2,100,500,4,112,-48.0879,-171.066,90,26.3616,90,26.3616,1,1,6
2,100,500,4,113,-54.4694,38.4991,95,10.434,95,10.434,1,1,5
2,100,500,4,114,-29.7459,-103.366,34,12.4803,34,12.4803,1,1,5
2,100,500,4,115,-40.7486,-127.996,34,17.6096,34,17.6096,1,1,4
2,100,500,4,116,-74.0602,-165.807,90,13.3297,90,13.3297,1,1,7
2,100,500,4,117,55.278,-36.9042,67,5.92808,67,5.92808,1,1,5
2,100,500,4,118,-67.2937,57.7724,29,3.80432,29,3.80432,1,1,4
2,100,500,4,119,-14.0472,70.249,56,20.7821,56,20.7821,1,1,6
2,100,500,4,120,42.499,-14.9079,11,4.1651,11,4.1651,1,1,4
2,100,500,4,121,55.3231,-129.588,68,7.15113,68,7.15113,1,1,5
2,100,500,4,122,84.3762,-146.93,71,3.01617,71,3.01617,1,1,4
2,100,500,4,123,79.2919,-111.838,65,6.81477,65,6.81477,1,1,4
2,100,500,4,124,-54.9257,177.146,39,7.67429,39,7.67429,1,1,4
2,100,500,4,125,7.6644,167.726,22,6.69929,22,6.69929,1,1,2
2,100,500,4,126,32.891,-141.919,7,10.9536,7,10.9536,1,1,4
2,100,500,4,127,24.176,149.606,73,7.90917,73,7.90917,1,1,5
2,100,500,4,128,-66.4922,119.413,80,7.20727,80,7.20727,1,1,6
2,100,500,4,129,4.05266,-12.4761,84,16.806,84,16.806,1,1,8
2,100,500,4,130,-81.9762,106.608,40,3.56115,40,3.56115,1,1,5
2,100,500,4,131,19.7638,-132.073,9,4.30862,9,4.30862,1,1,5
2,100,500,4,132,60.4007,-29.9164,45,8.28171,45,8.28171,1,1,4
2,100,500,4,133,5.51149,166.214,22,9.29365,22,9.29365,1,1,3
2,100,500,4,134,-76.072,162.929,86,1.73743,86,1.73743,1,1,4
2,100,500,4,135,28.2315,112.854,0,14.2001,0,14.2001,1,1,1
2,100,500,4,136,-15.9896,-12.8907,84,19.6802,84,19.6802,1,1,5
2,100,500,4,137,81.6331,-43.2268,49,0.475621,49,0.475621,1,1,3
2,100,500,4,138,10.0897,141.85,73,9.62486,73,9.62486,1,1,3
2,100,500,4,139,12.4674,90.328,56,37.5962,56,37.5962,1,1,2
2,100,500,4,140,69.4981,-139.736,68,8.80154,68,8.80154,1,1,5
2,100,500,4,141,39.0271,24.7782,14,7.37144,14,7.37144,1,1,5
2,100,500,4,142,-50.8275,-53.5938,82,13.3272,82,13.3272,1,1,8
2,100,500,4,143,-2.80783,-54.6394,94,12.424,94,12.424,1,1,7
2,100,500,4,144,-57.0902,-177.51,90,21.9842,90,21.9842,1,1,7
2,100,500,4,145,56.4423,-98.1328,76,12.4589,76,12.4589,1,1,7
2,100,500,4,146,54.5489,-27.5879,97,8.0948,97,8.0948,1,1,5
2,100,500,4,147,-25.1028,49.8992,53,7.36521,53,7.36521,1,1,6
2,100,500,4,148,61.2479,140.817,20,11.8098,20,11.8098,1,1,4
2,100,500,4,149,18.0566,150.352,73,7.5279,73,7.5279,1,1,4
2,100,500,4,150,61.873,-87.4238,19,10.2102,19,10.2102,1,1,3
2,100,500,4,151,41.6029,-88.2332,74,20.9314,74,20.9314,1,1,7
2,100,500,4,152,39.8427,66.4719,37,21.5313,37,21.5313,1,1,3
2,100,500,4,153,24.27,-80.135,10,14.1366,10,14.1366,1,1,5
2,100,500,4,154,14.1609,-106.525,25,8.23818,25,8.23818,1,1,6
2,100,500,4,155,-84.9035,-12.682,54,2.09849,54,2.09849,1,1,10
2,100,500,4,156,-33.1307,88.2472,33,7.15504,33,7.15504,1,1,4
2,100,500,4,157,-83.9519,12.0836,54,1.56914,54,1.56914,1,1,11
2,100,500,4,158,-72.6733,6.4805,63,2.78433,63,2.78433,1,1,5
2,100,500,4,159,68.7221,-79.527,19,4.28531,19,4.28531,1,1,3
2,100,500,4,160,4.48507,70.3288,51,27.5957,51,27.5957,1,1,7
2,100,500,4,161,1.1701,-61.9321,94,8.40168,94,8.40168,1,1,6
2,100,500,4,162,-68.6295,132.135,80,6.5509,80,6.5509,1,1,5
2,100,500,4,163,83.9835,165.237,69,5.60798,69,5.60798,1,1,4
2,100,500,4,164,46.476,24.0803,14,5.06628,14,5.06628,1,1,5
2,100,500,4,165,67.7942,36.6981,57,7.02257,57,7.02257,1,1,4
2,100,500,4,166,58.3282,38.7942,6,2.73571,6,2.73571,1,1,3
2,100,500,4,167,64.2325,16.342,57,4.33594,57,4.33594,1,1,4
2,100,500,4,168,-37.367,-2.99503,92,10.6222,92,10.6222,1,1,7
2,100,500,4,169,58.1035,133.588,20,15.8568,20,15.8568,1,1,2
2,100,500,4,170,35.24,126.4,0,0.712713,0,0.712713,1,1,1
2,100,500,4,171,-29.5471,-175.781,3,40.6294,3,40.6294,1,1,3
2,100,500,4,172,17.3236,-46.998,27,11.7114,27,11.7114,1,1,6
2,100,500,4,173,8.15111,69.3006,51,26.0308,51,26.0308,1,1,7
2,100,500,4,174,69.7413,-26.2535,77,6.64258,77,6.64258,1,1,7
2,100,500,4,175,84.8868,-31.5473,1,2.05947,1,2.05947,1,1,2
2,100,500,4,176,-67.9623,-7.88625,63,7.3455,63,7.3455,1,1,6
2,100,500,4,177,43.2603,-93.1837,74,22.7917,74,22.7917,1,1,6
2,100,500,4,178,-27.8758,74.4877,33,9.87478,33,9.87478,1,1,5
2,100,500,4,179,-53.9735,-142.8,90,12.424,90,12.424,1,1,7
2,100,500,4,180,-40.716,-152.359,90,27.0942,90,27.0942,1,1,4
2,100,500,4,181,36.9492,-144.776,64,10.1975,64,10.1975,1,1,5
2,100,500,4,182,33.2178,22.3634,12,2.08503,12,2.08503,1,1,4
2,100,500,4,183,25.7832,171.702,46,3.93524,46,3.93524,1,1,4
2,100,500,4,184,-80.3158,-12.2266,66,0.862304,66,0.862304,1,1,10
2,100,500,4,185,62.6448,89.8483,13,3.9419,13,3.9419,1,1,5
2,100,500,4,186,-32.9133,-113.805,34,7.52243,34,7.52243,1,1,4
2,100,500,4,187,47.0334,148.821,59,8.0954,59,8.0954,1,1,3
2,100,500,4,188,9.59873,-69.631,94,10.8017,94,10.8017,1,1,6
2,100,500,4,189,19.0605,-21.32,24,9.37511,24,9.37511,1,1,6
2,100,500,4,190,42.0578,27.8947,14,3.52219,14,3.52219,1,1,5
2,100,500,4,191,63.5663,128.191,20,17.9084,20,17.9084,1,1,5
2,100,500,4,192,-79.9958,33.6533,54,6.19831,54,6.19831,1,1,6
2,100,500,4,193,-72.4965,-35.7432,30,4.19146,30,4.19146,1,1,7
2,100,500,4,194,-35.9295,-72.94,82,10.6778,82,10.6778,1,1,10
2,100,500,4,195,0.728592,26.7089,99,15.723,99,15.723,1,1,6
2,100,500,4,196,-22.6493,-104.644,34,11.5078,34,11.5078,1,1,5
2,100,500,4,197,30.9667,-158.863,64,7.31485,64,7.31485,1,1,7
2,100,500,4,198,48.8595,-66.5003,74,4.83554,74,4.83554,1,1,7
2,100,500,4,199,-83.5807,117.087,40,4.58498,40,4.58498,1,1,5
2,100,500,4,200,50.6366,138.128,59,14.8665,59,14.8665,1,1,3
2,100,500,4,201,13.4679,-144.554,55,4.57004,55,4.57004,1,1,6
2,100,500,4,202,-77.8383,-58.9974,98,4.80342,98,4.80342,1,1,9
2,100,500,4,203,-87.8665,43.521,54,2.992,54,2.992,1,1,9
2,100,500,4,204,25.6858,42.3881,70,13.9179,70,13.9179,1,1,6
2,100,500,4,205,-78.8995,-44.5128,66,5.41924,66,5.41924,1,1,9
2,100,500,4,206,-54.8586,149.334,39,9.07396,39,9.07396,1,1,3
2,100,500,4,207,-48.161,-89.7088,44,21.3296,44,21.3296,1,1,6
2,100,500,4,208,1.49346,-61.3149,94,7.88014,94,7.88014,1,1,6
2,100,500,4,209,27.274,111.128,0,16.0096,0,16.0096,1,1,1
2,100,500,4,210,22.8726,-123.995,9,9.81621,9,9.81621,1,1,5
2,100,500,4,211,-21.0816,-179.554,91,39.6705,91,39.6705,1,1,6
2,100,500,4,212,-24.3196,-160.23,3,26.1147,3,26.1147,1,1,3
2,100,500,4,213,-79.2083,-130.92,35,5.20693,35,5.20693,1,1,7
2,100,500,4,214,-23.3651,-145.578,3,12.746,3,12.746,1,1,3
2,100,500,4,215,83.0837,-125.457,71,5.20349,71,5.20349,1,1,4
2,100,500,4,216,86.2749,13.1031,1,2.96405,1,2.96405,1,1,2
2,100,500,4,217,-45.0053,-163.127,90,26.1297,90,26.1297,1,1,5
2,100,500,4,218,67.0529,-85.7436,19,6.81203,19,6.81203,1,1,3
2,100,500,4,219,30.1972,5.47739,12,12.8572,12,12.8572,1,1,5
2,100,500,4,220,68.3223,82.5953,13,2.47956,13,2.47956,1,1,5
2,100,500,4,221,70.4823,-153.073,71,12.2194,71,12.2194,1,1,7
2,100,500,4,222,25.9645,-135.357,9,2.7001,9,2.7001,1,1,5
2,100,500,4,223,-31.3908,-125.084,34,9.16567,34,9.16567,1,1,4
2,100,500,4,224,-8.33615,171.766,50,7.40659,50,7.40659,1,1,4
2,100,500,4,225,83.0219,-150.927,71,2.04394,71,2.04394,1,1,5
2,100,500,4,226,-66.1143,-56.1195,36,1.7899,36,1.7899,1,1,8
2,100,500,4,227,-75.2404,-0.867722,63,6.07386,63,6.07386,1,1,8
2,100,500,4,228,-18.1748,-128.897,3,3.70831,3,3.70831,1,1,3
2,100,500,4,229,24.1061,96.9203,88,26.5114,88,26.5114,1,1,2
2,100,500,4,230,-47.2377,34.3795,95,10.9201,95,10.9201,1,1,7
2,100,500,4,231,75.7316,-101.926,65,3.54032,65,3.54032,1,1,5
2,100,500,4,232,-66.2587,-118.547,43,3.84152,43,3.84152,1,1,7
2,100,500,4,233,-42.5261,-178.412,90,34.3454,90,34.3454,1,1,5
2,100,500,4,234,-12.1455,155.342,93,4.83569,93,4.83569,1,1,5
2,100,500,4,235,3.53291,-67.6466,94,10.3989,94,10.3989,1,1,6
2,100,500,4,236,28.9687,-31.9696,24,5.22138,24,5.22138,1,1,5
2,100,500,4,237,-20.3597,-70.1337,44,16.8508,44,16.8508,1,1,6
2,100,500,4,238,6.33649,76.4991,51,33.3379,51,33.3379,1,1,4
2,100,500,4,239,-7.60891,176.001,50,5.59955,50,5.59955,1,1,4
2,100,500,4,240,34.1327,-29.1741,24,7.34446,24,7.34446,1,1,4
2,100,500,4,241,-77.4632,116.037,40,1.61372,40,1.61372,1,1,4
2,100,500,4,242,47.3532,-125.407,68,15.0379,68,15.0379,1,1,4
2,100,500,4,243,-32.4154,-121.643,34,7.82704,34,7.82704,1,1,4
2,100,500,4,244,-37.1523,163.381,2,15.3779,2,15.3779,1,1,2
2,100,500,4,245,77.6385,11.22,28,1.1321,28,1.1321,1,1,3
2,100,500,4,246,8.88044,126.74,73,18.7774,73,18.7774,1,1,2
2,100,500,4,247,44.6472,65.2436,37,17.0579,37,17.0579,1,1,3
2,100,500,4,248,-85.9036,-175.758,85,3.93154,85,3.93154,1,1,10
2,100,500,4,249,33.416,-16.0983,24,10.8659,24,10.8659,1,1,5
2,100,500,4,250,79.7921,-106.102,65,7.24735,65,7.24735,1,1,4
2,100,500,4,251,48.1275,37.5216,14,5.62734,14,5.62734,1,1,4
2,100,500,4,252,20.9641,-124.464,9,9.73327,9,9.73327,1,1,5
2,100,500,4,253,73.694,-125.399,65,5.28011,65,5.28011,1,1,5
2,100,500,4,254,66.0174,-47.8299,19,8.15768,19,8.15768,1,1,3
2,100,500,4,255,-64.6991,20.3002,31,1.51253,31,1.51253,1,1,4
2,100,500,4,256,51.498,-104.325,68,16.5115,68,16.5115,1,1,6
2,100,500,4,257,-21.8314,17.7023,92,13.1382,92,13.1382,1,1,9
2,100,500,4,258,-24.8659,71.5063,33,13.8361,33,13.8361,1,1,5
2,100,500,4,259,38.0296,55.9636,14,19.9638,14,19.9638,1,1,4
2,100,500,4,260,27.4438,51.3363,51,19.5851,51,19.5851,1,1,5
2,100,500,4,261,-56.4082,-107.352,43,12.7207,43,12.7207,1,1,5
2,100,500,4,262,-0.961708,156.478,93,15.8463,93,15.8463,1,1,5
2,100,500,4,263,68.946,6.26935,28,9.82641,28,9.82641,1,1,3
2,100,500,4,264,80.36,24.724,28,3.18077,28,3.18077,1,1,3
2,100,500,4,265,85.0855,140.304,69,4.20287,69,4.20287,1,1,4
2,100,500,4,266,49.3109,86.4261,37,13.3139,37,13.3139,1,1,4
2,100,500,4,267,-1.08707,-39.45,62,5.30558,62,5.30558,1,1,7
2,100,500,4,268,70.9809,-34.7862,77,4.56663,77,4.56663,1,1,5
2,100,500,4,269,7.57558,93.9966,56,33.0605,56,33.0605,1,1,2
2,100,500,4,270,48.6919,65.753,37,13.0805,37,13.0805,1,1,4
2,100,500,4,271,-32.8516,20.3798,89,2.35769,89,2.35769,1,1,8
2,100,500,4,272,70.7142,70.634,8,5.53627,8,5.53627,1,1,4
2,100,500,4,273,-70.9589,-88.3035,98,5.53677,98,5.53677,1,1,7
2,100,500,4,274,-18.9299,114.141,72,13.0413,72,13.0413,1,1,5
2,100,500,4,275,73.83,-162.972,71,8.51185,71,8.51185,1,1,5
2,100,500,4,276,-7.26116,-145.156,83,16.2106,83,16.2106,1,1,4
2,100,500,4,277,-45.1618,163.554,39,7.95135,39,7.95135,1,1,3
2,100,500,4,278,-84.3392,-132.432,35,1.92945,35,1.92945,1,1,8
2,100,500,4,279,-5.0882,172.042,50,4.73179,50,4.73179,1,1,4
2,100,500,4,280,36.1462,-20.0054,11,10.2743,11,10.2743,1,1,3
2,100,500,4,281,66.1729,-9.08571,45,6.41773,45,6.41773,1,1,4
2,100,500,4,282,-56.7896,-49.8283,87,10.3886,87,10.3886,1,1,10
2,100,500,4,283,65.7321,-151.617,75,10.9134,75,10.9134,1,1,8
2,100,500,4,284,47.6927,-33.3846,11,10.9598,11,10.9598,1,1,3
2,100,500,4,285,61.1896,12.7692,57,6.09592,57,6.09592,1,1,5
2,100,500,4,286,-73.8158,-123.324,90,9.00538,90,9.00538,1,1,8
2,100,500,4,287,-73.4255,173.797,86,2.32534,86,2.32534,1,1,4
2,100,500,4,288,63.655,-108.769,76,4.45168,76,4.45168,1,1,6
2,100,500,4,289,-47.2534,-90.5496,44,20.5078,44,20.5078,1,1,6
2,100,500,4,290,-87.3137,-126.847,47,1.39726,47,1.39726,1,1,9
2,100,500,4,291,-36.7609,-9.14975,15,10.4187,15,10.4187,1,1,5
2,100,500,4,292,-46.0015,16.1546,60,1.64092,60,1.64092,1,1,5
2,100,500,4,293,-12.7978,-80.6815,44,15.3607,44,15.3607,1,1,6
2,100,500,4,294,31.8616,144.228,59,9.41203,59,9.41203,1,1,2
2,100,500,4,295,-44.32,-43.9844,52,12.4272,52,12.4272,1,1,6
2,100,500,4,296,-27.8886,-136.294,3,9.36292,3,9.36292,1,1,3
2,100,500,4,297,63.4649,10.6435,57,6.71763,57,6.71763,1,1,5
2,100,500,4,298,-3.06125,78.3941,56,24.2937,56,24.2937,1,1,4
2,100,500,4,299,19.513,-90.7371,10,13.0581,10,13.0581,1,1,5
2,100,500,4,300,-67.4952,-18.5947,30,10.0148,30,10.0148,1,1,6
2,100,500,4,301,51.0161,-102.622,76,17.2584,76,17.2584,1,1,7
2,100,500,4,302,19.0407,135.181,73,7.01518,73,7.01518,1,1,2
2,100,500,4,303,-54.4126,-14.6085,87,10.1017,87,10.1017,1,1,7
2,100,500,4,304,-76.7938,-23.332,66,4.39809,66,4.39809,1,1,8
2,100,500,4,305,37.4209,-148.215,64,7.41213,64,7.41213,1,1,5
2,100,500,4,306,14.9107,-178.68,91,4.64278,91,4.64278,1,1,8
2,100,500,4,307,11.3176,117.818,73,25.2913,73,25.2913,1,1,2
2,100,500,4,308,8.73737,177.04,58,4.10819,58,4.10819,1,1,4
2,100,500,4,309,-71.4316,-98.8022,98,7.7396,98,7.7396,1,1,7
2,100,500,4,310,70.6339,-51.5031,77,6.35139,77,6.35139,1,1,4
2,100,500,4,311,18.6067,-94.5094,25,10.7485,25,10.7485,1,1,6
2,100,500,4,312,-3.89865,-15.8567,84,18.3615,84,18.3615,1,1,8
2,100,500,4,313,48.067,166.08,20,10.6444,20,10.6444,1,1,2
2,100,500,4,314,-58.7313,-44.8399,87,8.33516,87,8.33516,1,1,10
2,100,500,4,315,-52.3284,-72.453,18,15.1601,18,15.1601,1,1,6
2,100,500,4,316,58.2827,177.375,20,7.10941,20,7.10941,1,1,3
2,100,500,4,317,2.4625,-25.3532,62,10.985,62,10.985,1,1,7
2,100,500,4,318,66.2783,76.0998,13,3.9798,13,3.9798,1,1,5
2,100,500,4,319,70.0191,158.969,20,11.5858,20,11.5858,1,1,5
2,100,500,4,320,-63.6161,34.8801,31,7.30453,31,7.30453,1,1,5
2,100,500,4,321,-84.623,82.5892,54,6.18602,54,6.18602,1,1,7
2,100,500,4,322,18.1001,33.3893,99,9.80178,99,9.80178,1,1,6
2,100,500,4,323,10.2038,-126.325,81,8.35829,81,8.35829,1,1,6
2,100,500,4,324,15.2145,57.5444,51,15.3082,51,15.3082,1,1,5
2,100,500,4,325,-22.5636,-8.30312,92,16.8287,92,16.8287,1,1,6
2,100,500,4,326,-86.9794,172.086,40,10.3209,40,10.3209,1,1,4
2,100,500,4,327,38.5937,-1.75603,11,13.8922,11,13.8922,1,1,4
2,100,500,4,328,-11.8853,-6.67845,84,12.4014,84,12.4014,1,1,6
2,100,500,4,329,-7.83791,38.7669,51,17.8729,51,17.8729,1,1,6
2,100,500,4,330,64.2408,59.6673,37,7.70399,37,7.70399,1,1,4
2,100,500,4,331,73.157,65.0471,8,2.75331,8,2.75331,1,1,4
2,100,500,4,332,28.5213,-28.7611,24,2.47293,24,2.47293,1,1,5
2,100,500,4,333,-70.1531,9.59915,63,0.723814,63,0.723814,1,1,5
2,100,500,4,334,-66.3306,179.732,86,9.36964,86,9.36964,1,1,4
2,100,500,4,335,-5.71593,-79.8934,10,15.954,10,15.954,1,1,4
2,100,500,4,336,17.3061,-0.677841,84,21.047,84,21.047,1,1,6
2,100,500,4,337,-88.6521,-109.188,85,0.503108,85,0.503108,1,1,11
2,100,500,4,338,-73.6443,23.1033,63,4.80081,63,4.80081,1,1,6
2,100,500,4,339,-27.7563,63.1405,21,10.5984,21,10.5984,1,1,4
2,100,500,4,340,-49.6761,79.3601,96,11.8376,96,11.8376,1,1,7
2,100,500,4,341,-62.5813,-93.311,18,11.3758,18,11.3758,1,1,7
2,100,500,4,342,35.7231,132.025,0,3.95968,0,3.95968,1,1,1
2,100,500,4,343,42.4665,-132.324,7,11.0689,7,11.0689,1,1,4
2,100,500,4,344,-27.3268,-110.743,34,5.58752,34,5.58752,1,1,5
2,100,500,4,345,43.2213,-106.172,25,20.9213,25,20.9213,1,1,4
2,100,500,4,346,64.4623,52.7566,6,6.65921,6,6.65921,1,1,3
2,100,500,4,347,69.4376,5.96715,28,9.34456,28,9.34456,1,1,3
2,100,500,4,348,-78.0022,178.569,5,2.07557,5,2.07557,1,1,3
2,100,500,4,349,-82.2169,-108.666,35,1.7437,35,1.7437,1,1,7
2,100,500,4,350,89.1506,4.13445,69,1.7834,69,1.7834,1,1,3
2,100,500,4,351,-4.27959,32.9134,51,17.0896,51,17.0896,1,1,6
2,100,500,4,352,-88.2717,-5.8634,48,2.47738,48,2.47738,1,1,10
2,100,500,4,353,51.8629,-143.832,75,13.5713,75,13.5713,1,1,6
2,100,500,4,354,-81.38,-131.787,35,3.3029,35,3.3029,1,1,7
2,100,500,4,355,49.6543,-82.1123,74,12.8306,74,12.8306,1,1,6
2,100,500,4,356,63.7866,154.146,20,6.94869,20,6.94869,1,1,4
2,100,500,4,357,2.28838,19.0195,99,14.4551,99,14.4551,1,1,8
2,100,500,4,358,53.0854,-90.4902,74,16.9913,74,16.9913,1,1,5
2,100,500,4,359,33.3476,-128.483,7,1.69941,7,1.69941,1,1,4
2,100,500,4,360,-10.6165,-26.8621,62,16.738,62,16.738,1,1,6
2,100,500,4,361,-27.3274,-72.3084,44,13.1443,44,13.1443,1,1,6
2,100,500,4,362,-77.0528,-95.7797,98,5.5531,98,5.5531,1,1,8
2,100,500,4,363,56.8293,-130.11,68,5.7335,68,5.7335,1,1,5
2,100,500,4,364,-48.6054,129.225,42,8.91129,42,8.91129,1,1,3
2,100,500,4,365,-29.3879,-98.9096,44,10.7216,44,10.7216,1,1,6
2,100,500,4,366,-23.3203,112.665,72,8.43827,72,8.43827,1,1,5
2,100,500,4,367,57.0019,-43.184,67,2.02422,67,2.02422,1,1,5
2,100,500,4,368,-36.5992,37.7295,53,8.24291,53,8.24291,1,1,6
2,100,500,4,369,-3.50797,-55.9584,94,12.7407,94,12.7407,1,1,7
2,100,500,4,370,42.9713,-87.7075,74,19.7218,74,19.7218,1,1,7
2,100,500,4,371,20.9647,33.5159,99,10.7977,99,10.7977,1,1,7
2,100,500,4,372,-56.7808,-133.494,43,8.52192,43,8.52192,1,1,6
2,100,500,4,373,-63.7323,172.609,86,11.0704,86,11.0704,1,1,5
2,100,500,4,374,-21.9921,119.231,72,12.5659,72,12.5659,1,1,4
2,100,500,4,375,-67.9369,114.783,80,5.94924,80,5.94924,1,1,6
2,100,500,4,376,-43.8158,-10.5286,15,6.24056,15,6.24056,1,1,6
2,100,500,4,377,-68.7628,-61.7371,36,2.32977,36,2.32977,1,1,7
2,100,500,4,378,36.8458,156.133,59,4.33059,59,4.33059,1,1,4
2,100,500,4,379,-5.92356,156.481,93,11.0431,93,11.0431,1,1,5
2,100,500,4,380,52.6791,109.377,88,4.5603,88,4.5603,1,1,3
2,100,500,4,381,-61.2143,-121.282,43,4.33684,43,4.33684,1,1,7
2,100,500,4,382,21.0211,171.575,46,4.32794,46,4.32794,1,1,4
2,100,500,4,383,7.76682,148.844,73,13.3823,73,13.3823,1,1,3
2,100,500,4,384,14.6523,-171.482,78,3.6967,78,3.6967,1,1,7
2,100,500,4,385,-43.5573,-64.7527,82,6.43899,82,6.43899,1,1,9
2,100,500,4,386,-39.5949,134.815,2,9.20573,2,9.20573,1,1,2
2,100,500,4,387,74.3816,-12.7513,77,6.50875,77,6.50875,1,1,4
2,100,500,4,388,-89.3395,-158.702,85,0.56152,85,0.56152,1,1,10
2,100,500,4,389,-10.0711,-42.6632,62,14.7033,62,14.7033,1,1,9
2,100,500,4,390,70.2645,23.984,57,7.65463,57,7.65463,1,1,6
2,100,500,4,391,-53.9401,-127.103,43,10.7479,43,10.7479,1,1,6
2,100,500,4,392,-83.2723,-65.4058,48,4.13048,48,4.13048,1,1,10
2,100,500,4,393,-4.41985,87.147,56,20.7544,56,20.7544,1,1,4
2,100,500,4,394,-44.6363,159.313,39,9.10873,39,9.10873,1,1,3
2,100,500,4,395,31.814,-163.914,64,8.24662,64,8.24662,1,1,7
2,100,500,4,396,44.3452,121.199,88,8.24869,88,8.24869,1,1,2
2,100,500,4,397,-52.5984,-49.2675,87,10.4514,87,10.4514,1,1,10
2,100,500,4,398,56.3872,90.3368,37,9.32281,37,9.32281,1,1,5
2,100,500,4,399,-40.2118,-37.921,52,7.8951,52,7.8951,1,1,6
2,100,500,4,400,49.4272,12.4619,23,9.14946,23,9.14946,1,1,7
2,100,500,4,401,38.6632,-160.335,64,2.23424,64,2.23424,1,1,6
2,100,500,4,402,-16.3616,46.0895,53,14.8921,53,14.8921,1,1,6
2,100,500,4,403,3.45669,-31.4024,62,4.92263,62,4.92263,1,1,7
2,100,500,4,404,33.694,166.771,46,9.96795,46,9.96795,1,1,4
2,100,500,4,405,52.9672,27.917,14,8.39435,14,8.39435,1,1,4
2,100,500,4,406,5.37758,178.054,58,7.61574,58,7.61574,1,1,5
2,100,500,4,407,40.4072,24.2106,14,6.61698,14,6.61698,1,1,5
2,100,500,4,408,-33.6758,-108.025,34,10.9031,34,10.9031,1,1,5
2,100,500,4,409,-34.3212,23.3759,89,1.06515,89,1.06515,1,1,8
2,100,500,4,410,-64.3561,174.986,86,10.6556,86,10.6556,1,1,4
2,100,500,4,411,19.7307,139.978,73,2.45474,73,2.45474,1,1,2
2,100,500,4,412,58.0924,114.265,88,10.1373,88,10.1373,1,1,3
2,100,500,4,413,-44.6446,48.9592,95,2.82824,95,2.82824,1,1,6
2,100,500,4,414,12.3007,10.2871,99,13.2212,99,13.2212,1,1,8
2,100,500,4,415,-84.4809,-56.544,48,3.0163,48,3.0163,1,1,10
2,100,500,4,416,-78.6255,88.3646,40,5.84812,40,5.84812,1,1,6
2,100,500,4,417,-18.4397,-9.9743,84,19.3438,84,19.3438,1,1,5
2,100,500,4,418,-22.773,150.034,93,6.94006,93,6.94006,1,1,4
2,100,500,4,419,69.3117,-158.158,75,12.6967,75,12.6967,1,1,8
2,100,500,4,420,68.4026,64.5578,8,7.49095,8,7.49095,1,1,4
2,100,500,4,421,24.8795,-32.4396,24,5.88934,24,5.88934,1,1,5
2,100,500,4,422,31.306,-49.4266,27,5.65711,27,5.65711,1,1,7
2,100,500,4,423,85.8855,175.26,69,3.81772,69,3.81772,1,1,3
2,100,500,4,424,11.2741,-76.8714,10,4.4802,10,4.4802,1,1,5
2,100,500,4,425,9.31818,73.836,51,30.4268,51,30.4268,1,1,6
2,100,500,4,426,-40.9429,-121.902,34,15.6916,34,15.6916,1,1,4
2,100,500,4,427,16.9071,-145.701,55,3.80366,55,3.80366,1,1,6
2,100,500,4,428,86.1812,124.525,69,3.11571,69,3.11571,1,1,3
2,100,500,4,429,41.6291,16.9639,12,9.98929,12,9.98929,1,1,4
2,100,500,4,430,-22.594,94.2964,56,5.51565,56,5.51565,1,1,5
2,100,500,4,431,70.2099,-22.439,77,6.88134,77,6.88134,1,1,5
2,100,500,4,432,1.33048,-76.4595,10,10.0687,10,10.0687,1,1,5
2,100,500,4,433,73.7934,137.115,17,13.2101,17,13.2101,1,1,5
2,100,500,4,434,-53.2127,106.21,42,6.27804,42,6.27804,1,1,5
2,100,500,4,435,79.4785,-149.62,71,3.84191,71,3.84191,1,1,5
2,100,500,4,436,-4.61607,28.716,51,20.0882,51,20.0882,1,1,6
2,100,500,4,437,-1.02988,-126.62,81,4.3349,81,4.3349,1,1,4
2,100,500,4,438,79.6447,-10.2888,28,3.85898,28,3.85898,1,1,3
2,100,500,4,439,-65.6798,1.83757,63,5.97596,63,5.97596,1,1,6
2,100,500,4,440,46.4199,67.2767,37,14.9628,37,14.9628,1,1,3
2,100,500,4,441,-52.1632,-169.046,90,22.1103,90,22.1103,1,1,6
2,100,500,4,442,62.6873,109.488,13,10.7352,13,10.7352,1,1,3
2,100,500,4,443,-67.3736,117.737,80,6.34671,80,6.34671,1,1,6
2,100,500,4,444,27.0064,128.511,0,8.6733,0,8.6733,1,1,1
2,100,500,4,445,-22.6496,-171.175,3,36.1375,3,36.1375,1,1,3
2,100,500,4,446,21.4037,-84.8793,10,11.7455,10,11.7455,1,1,5
2,100,500,4,447,-6.80709,-134.532,83,9.20446,83,9.20446,1,1,5
2,100,500,4,448,9.33062,-46.0275,62,11.4255,62,11.4255,1,1,6
2,100,500,4,449,-88.7083,92.2358,85,4.1707,85,4.1707,1,1,10
2,100,500,4,450,-59.9087,161.54,39,7.00659,39,7.00659,1,1,4
2,100,500,4,451,61.3078,50.9505,6,4.08942,6,4.08942,1,1,3
2,100,500,4,452,5.12821,-59.4441,94,3.87484,94,3.87484,1,1,6
2,100,500,4,453,52.1652,-10.4541,97,3.78917,97,3.78917,1,1,6
2,100,500,4,454,55.1335,152.971,20,6.87126,20,6.87126,1,1,2
2,100,500,4,455,85.6917,23.1068,1,3.43683,1,3.43683,1,1,2
2,100,500,4,456,20.1237,-112.943,25,7.47344,25,7.47344,1,1,6
2,100,500,4,457,17.0303,-14.378,24,15.0775,24,15.0775,1,1,5
2,100,500,4,458,88.2724,79.3134,69,1.53607,69,1.53607,1,1,3
2,100,500,4,459,-38.3205,50.5576,38,3.78536,38,3.78536,1,1,5
2,100,500,4,460,13.9122,58.0598,51,15.3897,51,15.3897,1,1,5
2,100,500,4,461,29.6912,-109.368,25,8.24292,25,8.24292,1,1,5
2,100,500,4,462,76.5903,-134.232,65,8.14468,65,8.14468,1,1,4
2,100,500,4,463,-31.95,-8.15819,92,13.5162,92,13.5162,1,1,6
2,100,500,4,464,-0.129631,-61.3166,94,9.42907,94,9.42907,1,1,6
2,100,500,4,465,-47.9612,59.9234,95,6.41096,95,6.41096,1,1,5
2,100,500,4,466,-39.8881,-153.307,3,27.4422,3,27.4422,1,1,3
2,100,500,4,467,-34.5631,110.48,72,3.20803,72,3.20803,1,1,5
2,100,500,4,468,-16.3754,-144.796,3,11.865,3,11.865,1,1,3
2,100,500,4,469,-39.9869,-102.484,44,18.3223,44,18.3223,1,1,6
2,100,500,4,470,-85.9125,-88.5904,47,1.46474,47,1.46474,1,1,9
2,100,500,4,471,50.3115,48.4224,6,9.43717,6,9.43717,1,1,3
2,100,500,4,472,-10.7667,-45.3163,62,16.6009,62,16.6009,1,1,9
2,100,500,4,473,-72.9778,-24.9885,30,7.30071,30,7.30071,1,1,7
2,100,500,4,474,-73.0014,-42.5966,30,3.42315,30,3.42315,1,1,7
2,100,500,4,475,-77.2155,61.8216,29,8.5068,29,8.5068,1,1,5
2,100,500,4,476,-82.2684,84.9514,40,6.35524,40,6.35524,1,1,6
2,100,500,4,477,66.2267,168.644,20,7.92585,20,7.92585,1,1,5
2,100,500,4,478,65.3598,-111.447,76,3.10649,76,3.10649,1,1,5
2,100,500,4,479,-9.75717,-49.5397,62,18.492,62,18.492,1,1,7
2,100,500,4,480,3.61841,64.5633,51,22.2278,51,22.2278,1,1,5
2,100,500,4,481,-84.8082,107.461,40,6.01028,40,6.01028,1,1,5
2,100,500,4,482,45.6283,-58.7425,74,7.61735,74,7.61735,1,1,8
2,100,500,4,483,18.9704,-121.494,9,13.0289,9,13.0289,1,1,5
2,100,500,4,484,-11.7691,137.967,61,9.23604,61,9.23604,1,1,3
2,100,500,4,485,-21.9889,-15.3633,15,22.0797,15,22.0797,1,1,4
2,100,500,4,486,-65.3117,-123.355,43,1.65915,43,1.65915,1,1,7
2,100,500,4,487,-73.4704,27.8431,63,5.89122,63,5.89122,1,1,6
2,100,500,4,488,5.66446,-112.896,81,16.6817,81,16.6817,1,1,8
2,100,500,4,489,-88.5727,45.3261,85,3.48354,85,3.48354,1,1,10
2,100,500,4,490,12.2535,-151.576,55,3.59435,55,3.59435,1,1,7
2,100,500,4,491,-36.4262,39.9703,53,6.80742,53,6.80742,1,1,6
2,100,500,4,492,56.6875,-120.399,68,6.61581,68,6.61581,1,1,5
2,100,500,4,493,14.3071,64.0946,51,21.1919,51,21.1919,1,1,5
2,100,500,4,494,-25.9228,-170.9,3,35.9523,3,35.9523,1,1,3
2,100,500,4,495,-82.7225,135.391,40,4.59323,40,4.59323,1,1,4
2,100,500,4,496,36.8316,-155.061,64,2.39888,64,2.39888,1,1,6
2,100,500,4,497,31.4259,-15.0803,24,10.7503,24,10.7503,1,1,5
2,100,500,4,498,-16.9019,-79.2074,44,12.4044,44,12.4044,1,1,6
2,100,500,4,499,21.7128,122.658,0,14.4384,0,14.4384,1,1,1
3,100,500,4,0,-57.3037,-41.0564,2,4.70418,2,4.70418,1,1,3
3,100,500,4,1,81.5691,-149.411,14,3.28604,14,3.28604,1,1,5
3,100,500,4,2,-42.0389,-50.9086,24,12.5831,24,12.5831,1,1,3
3,100,500,4,3,32.7621,47.4356,62,4.28433,62,4.28433,1,1,7
3,100,500,4,4,-60.9906,136.109,41,7.04087,41,7.04087,1,1,2
3,100,500,4,5,57.6663,97.3564,74,6.95104,74,6.95104,1,1,4
3,100,500,4,6,36.0289,161.172,75,13.6401,75,13.6401,1,1,5
3,100,500,4,7,79.7832,72.3693,23,1.96085,23,1.96085,1,1,4
3,100,500,4,8,-62.8854,-42.3829,2,1.57276,2,1.57276,1,1,3
3,100,500,4,9,0.949997,159.87,13,11.0018,13,11.0018,1,1,3
3,100,500,4,10,47.0221,55.1427,25,11.0851,25,11.0851,1,1,5
3,100,500,4,11,-75.6752,-160.425,11,12.8141,11,12.8141,1,1,4
3,100,500,4,12,-12.6894,-6.40863,29,3.47583,29,3.47583,1,1,5
3,100,500,4,13,-79.9273,176.652,46,6.51584,46,6.51584,1,1,3
3,100,500,4,14,-16.1963,-160.426,59,9.46524,59,9.46524,1,1,6
3,100,500,4,15,-17.8159,33.0001,87,2.00962,87,2.00962,1,1,7
3,100,500,4,16,-10.7411,-52.4937,17,20.0198,17,20.0198,1,1,3
3,100,500,4,17,31.7943,74.4401,70,17.5007,70,17.5007,1,1,5
3,100,500,4,18,38.2989,-50.8871,69,9.32532,69,9.32532,1,1,6
3,100,500,4,19,-29.0621,134.617,43,1.48865,43,1.48865,1,1,5
3,100,500,4,20,-47.3893,-122.792,21,2.73876,21,2.73876,1,1,4
3,100,500,4,21,25.9865,157.279,75,3.3588,75,3.3588,1,1,4
3,100,500,4,22,-70.8097,31.5393,54,4.91611,54,4.91611,1,1,4
3,100,500,4,23,24.8243,-87.3901,81,3.66701,81,3.66701,1,1,6
3,100,500,4,24,84.5782,-128.451,14,1.23489,14,1.23489,1,1,5
3,100,500,4,25,-53.7601,83.2006,60,16.0801,60,16.0801,1,1,5
3,100,500,4,26,53.3457,-78.8706,84,10.806,84,10.806,1,1,6
3,100,500,4,27,51.3877,-98.6875,84,12.6918,84,12.6918,1,1,8
3,100,500,4,28,47.3604,122.921,51,12.1979,51,12.1979,1,1,5
3,100,500,4,29,-51.0179,-117.672,21,4.38611,21,4.38611,1,1,5
3,100,500,4,30,71.2475,42.3322,3,9.32551,3,9.32551,1,1,3
3,100,500,4,31,47.6641,-58.9871,8,2.1066,8,2.1066,1,1,5
3,100,500,4,32,84.9193,-21.0831,57,4.09138,57,4.09138,1,1,6
3,100,500,4,33,-82.2735,66.4363,46,10.2516,46,10.2516,1,1,6
3,100,500,4,34,54.0149,-42.6712,94,1.30989,94,1.30989,1,1,6
3,100,500,4,35,10.5264,-166.749,37,20.8105,37,20.8105,1,1,6
3,100,500,4,36,7.26856,-106.974,76,9.51025,76,9.51025,1,1,6
3,100,500,4,37,85.2653,52.9177,6,2.0655,6,2.0655,1,1,4
3,100,500,4,38,52.2825,40.1792,78,5.08726,78,5.08726,1,1,6
3,100,500,4,39,72.7638,93.7214,66,4.95148,66,4.95148,1,1,5
3,100,500,4,40,45.8639,-141.993,15,11.6468,15,11.6468,1,1,7
3,100,500,4,41,-1.53902,18.4191,85,18.9338,85,18.9338,1,1,6
3,100,500,4,42,-20.4316,-80.3027,17,10.1837,17,10.1837,1,1,3
3,100,500,4,43,49.8658,-126.142,50,8.29352,50,8.29352,1,1,9
3,100,500,4,44,-68.6909,177.696,0,8.10549,0,8.10549,1,1,1
3,100,500,4,45,-31.9071,-174.887,32,7.00748,32,7.00748,1,1,4
3,100,500,4,46,20.014,-148.486,61,20.1383,61,20.1383,1,1,6
3,100,500,4,47,-26.9369,29.8665,73,9.97043,73,9.97043,1,1,6
3,100,500,4,48,5.21552,-38.4208,18,32.346,18,32.346,1,1,6
3,100,500,4,49,-41.8486,-61.5391,49,9.18143,49,9.18143,1,1,3
3,100,500,4,50,49.454,117.356,74,9.65188,74,9.65188,1,1,4
3,100,500,4,51,-24.1439,-66.5549,17,12.4342,17,12.4342,1,1,3
3,100,500,4,52,-84.8093,-57.7572,92,5.53295,92,5.53295,1,1,5
3,100,500,4,53,83.1814,114.946,48,3.97388,48,3.97388,1,1,4
3,100,500,4,54,81.211,131.89,48,4.17677,48,4.17677,1,1,5
3,100,500,4,55,14.3339,74.1498,12,8.33885,12,8.33885,1,1,4
3,100,500,4,56,84.949,-154.41,19,2.36706,19,2.36706,1,1,6
3,100,500,4,57,-43.7155,-50.9652,24,13.7097,24,13.7097,1,1,3
3,100,500,4,58,-27.3564,-167.699,32,3.2822,32,3.2822,1,1,4
3,100,500,4,59,1.44618,-12.0947,29,14.1399,29,14.1399,1,1,6
3,100,500,4,60,-85.0019,119.078,46,3.39563,46,3.39563,1,1,3
3,100,500,4,61,-3.49076,50.0242,63,13.9517,63,13.9517,1,1,8
3,100,500,4,62,75.2961,119.145,66,3.43872,66,3.43872,1,1,7
3,100,500,4,63,-50.0547,-18.9767,2,16.5877,2,16.5877,1,1,3
3,100,500,4,64,-49.6381,-3.80652,52,19.6256,52,19.6256,1,1,4
3,100,500,4,65,49.7421,179.632,22,24.1564,22,24.1564,1,1,5
3,100,500,4,66,-33.2254,-128.804,5,0.755706,5,0.755706,1,1,3
3,100,500,4,67,-33.4615,-56.0694,1,13.2715,1,13.2715,1,1,2
3,100,500,4,68,-3.28042,-80.5602,28,7.49272,28,7.49272,1,1,5
3,100,500,4,69,-60.5615,-24.1388,2,7.58598,2,7.58598,1,1,3
3,100,500,4,70,-64.3349,87.5448,60,5.25639,60,5.25639,1,1,5
3,100,500,4,71,-64.9945,-138.772,16,0.658369,16,0.658369,1,1,6
3,100,500,4,72,56.5673,-37.4201,94,5.1657,94,5.1657,1,1,6
3,100,500,4,73,-4.86854,-121.578,9,11.0586,9,11.0586,1,1,4
3,100,500,4,74,-12.5598,173.155,13,16.8975,13,16.8975,1,1,3
3,100,500,4,75,23.1635,-15.1234,72,14.435,72,14.435,1,1,8
3,100,500,4,76,56.1167,-140.655,15,3.40866,15,3.40866,1,1,8
3,100,500,4,77,-72.5496,82.8258,60,4.58699,60,4.58699,1,1,4
3,100,500,4,78,79.245,-65.2086,79,1.66998,79,1.66998,1,1,8
3,100,500,4,79,-58.0754,-120.786,89,5.86863,89,5.86863,1,1,6
3,100,500,4,80,55.4925,163.333,51,16.42,51,16.42,1,1,6
3,100,500,4,81,-60.5771,-135.466,95,3.43905,95,3.43905,1,1,6
3,100,500,4,82,-72.7352,-8.07732,47,10.2903,47,10.2903,1,1,4
3,100,500,4,83,-5.76768,27.9688,87,13.1656,87,13.1656,1,1,7
3,100,500,4,84,45.6812,47.3417,62,9.38586,62,9.38586,1,1,6
3,100,500,4,85,-88.085,142.693,46,2.14008,46,2.14008,1,1,3
3,100,500,4,86,-22.5568,-126.159,5,11.1924,5,11.1924,1,1,3
3,100,500,4,87,-88.0396,-111.979,11,1.42744,11,1.42744,1,1,4
3,100,500,4,88,8.21041,-5.81625,29,21.1552,29,21.1552,1,1,6
3,100,500,4,89,-26.7786,171.301,80,19.7402,80,19.7402,1,1,3
3,100,500,4,90,-6.33047,172.77,13,10.7076,13,10.7076,1,1,3
3,100,500,4,91,-11.9111,-80.4275,17,7.55455,17,7.55455,1,1,3
3,100,500,4,92,-73.9424,11.0786,54,10.7888,54,10.7888,1,1,5
3,100,500,4,93,-88.8008,-169.395,11,0.441142,11,0.441142,1,1,4
3,100,500,4,94,62.935,-113.753,84,11.4521,84,11.4521,1,1,8
3,100,500,4,95,-55.0904,56.8549,38,13.5083,38,13.5083,1,1,3
3,100,500,4,96,-65.2096,-51.3351,2,6.1358,2,6.1358,1,1,3
3,100,500,4,97,50.6945,-95.8896,84,12.7845,84,12.7845,1,1,7
3,100,500,4,98,60.2938,-90.1464,84,2.65035,84,2.65035,1,1,7
3,100,500,4,99,56.0396,31.95,78,1.47474,78,1.47474,1,1,5
3,100,500,4,100,68.5976,115.909,26,1.64209,26,1.64209,1,1,4
3,100,500,4,101,-2.67866,-87.9182,28,4.68531,28,4.68531,1,1,5
3,100,500,4,102,84.8751,-1.43649,57,3.7462,57,3.7462,1,1,5
3,100,500,4,103,-9.94859,6.17105,85,13.6286,85,13.6286,1,1,6
3,100,500,4,104,86.3736,106.546,48,3.68262,48,3.68262,1,1,5
3,100,500,4,105,-1.26387,-19.9137,29,14.9844,29,14.9844,1,1,4
3,100,500,4,106,49.6577,153.65,51,14.2059,51,14.2059,1,1,7
3,100,500,4,107,39.8294,131.43,51,17.8437,51,17.8437,1,1,6
3,100,500,4,108,-7.63569,82.0572,64,17.1376,64,17.1376,1,1,7
3,100,500,4,109,71.0179,-69.4014,58,3.98189,58,3.98189,1,1,7
3,100,500,4,110,74.1523,-148.145,55,2.05742,55,2.05742,1,1,6
3,100,500,4,111,83.7268,-162.115,19,3.672,19,3.672,1,1,6
3,100,500,4,112,-9.74011,88.8425,64,17.0726,64,17.0726,1,1,6
3,100,500,4,113,-39.0021,-78.8927,1,6.16167,1,6.16167,1,1,2
3,100,500,4,114,89.3481,-145.925,99,0.999297,99,0.999297,1,1,8
3,100,500,4,115,66.5287,135.891,33,5.5021,33,5.5021,1,1,5
3,100,500,4,116,74.9922,-52.2999,58,2.60022,58,2.60022,1,1,8
3,100,500,4,117,-66.0134,139.735,41,1.79726,41,1.79726,1,1,2
3,100,500,4,118,63.1318,28.076,78,8.83503,78,8.83503,1,1,5
3,100,500,4,119,-17.0472,119.011,93,11.0218,93,11.0218,1,1,6
3,100,500,4,120,-22.6892,143.378,80,7.72272,80,7.72272,1,1,6
3,100,500,4,121,-40.4514,-126.063,5,7.0047,5,7.0047,1,1,3
3,100,500,4,122,58.514,178.756,22,15.358,22,15.358,1,1,4
3,100,500,4,123,-87.3163,-78.2434,92,2.62605,92,2.62605,1,1,5
3,100,500,4,124,40.4066,147.403,51,19.3776,51,19.3776,1,1,5
3,100,500,4,125,16.1776,49.1178,12,16.7684,12,16.7684,1,1,6
3,100,500,4,126,89.629,19.8087,99,0.310488,99,0.310488,1,1,7
3,100,500,4,127,33.5016,-20.2223,39,6.66235,39,6.66235,1,1,7
3,100,500,4,128,-35.6744,168.999,80,18.3529,80,18.3529,1,1,2
3,100,500,4,129,40.4425,-72.6526,8,13.1697,8,13.1697,1,1,4
3,100,500,4,130,-78.4629,33.9424,54,7.62021,54,7.62021,1,1,5
3,100,500,4,131,-58.3806,173.058,0,3.94096,0,3.94096,1,1,1
3,100,500,4,132,80.8212,-68.788,79,2.71547,79,2.71547,1,1,8
3,100,500,4,133,66.3965,107.906,26,5.15335,26,5.15335,1,1,3
3,100,500,4,134,69.644,-81.3013,84,7.41309,84,7.41309,1,1,8
3,100,500,4,135,23.4584,-86.0905,81,2.09684,81,2.09684,1,1,6
3,100,500,4,136,-58.9617,146.014,41,9.20495,41,9.20495,1,1,2
3,100,500,4,137,-16.0768,179.105,83,20.6154,83,20.6154,1,1,3
3,100,500,4,138,72.385,-26.7862,53,4.86619,53,4.86619,1,1,6
3,100,500,4,139,-39.5694,45.5832,73,22.7775,73,22.7775,1,1,5
3,100,500,4,140,-29.6916,133.216,43,2.60016,43,2.60016,1,1,5
3,100,500,4,141,-42.6495,-60.1253,49,9.52928,49,9.52928,1,1,3
3,100,500,4,142,-13.4875,161.704,80,19.02,80,19.02,1,1,4
3,100,500,4,143,49.8262,81.6763,7,13.2824,7,13.2824,1,1,3
3,100,500,4,144,75.3517,0.537445,53,3.57544,53,3.57544,1,1,6
3,100,500,4,145,-85.4881,173.777,46,1.16856,46,1.16856,1,1,3
3,100,500,4,146,-72.7601,-107.737,91,6.64625,91,6.64625,1,1,8
3,100,500,4,147,83.418,-163.878,19,4.01176,19,4.01176,1,1,6
3,100,500,4,148,1.73724,119.629,71,11.309,71,11.309,1,1,4
3,100,500,4,149,62.0142,-37.2376,94,9.80645,94,9.80645,1,1,8
3,100,500,4,150,-70.8361,-9.05481,47,11.4754,47,11.4754,1,1,4
3,100,500,4,151,28.336,-79.5957,81,6.46802,81,6.46802,1,1,4
3,100,500,4,152,-21.5204,-155.482,32,14.793,32,14.793,1,1,5
3,100,500,4,153,-40.2456,-78.2708,1,6.35889,1,6.35889,1,1,2
3,100,500,4,154,-1.13392,20.37,31,19.2429,31,19.2429,1,1,5
3,100,500,4,155,73.6562,118.349,26,3.5201,26,3.5201,1,1,5
3,100,500,4,156,-13.2068,-117.987,9,15.1841,9,15.1841,1,1,4
3,100,500,4,157,-60.8881,126.611,41,9.09366,41,9.09366,1,1,2
3,100,500,4,158,-68.1412,157.876,41,6.61532,41,6.61532,1,1,2
3,100,500,4,159,14.1439,-165.579,37,17.2401,37,17.2401,1,1,5
3,100,500,4,160,-10.7932,37.3115,87,6.64336,87,6.64336,1,1,10
3,100,500,4,161,-85.9008,12.8934,92,5.94493,92,5.94493,1,1,4
3,100,500,4,162,54.787,175.034,22,18.8882,22,18.8882,1,1,5
3,100,500,4,163,14.5079,-66.9515,18,14.5629,18,14.5629,1,1,5
3,100,500,4,164,57.3317,-26.9559,94,10.5285,94,10.5285,1,1,7
3,100,500,4,165,37.9055,152.991,75,15.8119,75,15.8119,1,1,5
3,100,500,4,166,71.9946,-47.5171,58,3.34296,58,3.34296,1,1,8
3,100,500,4,167,-53.3022,-79.0515,20,4.48416,20,4.48416,1,1,3
3,100,500,4,168,-11.4994,-7.09554,29,2.99298,29,2.99298,1,1,5
3,100,500,4,169,11.3388,154.733,98,0.77457,98,0.77457,1,1,4
3,100,500,4,170,-83.3628,-10.01,47,8.53104,47,8.53104,1,1,5
3,100,500,4,171,46.5412,-13.1391,27,4.10253,27,4.10253,1,1,6
3,100,500,4,172,26.0017,151.306,75,6.89761,75,6.89761,1,1,4
3,100,500,4,173,-33.2638,95.7211,96,5.01827,96,5.01827,1,1,6
3,100,500,4,174,64.5911,141.76,33,6.30964,33,6.30964,1,1,6
3,100,500,4,175,55.0711,-72.4041,8,9.52687,8,9.52687,1,1,5
3,100,500,4,176,-0.464165,118.341,71,12.216,71,12.216,1,1,3
3,100,500,4,177,60.2447,-71.3543,84,8.62904,84,8.62904,1,1,6
3,100,500,4,178,56.6875,-30.4949,94,8.48025,94,8.48025,1,1,8
3,100,500,4,179,20.8471,48.0386,70,14.9232,70,14.9232,1,1,7
3,100,500,4,180,61.2746,-62.4949,8,11.6544,8,11.6544,1,1,5
3,100,500,4,181,10.5149,86.5385,64,5.14156,64,5.14156,1,1,6
3,100,500,4,182,34.994,94.4254,82,7.02315,82,7.02315,1,1,4
3,100,500,4,183,-86.2565,-133.011,11,2.47414,11,2.47414,1,1,4
3,100,500,4,184,-46.3351,30.1646,38,19.5499,38,19.5499,1,1,5
3,100,500,4,185,-79.1386,-79.3957,77,2.92696,77,2.92696,1,1,6
3,100,500,4,186,-79.9227,114.805,46,8.33152,46,8.33152,1,1,6
3,100,500,4,187,43.7326,72.158,25,14.8687,25,14.8687,1,1,4
3,100,500,4,188,43.0556,-159.062,37,13.3073,37,13.3073,1,1,8
3,100,500,4,189,-6.06044,35.2935,87,10.9686,87,10.9686,1,1,10
3,100,500,4,190,81.3488,-81.9787,65,4.04826,65,4.04826,1,1,6
3,100,500,4,191,71.4447,-18.2306,53,3.02513,53,3.02513,1,1,6
3,100,500,4,192,-71.8191,83.3788,60,3.99101,60,3.99101,1,1,4
3,100,500,4,193,45.2075,149.737,51,15.8939,51,15.8939,1,1,7
3,100,500,4,194,-63.5581,-47.8907,2,4.10104,2,4.10104,1,1,3
3,100,500,4,195,8.88778,175.433,83,5.52264,83,5.52264,1,1,4
3,100,500,4,196,34.8072,-141.195,50,20.4695,50,20.4695,1,1,8
3,100,500,4,197,40.9857,-40.3976,69,0.811692,69,0.811692,1,1,6
3,100,500,4,198,66.6154,89.4584,3,8.61351,3,8.61351,1,1,2
3,100,500,4,199,3.29587,-139.439,61,10.6523,61,10.6523,1,1,5
3,100,500,4,200,-30.1885,28.3144,73,13.4524,73,13.4524,1,1,6
3,100,500,4,201,-19.4176,-40.2225,24,14.3116,24,14.3116,1,1,4
3,100,500,4,202,-18.4402,-131.37,9,10.8458,9,10.8458,1,1,4
3,100,500,4,203,-74.0322,-130.769,36,7.43062,36,7.43062,1,1,6
3,100,500,4,204,-55.2162,19.8147,38,13.8199,38,13.8199,1,1,4
3,100,500,4,205,42.2622,-127.735,50,7.64814,50,7.64814,1,1,7
3,100,500,4,206,58.918,47.4138,25,8.04625,25,8.04625,1,1,5
3,100,500,4,207,17.0173,154.198,98,6.00466,98,6.00466,1,1,4
3,100,500,4,208,-24.6037,-55.5504,24,17.0807,24,17.0807,1,1,3
3,100,500,4,209,61.9674,3.67639,53,12.6619,53,12.6619,1,1,7
3,100,500,4,210,38.2795,-38.2896,69,2.98386,69,2.98386,1,1,8
3,100,500,4,211,-0.445282,-33.8266,29,26.6113,29,26.6113,1,1,6
3,100,500,4,212,0.257858,-98.9191,28,12.8133,28,12.8133,1,1,7
3,100,500,4,213,52.8879,-46.2536,94,1.62019,94,1.62019,1,1,6
3,100,500,4,214,85.2697,-67.6324,65,0.809214,65,0.809214,1,1,9
3,100,500,4,215,-2.84653,-69.8377,18,3.26364,18,3.26364,1,1,4
3,100,500,4,216,70.341,135.472,86,2.30728,86,2.30728,1,1,5
3,100,500,4,217,34.9699,-76.1985,81,13.6044,81,13.6044,1,1,4
3,100,500,4,218,-87.9491,101.875,46,3.52104,46,3.52104,1,1,3
3,100,500,4,219,-13.4839,-106.331,30,14.3311,30,14.3311,1,1,6
3,100,500,4,220,-29.155,-122.443,5,6.54072,5,6.54072,1,1,3
3,100,500,4,221,-27.0327,-120.474,5,9.27754,5,9.27754,1,1,3
3,100,500,4,222,52.4852,159.969,51,15.8471,51,15.8471,1,1,7
3,100,500,4,223,-73.1381,-124.237,36,6.04547,36,6.04547,1,1,6
3,100,500,4,224,-37.7906,157.659,80,11.7884,80,11.7884,1,1,3
3,100,500,4,225,29.7196,-179.022,37,10.5022,37,10.5022,1,1,6
3,100,500,4,226,-30.3155,-121.451,5,6.49316,5,6.49316,1,1,3
3,100,500,4,227,-16.4244,119.885,93,11.4409,93,11.4409,1,1,5
3,100,500,4,228,-20.1852,-107.073,30,14.5771,30,14.5771,1,1,4
3,100,500,4,229,-53.1844,-49.831,2,10.331,2,10.331,1,1,3
3,100,500,4,230,2.64725,67.9381,63,5.39653,63,5.39653,1,1,6
3,100,500,4,231,30.1657,-34.0235,69,11.8052,69,11.8052,1,1,8
3,100,500,4,232,11.7049,-49.7287,18,23.5123,18,23.5123,1,1,5
3,100,500,4,233,34.889,27.5117,62,14.1783,62,14.1783,1,1,7
3,100,500,4,234,-63.9267,-137.19,16,1.18384,16,1.18384,1,1,6
3,100,500,4,235,50.5905,-6.16321,27,10.0837,27,10.0837,1,1,6
3,100,500,4,236,-39.8166,-132.884,5,7.30937,5,7.30937,1,1,3
3,100,500,4,237,26.6814,-154.663,37,11.7307,37,11.7307,1,1,6
3,100,500,4,238,-76.4576,87.0867,60,7.40884,60,7.40884,1,1,6
3,100,500,4,239,-49.4499,-48.4965,2,13.4615,2,13.4615,1,1,3
3,100,500,4,240,32.3727,140.539,75,18.2229,75,18.2229,1,1,4
3,100,500,4,241,-23.7594,-175.886,32,4.9386,32,4.9386,1,1,4
3,100,500,4,242,-80.4559,99.6324,46,9.09875,46,9.09875,1,1,6
3,100,500,4,243,61.9996,-21.2822,53,12.1064,53,12.1064,1,1,8
3,100,500,4,244,86.2797,-162.37,19,1.18686,19,1.18686,1,1,6
3,100,500,4,245,54.4434,-2.14621,27,14.611,27,14.611,1,1,5
3,100,500,4,246,42.7842,-10.7818,27,3.45162,27,3.45162,1,1,6
3,100,500,4,247,71.9151,-71.0218,58,4.02098,58,4.02098,1,1,7
3,100,500,4,248,59.7447,33.6082,78,5.16506,78,5.16506,1,1,5
3,100,500,4,249,68.2449,171.636,22,5.38837,22,5.38837,1,1,4
3,100,500,4,250,38.2092,57.6708,70,4.55411,70,4.55411,1,1,8
3,100,500,4,251,-7.26353,176.785,83,11.9813,83,11.9813,1,1,4
3,100,500,4,252,52.3932,-141.164,15,5.65107,15,5.65107,1,1,8
3,100,500,4,253,-78.9387,131.871,46,8.10601,46,8.10601,1,1,3
3,100,500,4,254,62.9612,-76.7773,84,5.39735,84,5.39735,1,1,7
3,100,500,4,255,-48.3127,10.6678,52,20.774,52,20.774,1,1,7
3,100,500,4,256,-58.119,35.8558,38,7.2809,38,7.2809,1,1,3
3,100,500,4,257,7.3911,-97.1498,28,12.3381,28,12.3381,1,1,6
3,100,500,4,258,-22.2559,-41.2187,24,11.5992,24,11.5992,1,1,3
3,100,500,4,259,30.784,-51.9525,69,14.5472,69,14.5472,1,1,4
3,100,500,4,260,-11.7942,-9.54521,29,0.847006,29,0.847006,1,1,5
3,100,500,4,261,62.9507,-118.02,15,10.5134,15,10.5134,1,1,7
3,100,500,4,262,79.8365,89.7316,66,4.69953,66,4.69953,1,1,5
3,100,500,4,263,-4.52099,99.1624,93,12.1325,93,12.1325,1,1,7
3,100,500,4,264,-28.3301,-52.5522,24,12.8006,24,12.8006,1,1,3
3,100,500,4,265,45.3993,-160.242,37,15.0218,37,15.0218,1,1,8
3,100,500,4,266,-87.4407,-103.728,11,2.15238,11,2.15238,1,1,4
3,100,500,4,267,-81.7282,109.905,46,6.93279,46,6.93279,1,1,5
3,100,500,4,268,-32.4463,-141.334,5,11.2103,5,11.2103,1,1,3
3,100,500,4,269,30.888,-118.97,50,13.1769,50,13.1769,1,1,7
3,100,500,4,270,-19.0556,145.151,80,10.0488,80,10.0488,1,1,6
3,100,500,4,271,35.8488,25.6508,62,15.5183,62,15.5183,1,1,8
3,100,500,4,272,0.503235,-93.5202,28,7.42922,28,7.42922,1,1,6
3,100,500,4,273,54.2505,136.495,51,3.68013,51,3.68013,1,1,6
3,100,500,4,274,22.6305,-9.93102,72,12.8502,72,12.8502,1,1,8
3,100,500,4,275,-47.7289,-158.327,68,9.69722,68,9.69722,1,1,6
3,100,500,4,276,80.2619,-149.556,14,4.31785,14,4.31785,1,1,5
3,100,500,4,277,-48.1738,140.197,41,19.6249,41,19.6249,1,1,3
3,100,500,4,278,60.0876,74.6105,25,7.03581,25,7.03581,1,1,3
3,100,500,4,279,29.6796,-116.485,50,14.3603,50,14.3603,1,1,7
3,100,500,4,280,-78.9708,-29.8422,47,3.48387,47,3.48387,1,1,5
3,100,500,4,281,-48.3634,-152.823,68,10.6865,68,10.6865,1,1,6
3,100,500,4,282,23.2147,-80.1833,81,3.36142,81,3.36142,1,1,6
3,100,500,4,283,68.541,161.537,22,6.13091,22,6.13091,1,1,4
3,100,500,4,284,-20.7586,18.858,85,3.25976,85,3.25976,1,1,6
3,100,500,4,285,-68.7167,100.372,44,0.666278,44,0.666278,1,1,4
3,100,500,4,286,-7.9957,114.264,93,5.53817,93,5.53817,1,1,7
3,100,500,4,287,-26.9888,165.015,80,14.1605,80,14.1605,1,1,4
3,100,500,4,288,-79.628,-125.477,77,9.1735,77,9.1735,1,1,5
3,100,500,4,289,60.7549,66.005,25,4.03673,25,4.03673,1,1,5
3,100,500,4,290,22.2962,-153.948,37,14.727,37,14.727,1,1,5
3,100,500,4,291,43.8388,25.1162,78,11.8235,78,11.8235,1,1,8
3,100,500,4,292,-61.7522,171.33,0,4.07288,0,4.07288,1,1,1
3,100,500,4,293,-7.34351,176.671,83,12.0803,83,12.0803,1,1,4
3,100,500,4,294,32.9703,-135.328,50,17.7759,50,17.7759,1,1,7
3,100,500,4,295,-59.9072,87.9989,60,9.50864,60,9.50864,1,1,5
3,100,500,4,296,7.41502,-36.5412,29,33.2078,29,33.2078,1,1,6
3,100,500,4,297,57.5879,-118.741,15,8.66193,15,8.66193,1,1,7
3,100,500,4,298,31.6378,72.2578,70,15.7538,70,15.7538,1,1,5
3,100,500,4,299,-68.6019,-158.242,16,8.49811,16,8.49811,1,1,6
3,100,500,4,300,-44.4421,-94.6373,89,15.2858,89,15.2858,1,1,5
3,100,500,4,301,61.065,75.1243,25,7.63874,25,7.63874,1,1,3
3,100,500,4,302,-80.1866,-111.847,77,6.78152,77,6.78152,1,1,5
3,100,500,4,303,30.0697,-139.629,61,22.2119,61,22.2119,1,1,9
3,100,500,4,304,-28.662,1.6492,52,3.56719,52,3.56719,1,1,5
3,100,500,4,305,53.1879,167.268,51,19.517,51,19.517,1,1,6
3,100,500,4,306,13.8506,14.0535,31,4.58578,31,4.58578,1,1,8
3,100,500,4,307,6.19235,84.1967,64,6.40254,64,6.40254,1,1,6
3,100,500,4,308,2.69179,177.698,83,2.17875,83,2.17875,1,1,4
3,100,500,4,309,40.4337,-108.676,50,7.47287,50,7.47287,1,1,6
3,100,500,4,310,-68.815,141.053,41,1.05746,41,1.05746,1,1,2
3,100,500,4,311,79.6615,57.2,23,2.38595,23,2.38595,1,1,5
3,100,500,4,312,-37.7441,94.4988,96,3.98383,96,3.98383,1,1,5
3,100,500,4,313,59.2297,167.787,22,14.5035,22,14.5035,1,1,4
3,100,500,4,314,-6.62171,161.256,13,14.113,13,14.113,1,1,3
3,100,500,4,315,-85.2272,77.8723,46,6.28488,46,6.28488,1,1,3
3,100,500,4,316,-56.6909,131.676,41,11.8058,41,11.8058,1,1,2
3,100,500,4,317,-13.5017,-93.7549,30,4.12669,30,4.12669,1,1,5
3,100,500,4,318,-80.0859,-146.864,11,8.44989,11,8.44989,1,1,4
3,100,500,4,319,-26.692,-37.4958,24,7.11238,24,7.11238,1,1,3
3,100,500,4,320,17.3926,-127.008,61,8.68236,61,8.68236,1,1,5
3,100,500,4,321,-25.1137,-117.514,5,12.5119,5,12.5119,1,1,3
3,100,500,4,322,33.5226,142.157,75,17.6463,75,17.6463,1,1,4
3,100,500,4,323,73.3416,-107.571,55,9.79237,55,9.79237,1,1,6
3,100,500,4,324,69.9276,47.5505,3,7.39316,3,7.39316,1,1,3
3,100,500,4,325,-18.1235,-177.775,97,1.68341,97,1.68341,1,1,7
3,100,500,4,326,4.30178,-56.924,18,14.0664,18,14.0664,1,1,4
3,100,500,4,327,29.7125,113.115,90,10.3685,90,10.3685,1,1,6
3,100,500,4,328,-71.2126,-2.11565,47,12.8351,47,12.8351,1,1,5
3,100,500,4,329,50.4513,24.3314,78,6.51869,78,6.51869,1,1,6
3,100,500,4,330,-10.4301,110.448,93,1.05338,93,1.05338,1,1,5
3,100,500,4,331,-38.8982,45.7581,73,22.2302,73,22.2302,1,1,5
3,100,500,4,332,31.062,75.2003,70,18.3378,70,18.3378,1,1,5
3,100,500,4,333,66.0016,81.9523,3,6.01645,3,6.01645,1,1,2
3,100,500,4,334,54.1682,-101.381,84,10.9394,84,10.9394,1,1,8
3,100,500,4,335,-67.7718,-36.8784,2,5.93583,2,5.93583,1,1,3
3,100,500,4,336,-24.1945,-5.77084,10,4.69478,10,4.69478,1,1,4
3,100,500,4,337,12.804,-161.344,37,19.2526,37,19.2526,1,1,5
3,100,500,4,338,-21.8067,-7.70888,10,7.24279,10,7.24279,1,1,4
3,100,500,4,339,-44.4575,-83.7583,49,8.81831,49,8.81831,1,1,3
3,100,500,4,340,-70.0792,54.8379,54,3.0935,54,3.0935,1,1,4
3,100,500,4,341,-40.7667,48.4453,73,24.8783,73,24.8783,1,1,5
3,100,500,4,342,88.9569,157.892,40,1.67866,40,1.67866,1,1,4
3,100,500,4,343,-9.21971,-144.511,9,12.1347,9,12.1347,1,1,4
3,100,500,4,344,-12.112,-97.5368,30,7.43511,30,7.43511,1,1,5
3,100,500,4,345,29.91,134.916,4,16.5852,4,16.5852,1,1,3
3,100,500,4,346,-83.5442,162.024,46,2.60133,46,2.60133,1,1,4
3,100,500,4,347,0.337029,75.0356,63,12.7137,63,12.7137,1,1,6
3,100,500,4,348,28.612,-47.3227,69,14.1447,69,14.1447,1,1,4
3,100,500,4,349,-11.5061,-14.4396,29,4.49388,29,4.49388,1,1,5
3,100,500,4,350,15.6482,21.4443,31,5.10834,31,5.10834,1,1,8
3,100,500,4,351,64.341,162.907,22,9.85526,22,9.85526,1,1,3
3,100,500,4,352,-82.1633,-25.7101,47,6.05795,47,6.05795,1,1,5
3,100,500,4,353,-89.2182,-27.94,92,0.899819,92,0.899819,1,1,5
3,100,500,4,354,73.2905,-87.3515,58,8.4843,58,8.4843,1,1,7
3,100,500,4,355,34.1508,-173.577,37,6.22574,37,6.22574,1,1,7
3,100,500,4,356,73.7432,166.768,22,1.4957,22,1.4957,1,1,4
3,100,500,4,357,27.434,145.4,75,12.3153,75,12.3153,1,1,4
3,100,500,4,358,72.33,-143.571,55,3.43026,55,3.43026,1,1,6
3,100,500,4,359,-89.5555,-59.564,92,0.380741,92,0.380741,1,1,5
3,100,500,4,360,-30.5541,60.709,73,25.7824,73,25.7824,1,1,7
3,100,500,4,361,-52.3241,-48.1967,2,10.6889,2,10.6889,1,1,3
3,100,500,4,362,21.3664,76.0259,12,13.4096,12,13.4096,1,1,4
3,100,500,4,363,-76.5806,-80.0432,77,0.980332,77,0.980332,1,1,6
3,100,500,4,364,-75.6484,3.82661,47,11.347,47,11.347,1,1,5
3,100,500,4,365,42.7586,59.9997,70,9.24414,70,9.24414,1,1,7
3,100,500,4,366,-77.3646,34.1992,54,6.66892,54,6.66892,1,1,5
3,100,500,4,367,21.4535,-139.056,61,14.4006,61,14.4006,1,1,6
3,100,500,4,368,-85.7554,44.4706,92,7.10684,92,7.10684,1,1,5
3,100,500,4,369,6.50216,155.07,98,4.63175,98,4.63175,1,1,4
3,100,500,4,370,68.5596,-98.694,84,7.06053,84,7.06053,1,1,9
3,100,500,4,371,80.7464,104.606,66,4.24313,66,4.24313,1,1,6
3,100,500,4,372,-55.9629,36.3608,38,9.37389,38,9.37389,1,1,3
3,100,500,4,373,35.0029,-147.266,37,16.9006,37,16.9006,1,1,7
3,100,500,4,374,36.3947,70.8948,70,13.9622,70,13.9622,1,1,6
3,100,500,4,375,-13.4149,-168.319,59,3.43922,59,3.43922,1,1,6
3,100,500,4,376,-24.1981,48.5222,73,13.2691,73,13.2691,1,1,7
3,100,500,4,377,-18.2578,174.337,13,22.709,13,22.709,1,1,2
3,100,500,4,378,-27.726,-9.67686,52,7.01563,52,7.01563,1,1,5
3,100,500,4,379,-42.8533,-26.7487,24,13.2801,24,13.2801,1,1,4
3,100,500,4,380,87.0749,179.811,48,3.13642,48,3.13642,1,1,5
3,100,500,4,381,-73.3745,-160.579,16,11.6834,16,11.6834,1,1,6
3,100,500,4,382,17.0049,76.1581,12,11.0748,12,11.0748,1,1,4
3,100,500,4,383,-59.8175,42.4989,38,5.67257,38,5.67257,1,1,3
3,100,500,4,384,-29.6857,73.3692,96,23.0531,96,23.0531,1,1,8
3,100,500,4,385,8.78454,-102.252,76,13.4419,76,13.4419,1,1,7
3,100,500,4,386,77.3376,-0.938049,35,2.10609,35,2.10609,1,1,5
3,100,500,4,387,-88.8233,-137.25,11,0.572724,11,0.572724,1,1,4
3,100,500,4,388,-72.2886,72.3592,60,7.30211,60,7.30211,1,1,6
3,100,500,4,389,-52.2581,108.212,96,16.2536,96,16.2536,1,1,5
3,100,500,4,390,-18.373,48.6541,73,12.3381,73,12.3381,1,1,7
3,100,500,4,391,59.9466,94.8578,74,8.18428,74,8.18428,1,1,5
3,100,500,4,392,-41.4119,-96.6224,89,16.8473,89,16.8473,1,1,4
3,100,500,4,393,44.5972,41.7243,62,8.45518,62,8.45518,1,1,6
3,100,500,4,394,36.8504,-176.512,37,9.63257,37,9.63257,1,1,7
3,100,500,4,395,-82.5122,67.8505,46,9.85193,46,9.85193,1,1,5
3,100,500,4,396,-88.3508,-131.773,11,0.701022,11,0.701022,1,1,4
3,100,500,4,397,43.6355,37.3082,62,9.19375,62,9.19375,1,1,6
3,100,500,4,398,62.1923,147.636,51,8.32146,51,8.32146,1,1,7
3,100,500,4,399,-50.0964,-114.987,89,4.93563,89,4.93563,1,1,5
3,100,500,4,400,20.5026,97.3762,64,14.818,64,14.818,1,1,5
3,100,500,4,401,-18.6194,15.6805,85,1.64145,85,1.64145,1,1,6
3,100,500,4,402,-41.7809,-34.8855,24,8.72036,24,8.72036,1,1,4
3,100,500,4,403,29.215,-48.139,69,13.9337,69,13.9337,1,1,4
3,100,500,4,404,-71.2632,133.914,41,4.115,41,4.115,1,1,2
3,100,500,4,405,-59.9634,0.727585,38,18.3664,38,18.3664,1,1,4
3,100,500,4,406,1.28393,179.966,83,3.43632,83,3.43632,1,1,4
3,100,500,4,407,-42.2073,99.744,96,4.97679,96,4.97679,1,1,3
3,100,500,4,408,-48.328,-175.22,56,13.0405,56,13.0405,1,1,6
3,100,500,4,409,-19.2658,157.045,80,11.6938,80,11.6938,1,1,6
3,100,500,4,410,-85.8663,-23.5561,92,5.05598,92,5.05598,1,1,5
3,100,500,4,411,22.4476,-168.434,37,8.98296,37,8.98296,1,1,6
3,100,500,4,412,12.3352,-47.8337,18,25.4577,18,25.4577,1,1,5
3,100,500,4,413,24.437,-30.9449,69,18.144,69,18.144,1,1,7
3,100,500,4,414,-40.0988,128.681,34,12.6044,34,12.6044,1,1,2
3,100,500,4,415,17.0342,140.808,4,3.81431,4,3.81431,1,1,3
3,100,500,4,416,23.0287,176.83,75,17.4076,75,17.4076,1,1,4
3,100,500,4,417,-11.7559,142.496,71,15.8522,71,15.8522,1,1,4
3,100,500,4,418,-19.028,-145.082,9,16.8306,9,16.8306,1,1,4
3,100,500,4,419,-42.8217,-0.582321,52,12.8261,52,12.8261,1,1,6
3,100,500,4,420,84.416,-25.5704,65,4.71952,65,4.71952,1,1,7
3,100,500,4,421,-89.9274,-8.60019,92,0.212866,92,0.212866,1,1,4
3,100,500,4,422,-12.802,-84.2694,30,8.69208,30,8.69208,1,1,4
3,100,500,4,423,-44.4281,57.74,38,23.4637,38,23.4637,1,1,5
3,100,500,4,424,-39.7448,52.6122,73,25.8915,73,25.8915,1,1,5
3,100,500,4,425,17.3923,-71.2223,81,13.1477,81,13.1477,1,1,6
3,100,500,4,426,-75.472,-100.32,77,4.03451,77,4.03451,1,1,6
3,100,500,4,427,-29.8282,53.7265,73,20.0013,73,20.0013,1,1,7
3,100,500,4,428,15.923,169.218,13,11.8664,13,11.8664,1,1,3
3,100,500,4,429,-78.6092,131.648,46,8.44998,46,8.44998,1,1,3
3,100,500,4,430,58.9494,56.85,25,3.35739,25,3.35739,1,1,5
3,100,500,4,431,46.228,-16.0438,27,3.45774,27,3.45774,1,1,6
3,100,500,4,432,26.8398,-111.056,76,16.0002,76,16.0002,1,1,8
3,100,500,4,433,-26.7741,-164.376,32,5.96098,32,5.96098,1,1,4
3,100,500,4,434,-38.0689,40.8083,73,20.0768,73,20.0768,1,1,6
3,100,500,4,435,7.52062,-87.3058,28,5.95363,28,5.95363,1,1,5
3,100,500,4,436,-82.3811,15.1865,92,11.1469,92,11.1469,1,1,5
3,100,500,4,437,42.047,-10.3661,27,3.85194,27,3.85194,1,1,6
3,100,500,4,438,55.4586,175.238,22,18.2234,22,18.2234,1,1,5
3,100,500,4,439,-66.3131,-148.573,16,4.16593,16,4.16593,1,1,6
3,100,500,4,440,23.925,82.1585,64,18.5364,64,18.5364,1,1,5
3,100,500,4,441,-19.8974,76.9061,96,26.3362,96,26.3362,1,1,6
3,100,500,4,442,80.9191,80.5488,23,3.73994,23,3.73994,1,1,4
3,100,500,4,443,-24.6837,13.6843,85,4.7224,85,4.7224,1,1,6
3,100,500,4,444,34.8832,-26.5859,39,8.54506,39,8.54506,1,1,7
3,100,500,4,445,-17.3336,7.66522,85,7.89837,85,7.89837,1,1,6
3,100,500,4,446,-74.868,-122.211,36,7.74991,36,7.74991,1,1,6
3,100,500,4,447,85.8107,83.9436,57,4.4564,57,4.4564,1,1,4
3,100,500,4,448,-26.6336,-61.9268,1,12.8942,1,12.8942,1,1,2
3,100,500,4,449,49.7836,50.595,25,10.1667,25,10.1667,1,1,5
3,100,500,4,450,79.4407,-65.3916,79,1.70676,79,1.70676,1,1,8
3,100,500,4,451,71.6446,174.119,22,2.07796,22,2.07796,1,1,4
3,100,500,4,452,64.8975,47.3833,3,8.58469,3,8.58469,1,1,3
3,100,500,4,453,-8.12342,60.7121,63,10.959,63,10.959,1,1,7
3,100,500,4,454,21.3106,31.127,31,14.1691,31,14.1691,1,1,6
3,100,500,4,455,46.0698,-89.5288,84,16.7815,84,16.7815,1,1,6
3,100,500,4,456,-33.3573,-127.655,5,0.415913,5,0.415913,1,1,3
3,100,500,4,457,83.6886,-84.8763,65,1.81749,65,1.81749,1,1,6
3,100,500,4,458,66.4468,-61.9902,58,6.64274,58,6.64274,1,1,6
3,100,500,4,459,54.404,22.66,78,5.76538,78,5.76538,1,1,5
3,100,500,4,460,45.712,-105.859,50,8.44613,50,8.44613,1,1,7
3,100,500,4,461,-74.8374,121.688,41,9.21661,41,9.21661,1,1,2
3,100,500,4,462,-24.0353,-158.053,32,11.8192,32,11.8192,1,1,4
3,100,500,4,463,12.8158,78.6623,12,12.4873,12,12.4873,1,1,4
3,100,500,4,464,-19.9901,-54.8011,17,18.5363,17,18.5363,1,1,3
3,100,500,4,465,-25.3713,-61.0989,1,14.3521,1,14.3521,1,1,2
3,100,500,4,466,29.9036,-87.4534,81,7.51762,81,7.51762,1,1,6
3,100,500,4,467,-33.4898,9.60222,45,6.00936,45,6.00936,1,1,5
3,100,500,4,468,69.9649,96.7736,26,7.05594,26,7.05594,1,1,3
3,100,500,4,469,-54.8428,2.55095,38,20.9457,38,20.9457,1,1,4
3,100,500,4,470,-26.0497,162.454,80,12.1063,80,12.1063,1,1,5
3,100,500,4,471,46.5111,61.186,25,10.7152,25,10.7152,1,1,5
3,100,500,4,472,-72.6007,80.3994,60,5.19509,60,5.19509,1,1,4
3,100,500,4,473,78.1549,167.692,22,4.64816,22,4.64816,1,1,4
3,100,500,4,474,-80.7954,85.1178,46,10.1053,46,10.1053,1,1,6
3,100,500,4,475,5.17607,109.833,90,15.6753,90,15.6753,1,1,5
3,100,500,4,476,79.6293,40.6773,6,4.00104,6,4.00104,1,1,4
3,100,500,4,477,25.7606,-68.8119,81,13.9326,81,13.9326,1,1,4
3,100,500,4,478,31.312,-102.847,50,17.2198,50,17.2198,1,1,7
3,100,500,4,479,-85.0748,-157.356,11,3.40427,11,3.40427,1,1,4
3,100,500,4,480,11.1758,-40.8924,69,30.0075,69,30.0075,1,1,6
3,100,500,4,481,-19.2276,-97.841,30,5.89059,30,5.89059,1,1,5
3,100,500,4,482,25.8271,74.5652,12,15.9811,12,15.9811,1,1,4
3,100,500,4,483,45.8806,11.584,78,16.017,78,16.017,1,1,7
3,100,500,4,484,-4.33059,162.076,13,11.8707,13,11.8707,1,1,3
3,100,500,4,485,-82.9325,119.239,46,5.07286,46,5.07286,1,1,5
3,100,500,4,486,72.2647,107.157,26,3.93517,26,3.93517,1,1,4
3,100,500,4,487,0.212723,179.328,83,4.34984,83,4.34984,1,1,4
3,100,500,4,488,3.77824,-23.2648,29,21.0214,29,21.0214,1,1,5
3,100,500,4,489,83.5101,25.9657,6,1.56464,6,1.56464,1,1,4
3,100,500,4,490,-59.0735,-2.62759,2,18.4475,2,18.4475,1,1,3
3,100,500,4,491,-22.1006,-138.888,5,14.9962,5,14.9962,1,1,3
3,100,500,4,492,-70.9751,-172.68,56,11.9278,56,11.9278,1,1,7
3,100,500,4,493,-13.8502,100.674,93,9.11549,93,9.11549,1,1,7
3,100,500,4,494,-47.7636,-17.85,2,18.9408,2,18.9408,1,1,3
3,100,500,4,495,61.6586,106.824,74,3.90479,74,3.90479,1,1,5
3,100,500,4,496,60.6288,-95.138,84,3.79724,84,3.79724,1,1,8
3,100,500,4,497,-85.5083,-7.0882,92,5.9323,92,5.9323,1,1,5
3,100,500,4,498,79.7136,100.745,66,3.37607,66,3.37607,1,1,5
3,100,500,4,499,-87.7521,-29.2339,92,2.65212,92,2.65212,1,1,5
4,100,500,4,0,31.0411,85.7883,63,10.2625,63,10.2625,1,1,6
4,100,500,4,1,-47.6578,157.952,36,19.5926,36,19.5926,1,1,4
4,100,500,4,2,71.0783,134.327,27,7.20016,27,7.20016,1,1,5
4,100,500,4,3,67.0151,-156.447,29,0.894365,29,0.894365,1,1,2
4,100,500,4,4,-75.0375,-49.7915,6,4.01244,6,4.01244,1,1,4
4,100,500,4,5,34.8298,-126.273,64,6.06385,64,6.06385,1,1,3
4,100,500,4,6,-88.5874,-133.132,12,11.5239,12,11.5239,1,1,5
4,100,500,4,7,-84.5112,-65.5749,12,4.9931,12,4.9931,1,1,5
4,100,500,4,8,74.4577,-59.1566,5,5.51054,5,5.51054,1,1,4
4,100,500,4,9,22.7001,75.6855,53,8.56051,53,8.56051,1,1,5
4,100,500,4,10,60.4767,33.2919,76,13.9011,76,13.9011,1,1,8
4,100,500,4,11,30.3086,-127.753,64,1.85472,64,1.85472,1,1,3
4,100,500,4,12,26.5523,-46.1207,3,3.24994,3,3.24994,1,1,2
4,100,500,4,13,-61.0909,-62.0643,48,0.500002,48,0.500002,1,1,6
4,100,500,4,14,45.1666,-53.1695,98,14.7937,98,14.7937,1,1,5
4,100,500,4,15,57.5174,-27.5845,50,9.15974,50,9.15974,1,1,6
4,100,500,4,16,-73.6906,-160.281,6,26.1799,6,26.1799,1,1,4
4,100,500,4,17,-24.816,174.775,60,8.80591,60,8.80591,1,1,6
4,100,500,4,18,77.0231,-95.6018,5,9.39495,5,9.39495,1,1,2
4,100,500,4,19,-80.8358,-176.029,12,21.8843,12,21.8843,1,1,5
4,100,500,4,20,17.3034,87.988,85,8.92403,85,8.92403,1,1,7
4,100,500,4,21,-61.1511,37.4319,4,5.11446,4,5.11446,1,1,3
4,100,500,4,22,67.4281,-111.325,47,13.2541,47,13.2541,1,1,4
4,100,500,4,23,75.9285,103.772,54,5.78674,54,5.78674,1,1,5
4,100,500,4,24,4.75938,17.2571,61,4.95171,61,4.95171,1,1,5
4,100,500,4,25,-0.271469,-49.5279,33,3.06642,33,3.06642,1,1,4
4,100,500,4,26,-64.7255,-119.926,88,9.08209,88,9.08209,1,1,5
4,100,500,4,27,1.3595,103.654,85,17.4853,85,17.4853,1,1,7
4,100,500,4,28,6.97679,60.5372,89,16.9361,89,16.9361,1,1,6
4,100,500,4,29,-69.2053,-75.7132,6,6.24867,6,6.24867,1,1,4
4,100,500,4,30,-86.3162,156.624,43,11.6559,43,11.6559,1,1,7
4,100,500,4,31,38.3512,-140.014,64,14.7459,64,14.7459,1,1,2
4,100,500,4,32,88.1717,-152.93,78,1.57224,78,1.57224,1,1,4
4,100,500,4,33,-72.6192,150.39,81,17.8595,81,17.8595,1,1,11
4,100,500,4,34,-34.2657,-126.91,41,7.44814,41,7.44814,1,1,5
4,100,500,4,35,77.1804,146.075,70,5.28542,70,5.28542,1,1,6
4,100,500,4,36,70.5391,-147.941,29,5.09841,29,5.09841,1,1,3
4,100,500,4,37,1.75361,95.9344,85,10.6387,85,10.6387,1,1,7
4,100,500,4,38,-39.633,-24.6358,77,12.268,77,12.268,1,1,6
4,100,500,4,39,9.85301,110.253,49,18.4635,49,18.4635,1,1,6
4,100,500,4,40,86.3107,-160.837,78,3.41428,78,3.41428,1,1,4
4,100,500,4,41,-59.6376,-136.83,88,16.4765,88,16.4765,1,1,7
4,100,500,4,42,-50.3813,63.4438,79,5.99286,79,5.99286,1,1,4
4,100,500,4,43,73.4121,93.1909,54,2.01678,54,2.01678,1,1,4
4,100,500,4,44,-28.0095,-171.586,24,5.08126,24,5.08126,1,1,5
4,100,500,4,45,-81.2611,-48.6514,12,1.76773,12,1.76773,1,1,5
4,100,500,4,46,82.5189,94.1802,56,3.09371,56,3.09371,1,1,5
4,100,500,4,47,-4.33248,161.381,67,12.6843,67,12.6843,1,1,6
4,100,500,4,48,60.6253,26.0967,28,12.8373,28,12.8373,1,1,7
4,100,500,4,49,65.8854,-127.281,47,7.5985,47,7.5985,1,1,4
4,100,500,4,50,39.5934,106.132,63,11.9134,63,11.9134,1,1,4
4,100,500,4,51,-80.6027,40.2651,43,2.29133,43,2.29133,1,1,7
4,100,500,4,52,69.0951,22.3018,28,5.64203,28,5.64203,1,1,6
4,100,500,4,53,-21.9002,-121.076,18,6.33702,18,6.33702,1,1,5
4,100,500,4,54,88.833,155.906,31,3.37901,31,3.37901,1,1,6
4,100,500,4,55,84.5884,170.287,95,0.836039,95,0.836039,1,1,7
4,100,500,4,56,87.5343,-130.098,78,2.41573,78,2.41573,1,1,4
4,100,500,4,57,-73.2711,-105.694,6,11.3998,6,11.3998,1,1,4
4,100,500,4,58,56.6727,-179.718,29,15.0659,29,15.0659,1,1,2
4,100,500,4,59,83.7485,-122.674,78,6.65896,78,6.65896,1,1,3
4,100,500,4,60,-85.6523,-175.025,12,16.6502,12,16.6502,1,1,5
4,100,500,4,61,4.33746,173.733,67,18.9162,67,18.9162,1,1,6
4,100,500,4,62,49.5775,-179.99,97,13.5682,97,13.5682,1,1,2
4,100,500,4,63,77.5572,40.4055,19,3.07641,19,3.07641,1,1,5
4,100,500,4,64,13.0533,106.885,63,18.9578,63,18.9578,1,1,7
4,100,500,4,65,46.5624,-74.7064,84,9.57395,84,9.57395,1,1,4
4,100,500,4,66,16.5084,111.919,63,18.786,63,18.786,1,1,9
4,100,500,4,67,72.7793,-8.793,58,4.64668,58,4.64668,1,1,5
4,100,500,4,68,-22.8894,-78.2418,55,14.4661,55,14.4661,1,1,8
4,100,500,4,69,25.0656,-48.1129,3,2.17911,3,2.17911,1,1,2
4,100,500,4,70,-51.1681,39.3079,4,6.20744,4,6.20744,1,1,3
4,100,500,4,71,-28.9128,-107.268,40,5.19935,40,5.19935,1,1,6
4,100,500,4,72,44.6047,-24.3678,50,4.19466,50,4.19466,1,1,6
4,100,500,4,73,-16.4808,22.5547,52,11.6377,52,11.6377,1,1,5
4,100,500,4,74,-12.043,-45.4646,33,13.6746,33,13.6746,1,1,4
4,100,500,4,75,39.9405,-15.3905,34,8.27908,34,8.27908,1,1,6
4,100,500,4,76,-20.2449,-91.4441,55,6.22214,55,6.22214,1,1,7
4,100,500,4,77,-10.8287,-121.335,18,5.12378,18,5.12378,1,1,3
4,100,500,4,78,-45.7171,-46.543,22,15.5367,22,15.5367,1,1,5
4,100,500,4,79,49.5353,114.673,20,17.2589,20,17.2589,1,1,4
4,100,500,4,80,-59.8289,12.1953,99,9.16529,99,9.16529,1,1,4
4,100,500,4,81,-70.017,93.359,81,4.31148,81,4.31148,1,1,7
4,100,500,4,82,-27.9427,-174.475,24,3.63874,24,3.63874,1,1,5
4,100,500,4,83,-47.717,78.3358,14,13.9256,14,13.9256,1,1,3
4,100,500,4,84,-36.3585,134.697,8,9.99097,8,9.99097,1,1,3
4,100,500,4,85,-74.8885,4.94681,23,8.39356,23,8.39356,1,1,6
4,100,500,4,86,-2.99752,-27.6026,65,23.6082,65,23.6082,1,1,5
4,100,500,4,87,38.8396,-96.7856,42,10.3715,42,10.3715,1,1,4
4,100,500,4,88,64.0148,-135.282,47,5.13713,47,5.13713,1,1,3
4,100,500,4,89,52.8845,-76.0563,84,3.39351,84,3.39351,1,1,5
4,100,500,4,90,-0.373474,5.65005,61,8.25192,61,8.25192,1,1,5
4,100,500,4,91,44.2766,138.763,20,2.93206,20,2.93206,1,1,4
4,100,500,4,92,47.103,-113.104,42,8.80948,42,8.80948,1,1,3
4,100,500,4,93,-81.2859,-177.228,12,21.5315,12,21.5315,1,1,5
4,100,500,4,94,10.1764,116.499,49,15.0253,49,15.0253,1,1,7
4,100,500,4,95,58.7222,80.695,2,6.32081,2,6.32081,1,1,3
4,100,500,4,96,-25.6529,157.41,60,7.12245,60,7.12245,1,1,5
4,100,500,4,97,-2.97298,72.8088,57,16.7839,57,16.7839,1,1,6
4,100,500,4,98,81.4676,78.6201,56,2.21896,56,2.21896,1,1,6
4,100,500,4,99,-14.4277,-89.7818,55,12.2468,55,12.2468,1,1,5
4,100,500,4,100,16.6586,1.36743,73,18.4804,73,18.4804,1,1,7
4,100,500,4,101,47.5825,-152.678,0,8.74831,0,8.74831,1,1,1
4,100,500,4,102,76.8824,-7.15573,32,3.48269,32,3.48269,1,1,6
4,100,500,4,103,-34.7318,101.794,92,0.571167,92,0.571167,1,1,5
4,100,500,4,104,18.781,-143.694,64,18.5912,64,18.5912,1,1,2
4,100,500,4,105,-77.131,-143.185,6,19.3929,6,19.3929,1,1,4
4,100,500,4,106,20.9778,114.291,63,17.5121,63,17.5121,1,1,8
4,100,500,4,107,87.7891,-43.8385,78,3.46122,78,3.46122,1,1,5
4,100,500,4,108,-89.4065,-166.994,12,13.702,12,13.702,1,1,5
4,100,500,4,109,-20.5333,21.5399,52,8.23349,52,8.23349,1,1,5
4,100,500,4,110,64.7526,-103.622,47,15.4124,47,15.4124,1,1,4
4,100,500,4,111,-38.8825,-101.801,40,9.93307,40,9.93307,1,1,6
4,100,500,4,112,-63.1059,96.289,75,6.97992,75,6.97992,1,1,8
4,100,500,4,113,75.504,-143.277,29,10.0803,29,10.0803,1,1,3
4,100,500,4,114,-2.54549,-57.8474,33,5.69345,33,5.69345,1,1,4
4,100,500,4,115,-26.5292,-151.774,96,10.6692,96,10.6692,1,1,7
4,100,500,4,116,61.76,-137.893,47,3.47074,47,3.47074,1,1,3
4,100,500,4,117,-62.2259,97.2848,75,6.50143,75,6.50143,1,1,6
4,100,500,4,118,17.4754,-13.9153,65,10.8981,65,10.8981,1,1,5
4,100,500,4,119,9.53959,-107.487,7,14.8659,7,14.8659,1,1,2
4,100,500,4,120,11.1951,44.8172,89,13.1688,89,13.1688,1,1,5
4,100,500,4,121,-35.3361,-115.654,41,7.76623,41,7.76623,1,1,5
4,100,500,4,122,-10.4458,-75.0941,38,21.9737,38,21.9737,1,1,5
4,100,500,4,123,10.2537,-19.7045,65,11.4193,65,11.4193,1,1,5
4,100,500,4,124,-31.0438,159.441,60,6.6179,60,6.6179,1,1,5
4,100,500,4,125,-89.0823,-112.582,12,10.3608,12,10.3608,1,1,5
4,100,500,4,126,-62.0908,-75.9297,48,6.39366,48,6.39366,1,1,6
4,100,500,4,127,-17.1916,-70.3935,38,13.8022,38,13.8022,1,1,8
4,100,500,4,128,-79.8204,-63.3751,12,4.5034,12,4.5034,1,1,5
4,100,500,4,129,-16.8351,15.2682,52,14.7301,52,14.7301,1,1,5
4,100,500,4,130,29.3888,93.2714,63,3.82699,63,3.82699,1,1,6
4,100,500,4,131,21.7472,2.29752,73,19.1215,73,19.1215,1,1,7
4,100,500,4,132,67.6889,99.0427,54,5.79454,54,5.79454,1,1,4
4,100,500,4,133,-40.2088,-9.67128,99,15.9459,99,15.9459,1,1,5
4,100,500,4,134,-47.4363,118.661,80,14.1755,80,14.1755,1,1,6
4,100,500,4,135,31.4207,107.518,63,8.63178,63,8.63178,1,1,5
4,100,500,4,136,-8.26064,172.169,60,19.6832,60,19.6832,1,1,6
4,100,500,4,137,85.9318,142.587,31,0.826681,31,0.826681,1,1,6
4,100,500,4,138,-41.4624,12.371,37,4.44189,37,4.44189,1,1,4
4,100,500,4,139,-28.5587,34.9875,52,7.91886,52,7.91886,1,1,4
4,100,500,4,140,-4.09413,-55.282,33,4.60976,33,4.60976,1,1,4
4,100,500,4,141,51.2025,47.6302,76,8.66632,76,8.66632,1,1,5
4,100,500,4,142,24.3941,-111.978,83,8.26003,83,8.26003,1,1,5
4,100,500,4,143,78.6184,69.1475,56,4.75363,56,4.75363,1,1,5
4,100,500,4,144,2.32345,-56.4334,33,4.67757,33,4.67757,1,1,3
4,100,500,4,145,-47.7921,-116.576,86,7.59987,86,7.59987,1,1,9
4,100,500,4,146,-71.581,127.91,75,11.8453,75,11.8453,1,1,10
4,100,500,4,147,32.861,172.216,13,5.64366,13,5.64366,1,1,4
4,100,500,4,148,23.4764,165.304,87,8.5258,87,8.5258,1,1,6
4,100,500,4,149,-8.72774,132.08,74,3.98711,74,3.98711,1,1,7
4,100,500,4,150,51.9829,-134.614,47,6.95385,47,6.95385,1,1,3
4,100,500,4,151,29.799,-92.5556,42,16.9422,42,16.9422,1,1,4
4,100,500,4,152,-71.2224,51.4616,39,3.24829,39,3.24829,1,1,6
4,100,500,4,153,-64.9842,-45.3696,48,9.01614,48,9.01614,1,1,5
4,100,500,4,154,-58.0837,-7.08578,99,3.45854,99,3.45854,1,1,5
4,100,500,4,155,84.809,55.6443,56,2.06025,56,2.06025,1,1,5
4,100,500,4,156,58.8161,92.023,2,4.15094,2,4.15094,1,1,3
4,100,500,4,157,-38.3627,-13.5796,77,15.8239,77,15.8239,1,1,5
4,100,500,4,158,80.0225,-99.4888,5,8.5656,5,8.5656,1,1,2
4,100,500,4,159,-62.2161,-15.3081,99,9.29341,99,9.29341,1,1,7
4,100,500,4,160,12.0389,-40.0164,69,11.1733,69,11.1733,1,1,4
4,100,500,4,161,24.0582,60.9157,53,6.7225,53,6.7225,1,1,5
4,100,500,4,162,-46.0531,-66.1618,93,11.1993,93,11.1993,1,1,8
4,100,500,4,163,26.5658,134.847,71,9.47465,71,9.47465,1,1,8
4,100,500,4,164,-40.4288,-144.324,51,2.39386,51,2.39386,1,1,7
4,100,500,4,165,43.4635,-156.892,0,3.89044,0,3.89044,1,1,1
4,100,500,4,166,-49.469,-33.4751,22,5.99887,22,5.99887,1,1,5
4,100,500,4,167,-34.7237,-61.3827,38,6.1801,38,6.1801,1,1,7
4,100,500,4,168,-81.0067,-19.4158,12,2.79312,12,2.79312,1,1,5
4,100,500,4,169,36.6239,-98.1808,42,9.62218,42,9.62218,1,1,4
4,100,500,4,170,76.7492,62.8657,19,6.53102,19,6.53102,1,1,4
4,100,500,4,171,68.7318,91.1306,54,3.50789,54,3.50789,1,1,4
4,100,500,4,172,-12.5556,-119.262,18,3.17153,18,3.17153,1,1,3
4,100,500,4,173,-51.2245,-45.0662,22,12.4165,22,12.4165,1,1,5
4,100,500,4,174,-19.3754,-46.8811,38,16.511,38,16.511,1,1,6
4,100,500,4,175,59.8128,165.327,27,14.8463,27,14.8463,1,1,6
4,100,500,4,176,46.5512,-12.258,50,7.73327,50,7.73327,1,1,5
4,100,500,4,177,23.1214,-179.004,72,7.85815,72,7.85815,1,1,2
4,100,500,4,178,50.7901,-80.6258,84,6.51318,84,6.51318,1,1,5
4,100,500,4,179,67.9214,-159.277,29,2.27744,29,2.27744,1,1,2
4,100,500,4,180,-22.4749,42.7697,52,15.99,52,15.99,1,1,3
4,100,500,4,181,-68.0846,36.1123,39,9.43355,39,9.43355,1,1,5
4,100,500,4,182,-85.3527,-25.6166,12,4.55501,12,4.55501,1,1,5
4,100,500,4,183,77.3648,-152.719,29,11.162,29,11.162,1,1,3
4,100,500,4,184,67.4838,47.9773,76,11.9278,76,11.9278,1,1,6
4,100,500,4,185,-35.4498,108.466,92,5.41546,92,5.41546,1,1,5
4,100,500,4,186,-34.5785,-113.436,41,8.45321,41,8.45321,1,1,6
4,100,500,4,187,9.79833,85.7317,85,2.31053,85,2.31053,1,1,9
4,100,500,4,188,-26.349,97.1477,92,8.91862,92,8.91862,1,1,5
4,100,500,4,189,-69.6673,88.5512,81,4.37284,81,4.37284,1,1,7
4,100,500,4,190,-64.8667,160.291,75,22.2978,75,22.2978,1,1,6
4,100,500,4,191,36.9391,143.369,44,2.94329,44,2.94329,1,1,6
4,100,500,4,192,-15.9835,-59.8791,38,12.7136,38,12.7136,1,1,5
4,100,500,4,193,72.1826,-110.387,5,16.2706,5,16.2706,1,1,2
4,100,500,4,194,19.7476,100.208,63,10.4596,63,10.4596,1,1,7
4,100,500,4,195,-44.832,174.545,60,19.5418,60,19.5418,1,1,5
4,100,500,4,196,-18.5112,-45.8332,38,17.8287,38,17.8287,1,1,6
4,100,500,4,197,15.3288,-27.7279,65,5.76083,65,5.76083,1,1,5
4,100,500,4,198,54.2751,5.3873,94,3.23927,94,3.23927,1,1,8
4,100,500,4,199,-0.223366,63.5179,57,17.0627,57,17.0627,1,1,6
4,100,500,4,200,-63.3177,108.654,75,1.90685,75,1.90685,1,1,7
4,100,500,4,201,-4.00802,-15.7924,77,26.0788,77,26.0788,1,1,8
4,100,500,4,202,87.6088,-168.419,78,2.08504,78,2.08504,1,1,4
4,100,500,4,203,-55.0304,-57.4806,48,6.40792,48,6.40792,1,1,7
4,100,500,4,204,54.3642,-69.3953,84,3.34347,84,3.34347,1,1,4
4,100,500,4,205,-74.4647,158.995,81,19.1834,81,19.1834,1,1,11
4,100,500,4,206,-44.5521,104.949,92,10.5923,92,10.5923,1,1,7
4,100,500,4,207,61.1819,58.929,76,4.45721,76,4.45721,1,1,4
4,100,500,4,208,-67.4651,86.7289,81,6.5956,81,6.5956,1,1,6
4,100,500,4,209,64.2711,84.5649,2,2.95091,2,2.95091,1,1,3
4,100,500,4,210,3.46841,-141.122,18,28.655,18,28.655,1,1,4
4,100,500,4,211,39.5552,149.914,44,2.82701,44,2.82701,1,1,6
4,100,500,4,212,-3.47749,-70.232,33,17.9044,33,17.9044,1,1,3
4,100,500,4,213,-28.9068,-78.4048,93,10.0619,93,10.0619,1,1,10
4,100,500,4,214,57.5777,121.74,27,9.06741,27,9.06741,1,1,5
4,100,500,4,215,82.5566,168.52,95,1.45192,95,1.45192,1,1,6
4,100,500,4,216,25.1967,-22.9029,65,5.1054,65,5.1054,1,1,6
4,100,500,4,217,-13.6363,45.6108,89,11.7357,89,11.7357,1,1,6
4,100,500,4,218,-5.66114,42.6667,89,5.08375,89,5.08375,1,1,4
4,100,500,4,219,84.0651,-82.594,5,6.28369,5,6.28369,1,1,3
4,100,500,4,220,76.6357,-160.799,29,10.5461,29,10.5461,1,1,3
4,100,500,4,221,-51.7996,-115.833,88,9.90415,88,9.90415,1,1,8
4,100,500,4,222,62.0748,-161.235,29,4.88553,29,4.88553,1,1,2
4,100,500,4,223,61.5481,169.219,27,15.8292,27,15.8292,1,1,6
4,100,500,4,224,52.7468,71.6385,76,8.31912,76,8.31912,1,1,4
4,100,500,4,225,36.8922,-67.5695,62,18.6765,62,18.6765,1,1,3
4,100,500,4,226,55.2584,-27.1053,50,6.94124,50,6.94124,1,1,6
4,100,500,4,227,-48.8276,-76.4382,30,6.54473,30,6.54473,1,1,6
4,100,500,4,228,41.3313,24.5313,82,16.4129,82,16.4129,1,1,7
4,100,500,4,229,12.5785,17.818,73,2.26159,73,2.26159,1,1,6
4,100,500,4,230,-16.8645,10.2701,52,18.1711,52,18.1711,1,1,5
4,100,500,4,231,3.16892,-163.336,72,29.151,72,29.151,1,1,3
4,100,500,4,232,83.6836,159.065,95,0.684341,95,0.684341,1,1,6
4,100,500,4,233,31.1376,-23.9551,34,3.84857,34,3.84857,1,1,5
4,100,500,4,234,10.866,50.4054,89,13.4765,89,13.4765,1,1,5
4,100,500,4,235,36.7255,-4.99666,34,12.8389,34,12.8389,1,1,6
4,100,500,4,236,34.8031,149.852,44,4.24991,44,4.24991,1,1,6
4,100,500,4,237,29.5853,13.756,73,17.6286,73,17.6286,1,1,7
4,100,500,4,238,84.3083,2.26688,9,2.3908,9,2.3908,1,1,4
4,100,500,4,239,1.48772,94.1102,85,9.48024,85,9.48024,1,1,8
4,100,500,4,240,-53.0473,-103.24,88,6.2877,88,6.2877,1,1,7
4,100,500,4,241,-76.7296,-175.578,12,27.0322,12,27.0322,1,1,5
4,100,500,4,242,24.8272,-71.1144,62,11.8738,62,11.8738,1,1,3
4,100,500,4,243,-36.008,-47.6829,38,14.1383,38,14.1383,1,1,6
4,100,500,4,244,66.7084,133.141,27,2.9371,27,2.9371,1,1,5
4,100,500,4,245,75.0676,-80.3122,5,7.88878,5,7.88878,1,1,2
4,100,500,4,246,-18.2945,-23.5271,77,9.94274,77,9.94274,1,1,6
4,100,500,4,247,-31.824,-49.2218,38,11.432,38,11.432,1,1,6
4,100,500,4,248,-22.2309,178.627,60,13.0051,60,13.0051,1,1,6
4,100,500,4,249,53.4116,157.27,20,12.6026,20,12.6026,1,1,5
4,100,500,4,250,24.5163,0.274124,34,19.2469,34,19.2469,1,1,6
4,100,500,4,251,-13.8633,-61.3611,38,14.7043,38,14.7043,1,1,5
4,100,500,4,252,-14.937,-148.556,96,22.1078,96,22.1078,1,1,6
4,100,500,4,253,66.1974,-41.2574,58,8.67169,58,8.67169,1,1,5
4,100,500,4,254,16.8555,-44.6297,69,4.76814,69,4.76814,1,1,3
4,100,500,4,255,-63.5736,107.616,75,2.40293,75,2.40293,1,1,7
4,100,500,4,256,16.0651,-100.606,83,21.3108,83,21.3108,1,1,5
4,100,500,4,257,56.0192,-98.2154,84,13.3073,84,13.3073,1,1,5
4,100,500,4,258,4.13955,-139.978,64,27.7895,64,27.7895,1,1,4
4,100,500,4,259,17.0508,-38.3041,69,8.93092,69,8.93092,1,1,4
4,100,500,4,260,86.5816,4.2368,9,2.38209,9,2.38209,1,1,4
4,100,500,4,261,30.6918,-43.4257,98,1.72673,98,1.72673,1,1,3
4,100,500,4,262,80.3549,177.736,70,3.05162,70,3.05162,1,1,6
4,100,500,4,263,43.6763,-63.7521,84,14.2118,84,14.2118,1,1,4
4,100,500,4,264,88.1815,14.1757,9,3.37337,9,3.37337,1,1,4
4,100,500,4,265,-43.241,45.3956,1,2.24766,1,2.24766,1,1,2
4,100,500,4,266,-82.7751,65.7915,43,3.42831,43,3.42831,1,1,7
4,100,500,4,267,82.0173,-15.4242,35,0.923204,35,0.923204,1,1,6
4,100,500,4,268,48.6178,116.429,20,16.1257,20,16.1257,1,1,4
4,100,500,4,269,61.6592,-49.0534,84,14.1982,84,14.1982,1,1,6
4,100,500,4,270,-54.1001,176.171,60,28.5343,60,28.5343,1,1,6
4,100,500,4,271,-60.7185,103.93,80,3.54234,80,3.54234,1,1,8
4,100,500,4,272,-52.2176,170.601,60,25.7476,60,25.7476,1,1,6
4,100,500,4,273,-87.1428,83.8438,43,5.81812,43,5.81812,1,1,7
4,100,500,4,274,-74.6881,39.8162,90,4.55015,90,4.55015,1,1,7
4,100,500,4,275,-67.2301,-156.213,88,24.6188,88,24.6188,1,1,5
4,100,500,4,276,-67.9735,106.923,75,6.44179,75,6.44179,1,1,7
4,100,500,4,277,-9.81929,-155.237,96,24.9591,96,24.9591,1,1,6
4,100,500,4,278,52.3296,-112.286,42,13.8384,42,13.8384,1,1,3
4,100,500,4,279,-19.4947,101.022,10,13.7911,10,13.7911,1,1,4
4,100,500,4,280,40.9448,54.5287,16,2.75181,16,2.75181,1,1,4
4,100,500,4,281,-16.7911,96.3395,92,18.1553,92,18.1553,1,1,5
4,100,500,4,282,-29.8399,-49.5476,38,10.856,38,10.856,1,1,6
4,100,500,4,283,-49.5423,-142.444,51,10.6268,51,10.6268,1,1,6
4,100,500,4,284,-56.5591,-155.766,51,19.9479,51,19.9479,1,1,4
4,100,500,4,285,-5.74883,-41.3183,33,12.4873,33,12.4873,1,1,4
4,100,500,4,286,-79.7976,47.0653,90,2.00417,90,2.00417,1,1,7
4,100,500,4,287,-58.6942,-84.0304,30,4.38939,30,4.38939,1,1,5
4,100,500,4,288,18.8333,-111.674,83,13.5062,83,13.5062,1,1,5
4,100,500,4,289,89.9067,68.2905,78,0.889906,78,0.889906,1,1,5
4,100,500,4,290,54.0711,-134.647,47,4.87196,47,4.87196,1,1,3
4,100,500,4,291,46.0388,152.195,20,8.22855,20,8.22855,1,1,5
4,100,500,4,292,76.1383,-107.561,5,12.3737,5,12.3737,1,1,2
4,100,500,4,293,88.4789,76.9359,78,4.2125,78,4.2125,1,1,5
4,100,500,4,294,-19.9235,-42.0315,77,15.4384,77,15.4384,1,1,7
4,100,500,4,295,-1.02094,-137.957,18,23.2758,18,23.2758,1,1,3
4,100,500,4,296,-83.7514,144.376,43,12.3744,43,12.3744,1,1,7
4,100,500,4,297,69.1911,-47.1827,58,9.4081,58,9.4081,1,1,5
4,100,500,4,298,-42.5858,-140.703,51,3.77506,51,3.77506,1,1,6
4,100,500,4,299,-4.81345,-18.2896,77,24.3852,77,24.3852,1,1,7
4,100,500,4,300,-58.2344,158.875,75,24.143,75,24.143,1,1,6
4,100,500,4,301,60.196,-96.064,84,12.1418,84,12.1418,1,1,5
4,100,500,4,302,12.9703,-176.996,72,17.2366,72,17.2366,1,1,2
4,100,500,4,303,-0.0472107,-116.393,68,6.48741,68,6.48741,1,1,3
4,100,500,4,304,-54.3352,-0.280975,99,1.90008,99,1.90008,1,1,5
4,100,500,4,305,65.9489,179.472,70,12.0591,70,12.0591,1,1,8
4,100,500,4,306,22.5361,43.9754,82,14.6308,82,14.6308,1,1,6
4,100,500,4,307,75.8335,17.3488,32,4.50248,32,4.50248,1,1,6
4,100,500,4,308,58.2072,148.625,27,8.67809,27,8.67809,1,1,5
4,100,500,4,309,-42.8576,-103.433,40,14.0047,40,14.0047,1,1,6
4,100,500,4,310,-36.7033,92.2428,92,8.36981,92,8.36981,1,1,4
4,100,500,4,311,-30.6951,-60.9094,38,2.30203,38,2.30203,1,1,7
4,100,500,4,312,28.3094,-103.008,42,11.8408,42,11.8408,1,1,3
4,100,500,4,313,35.954,151.447,44,4.40659,44,4.40659,1,1,6
4,100,500,4,314,-31.8553,-117.719,41,3.97206,41,3.97206,1,1,5
4,100,500,4,315,-23.4212,-0.179443,37,20.2143,37,20.2143,1,1,6
4,100,500,4,316,-69.4218,-106.45,88,10.1588,88,10.1588,1,1,5
4,100,500,4,317,41.8783,67.0972,16,6.75998,16,6.75998,1,1,4
4,100,500,4,318,-51.7233,-96.3379,88,8.84764,88,8.84764,1,1,7
4,100,500,4,319,65.3522,-32.117,58,6.42158,58,6.42158,1,1,5
4,100,500,4,320,41.6906,82.6023,63,16.9266,63,16.9266,1,1,5
4,100,500,4,321,-16.3225,-51.5466,38,15.5324,38,15.5324,1,1,5
4,100,500,4,322,-26.7112,-60.978,38,2.01935,38,2.01935,1,1,8
4,100,500,4,323,72.9011,-117.008,29,14.9552,29,14.9552,1,1,3
4,100,500,4,324,-46.1765,-119.913,86,4.90223,86,4.90223,1,1,7
4,100,500,4,325,-20.2204,14.2405,52,13.1198,52,13.1198,1,1,5
4,100,500,4,326,76.1649,78.1691,54,4.89579,54,4.89579,1,1,6
4,100,500,4,327,66.6655,28.9487,28,9.06963,28,9.06963,1,1,6
4,100,500,4,328,77.5805,25.239,19,3.54327,19,3.54327,1,1,5
4,100,500,4,329,0.197998,-88.5495,7,22.8943,7,22.8943,1,1,3
4,100,500,4,330,43.76,133.554,20,5.75099,20,5.75099,1,1,6
4,100,500,4,331,45.6355,128.677,20,8.15573,20,8.15573,1,1,4
4,100,500,4,332,-76.4483,-4.9724,23,7.64402,23,7.64402,1,1,6
4,100,500,4,333,7.88684,-76.3432,62,20.0265,62,20.0265,1,1,4
4,100,500,4,334,39.3449,-33.5218,98,10.6763,98,10.6763,1,1,6
4,100,500,4,335,35.7699,-17.9291,34,3.65002,34,3.65002,1,1,6
4,100,500,4,336,-65.4598,-141.105,88,18.0955,88,18.0955,1,1,6
4,100,500,4,337,55.2621,-4.34196,94,3.20387,94,3.20387,1,1,7
4,100,500,4,338,-11.0416,76.3265,57,13.5709,57,13.5709,1,1,4
4,100,500,4,339,29.325,65.5638,53,2.86332,53,2.86332,1,1,5
4,100,500,4,340,68.2067,-161.791,29,3.17947,29,3.17947,1,1,2
4,100,500,4,341,-50.0979,108.743,80,10.9091,80,10.9091,1,1,6
4,100,500,4,342,48.1891,-146.865,0,12.324,0,12.324,1,1,1
4,100,500,4,343,-21.1541,71.5393,57,8.18907,57,8.18907,1,1,3
4,100,500,4,344,29.1872,138.088,45,7.37878,45,7.37878,1,1,7
4,100,500,4,345,81.4949,-34.1056,35,1.90723,35,1.90723,1,1,4
4,100,500,4,346,45.8208,74.2609,16,12.6724,16,12.6724,1,1,4
4,100,500,4,347,-42.7145,118.745,92,15.6034,92,15.6034,1,1,5
4,100,500,4,348,-55.3558,110.345,80,5.58101,80,5.58101,1,1,7
4,100,500,4,349,-68.7991,147.978,75,16.9376,75,16.9376,1,1,9
4,100,500,4,350,-51.5886,113.942,80,9.45553,80,9.45553,1,1,6
4,100,500,4,351,-24.9754,-54.0968,38,7.83238,38,7.83238,1,1,6
4,100,500,4,352,76.4182,-119.427,5,14.5525,5,14.5525,1,1,2
4,100,500,4,353,60.7806,-49.2469,84,13.9408,84,13.9408,1,1,6
4,100,500,4,354,68.4499,0.211258,28,3.07812,28,3.07812,1,1,7
4,100,500,4,355,-81.8416,93.3133,43,7.38071,43,7.38071,1,1,6
4,100,500,4,356,9.21021,-83.879,62,25.6951,62,25.6951,1,1,4
4,100,500,4,357,11.0283,-65.2013,62,10.1133,62,10.1133,1,1,4
4,100,500,4,358,-25.3718,159.748,60,5.14098,60,5.14098,1,1,6
4,100,500,4,359,-86.831,-172.369,12,15.4396,12,15.4396,1,1,5
4,100,500,4,360,58.9181,169.328,27,17.1355,27,17.1355,1,1,6
4,100,500,4,361,-13.2375,29.4778,52,14.7657,52,14.7657,1,1,4
4,100,500,4,362,31.7943,68.096,53,4.74004,53,4.74004,1,1,5
4,100,500,4,363,-15.8886,132.877,91,6.18488,91,6.18488,1,1,6
4,100,500,4,364,-0.779678,10.6246,61,3.72757,61,3.72757,1,1,4
4,100,500,4,365,50.4277,75.2635,76,11.5365,76,11.5365,1,1,4
4,100,500,4,366,-27.7169,-129.095,41,7.38279,41,7.38279,1,1,5
4,100,500,4,367,-79.4166,-82.5975,6,6.36609,6,6.36609,1,1,4
4,100,500,4,368,-34.2611,142.728,8,5.48132,8,5.48132,1,1,3
4,100,500,4,369,24.0778,-111.622,83,8.69373,83,8.69373,1,1,5
4,100,500,4,370,-18.5304,64.4723,57,1.36295,57,1.36295,1,1,3
4,100,500,4,371,80.8455,161.36,95,3.13622,95,3.13622,1,1,7
4,100,500,4,372,80.2967,3.74756,32,0.905591,32,0.905591,1,1,6
4,100,500,4,373,-41.9208,-70.1503,93,6.91013,93,6.91013,1,1,7
4,100,500,4,374,-8.25202,-77.5037,55,23.6466,55,23.6466,1,1,6
4,100,500,4,375,-31.2599,-78.6678,93,8.92492,93,8.92492,1,1,10
4,100,500,4,376,-44.088,91.0053,92,13.0808,92,13.0808,1,1,7
4,100,500,4,377,65.405,155.413,27,8.84493,27,8.84493,1,1,6
4,100,500,4,378,-10.4493,-80.9671,55,19.7996,55,19.7996,1,1,6
4,100,500,4,379,54.1449,157.542,20,13.0656,20,13.0656,1,1,5
4,100,500,4,380,54.8287,29.1453,76,16.8883,76,16.8883,1,1,7
4,100,500,4,381,26.4027,-125.776,64,2.46818,64,2.46818,1,1,3
4,100,500,4,382,40.0249,73.9722,16,12.0528,16,12.0528,1,1,4
4,100,500,4,383,-14.187,-168.472,24,18.497,24,18.497,1,1,4
4,100,500,4,384,18.3501,-160.218,72,17.8648,72,17.8648,1,1,2
4,100,500,4,385,-50.0473,179.639,60,25.8343,60,25.8343,1,1,6
4,100,500,4,386,42.127,-118.404,42,7.27312,42,7.27312,1,1,2
4,100,500,4,387,80.4995,64.8472,56,2.95919,56,2.95919,1,1,5
4,100,500,4,388,32.672,-102.843,42,8.3321,42,8.3321,1,1,3
4,100,500,4,389,87.3484,-131.16,78,2.60252,78,2.60252,1,1,4
4,100,500,4,390,-0.173172,-67.8228,33,15.2303,33,15.2303,1,1,3
4,100,500,4,391,-14.9139,91.4777,92,21.5493,92,21.5493,1,1,5
4,100,500,4,392,-78.4087,-79.0177,6,5.15067,6,5.15067,1,1,4
4,100,500,4,393,33.4452,2.28387,34,18.469,34,18.469,1,1,7
4,100,500,4,394,10.0076,-4.81969,61,20.428,61,20.428,1,1,6
4,100,500,4,395,-10.0871,-50.3274,33,9.99683,33,9.99683,1,1,4
4,100,500,4,396,-77.8372,-147.369,6,20.028,6,20.028,1,1,4
4,100,500,4,397,1.94807,104.375,85,17.9191,85,17.9191,1,1,7
4,100,500,4,398,53.3018,155.522,20,11.6027,20,11.6027,1,1,5
4,100,500,4,399,57.9515,-36.6963,50,12.2177,50,12.2177,1,1,6
4,100,500,4,400,87.6519,-164.192,78,2.05185,78,2.05185,1,1,4
4,100,500,4,401,-18.5285,79.5576,57,14.9535,57,14.9535,1,1,4
4,100,500,4,402,-51.2975,-56.0579,48,10.2024,48,10.2024,1,1,7
4,100,500,4,403,-17.7976,142.749,15,3.86234,15,3.86234,1,1,4
4,100,500,4,404,10.5498,-40.8982,69,12.0242,69,12.0242,1,1,4
4,100,500,4,405,-84.2055,-159.247,12,16.0087,12,16.0087,1,1,5
4,100,500,4,406,35.6395,-18.2388,34,3.43331,34,3.43331,1,1,6
4,100,500,4,407,56.1154,94.4615,2,7.0804,2,7.0804,1,1,3
4,100,500,4,408,41.3717,-0.878708,94,12.0319,94,12.0319,1,1,6
4,100,500,4,409,-41.6273,-77.2414,93,9.19564,93,9.19564,1,1,6
4,100,500,4,410,87.1508,76.5712,56,3.81973,56,3.81973,1,1,5
4,100,500,4,411,26.2156,-161.373,72,12.6038,72,12.6038,1,1,2
4,100,500,4,412,54.6013,-123.673,47,7.05766,47,7.05766,1,1,4
4,100,500,4,413,61.5013,35.8061,76,12.821,76,12.821,1,1,8
4,100,500,4,414,-74.0752,58.9055,39,1.09883,39,1.09883,1,1,7
4,100,500,4,415,89.5549,-152.847,78,0.198963,78,0.198963,1,1,4
4,100,500,4,416,37.357,-37.9472,98,6.74614,98,6.74614,1,1,6
4,100,500,4,417,53.3555,152.119,20,9.87452,20,9.87452,1,1,5
4,100,500,4,418,42.9975,-108.884,42,4.50955,42,4.50955,1,1,3
4,100,500,4,419,57.4339,-72.9056,84,1.52799,84,1.52799,1,1,4
4,100,500,4,420,15.1088,126.457,71,15.6032,71,15.6032,1,1,13
4,100,500,4,421,-26.0762,-78.5035,93,12.1424,93,12.1424,1,1,10
4,100,500,4,422,-35.8909,-119.922,86,6.81447,86,6.81447,1,1,6
4,100,500,4,423,-82.021,-169.038,12,19.4603,12,19.4603,1,1,5
4,100,500,4,424,29.5999,-67.2967,62,12.2156,62,12.2156,1,1,3
4,100,500,4,425,-33.1398,53.5013,1,12.7832,1,12.7832,1,1,2
4,100,500,4,426,-85.3628,166.152,43,13.3262,43,13.3262,1,1,7
4,100,500,4,427,36.0643,118.477,63,18.5246,63,18.5246,1,1,5
4,100,500,4,428,-68.7606,15.131,23,14.1607,23,14.1607,1,1,4
4,100,500,4,429,-12.8584,-105.672,7,9.44809,7,9.44809,1,1,4
4,100,500,4,430,-52.9818,-26.6072,22,1.15814,22,1.15814,1,1,5
4,100,500,4,431,-39.2592,148.75,36,9.59666,36,9.59666,1,1,4
4,100,500,4,432,57.7228,-151.807,29,8.6718,29,8.6718,1,1,2
4,100,500,4,433,60.4347,21.4406,26,11.8065,26,11.8065,1,1,7
4,100,500,4,434,-40.3458,55.7372,1,7.7246,1,7.7246,1,1,2
4,100,500,4,435,64.2675,129.526,27,2.45233,27,2.45233,1,1,4
4,100,500,4,436,1.09708,-103.617,7,9.43764,7,9.43764,1,1,3
4,100,500,4,437,-64.4888,110.412,75,2.7258,75,2.7258,1,1,7
4,100,500,4,438,-21.7695,-113.02,11,1.72772,11,1.72772,1,1,4
4,100,500,4,439,60.687,-164.339,29,6.84709,29,6.84709,1,1,2
4,100,500,4,440,-0.158142,-124.906,68,13.2315,68,13.2315,1,1,3
4,100,500,4,441,34.5811,8.95821,94,19.8525,94,19.8525,1,1,10
4,100,500,4,442,-69.3771,-38.7093,6,9.5865,6,9.5865,1,1,4
4,100,500,4,443,-26.2824,-96.2753,55,2.28009,55,2.28009,1,1,7
4,100,500,4,444,78.2108,101.718,21,5.74194,21,5.74194,1,1,6
4,100,500,4,445,-10.9734,-129.542,18,10.6797,18,10.6797,1,1,4
4,100,500,4,446,-52.4444,79.5349,14,10.9412,14,10.9412,1,1,3
4,100,500,4,447,-80.3957,-169.443,12,21.3547,12,21.3547,1,1,5
4,100,500,4,448,53.8637,140.078,20,6.86602,20,6.86602,1,1,4
4,100,500,4,449,15.9987,-152.964,72,24.6784,72,24.6784,1,1,2
4,100,500,4,450,7.90759,-19.4675,65,13.6577,65,13.6577,1,1,5
4,100,500,4,451,78.2809,-161.991,78,11.4913,78,11.4913,1,1,4
4,100,500,4,452,28.4575,-152.416,0,14.8878,0,14.8878,1,1,1
4,100,500,4,453,64.2108,-166.624,29,5.13846,29,5.13846,1,1,2
4,100,500,4,454,-42.7176,69.7957,79,14.8272,79,14.8272,1,1,4
4,100,500,4,455,-75.4815,94.2485,81,2.12111,81,2.12111,1,1,9
4,100,500,4,456,62.445,98.1992,2,3.59473,2,3.59473,1,1,3
4,100,500,4,457,-38.3966,166.136,60,11.6172,60,11.6172,1,1,5
4,100,500,4,458,-60.2551,50.642,46,4.28813,46,4.28813,1,1,5
4,100,500,4,459,-55.0697,-144.088,51,16.2156,51,16.2156,1,1,5
4,100,500,4,460,-13.8198,47.9138,89,12.0428,89,12.0428,1,1,6
4,100,500,4,461,-46.8152,47.4715,1,1.81987,1,1.81987,1,1,2
4,100,500,4,462,-26.2757,-74.4217,93,9.94155,93,9.94155,1,1,9
4,100,500,4,463,29.0142,-124.824,64,1.54041,64,1.54041,1,1,3
4,100,500,4,464,-57.1719,-89.9742,30,6.25542,30,6.25542,1,1,5
4,100,500,4,465,-48.894,81.4714,14,14.319,14,14.319,1,1,3
4,100,500,4,466,35.2791,-121.226,83,5.36041,83,5.36041,1,1,4
4,100,500,4,467,49.7404,-52.5267,84,14.6361,84,14.6361,1,1,4
4,100,500,4,468,-46.8209,47.9025,1,1.86376,1,1.86376,1,1,2
4,100,500,4,469,-19.5752,0.923019,37,22.7365,37,22.7365,1,1,5
4,100,500,4,470,-31.1509,-10.1135,77,15.47,77,15.47,1,1,6
4,100,500,4,471,-42.4142,-117.412,86,4.61812,86,4.61812,1,1,7
4,100,500,4,472,-45.9571,18.3782,37,8.09965,37,8.09965,1,1,4
4,100,500,4,473,-65.638,-32.4244,22,13.8782,22,13.8782,1,1,5
4,100,500,4,474,-55.4899,-61.4153,48,5.33213,48,5.33213,1,1,6
4,100,500,4,475,1.74356,41.3805,89,5.97397,89,5.97397,1,1,5
4,100,500,4,476,83.2493,89.8568,56,2.32051,56,2.32051,1,1,5
4,100,500,4,477,-45.574,-66.0529,93,10.7485,93,10.7485,1,1,8
4,100,500,4,478,-82.2824,146.88,43,14.0284,43,14.0284,1,1,7
4,100,500,4,479,-5.43839,-98.9086,7,11.9331,7,11.9331,1,1,3
4,100,500,4,480,-61.5469,71.3352,14,5.21228,14,5.21228,1,1,4
4,100,500,4,481,81.2814,127.464,21,1.16334,21,1.16334,1,1,4
4,100,500,4,482,65.0546,82.0436,2,4.26751,2,4.26751,1,1,3
4,100,500,4,483,-52.5311,-143.533,51,13.6558,51,13.6558,1,1,6
4,100,500,4,484,-25.027,35.7873,52,9.09689,52,9.09689,1,1,4
4,100,500,4,485,18.6952,67.6443,53,8.38115,53,8.38115,1,1,5
4,100,500,4,486,-77.1631,132.562,81,11.4339,81,11.4339,1,1,10
4,100,500,4,487,65.1162,-66.2404,84,9.82794,84,9.82794,1,1,4
4,100,500,4,488,-14.5299,178.957,60,17.7541,60,17.7541,1,1,6
4,100,500,4,489,40.6676,39.9603,82,5.28635,82,5.28635,1,1,5
4,100,500,4,490,-31.2294,-95.1777,55,5.28432,55,5.28432,1,1,7
4,100,500,4,491,-49.3296,-75.9602,30,6.15381,30,6.15381,1,1,6
4,100,500,4,492,87.3396,-9.80717,9,3.4847,9,3.4847,1,1,4
4,100,500,4,493,18.9935,-169.886,72,12.0349,72,12.0349,1,1,2
4,100,500,4,494,-21.4634,-152.89,96,14.413,96,14.413,1,1,7
4,100,500,4,495,-44.3972,13.9794,37,6.54383,37,6.54383,1,1,4
4,100,500,4,496,49.2227,-106.232,42,10.998,42,10.998,1,1,4
4,100,500,4,497,-19.2781,48.5545,57,14.705,57,14.705,1,1,4
4,100,500,4,498,77.906,36.3817,19,2.60089,19,2.60089,1,1,5
4,100,500,4,499,42.5109,-74.2419,84,13.6234,84,13.6234,1,1,5
